#FORMAT=WebAnno TSV 3.3
#T_SP=webanno.custom.MET_A|MFlag|Rolle
#T_SP=webanno.custom.MET_B|basic|c_mark
#T_SP=webanno.custom.MET_B2|b_Lex
#T_SP=webanno.custom.MET_C|a_Ref|b_Art
#T_SP=webanno.custom.MET_D|a_Par
#T_RL=webanno.custom.METD|BT_webanno.custom.MET_A


#Text=Ein Drehbuch ist nicht so leicht geschrieben , wie es sich Viele vorstellen .
1-1	0-3	Ein	_	_	_	_	_	_	_	_	_	ART	Nom.Sg.Neut	ein	_	_
1-2	4-12	Drehbuch	_	_	_	_	_	_	_	_	_	NN	Nom.Sg.Neut	Drehbuch	_	_
1-3	13-16	ist	_	_	_	_	_	_	_	_	_	VAFIN	3.Sg.Pres.Ind	sein	_	_
1-4	17-22	nicht	_	_	_	_	_	_	_	_	_	PTKNEG	_	nicht	_	_
1-5	23-25	so	_	_	_	_	_	_	_	_	_	ADV	_	so	_	_
1-6	26-32	leicht	_	_	_	_	_	_	_	_	_	ADJD	Pos	leicht	_	_
1-7	33-44	geschrieben	_	_	_	_	_	_	_	_	_	VVPP	Psp	schreiben	_	_
1-8	45-46	,	_	_	_	_	_	_	_	_	_	$,	_	,	_	_
1-9	47-50	wie	_	_	_	_	_	_	_	_	_	PWAV	_	wie	_	_
1-10	51-53	es	_	_	_	_	_	_	_	_	_	PPER	3.Acc.Sg.Neut	es	_	_
1-11	54-58	sich	_	_	_	_	_	_	_	_	_	PRF	3.Dat.Pl	sich	_	_
1-12	59-64	Viele	_	_	_	_	_	_	_	_	_	PIS	Nom.Pl.*	viele	_	_
1-13	65-75	vorstellen	_	_	_	_	_	_	_	_	_	VVFIN	3.Pl.Pres.Ind	vorstellen	_	_
1-14	76-77	.	_	_	_	_	_	_	_	_	_	$.	_	.	_	_

#Text=Eine Idee zu haben und dann gleich „ drauflos zu schreiben “ ist meistens nicht von Erfolg gekrönt .
2-1	80-84	Eine	_	_	_	_	_	_	_	_	_	ART	Acc.Sg.Fem	ein	_	_
2-2	85-89	Idee	_	_	_	_	_	_	_	_	_	NN	Acc.Sg.Fem	Idee	_	_
2-3	90-92	zu	_	_	_	_	_	_	_	_	_	PTKZU	_	zu	_	_
2-4	93-98	haben	_	_	_	_	_	_	_	_	_	VAINF	Inf	haben	_	_
2-5	99-102	und	_	_	_	_	_	_	_	_	_	KON	_	und	_	_
2-6	103-107	dann	_	_	_	_	_	_	_	_	_	ADV	_	dann	_	_
2-7	108-114	gleich	_	_	_	_	_	_	_	_	_	ADV	_	gleich	_	_
2-8	115-116	„	_	_	_	_	_	_	_	_	_	$(	_	„	_	_
2-9	117-125	drauflos	_	_	_	_	_	_	_	_	_	ADJD	Pos	drauflos	_	_
2-10	126-128	zu	_	_	_	_	_	_	_	_	_	PTKZU	_	zu	_	_
2-11	129-138	schreiben	_	_	_	_	_	_	_	_	_	VVINF	Inf	schreiben	_	_
2-12	139-140	“	_	_	_	_	_	_	_	_	_	$(	_	“	_	_
2-13	141-144	ist	_	_	_	_	_	_	_	_	_	VAFIN	3.Sg.Pres.Ind	sein	_	_
2-14	145-153	meistens	_	_	_	_	_	_	_	_	_	ADV	_	meistens	_	_
2-15	154-159	nicht	_	_	_	_	_	_	_	_	_	PTKNEG	_	nicht	_	_
2-16	160-163	von	_	_	_	_	_	_	_	_	_	APPR	_	von	_	_
2-17	164-170	Erfolg	false	5clash	_	_	_	_	_	_	_	NN	Dat.Sg.Masc	Erfolg	_	_
2-18	171-178	gekrönt	false	0Kern	true	true	durch Aufsetzen der Krone (1a) in Amt und Würde eines Königs/einer Königin sein	_	_	von Erfolg sein	2-17	VVPP	Psp	krönen	_	_
2-19	179-180	.	_	_	_	_	_	_	_	_	_	$.	_	.	_	_

#Text=Bevor Sie mit dem Schreiben eines Drehbuches beginnen , müssen Sie sich über einige Punkte im Klaren sein .
3-1	183-188	Bevor	_	_	_	_	_	_	_	_	_	KOUS	_	bevor	_	_
3-2	189-192	Sie	_	_	_	_	_	_	_	_	_	PPER	3.Nom.Pl.*	sie	_	_
3-3	193-196	mit	_	_	_	_	_	_	_	_	_	APPR	_	mit	_	_
3-4	197-200	dem	_	_	_	_	_	_	_	_	_	ART	Dat.Sg.Neut	der	_	_
3-5	201-210	Schreiben	_	_	_	_	_	_	_	_	_	NN	Dat.Sg.Neut	Schreiben	_	_
3-6	211-216	eines	_	_	_	_	_	_	_	_	_	ART	Gen.Sg.Neut	ein	_	_
3-7	217-227	Drehbuches	_	_	_	_	_	_	_	_	_	NN	Gen.Sg.Neut	Drehbuch	_	_
3-8	228-236	beginnen	_	_	_	_	_	_	_	_	_	VVFIN	3.Pl.Pres.Ind	beginnen	_	_
3-9	237-238	,	_	_	_	_	_	_	_	_	_	$,	_	,	_	_
3-10	239-245	müssen	_	_	_	_	_	_	_	_	_	VMFIN	3.Pl.Pres.Ind	müssen	_	_
3-11	246-249	Sie	_	_	_	_	_	_	_	_	_	PPER	3.Nom.Pl.*	sie	_	_
3-12	250-254	sich	_	_	_	_	_	_	_	_	_	PRF	3.Acc.Pl	sich	_	_
3-13	255-259	über	_	_	_	_	_	_	_	_	_	APPR	_	über	_	_
3-14	260-266	einige	_	_	_	_	_	_	_	_	_	PIAT	Acc.Pl.Masc	einiger	_	_
3-15	267-273	Punkte	_	_	_	_	_	_	_	_	_	NN	Acc.Pl.Masc	Punkt	_	_
3-16	274-276	im	_	_	_	_	_	_	_	_	_	APPRART	Dat.Sg.Neut	in	_	_
3-17	277-283	Klaren	_	_	_	_	_	_	_	_	_	NN	Dat.Sg.Neut	klare	_	_
3-18	284-288	sein	_	_	_	_	_	_	_	_	_	VAINF	Inf	sein	_	_
3-19	289-290	.	_	_	_	_	_	_	_	_	_	$.	_	.	_	_

#Text=Hier ein paar Beispiele : Die Grundidee für das Drehbuch sollte in der Regel zuerst nicht ausgebaut , sondern reduziert werden .
4-1	293-297	Hier	_	_	_	_	_	_	_	_	_	ADV	_	hier	_	_
4-2	298-301	ein	_	_	_	_	_	_	_	_	_	ART	*.*.*	ein	_	_
4-3	302-306	paar	_	_	_	_	_	_	_	_	_	PIAT	*.*.*	paar	_	_
4-4	307-316	Beispiele	_	_	_	_	_	_	_	_	_	NN	Nom.Pl.Neut	Beispiel	_	_
4-5	317-318	:	_	_	_	_	_	_	_	_	_	$.	_	:	_	_
4-6	319-322	Die	_	_	_	_	_	_	_	_	_	ART	Nom.Sg.Fem	der	_	_
4-7	323-332	Grundidee	_	_	_	_	_	_	_	_	_	NN	Nom.Sg.Fem	Grundidee	_	_
4-8	333-336	für	_	_	_	_	_	_	_	_	_	APPR	_	für	_	_
4-9	337-340	das	_	_	_	_	_	_	_	_	_	ART	Acc.Sg.Neut	der	_	_
4-10	341-349	Drehbuch	_	_	_	_	_	_	_	_	_	NN	Acc.Sg.Neut	Drehbuch	_	_
4-11	350-356	sollte	_	_	_	_	_	_	_	_	_	VMFIN	3.Sg.Past.Ind	sollen	_	_
4-12	357-359	in	_	_	_	_	_	_	_	_	_	APPR	_	in	_	_
4-13	360-363	der	_	_	_	_	_	_	_	_	_	ART	Dat.Sg.Fem	der	_	_
4-14	364-369	Regel	_	_	_	_	_	_	_	_	_	NN	Dat.Sg.Fem	Regel	_	_
4-15	370-376	zuerst	_	_	_	_	_	_	_	_	_	ADV	_	zuerst	_	_
4-16	377-382	nicht	_	_	_	_	_	_	_	_	_	PTKNEG	_	nicht	_	_
4-17	383-392	ausgebaut	_	_	_	_	_	_	_	_	_	VVPP	Psp	ausbauen	_	_
4-18	393-394	,	_	_	_	_	_	_	_	_	_	$,	_	,	_	_
4-19	395-402	sondern	_	_	_	_	_	_	_	_	_	KON	_	sondern	_	_
4-20	403-412	reduziert	_	_	_	_	_	_	_	_	_	VVPP	Psp	reduzieren	_	_
4-21	413-419	werden	_	_	_	_	_	_	_	_	_	VAINF	Inf	werden	_	_
4-22	420-421	.	_	_	_	_	_	_	_	_	_	$.	_	.	_	_

#Text=In einem ersten Schritt sollte sie in zwei bis fünf Sätzen zusammengefasst und ihr Thema ( siehe unten ) genau festgelegt werden .
5-1	424-426	In	_	_	_	_	_	_	_	_	_	APPR	_	in	_	_
5-2	427-432	einem	_	_	_	_	_	_	_	_	_	ART	Dat.Sg.Masc	ein	_	_
5-3	433-439	ersten	_	_	_	_	_	_	_	_	_	ADJA	Pos.Dat.Sg.Masc	erster	_	_
5-4	440-447	Schritt	_	_	_	_	_	_	_	_	_	NN	Dat.Sg.Masc	Schritt	_	_
5-5	448-454	sollte	_	_	_	_	_	_	_	_	_	VMFIN	3.Sg.Past.Ind	sollen	_	_
5-6	455-458	sie	_	_	_	_	_	_	_	_	_	PPER	3.Nom.Sg.Fem	sie	_	_
5-7	459-461	in	_	_	_	_	_	_	_	_	_	APPR	_	in	_	_
5-8	462-466	zwei	_	_	_	_	_	_	_	_	_	CARD	_	zwei	_	_
5-9	467-470	bis	_	_	_	_	_	_	_	_	_	KON	_	bis	_	_
5-10	471-475	fünf	_	_	_	_	_	_	_	_	_	CARD	_	fünf	_	_
5-11	476-482	Sätzen	_	_	_	_	_	_	_	_	_	NN	Dat.Pl.Masc	Satz	_	_
5-12	483-498	zusammengefasst	_	_	_	_	_	_	_	_	_	VVPP	Psp	zusammenfassen	_	_
5-13	499-502	und	_	_	_	_	_	_	_	_	_	KON	_	und	_	_
5-14	503-506	ihr	_	_	_	_	_	_	_	_	_	PPOSAT	Nom.Sg.Neut	ihr	_	_
5-15	507-512	Thema	_	_	_	_	_	_	_	_	_	NN	Nom.Sg.Neut	Thema	_	_
5-16	513-514	(	_	_	_	_	_	_	_	_	_	$(	_	(	_	_
5-17	515-520	siehe	_	_	_	_	_	_	_	_	_	VVIMP	2.Sg.Imp	sehen	_	_
5-18	521-526	unten	_	_	_	_	_	_	_	_	_	ADV	_	unten	_	_
5-19	527-528	)	_	_	_	_	_	_	_	_	_	$(	_	)	_	_
5-20	529-534	genau	_	_	_	_	_	_	_	_	_	ADJD	Pos	genau	_	_
5-21	535-545	festgelegt	_	_	_	_	_	_	_	_	_	VVPP	Psp	festlegen	_	_
5-22	546-552	werden	_	_	_	_	_	_	_	_	_	VAINF	Inf	werden	_	_
5-23	553-554	.	_	_	_	_	_	_	_	_	_	$.	_	.	_	_

#Text=Dieses Vorgehen bedeutet nicht , dass man sich rückwärts bewegt und die Frucht der Inspiration verstümmelt .
6-1	557-563	Dieses	_	_	_	_	_	_	_	_	_	PDAT	Nom.Sg.Neut	dieser	_	_
6-2	564-572	Vorgehen	_	_	_	_	_	_	_	_	_	NN	Nom.Sg.Neut	vorgehen	_	_
6-3	573-581	bedeutet	_	_	_	_	_	_	_	_	_	VVFIN	3.Sg.Pres.Ind	bedeuten	_	_
6-4	582-587	nicht	_	_	_	_	_	_	_	_	_	PTKNEG	_	nicht	_	_
6-5	588-589	,	_	_	_	_	_	_	_	_	_	$,	_	,	_	_
6-6	590-594	dass	_	_	_	_	_	_	_	_	_	KOUS	_	dass	_	_
6-7	595-598	man	_	_	_	_	_	_	_	_	_	PIS	Nom.Sg.*	man	_	_
6-8	599-603	sich	_	_	_	_	_	_	_	_	_	PRF	3.Acc.Sg	sich	_	_
6-9	604-613	rückwärts	_	_	_	_	_	_	_	_	_	ADV	_	rückwärts	_	_
6-10	614-620	bewegt	_	_	_	_	_	_	_	_	_	VVFIN	3.Sg.Pres.Ind	bewegen	_	_
6-11	621-624	und	_	_	_	_	_	_	_	_	_	KON	_	und	_	_
6-12	625-628	die	_	_	_	_	_	_	_	_	_	ART	Acc.Sg.Fem	der	_	_
6-13	629-635	Frucht	false	0Kern	true	true	Obst	_	_	(gutes) Ergebnis	6-15	NN	Acc.Sg.Fem	Frucht	_	_
6-14	636-639	der	_	_	_	_	_	_	_	_	_	ART	Gen.Sg.Fem	der	_	_
6-15	640-651	Inspiration	false	3idiom	_	_	_	_	_	_	_	NN	Gen.Sg.Fem	Inspiration	_	_
6-16	652-663	verstümmelt	_	_	_	_	_	_	_	_	_	VVFIN	3.Sg.Pres.Ind	verstümmeln	_	_
6-17	664-665	.	_	_	_	_	_	_	_	_	_	$.	_	.	_	_

#Text=Es dient vielmehr dazu , die Idee auf den Punkt zu bringen .
7-1	668-670	Es	_	_	_	_	_	_	_	_	_	PPER	3.Nom.Sg.Neut	es	_	_
7-2	671-676	dient	_	_	_	_	_	_	_	_	_	VVFIN	3.Sg.Pres.Ind	dienen	_	_
7-3	677-685	vielmehr	_	_	_	_	_	_	_	_	_	ADV	_	vielmehr	_	_
7-4	686-690	dazu	_	_	_	_	_	_	_	_	_	PROAV	_	dazu	_	_
7-5	691-692	,	_	_	_	_	_	_	_	_	_	$,	_	,	_	_
7-6	693-696	die	_	_	_	_	_	_	_	_	_	ART	Acc.Sg.Fem	der	_	_
7-7	697-701	Idee	_	_	_	_	_	_	_	_	_	NN	Acc.Sg.Fem	Idee	_	_
7-8	702-705	auf	_	_	_	_	_	_	_	_	_	APPR	_	auf	_	_
7-9	706-709	den	_	_	_	_	_	_	_	_	_	ART	Acc.Sg.Masc	der	_	_
7-10	710-715	Punkt	_	_	_	_	_	_	_	_	_	NN	Acc.Sg.Masc	Punkt	_	_
7-11	716-718	zu	_	_	_	_	_	_	_	_	_	PTKZU	_	zu	_	_
7-12	719-726	bringen	_	_	_	_	_	_	_	_	_	VVINF	Inf	bringen	_	_
7-13	727-728	.	_	_	_	_	_	_	_	_	_	$.	_	.	_	_

#Text=Eine Geschichte , die sich nicht in drei Sätzen zusammenfassen lässt , oder mehr als ein Hauptthema hat , ist wahrscheinlich zu kompliziert und würde den Rahmen eines abendfüllenden Spielfilms sprengen , wenn sie richtig ausgearbeitet wird .
8-1	731-735	Eine	_	_	_	_	_	_	_	_	_	ART	Nom.Sg.Fem	ein	_	_
8-2	736-746	Geschichte	_	_	_	_	_	_	_	_	_	NN	Nom.Sg.Fem	Geschichte	_	_
8-3	747-748	,	_	_	_	_	_	_	_	_	_	$,	_	,	_	_
8-4	749-752	die	_	_	_	_	_	_	_	_	_	PRELS	Nom.Sg.Fem	der	_	_
8-5	753-757	sich	_	_	_	_	_	_	_	_	_	PRF	3.Acc.Sg	sich	_	_
8-6	758-763	nicht	_	_	_	_	_	_	_	_	_	PTKNEG	_	nicht	_	_
8-7	764-766	in	_	_	_	_	_	_	_	_	_	APPR	_	in	_	_
8-8	767-771	drei	_	_	_	_	_	_	_	_	_	CARD	_	drei	_	_
8-9	772-778	Sätzen	_	_	_	_	_	_	_	_	_	NN	Dat.Pl.Masc	Satz	_	_
8-10	779-793	zusammenfassen	_	_	_	_	_	_	_	_	_	VVINF	Inf	zusammenfassen	_	_
8-11	794-799	lässt	_	_	_	_	_	_	_	_	_	VVFIN	3.Sg.Pres.Ind	lassen	_	_
8-12	800-801	,	_	_	_	_	_	_	_	_	_	$,	_	,	_	_
8-13	802-806	oder	_	_	_	_	_	_	_	_	_	KON	_	oder	_	_
8-14	807-811	mehr	_	_	_	_	_	_	_	_	_	PIAT	*.*.*	mehr	_	_
8-15	812-815	als	_	_	_	_	_	_	_	_	_	KOKOM	_	als	_	_
8-16	816-819	ein	_	_	_	_	_	_	_	_	_	ART	Acc.Sg.Neut	ein	_	_
8-17	820-830	Hauptthema	_	_	_	_	_	_	_	_	_	NN	Acc.Sg.Neut	Hauptthema	_	_
8-18	831-834	hat	_	_	_	_	_	_	_	_	_	VAFIN	3.Sg.Pres.Ind	haben	_	_
8-19	835-836	,	_	_	_	_	_	_	_	_	_	$,	_	,	_	_
8-20	837-840	ist	_	_	_	_	_	_	_	_	_	VAFIN	3.Sg.Pres.Ind	sein	_	_
8-21	841-855	wahrscheinlich	_	_	_	_	_	_	_	_	_	ADJD	Pos	wahrscheinlich	_	_
8-22	856-858	zu	_	_	_	_	_	_	_	_	_	PTKA	_	zu	_	_
8-23	859-870	kompliziert	_	_	_	_	_	_	_	_	_	ADJD	Pos	kompliziert	_	_
8-24	871-874	und	_	_	_	_	_	_	_	_	_	KON	_	und	_	_
8-25	875-880	würde	_	_	_	_	_	_	_	_	_	VAFIN	3.Sg.Past.Subj	werden	_	_
8-26	881-884	den	_	_	_	_	_	_	_	_	_	ART	Acc.Sg.Masc	der	_	_
8-27	885-891	Rahmen	_	_	_	_	_	_	_	_	_	NN	Acc.Sg.Masc	Rahmen	_	_
8-28	892-897	eines	_	_	_	_	_	_	_	_	_	ART	Gen.Sg.Masc	ein	_	_
8-29	898-912	abendfüllenden	_	_	_	_	_	_	_	_	_	ADJA	Pos.Gen.Sg.Masc	abendfüllend	_	_
8-30	913-923	Spielfilms	_	_	_	_	_	_	_	_	_	NN	Gen.Sg.Masc	Spielfilm	_	_
8-31	924-932	sprengen	_	_	_	_	_	_	_	_	_	VVINF	Inf	sprengen	_	_
8-32	933-934	,	_	_	_	_	_	_	_	_	_	$,	_	,	_	_
8-33	935-939	wenn	_	_	_	_	_	_	_	_	_	KOUS	_	wenn	_	_
8-34	940-943	sie	_	_	_	_	_	_	_	_	_	PPER	3.Nom.Sg.Fem	sie	_	_
8-35	944-951	richtig	_	_	_	_	_	_	_	_	_	ADJD	Pos	richtig	_	_
8-36	952-965	ausgearbeitet	_	_	_	_	_	_	_	_	_	VVPP	Psp	ausarbeiten	_	_
8-37	966-970	wird	_	_	_	_	_	_	_	_	_	VAFIN	3.Sg.Pres.Ind	werden	_	_
8-38	971-972	.	_	_	_	_	_	_	_	_	_	$.	_	.	_	_

#Text=Ein durchschnittlicher Spielfilm ist zwischen 90 und 120 Minuten lang .
9-1	975-978	Ein	_	_	_	_	_	_	_	_	_	ART	Nom.Sg.Masc	ein	_	_
9-2	979-997	durchschnittlicher	_	_	_	_	_	_	_	_	_	ADJA	Pos.Nom.Sg.Masc	durchschnittlich	_	_
9-3	998-1007	Spielfilm	_	_	_	_	_	_	_	_	_	NN	Nom.Sg.Masc	Spielfilm	_	_
9-4	1008-1011	ist	_	_	_	_	_	_	_	_	_	VAFIN	3.Sg.Pres.Ind	sein	_	_
9-5	1012-1020	zwischen	_	_	_	_	_	_	_	_	_	ADV	_	zwischen	_	_
9-6	1021-1023	90	_	_	_	_	_	_	_	_	_	CARD	_	90	_	_
9-7	1024-1027	und	_	_	_	_	_	_	_	_	_	KON	_	und	_	_
9-8	1028-1031	120	_	_	_	_	_	_	_	_	_	CARD	_	120	_	_
9-9	1032-1039	Minuten	_	_	_	_	_	_	_	_	_	NN	Dat.Pl.Fem	Minute	_	_
9-10	1040-1044	lang	_	_	_	_	_	_	_	_	_	ADJD	Pos	lang	_	_
9-11	1045-1046	.	_	_	_	_	_	_	_	_	_	$.	_	.	_	_

#Text=In seltenen Fällen auch mal bis zu 180 Minuten .
10-1	1049-1051	In	_	_	_	_	_	_	_	_	_	APPR	_	in	_	_
10-2	1052-1060	seltenen	_	_	_	_	_	_	_	_	_	ADJA	Pos.Dat.Pl.Masc	selten	_	_
10-3	1061-1067	Fällen	_	_	_	_	_	_	_	_	_	NN	Dat.Pl.Masc	Fall	_	_
10-4	1068-1072	auch	_	_	_	_	_	_	_	_	_	ADV	_	auch	_	_
10-5	1073-1076	mal	_	_	_	_	_	_	_	_	_	ADV	_	mal	_	_
10-6	1077-1080	bis	_	_	_	_	_	_	_	_	_	ADV	_	bis	_	_
10-7	1081-1083	zu	_	_	_	_	_	_	_	_	_	ADV	_	zu	_	_
10-8	1084-1087	180	_	_	_	_	_	_	_	_	_	CARD	_	180	_	_
10-9	1088-1095	Minuten	_	_	_	_	_	_	_	_	_	NN	Nom.Pl.Fem	Minute	_	_
10-10	1096-1097	.	_	_	_	_	_	_	_	_	_	$.	_	.	_	_

#Text=Die Zusammenfassung soll dazu dienen , sich während des Schreibens immer wieder darauf zu beziehen .
11-1	1100-1103	Die	_	_	_	_	_	_	_	_	_	ART	Nom.Sg.Fem	der	_	_
11-2	1104-1119	Zusammenfassung	_	_	_	_	_	_	_	_	_	NN	Nom.Sg.Fem	Zusammenfassung	_	_
11-3	1120-1124	soll	_	_	_	_	_	_	_	_	_	VMFIN	3.Sg.Pres.Ind	sollen	_	_
11-4	1125-1129	dazu	_	_	_	_	_	_	_	_	_	PROAV	_	dazu	_	_
11-5	1130-1136	dienen	_	_	_	_	_	_	_	_	_	VVINF	Inf	dienen	_	_
11-6	1137-1138	,	_	_	_	_	_	_	_	_	_	$,	_	,	_	_
11-7	1139-1143	sich	_	_	_	_	_	_	_	_	_	PRF	3.Acc.Sg	sich	_	_
11-8	1144-1151	während	_	_	_	_	_	_	_	_	_	APPR	_	während	_	_
11-9	1152-1155	des	_	_	_	_	_	_	_	_	_	ART	Gen.Sg.Neut	der	_	_
11-10	1156-1166	Schreibens	_	_	_	_	_	_	_	_	_	NN	Gen.Sg.Neut	schreiben	_	_
11-11	1167-1172	immer	_	_	_	_	_	_	_	_	_	ADV	_	immer	_	_
11-12	1173-1179	wieder	_	_	_	_	_	_	_	_	_	ADV	_	wieder	_	_
11-13	1180-1186	darauf	_	_	_	_	_	_	_	_	_	PROAV	_	darauf	_	_
11-14	1187-1189	zu	_	_	_	_	_	_	_	_	_	PTKZU	_	zu	_	_
11-15	1190-1198	beziehen	_	_	_	_	_	_	_	_	_	VVINF	Inf	beziehen	_	_
11-16	1199-1200	.	_	_	_	_	_	_	_	_	_	$.	_	.	_	_

#Text=Wird dies nicht schriftlich festgehalten und ganz oben an die Pinnwand gehängt , kann es leicht vorkommen , dass sich durch die intensive Beschäftigung mit dem Stoff neue Gedanken oder Interpretationen einschleichen , die nicht in der Geschichte verankert sind und die Aussage des Films verwässern können .
12-1	1203-1207	Wird	_	_	_	_	_	_	_	_	_	VAFIN	3.Sg.Pres.Ind	werden	_	_
12-2	1208-1212	dies	_	_	_	_	_	_	_	_	_	PDS	Nom.Sg.Neut	dieser	_	_
12-3	1213-1218	nicht	_	_	_	_	_	_	_	_	_	PTKNEG	_	nicht	_	_
12-4	1219-1230	schriftlich	_	_	_	_	_	_	_	_	_	ADJD	Pos	schriftlich	_	_
12-5	1231-1243	festgehalten	_	_	_	_	_	_	_	_	_	VVPP	Psp	festhalten	_	_
12-6	1244-1247	und	_	_	_	_	_	_	_	_	_	KON	_	und	_	_
12-7	1248-1252	ganz	_	_	_	_	_	_	_	_	_	ADV	_	ganz	_	_
12-8	1253-1257	oben	_	_	_	_	_	_	_	_	_	ADV	_	oben	_	_
12-9	1258-1260	an	_	_	_	_	_	_	_	_	_	APPR	_	an	_	_
12-10	1261-1264	die	_	_	_	_	_	_	_	_	_	ART	Acc.Sg.Fem	der	_	_
12-11	1265-1273	Pinnwand	_	_	_	_	_	_	_	_	_	NN	Acc.Sg.Fem	Pinnwand	_	_
12-12	1274-1281	gehängt	_	_	_	_	_	_	_	_	_	VVPP	Psp	hängen	_	_
12-13	1282-1283	,	_	_	_	_	_	_	_	_	_	$,	_	,	_	_
12-14	1284-1288	kann	_	_	_	_	_	_	_	_	_	VMFIN	3.Sg.Pres.Ind	können	_	_
12-15	1289-1291	es	_	_	_	_	_	_	_	_	_	PPER	3.Nom.Sg.Neut	es	_	_
12-16	1292-1298	leicht	_	_	_	_	_	_	_	_	_	ADJD	Pos	leicht	_	_
12-17	1299-1308	vorkommen	_	_	_	_	_	_	_	_	_	VVINF	Inf	vorkommen	_	_
12-18	1309-1310	,	_	_	_	_	_	_	_	_	_	$,	_	,	_	_
12-19	1311-1315	dass	_	_	_	_	_	_	_	_	_	KOUS	_	dass	_	_
12-20	1316-1320	sich	_	_	_	_	_	_	_	_	_	PRF	3.Acc.Pl	sich	_	_
12-21	1321-1326	durch	_	_	_	_	_	_	_	_	_	APPR	_	durch	_	_
12-22	1327-1330	die	_	_	_	_	_	_	_	_	_	ART	Acc.Sg.Fem	der	_	_
12-23	1331-1340	intensive	_	_	_	_	_	_	_	_	_	ADJA	Pos.Acc.Sg.Fem	intensiv	_	_
12-24	1341-1354	Beschäftigung	_	_	_	_	_	_	_	_	_	NN	Acc.Sg.Fem	Beschäftigung	_	_
12-25	1355-1358	mit	_	_	_	_	_	_	_	_	_	APPR	_	mit	_	_
12-26	1359-1362	dem	_	_	_	_	_	_	_	_	_	ART	Dat.Sg.Masc	der	_	_
12-27	1363-1368	Stoff	_	_	_	_	_	_	_	_	_	NN	Dat.Sg.Masc	Stoff	_	_
12-28	1369-1373	neue	_	_	_	_	_	_	_	_	_	ADJA	Pos.Nom.Pl.Masc	neu	_	_
12-29	1374-1382	Gedanken	false	5clash	_	_	_	_	_	_	_	NN	Nom.Pl.Masc	Gedanke	_	_
12-30	1383-1387	oder	_	_	_	_	_	_	_	_	_	KON	_	oder	_	_
12-31	1388-1404	Interpretationen	false	5clash	_	_	_	_	_	_	_	NN	Nom.Pl.Fem	Interpretation	_	_
12-32	1405-1418	einschleichen	_	_	_	_	_	_	_	_	_	VVFIN	3.Pl.Pres.Ind	einschleichen	_	_
12-33	1419-1420	,	_	_	_	_	_	_	_	_	_	$,	_	,	_	_
12-34	1421-1424	die	_	_	_	_	_	_	_	_	_	PRELS	Nom.Pl.Fem	der	_	_
12-35	1425-1430	nicht	_	_	_	_	_	_	_	_	_	PTKNEG	_	nicht	_	_
12-36	1431-1433	in	_	_	_	_	_	_	_	_	_	APPR	_	in	_	_
12-37	1434-1437	der	_	_	_	_	_	_	_	_	_	ART	Dat.Sg.Fem	der	_	_
12-38	1438-1448	Geschichte	_	_	_	_	_	_	_	_	_	NN	Dat.Sg.Fem	Geschichte	_	_
12-39	1449-1458	verankert	false	0Kern	true	false	mit einem Anker an seinem Platz halten	_	_	gefestigt	12-29|12-31	VVPP	Psp	verankern	_	_
12-40	1459-1463	sind	_	_	_	_	_	_	_	_	_	VAFIN	3.Pl.Pres.Ind	sein	_	_
12-41	1464-1467	und	_	_	_	_	_	_	_	_	_	KON	_	und	_	_
12-42	1468-1471	die	_	_	_	_	_	_	_	_	_	ART	Acc.Sg.Fem	der	_	_
12-43	1472-1479	Aussage	false	5clash	_	_	_	_	_	_	_	NN	Acc.Sg.Fem	Aussage	_	_
12-44	1480-1483	des	_	_	_	_	_	_	_	_	_	ART	Gen.Sg.Masc	der	_	_
12-45	1484-1489	Films	_	_	_	_	_	_	_	_	_	NN	Gen.Sg.Masc	Film	_	_
12-46	1490-1500	verwässern	false	0Kern	true	false	mit zu viel Wasser versetzen	_	_	weniger glaubwürdig	12-43	VVINF	Inf	verwässern	_	_
12-47	1501-1507	können	_	_	_	_	_	_	_	_	_	VMFIN	3.Pl.Pres.Ind	können	_	_
12-48	1508-1509	.	_	_	_	_	_	_	_	_	_	$.	_	.	_	_

#Text=Dreh - und Angelpunkt vieler Filme ist ein grundlegender Konflikt bzw . ein grundlegendes Problem , das gelöst werden muss .
13-1	1512-1516	Dreh	_	_	_	_	_	_	_	_	_	NN	Nom.Sg.Masc	Dreh	_	_
13-2	1517-1518	-	_	_	_	_	_	_	_	_	_	$(	_	-	_	_
13-3	1519-1522	und	_	_	_	_	_	_	_	_	_	KON	_	und	_	_
13-4	1523-1533	Angelpunkt	_	_	_	_	_	_	_	_	_	NN	Nom.Sg.Masc	Angelpunkt	_	_
13-5	1534-1540	vieler	_	_	_	_	_	_	_	_	_	PIAT	Gen.Pl.Masc	vieler	_	_
13-6	1541-1546	Filme	_	_	_	_	_	_	_	_	_	NN	Gen.Pl.Masc	Film	_	_
13-7	1547-1550	ist	_	_	_	_	_	_	_	_	_	VAFIN	3.Sg.Pres.Ind	sein	_	_
13-8	1551-1554	ein	_	_	_	_	_	_	_	_	_	ART	Nom.Sg.Masc	ein	_	_
13-9	1555-1568	grundlegender	_	_	_	_	_	_	_	_	_	ADJA	Pos.Nom.Sg.Masc	grundlegend	_	_
13-10	1569-1577	Konflikt	_	_	_	_	_	_	_	_	_	NN	Nom.Sg.Masc	Konflikt	_	_
13-11	1578-1581	bzw	_	_	_	_	_	_	_	_	_	KON	_	bzw	_	_
13-12	1582-1583	.	_	_	_	_	_	_	_	_	_	$.	_	.	_	_
13-13	1584-1587	ein	_	_	_	_	_	_	_	_	_	ART	Nom.Sg.Neut	ein	_	_
13-14	1588-1601	grundlegendes	_	_	_	_	_	_	_	_	_	ADJA	Pos.Nom.Sg.Neut	grundlegend	_	_
13-15	1602-1609	Problem	_	_	_	_	_	_	_	_	_	NN	Nom.Sg.Neut	Problem	_	_
13-16	1610-1611	,	_	_	_	_	_	_	_	_	_	$,	_	,	_	_
13-17	1612-1615	das	_	_	_	_	_	_	_	_	_	PRELS	Nom.Sg.Neut	der	_	_
13-18	1616-1622	gelöst	_	_	_	_	_	_	_	_	_	VVPP	Psp	lösen	_	_
13-19	1623-1629	werden	_	_	_	_	_	_	_	_	_	VAINF	Inf	werden	_	_
13-20	1630-1634	muss	_	_	_	_	_	_	_	_	_	VMFIN	3.Sg.Pres.Ind	müssen	_	_
13-21	1635-1636	.	_	_	_	_	_	_	_	_	_	$.	_	.	_	_

#Text=Die Suche nach einer Lösung sowie die Lösung des Konflikts bzw . des Problems liefern zugleich den roten Faden für die Handlung und treiben diese gleichsam voran .
14-1	1639-1642	Die	_	_	_	_	_	_	_	_	_	ART	Nom.Sg.Fem	der	_	_
14-2	1643-1648	Suche	_	_	_	_	_	_	_	_	_	NN	Nom.Sg.Fem	Suche	_	_
14-3	1649-1653	nach	_	_	_	_	_	_	_	_	_	APPR	_	nach	_	_
14-4	1654-1659	einer	_	_	_	_	_	_	_	_	_	ART	Dat.Sg.Fem	ein	_	_
14-5	1660-1666	Lösung	_	_	_	_	_	_	_	_	_	NN	Dat.Sg.Fem	Lösung	_	_
14-6	1667-1672	sowie	_	_	_	_	_	_	_	_	_	KON	_	sowie	_	_
14-7	1673-1676	die	_	_	_	_	_	_	_	_	_	ART	Nom.Sg.Fem	der	_	_
14-8	1677-1683	Lösung	_	_	_	_	_	_	_	_	_	NN	Nom.Sg.Fem	Lösung	_	_
14-9	1684-1687	des	_	_	_	_	_	_	_	_	_	ART	Gen.Sg.Masc	der	_	_
14-10	1688-1697	Konflikts	_	_	_	_	_	_	_	_	_	NN	Gen.Sg.Masc	Konflikt	_	_
14-11	1698-1701	bzw	_	_	_	_	_	_	_	_	_	XY	_	bzw	_	_
14-12	1702-1703	.	_	_	_	_	_	_	_	_	_	$.	_	.	_	_
14-13	1704-1707	des	_	_	_	_	_	_	_	_	_	ART	Gen.Sg.Neut	der	_	_
14-14	1708-1716	Problems	_	_	_	_	_	_	_	_	_	NN	Gen.Sg.Neut	Problem	_	_
14-15	1717-1724	liefern	_	_	_	_	_	_	_	_	_	VVFIN	3.Pl.Pres.Ind	liefern	_	_
14-16	1725-1733	zugleich	_	_	_	_	_	_	_	_	_	ADV	_	zugleich	_	_
14-17	1734-1737	den	_	_	_	_	_	_	_	_	_	ART	Acc.Sg.Masc	der	_	_
14-18	1738-1743	roten	false	2sem	_	_	_	_	_	_	_	ADJA	Pos.Acc.Sg.Masc	rot	_	_
14-19	1744-1749	Faden	false	0Kern	true	true	langes, sehr dünnes, aus Fasern gedrehtes, aus Kunststoff, Metall u. a. hergestelltes Gebilde	true	*	Anhaltspunkte	14-18	NN	Acc.Sg.Masc	Faden	_	_
14-20	1750-1753	für	_	_	_	_	_	_	_	_	_	APPR	_	für	_	_
14-21	1754-1757	die	_	_	_	_	_	_	_	_	_	ART	Acc.Sg.Fem	der	_	_
14-22	1758-1766	Handlung	_	_	_	_	_	_	_	_	_	NN	Acc.Sg.Fem	Handlung	_	_
14-23	1767-1770	und	_	_	_	_	_	_	_	_	_	KON	_	und	_	_
14-24	1771-1778	treiben	_	_	_	_	_	_	_	_	_	VVFIN	3.Pl.Pres.Ind	treiben	_	_
14-25	1779-1784	diese	_	_	_	_	_	_	_	_	_	PDS	Nom.Pl.*	dieser	_	_
14-26	1785-1794	gleichsam	_	_	_	_	_	_	_	_	_	ADJD	Pos	gleichsam	_	_
14-27	1795-1800	voran	_	_	_	_	_	_	_	_	_	PTKVZ	_	voran	_	_
14-28	1801-1802	.	_	_	_	_	_	_	_	_	_	$.	_	.	_	_

#Text=Daher wird ausgehend vom Konflikt bzw . Problem der dramatische Aufbau bzw . die dramatische Struktur der Filmhandlung entwickelt .
15-1	1805-1810	Daher	_	_	_	_	_	_	_	_	_	PROAV	_	daher	_	_
15-2	1811-1815	wird	_	_	_	_	_	_	_	_	_	VAFIN	3.Sg.Pres.Ind	werden	_	_
15-3	1816-1825	ausgehend	_	_	_	_	_	_	_	_	_	ADJD	Pos	ausgehend	_	_
15-4	1826-1829	vom	_	_	_	_	_	_	_	_	_	APPRART	Dat.Sg.Masc	von	_	_
15-5	1830-1838	Konflikt	_	_	_	_	_	_	_	_	_	NN	Dat.Sg.Masc	Konflikt	_	_
15-6	1839-1842	bzw	_	_	_	_	_	_	_	_	_	KON	_	bzw	_	_
15-7	1843-1844	.	_	_	_	_	_	_	_	_	_	$.	_	.	_	_
15-8	1845-1852	Problem	_	_	_	_	_	_	_	_	_	NN	Nom.Sg.Neut	Problem	_	_
15-9	1853-1856	der	_	_	_	_	_	_	_	_	_	ART	Nom.Sg.Masc	der	_	_
15-10	1857-1868	dramatische	_	_	_	_	_	_	_	_	_	ADJA	Pos.Nom.Sg.Masc	dramatisch	_	_
15-11	1869-1875	Aufbau	_	_	_	_	_	_	_	_	_	NN	Nom.Sg.Masc	Aufbau	_	_
15-12	1876-1879	bzw	_	_	_	_	_	_	_	_	_	XY	_	bzw	_	_
15-13	1880-1881	.	_	_	_	_	_	_	_	_	_	$.	_	.	_	_
15-14	1882-1885	die	_	_	_	_	_	_	_	_	_	ART	Nom.Sg.Fem	der	_	_
15-15	1886-1897	dramatische	_	_	_	_	_	_	_	_	_	ADJA	Pos.Nom.Sg.Fem	dramatisch	_	_
15-16	1898-1906	Struktur	_	_	_	_	_	_	_	_	_	NN	Nom.Sg.Fem	Struktur	_	_
15-17	1907-1910	der	_	_	_	_	_	_	_	_	_	ART	Gen.Sg.Fem	der	_	_
15-18	1911-1923	Filmhandlung	_	_	_	_	_	_	_	_	_	NN	Gen.Sg.Fem	Filmhandlung	_	_
15-19	1924-1934	entwickelt	_	_	_	_	_	_	_	_	_	VVFIN	3.Sg.Pres.Ind	entwickeln	_	_
15-20	1935-1936	.	_	_	_	_	_	_	_	_	_	$.	_	.	_	_

#Text=Damit ein Spielfilm nicht zu vorhersehbar wird und auch abendfüllend ist , sollten dem Helden immer wieder neue ( möglichst unvorhersehbare ) Hindernisse und Widerstände in den Weg gelegt werden .
16-1	1939-1944	Damit	_	_	_	_	_	_	_	_	_	KOUS	_	damit	_	_
16-2	1945-1948	ein	_	_	_	_	_	_	_	_	_	ART	Nom.Sg.Masc	ein	_	_
16-3	1949-1958	Spielfilm	_	_	_	_	_	_	_	_	_	NN	Nom.Sg.Masc	Spielfilm	_	_
16-4	1959-1964	nicht	_	_	_	_	_	_	_	_	_	PTKNEG	_	nicht	_	_
16-5	1965-1967	zu	_	_	_	_	_	_	_	_	_	PTKA	_	zu	_	_
16-6	1968-1980	vorhersehbar	_	_	_	_	_	_	_	_	_	ADJD	Pos	vorhersehbar	_	_
16-7	1981-1985	wird	_	_	_	_	_	_	_	_	_	VAFIN	3.Sg.Pres.Ind	werden	_	_
16-8	1986-1989	und	_	_	_	_	_	_	_	_	_	KON	_	und	_	_
16-9	1990-1994	auch	_	_	_	_	_	_	_	_	_	ADV	_	auch	_	_
16-10	1995-2007	abendfüllend	_	_	_	_	_	_	_	_	_	ADJD	Pos	abendfüllend	_	_
16-11	2008-2011	ist	_	_	_	_	_	_	_	_	_	VAFIN	3.Sg.Pres.Ind	sein	_	_
16-12	2012-2013	,	_	_	_	_	_	_	_	_	_	$,	_	,	_	_
16-13	2014-2021	sollten	_	_	_	_	_	_	_	_	_	VMFIN	3.Pl.Past.Ind	sollen	_	_
16-14	2022-2025	dem	_	_	_	_	_	_	_	_	_	ART	Dat.Sg.Masc	der	_	_
16-15	2026-2032	Helden	_	_	_	_	_	_	_	_	_	NN	Dat.Sg.Masc	Held	_	_
16-16	2033-2038	immer	_	_	_	_	_	_	_	_	_	ADV	_	immer	_	_
16-17	2039-2045	wieder	_	_	_	_	_	_	_	_	_	ADV	_	wieder	_	_
16-18	2046-2050	neue	_	_	_	_	_	_	_	_	_	ADJA	Pos.Nom.Pl.*	neu	_	_
16-19	2051-2052	(	_	_	_	_	_	_	_	_	_	$(	_	(	_	_
16-20	2053-2062	möglichst	_	_	_	_	_	_	_	_	_	ADV	_	möglichst	_	_
16-21	2063-2078	unvorhersehbare	_	_	_	_	_	_	_	_	_	ADJA	Pos.Nom.Pl.*	unvorhersehbar	_	_
16-22	2079-2080	)	_	_	_	_	_	_	_	_	_	$(	_	)	_	_
16-23	2081-2092	Hindernisse	_	_	_	_	_	_	_	_	_	NN	Nom.Pl.Neut	Hindernis	_	_
16-24	2093-2096	und	_	_	_	_	_	_	_	_	_	KON	_	und	_	_
16-25	2097-2108	Widerstände	_	_	_	_	_	_	_	_	_	NN	Nom.Pl.Masc	Widerstand	_	_
16-26	2109-2111	in	_	_	_	_	_	_	_	_	_	APPR	_	in	_	_
16-27	2112-2115	den	_	_	_	_	_	_	_	_	_	ART	Acc.Sg.Masc	der	_	_
16-28	2116-2119	Weg	_	_	_	_	_	_	_	_	_	NN	Acc.Sg.Masc	Weg	_	_
16-29	2120-2126	gelegt	_	_	_	_	_	_	_	_	_	VVPP	Psp	legen	_	_
16-30	2127-2133	werden	_	_	_	_	_	_	_	_	_	VAINF	Inf	werden	_	_
16-31	2134-2135	.	_	_	_	_	_	_	_	_	_	$.	_	.	_	_

#Text=Gleich zu Anfang sollte auch eine Entscheidung über das Filmgenre getroffen werden , da nach Robert Mc Kee ( Story ) jedes Genre bestimmte Konventionen hat , die bei der Entwicklung des Plots und der dramatischen Struktur für die jeweilige Filmhandlung berücksichtigt werden müssen , wenn die Geschichte in sich stimmig sein soll .
17-1	2138-2144	Gleich	_	_	_	_	_	_	_	_	_	ADV	_	gleich	_	_
17-2	2145-2147	zu	_	_	_	_	_	_	_	_	_	APPR	_	zu	_	_
17-3	2148-2154	Anfang	_	_	_	_	_	_	_	_	_	NN	Dat.Sg.Masc	Anfang	_	_
17-4	2155-2161	sollte	_	_	_	_	_	_	_	_	_	VMFIN	3.Sg.Past.Ind	sollen	_	_
17-5	2162-2166	auch	_	_	_	_	_	_	_	_	_	ADV	_	auch	_	_
17-6	2167-2171	eine	_	_	_	_	_	_	_	_	_	ART	Nom.Sg.Fem	ein	_	_
17-7	2172-2184	Entscheidung	_	_	_	_	_	_	_	_	_	NN	Nom.Sg.Fem	Entscheidung	_	_
17-8	2185-2189	über	_	_	_	_	_	_	_	_	_	APPR	_	über	_	_
17-9	2190-2193	das	_	_	_	_	_	_	_	_	_	ART	Acc.Sg.Neut	der	_	_
17-10	2194-2203	Filmgenre	_	_	_	_	_	_	_	_	_	NN	Acc.Sg.Neut	Filmgenre	_	_
17-11	2204-2213	getroffen	_	_	_	_	_	_	_	_	_	VVPP	Psp	treffen	_	_
17-12	2214-2220	werden	_	_	_	_	_	_	_	_	_	VAINF	Inf	werden	_	_
17-13	2221-2222	,	_	_	_	_	_	_	_	_	_	$,	_	,	_	_
17-14	2223-2225	da	_	_	_	_	_	_	_	_	_	KOUS	_	da	_	_
17-15	2226-2230	nach	_	_	_	_	_	_	_	_	_	APPR	_	nach	_	_
17-16	2231-2237	Robert	_	_	_	_	_	_	_	_	_	NE	Nom.Sg.Masc	Robert	_	_
17-17	2238-2240	Mc	_	_	_	_	_	_	_	_	_	NE	*.*.*	Mc	_	_
17-18	2241-2244	Kee	_	_	_	_	_	_	_	_	_	NE	Dat.Sg.Masc	Kee	_	_
17-19	2245-2246	(	_	_	_	_	_	_	_	_	_	$(	_	(	_	_
17-20	2247-2252	Story	_	_	_	_	_	_	_	_	_	NE	Nom.Sg.Neut	Story	_	_
17-21	2253-2254	)	_	_	_	_	_	_	_	_	_	$(	_	)	_	_
17-22	2255-2260	jedes	_	_	_	_	_	_	_	_	_	PIAT	Nom.Sg.Neut	jeder	_	_
17-23	2261-2266	Genre	_	_	_	_	_	_	_	_	_	NN	Acc.Sg.Neut	Genre	_	_
17-24	2267-2276	bestimmte	_	_	_	_	_	_	_	_	_	ADJA	Pos.Acc.Pl.Fem	bestimmt	_	_
17-25	2277-2289	Konventionen	_	_	_	_	_	_	_	_	_	NN	Acc.Pl.Fem	Konvention	_	_
17-26	2290-2293	hat	_	_	_	_	_	_	_	_	_	VAFIN	3.Sg.Pres.Ind	haben	_	_
17-27	2294-2295	,	_	_	_	_	_	_	_	_	_	$,	_	,	_	_
17-28	2296-2299	die	_	_	_	_	_	_	_	_	_	PRELS	Nom.Pl.Fem	der	_	_
17-29	2300-2303	bei	_	_	_	_	_	_	_	_	_	APPR	_	bei	_	_
17-30	2304-2307	der	_	_	_	_	_	_	_	_	_	ART	Dat.Sg.Fem	der	_	_
17-31	2308-2319	Entwicklung	_	_	_	_	_	_	_	_	_	NN	Dat.Sg.Fem	Entwicklung	_	_
17-32	2320-2323	des	_	_	_	_	_	_	_	_	_	ART	Gen.Sg.Masc	der	_	_
17-33	2324-2329	Plots	_	_	_	_	_	_	_	_	_	NN	Gen.Sg.Masc	Plot	_	_
17-34	2330-2333	und	_	_	_	_	_	_	_	_	_	KON	_	und	_	_
17-35	2334-2337	der	_	_	_	_	_	_	_	_	_	ART	Gen.Sg.Fem	der	_	_
17-36	2338-2350	dramatischen	_	_	_	_	_	_	_	_	_	ADJA	Pos.Gen.Sg.Fem	dramatisch	_	_
17-37	2351-2359	Struktur	_	_	_	_	_	_	_	_	_	NN	Gen.Sg.Fem	Struktur	_	_
17-38	2360-2363	für	_	_	_	_	_	_	_	_	_	APPR	_	für	_	_
17-39	2364-2367	die	_	_	_	_	_	_	_	_	_	ART	Acc.Sg.Fem	der	_	_
17-40	2368-2377	jeweilige	_	_	_	_	_	_	_	_	_	ADJA	Pos.Acc.Sg.Fem	jeweilig	_	_
17-41	2378-2390	Filmhandlung	_	_	_	_	_	_	_	_	_	NN	Acc.Sg.Fem	Filmhandlung	_	_
17-42	2391-2405	berücksichtigt	_	_	_	_	_	_	_	_	_	VVPP	Psp	berücksichtigen	_	_
17-43	2406-2412	werden	_	_	_	_	_	_	_	_	_	VAINF	Inf	werden	_	_
17-44	2413-2419	müssen	_	_	_	_	_	_	_	_	_	VMFIN	3.Pl.Pres.Ind	müssen	_	_
17-45	2420-2421	,	_	_	_	_	_	_	_	_	_	$,	_	,	_	_
17-46	2422-2426	wenn	_	_	_	_	_	_	_	_	_	KOUS	_	wenn	_	_
17-47	2427-2430	die	_	_	_	_	_	_	_	_	_	ART	Nom.Sg.Fem	der	_	_
17-48	2431-2441	Geschichte	_	_	_	_	_	_	_	_	_	NN	Nom.Sg.Fem	Geschichte	_	_
17-49	2442-2444	in	_	_	_	_	_	_	_	_	_	APPR	_	in	_	_
17-50	2445-2449	sich	_	_	_	_	_	_	_	_	_	PRF	3.Dat.Sg	sich	_	_
17-51	2450-2457	stimmig	_	_	_	_	_	_	_	_	_	ADJD	Pos	stimmig	_	_
17-52	2458-2462	sein	_	_	_	_	_	_	_	_	_	VAINF	Inf	sein	_	_
17-53	2463-2467	soll	_	_	_	_	_	_	_	_	_	VMFIN	3.Sg.Pres.Ind	sollen	_	_
17-54	2468-2469	.	_	_	_	_	_	_	_	_	_	$.	_	.	_	_

#Text=Ein Horrorfilm folgt eben anderen Konventionen als ein Liebesfilm .
18-1	2472-2475	Ein	_	_	_	_	_	_	_	_	_	ART	Nom.Sg.Masc	ein	_	_
18-2	2476-2486	Horrorfilm	_	_	_	_	_	_	_	_	_	NN	Nom.Sg.Masc	Horrorfilm	_	_
18-3	2487-2492	folgt	_	_	_	_	_	_	_	_	_	VVFIN	3.Sg.Pres.Ind	folgen	_	_
18-4	2493-2497	eben	_	_	_	_	_	_	_	_	_	ADV	_	eben	_	_
18-5	2498-2505	anderen	_	_	_	_	_	_	_	_	_	ADJA	Pos.Dat.Pl.Fem	anderer	_	_
18-6	2506-2518	Konventionen	_	_	_	_	_	_	_	_	_	NN	Dat.Pl.Fem	Konvention	_	_
18-7	2519-2522	als	_	_	_	_	_	_	_	_	_	KOKOM	_	als	_	_
18-8	2523-2526	ein	_	_	_	_	_	_	_	_	_	ART	Nom.Sg.Masc	ein	_	_
18-9	2527-2537	Liebesfilm	_	_	_	_	_	_	_	_	_	NN	Nom.Sg.Masc	Liebesfilm	_	_
18-10	2538-2539	.	_	_	_	_	_	_	_	_	_	$.	_	.	_	_

#Text=Dessen muss man sich bewusst sein .
19-1	2542-2548	Dessen	_	_	_	_	_	_	_	_	_	PDS	Gen.Sg.*	der	_	_
19-2	2549-2553	muss	_	_	_	_	_	_	_	_	_	VMFIN	3.Sg.Pres.Ind	müssen	_	_
19-3	2554-2557	man	_	_	_	_	_	_	_	_	_	PIS	Nom.Sg.*	man	_	_
19-4	2558-2562	sich	_	_	_	_	_	_	_	_	_	PRF	3.Dat.Sg	sich	_	_
19-5	2563-2570	bewusst	_	_	_	_	_	_	_	_	_	ADJD	Pos	bewusst	_	_
19-6	2571-2575	sein	_	_	_	_	_	_	_	_	_	VAINF	Inf	sein	_	_
19-7	2576-2577	.	_	_	_	_	_	_	_	_	_	$.	_	.	_	_

#Text=Schon mit der ersten Einstellung sollte man auch das Genre etablieren , um den Zuschauer auf eine bestimmte Erzählweise und Geschichte grundsätzlich einzustimmen .
20-1	2580-2585	Schon	_	_	_	_	_	_	_	_	_	ADV	_	schon	_	_
20-2	2586-2589	mit	_	_	_	_	_	_	_	_	_	APPR	_	mit	_	_
20-3	2590-2593	der	_	_	_	_	_	_	_	_	_	ART	Dat.Sg.Fem	der	_	_
20-4	2594-2600	ersten	_	_	_	_	_	_	_	_	_	ADJA	Pos.Dat.Sg.Fem	erster	_	_
20-5	2601-2612	Einstellung	_	_	_	_	_	_	_	_	_	NN	Dat.Sg.Fem	Einstellung	_	_
20-6	2613-2619	sollte	_	_	_	_	_	_	_	_	_	VMFIN	3.Sg.Past.Ind	sollen	_	_
20-7	2620-2623	man	_	_	_	_	_	_	_	_	_	PIS	Nom.Sg.*	man	_	_
20-8	2624-2628	auch	_	_	_	_	_	_	_	_	_	ADV	_	auch	_	_
20-9	2629-2632	das	_	_	_	_	_	_	_	_	_	ART	Acc.Sg.Neut	der	_	_
20-10	2633-2638	Genre	_	_	_	_	_	_	_	_	_	NN	Acc.Sg.Neut	Genre	_	_
20-11	2639-2649	etablieren	_	_	_	_	_	_	_	_	_	VVINF	Inf	etablieren	_	_
20-12	2650-2651	,	_	_	_	_	_	_	_	_	_	$,	_	,	_	_
20-13	2652-2654	um	_	_	_	_	_	_	_	_	_	KOUI	_	um	_	_
20-14	2655-2658	den	_	_	_	_	_	_	_	_	_	ART	Acc.Sg.Masc	der	_	_
20-15	2659-2668	Zuschauer	_	_	_	_	_	_	_	_	_	NN	Acc.Sg.Masc	Zuschauer	_	_
20-16	2669-2672	auf	_	_	_	_	_	_	_	_	_	APPR	_	auf	_	_
20-17	2673-2677	eine	_	_	_	_	_	_	_	_	_	ART	Acc.Sg.Fem	ein	_	_
20-18	2678-2687	bestimmte	_	_	_	_	_	_	_	_	_	ADJA	Pos.Acc.Sg.Fem	bestimmt	_	_
20-19	2688-2699	Erzählweise	_	_	_	_	_	_	_	_	_	NN	Acc.Sg.Fem	Erzählweise	_	_
20-20	2700-2703	und	_	_	_	_	_	_	_	_	_	KON	_	und	_	_
20-21	2704-2714	Geschichte	_	_	_	_	_	_	_	_	_	NN	Acc.Sg.Fem	Geschichte	_	_
20-22	2715-2728	grundsätzlich	_	_	_	_	_	_	_	_	_	ADJD	Pos	grundsätzlich	_	_
20-23	2729-2741	einzustimmen	_	_	_	_	_	_	_	_	_	VVIZU	Infzu	einstimmen	_	_
20-24	2742-2743	.	_	_	_	_	_	_	_	_	_	$.	_	.	_	_

#Text=Man kann einen Film nicht als Tragödie beginnen lassen , wenn es eigentlich eine Komödie ist ( Dem Fortgeschrittenen ist es schon möglich , verschiedene Genres zu vermischen ) .
21-1	2746-2749	Man	_	_	_	_	_	_	_	_	_	PIS	Nom.Sg.*	man	_	_
21-2	2750-2754	kann	_	_	_	_	_	_	_	_	_	VMFIN	3.Sg.Pres.Ind	können	_	_
21-3	2755-2760	einen	_	_	_	_	_	_	_	_	_	ART	Acc.Sg.Masc	ein	_	_
21-4	2761-2765	Film	_	_	_	_	_	_	_	_	_	NN	Acc.Sg.Masc	Film	_	_
21-5	2766-2771	nicht	_	_	_	_	_	_	_	_	_	PTKNEG	_	nicht	_	_
21-6	2772-2775	als	_	_	_	_	_	_	_	_	_	APPR	_	als	_	_
21-7	2776-2784	Tragödie	_	_	_	_	_	_	_	_	_	NN	Acc.Sg.Fem	Tragödie	_	_
21-8	2785-2793	beginnen	_	_	_	_	_	_	_	_	_	VVINF	Inf	beginnen	_	_
21-9	2794-2800	lassen	_	_	_	_	_	_	_	_	_	VVINF	Inf	lassen	_	_
21-10	2801-2802	,	_	_	_	_	_	_	_	_	_	$,	_	,	_	_
21-11	2803-2807	wenn	_	_	_	_	_	_	_	_	_	KOUS	_	wenn	_	_
21-12	2808-2810	es	_	_	_	_	_	_	_	_	_	PPER	3.Nom.Sg.Neut	es	_	_
21-13	2811-2821	eigentlich	_	_	_	_	_	_	_	_	_	ADV	_	eigentlich	_	_
21-14	2822-2826	eine	_	_	_	_	_	_	_	_	_	ART	Nom.Sg.Fem	ein	_	_
21-15	2827-2834	Komödie	_	_	_	_	_	_	_	_	_	NN	Nom.Sg.Fem	Komödie	_	_
21-16	2835-2838	ist	_	_	_	_	_	_	_	_	_	VAFIN	3.Sg.Pres.Ind	sein	_	_
21-17	2839-2840	(	_	_	_	_	_	_	_	_	_	$(	_	(	_	_
21-18	2841-2844	Dem	_	_	_	_	_	_	_	_	_	ART	Dat.Sg.Neut	der	_	_
21-19	2845-2862	Fortgeschrittenen	_	_	_	_	_	_	_	_	_	NN	Dat.Sg.Neut	fortgeschrittene	_	_
21-20	2863-2866	ist	_	_	_	_	_	_	_	_	_	VAFIN	3.Sg.Pres.Ind	sein	_	_
21-21	2867-2869	es	_	_	_	_	_	_	_	_	_	PPER	3.Nom.Sg.Neut	es	_	_
21-22	2870-2875	schon	_	_	_	_	_	_	_	_	_	ADV	_	schon	_	_
21-23	2876-2883	möglich	_	_	_	_	_	_	_	_	_	ADJD	Pos	möglich	_	_
21-24	2884-2885	,	_	_	_	_	_	_	_	_	_	$,	_	,	_	_
21-25	2886-2898	verschiedene	_	_	_	_	_	_	_	_	_	ADJA	Pos.Acc.Pl.Neut	verschieden	_	_
21-26	2899-2905	Genres	_	_	_	_	_	_	_	_	_	NN	Acc.Pl.Neut	Genre	_	_
21-27	2906-2908	zu	_	_	_	_	_	_	_	_	_	PTKZU	_	zu	_	_
21-28	2909-2919	vermischen	_	_	_	_	_	_	_	_	_	VVINF	Inf	vermischen	_	_
21-29	2920-2921	)	_	_	_	_	_	_	_	_	_	$(	_	)	_	_
21-30	2922-2923	.	_	_	_	_	_	_	_	_	_	$.	_	.	_	_

#Text=Das Thema der Geschichte sollte ebenfalls notiert werden .
22-1	2926-2929	Das	_	_	_	_	_	_	_	_	_	ART	Nom.Sg.Neut	der	_	_
22-2	2930-2935	Thema	_	_	_	_	_	_	_	_	_	NN	Nom.Sg.Neut	Thema	_	_
22-3	2936-2939	der	_	_	_	_	_	_	_	_	_	ART	Gen.Sg.Fem	der	_	_
22-4	2940-2950	Geschichte	_	_	_	_	_	_	_	_	_	NN	Gen.Sg.Fem	Geschichte	_	_
22-5	2951-2957	sollte	_	_	_	_	_	_	_	_	_	VMFIN	3.Sg.Past.Ind	sollen	_	_
22-6	2958-2967	ebenfalls	_	_	_	_	_	_	_	_	_	ADV	_	ebenfalls	_	_
22-7	2968-2975	notiert	_	_	_	_	_	_	_	_	_	VVPP	Psp	notieren	_	_
22-8	2976-2982	werden	_	_	_	_	_	_	_	_	_	VAINF	Inf	werden	_	_
22-9	2983-2984	.	_	_	_	_	_	_	_	_	_	$.	_	.	_	_

#Text=Die meisten Filme beschäftigen sich mit wenigen großen Themen : Freiheit , Liebe , Rache , Gerechtigkeit , Stolz , ...
23-1	2987-2990	Die	_	_	_	_	_	_	_	_	_	ART	Nom.Pl.Masc	der	_	_
23-2	2991-2998	meisten	_	_	_	_	_	_	_	_	_	PIAT	Nom.Pl.Masc	meister	_	_
23-3	2999-3004	Filme	_	_	_	_	_	_	_	_	_	NN	Nom.Pl.Masc	Film	_	_
23-4	3005-3017	beschäftigen	_	_	_	_	_	_	_	_	_	VVFIN	3.Pl.Pres.Ind	beschäftigen	_	_
23-5	3018-3022	sich	_	_	_	_	_	_	_	_	_	PRF	3.Acc.Pl	sich	_	_
23-6	3023-3026	mit	_	_	_	_	_	_	_	_	_	APPR	_	mit	_	_
23-7	3027-3034	wenigen	_	_	_	_	_	_	_	_	_	PIAT	Dat.Pl.Neut	weniger	_	_
23-8	3035-3041	großen	_	_	_	_	_	_	_	_	_	ADJA	Pos.Dat.Pl.Neut	groß	_	_
23-9	3042-3048	Themen	_	_	_	_	_	_	_	_	_	NN	Dat.Pl.Neut	Thema	_	_
23-10	3049-3050	:	_	_	_	_	_	_	_	_	_	$.	_	:	_	_
23-11	3051-3059	Freiheit	_	_	_	_	_	_	_	_	_	NN	Nom.Sg.Fem	Freiheit	_	_
23-12	3060-3061	,	_	_	_	_	_	_	_	_	_	$,	_	,	_	_
23-13	3062-3067	Liebe	_	_	_	_	_	_	_	_	_	NN	Nom.Sg.Fem	Liebe	_	_
23-14	3068-3069	,	_	_	_	_	_	_	_	_	_	$,	_	,	_	_
23-15	3070-3075	Rache	_	_	_	_	_	_	_	_	_	NN	Nom.Sg.Fem	Rache	_	_
23-16	3076-3077	,	_	_	_	_	_	_	_	_	_	$,	_	,	_	_
23-17	3078-3091	Gerechtigkeit	_	_	_	_	_	_	_	_	_	NN	Nom.Sg.Fem	Gerechtigkeit	_	_
23-18	3092-3093	,	_	_	_	_	_	_	_	_	_	$,	_	,	_	_
23-19	3094-3099	Stolz	_	_	_	_	_	_	_	_	_	NN	Nom.Sg.Masc	Stolz	_	_
23-20	3100-3101	,	_	_	_	_	_	_	_	_	_	$,	_	,	_	_
23-21	3102-3103	.	_	_	_	_	_	_	_	_	_	$(	_	.	_	_
23-22	3103-3104	.	_	_	_	_	_	_	_	_	_	$(	_	.	_	_
23-23	3104-3105	.	_	_	_	_	_	_	_	_	_	$(	_	.	_	_

#Text=Diese großen Themen können sich auch in kleinen Gegebenheiten und alltäglichen Situationen äußern , aber sie verweisen auch dort auf den größeren Zusammenhang .
24-1	3108-3113	Diese	_	_	_	_	_	_	_	_	_	PDAT	Nom.Pl.Neut	dieser	_	_
24-2	3114-3120	großen	_	_	_	_	_	_	_	_	_	ADJA	Pos.Nom.Pl.Neut	groß	_	_
24-3	3121-3127	Themen	_	_	_	_	_	_	_	_	_	NN	Nom.Pl.Neut	Thema	_	_
24-4	3128-3134	können	_	_	_	_	_	_	_	_	_	VMFIN	3.Pl.Pres.Ind	können	_	_
24-5	3135-3139	sich	_	_	_	_	_	_	_	_	_	PRF	3.Acc.Pl	sich	_	_
24-6	3140-3144	auch	_	_	_	_	_	_	_	_	_	ADV	_	auch	_	_
24-7	3145-3147	in	_	_	_	_	_	_	_	_	_	APPR	_	in	_	_
24-8	3148-3155	kleinen	_	_	_	_	_	_	_	_	_	ADJA	Pos.Dat.Pl.Fem	klein	_	_
24-9	3156-3169	Gegebenheiten	_	_	_	_	_	_	_	_	_	NN	Dat.Pl.Fem	Gegebenheit	_	_
24-10	3170-3173	und	_	_	_	_	_	_	_	_	_	KON	_	und	_	_
24-11	3174-3186	alltäglichen	_	_	_	_	_	_	_	_	_	ADJA	Pos.Dat.Pl.Fem	alltäglich	_	_
24-12	3187-3198	Situationen	_	_	_	_	_	_	_	_	_	NN	Dat.Pl.Fem	Situation	_	_
24-13	3199-3205	äußern	_	_	_	_	_	_	_	_	_	VVINF	Inf	äußern	_	_
24-14	3206-3207	,	_	_	_	_	_	_	_	_	_	$,	_	,	_	_
24-15	3208-3212	aber	_	_	_	_	_	_	_	_	_	KON	_	aber	_	_
24-16	3213-3216	sie	_	_	_	_	_	_	_	_	_	PPER	3.Nom.Pl.Fem	sie	_	_
24-17	3217-3226	verweisen	_	_	_	_	_	_	_	_	_	VVFIN	3.Pl.Pres.Ind	verweisen	_	_
24-18	3227-3231	auch	_	_	_	_	_	_	_	_	_	ADV	_	auch	_	_
24-19	3232-3236	dort	_	_	_	_	_	_	_	_	_	ADV	_	dort	_	_
24-20	3237-3240	auf	_	_	_	_	_	_	_	_	_	APPR	_	auf	_	_
24-21	3241-3244	den	_	_	_	_	_	_	_	_	_	ART	Acc.Sg.Masc	der	_	_
24-22	3245-3253	größeren	_	_	_	_	_	_	_	_	_	ADJA	Comp.Acc.Sg.Masc	groß	_	_
24-23	3254-3266	Zusammenhang	_	_	_	_	_	_	_	_	_	NN	Acc.Sg.Masc	Zusammenhang	_	_
24-24	3267-3268	.	_	_	_	_	_	_	_	_	_	$.	_	.	_	_

#Text=So ergibt sich aus einem Thema eine unendliche Zahl möglicher Geschichten , deren Aussage von jedem Menschen , egal welcher Herkunft oder Kultur verstanden werden kann , weil es um ein grundsätzliches Gefühl geht , von dem jeder eine Vorstellung hat und das auch jeder in irgendeiner Spielweise schon einmal erlebt hat .
25-1	3271-3273	So	_	_	_	_	_	_	_	_	_	ADV	_	so	_	_
25-2	3274-3280	ergibt	_	_	_	_	_	_	_	_	_	VVFIN	3.Sg.Pres.Ind	ergeben	_	_
25-3	3281-3285	sich	_	_	_	_	_	_	_	_	_	PRF	3.Acc.Sg	sich	_	_
25-4	3286-3289	aus	_	_	_	_	_	_	_	_	_	APPR	_	aus	_	_
25-5	3290-3295	einem	_	_	_	_	_	_	_	_	_	ART	Dat.Sg.Neut	ein	_	_
25-6	3296-3301	Thema	_	_	_	_	_	_	_	_	_	NN	Dat.Sg.Neut	Thema	_	_
25-7	3302-3306	eine	_	_	_	_	_	_	_	_	_	ART	Nom.Sg.Fem	ein	_	_
25-8	3307-3317	unendliche	_	_	_	_	_	_	_	_	_	ADJA	Pos.Nom.Sg.Fem	unendlich	_	_
25-9	3318-3322	Zahl	_	_	_	_	_	_	_	_	_	NN	Nom.Sg.Fem	Zahl	_	_
25-10	3323-3332	möglicher	_	_	_	_	_	_	_	_	_	ADJA	Pos.Gen.Pl.Fem	möglich	_	_
25-11	3333-3344	Geschichten	_	_	_	_	_	_	_	_	_	NN	Gen.Pl.Fem	Geschichte	_	_
25-12	3345-3346	,	_	_	_	_	_	_	_	_	_	$,	_	,	_	_
25-13	3347-3352	deren	_	_	_	_	_	_	_	_	_	PRELAT	Gen.Pl.Fem	der	_	_
25-14	3353-3360	Aussage	_	_	_	_	_	_	_	_	_	NN	Nom.Sg.Fem	Aussage	_	_
25-15	3361-3364	von	_	_	_	_	_	_	_	_	_	APPR	_	von	_	_
25-16	3365-3370	jedem	_	_	_	_	_	_	_	_	_	PIAT	Dat.Sg.Masc	jeder	_	_
25-17	3371-3379	Menschen	_	_	_	_	_	_	_	_	_	NN	Dat.Sg.Masc	Mensch	_	_
25-18	3380-3381	,	_	_	_	_	_	_	_	_	_	$,	_	,	_	_
25-19	3382-3386	egal	_	_	_	_	_	_	_	_	_	ADV	_	egal	_	_
25-20	3387-3394	welcher	_	_	_	_	_	_	_	_	_	PWAT	Gen.Sg.Fem	welcher	_	_
25-21	3395-3403	Herkunft	_	_	_	_	_	_	_	_	_	NN	Dat.Sg.Fem	Herkunft	_	_
25-22	3404-3408	oder	_	_	_	_	_	_	_	_	_	KON	_	oder	_	_
25-23	3409-3415	Kultur	_	_	_	_	_	_	_	_	_	NN	Dat.Sg.Fem	Kultur	_	_
25-24	3416-3426	verstanden	_	_	_	_	_	_	_	_	_	VVPP	Psp	verstehen	_	_
25-25	3427-3433	werden	_	_	_	_	_	_	_	_	_	VAINF	Inf	werden	_	_
25-26	3434-3438	kann	_	_	_	_	_	_	_	_	_	VMFIN	3.Sg.Pres.Ind	können	_	_
25-27	3439-3440	,	_	_	_	_	_	_	_	_	_	$,	_	,	_	_
25-28	3441-3445	weil	_	_	_	_	_	_	_	_	_	KOUS	_	weil	_	_
25-29	3446-3448	es	_	_	_	_	_	_	_	_	_	PPER	3.Nom.Sg.Neut	es	_	_
25-30	3449-3451	um	_	_	_	_	_	_	_	_	_	APPR	_	um	_	_
25-31	3452-3455	ein	_	_	_	_	_	_	_	_	_	ART	Acc.Sg.Neut	ein	_	_
25-32	3456-3471	grundsätzliches	_	_	_	_	_	_	_	_	_	ADJA	Pos.Acc.Sg.Neut	grundsätzlich	_	_
25-33	3472-3478	Gefühl	_	_	_	_	_	_	_	_	_	NN	Acc.Sg.Neut	Gefühl	_	_
25-34	3479-3483	geht	_	_	_	_	_	_	_	_	_	VVFIN	3.Sg.Pres.Ind	gehen	_	_
25-35	3484-3485	,	_	_	_	_	_	_	_	_	_	$,	_	,	_	_
25-36	3486-3489	von	_	_	_	_	_	_	_	_	_	APPR	_	von	_	_
25-37	3490-3493	dem	_	_	_	_	_	_	_	_	_	PRELS	Dat.Sg.Neut	der	_	_
25-38	3494-3499	jeder	_	_	_	_	_	_	_	_	_	PIS	Nom.Sg.Masc	jeder	_	_
25-39	3500-3504	eine	_	_	_	_	_	_	_	_	_	ART	Acc.Sg.Fem	ein	_	_
25-40	3505-3516	Vorstellung	_	_	_	_	_	_	_	_	_	NN	Acc.Sg.Fem	Vorstellung	_	_
25-41	3517-3520	hat	_	_	_	_	_	_	_	_	_	VAFIN	3.Sg.Pres.Ind	haben	_	_
25-42	3521-3524	und	_	_	_	_	_	_	_	_	_	KON	_	und	_	_
25-43	3525-3528	das	_	_	_	_	_	_	_	_	_	PRELS	Acc.Sg.Neut	der	_	_
25-44	3529-3533	auch	_	_	_	_	_	_	_	_	_	ADV	_	auch	_	_
25-45	3534-3539	jeder	_	_	_	_	_	_	_	_	_	PIS	Nom.Sg.Masc	jeder	_	_
25-46	3540-3542	in	_	_	_	_	_	_	_	_	_	APPR	_	in	_	_
25-47	3543-3554	irgendeiner	_	_	_	_	_	_	_	_	_	PIAT	Dat.Sg.Fem	irgendeiner	_	_
25-48	3555-3565	Spielweise	_	_	_	_	_	_	_	_	_	NN	Dat.Sg.Fem	Spielweise	_	_
25-49	3566-3571	schon	_	_	_	_	_	_	_	_	_	ADV	_	schon	_	_
25-50	3572-3578	einmal	_	_	_	_	_	_	_	_	_	ADV	_	einmal	_	_
25-51	3579-3585	erlebt	_	_	_	_	_	_	_	_	_	VVPP	Psp	erleben	_	_
25-52	3586-3589	hat	_	_	_	_	_	_	_	_	_	VAFIN	3.Sg.Pres.Ind	haben	_	_
25-53	3590-3591	.	_	_	_	_	_	_	_	_	_	$.	_	.	_	_

#Text=Besteht keine Zuordnung zu einem Thema in der Geschichte , sollte nochmals hinterfragt werden , ob diese Idee es verdient , in einem Film umgesetzt zu werden ; ob es eine wichtige Aussage gibt , die dem Zuschauer nahe gebracht , oder einfach nur eine lustige Anekdote erzählt werden soll .
26-1	3594-3601	Besteht	_	_	_	_	_	_	_	_	_	VVFIN	3.Sg.Pres.Ind	bestehen	_	_
26-2	3602-3607	keine	_	_	_	_	_	_	_	_	_	PIAT	Nom.Sg.Fem	kein	_	_
26-3	3608-3617	Zuordnung	_	_	_	_	_	_	_	_	_	NN	Nom.Sg.Fem	Zuordnung	_	_
26-4	3618-3620	zu	_	_	_	_	_	_	_	_	_	APPR	_	zu	_	_
26-5	3621-3626	einem	_	_	_	_	_	_	_	_	_	ART	Dat.Sg.Neut	ein	_	_
26-6	3627-3632	Thema	_	_	_	_	_	_	_	_	_	NN	Dat.Sg.Neut	Thema	_	_
26-7	3633-3635	in	_	_	_	_	_	_	_	_	_	APPR	_	in	_	_
26-8	3636-3639	der	_	_	_	_	_	_	_	_	_	ART	Dat.Sg.Fem	der	_	_
26-9	3640-3650	Geschichte	_	_	_	_	_	_	_	_	_	NN	Dat.Sg.Fem	Geschichte	_	_
26-10	3651-3652	,	_	_	_	_	_	_	_	_	_	$,	_	,	_	_
26-11	3653-3659	sollte	_	_	_	_	_	_	_	_	_	VMFIN	3.Sg.Past.Ind	sollen	_	_
26-12	3660-3668	nochmals	_	_	_	_	_	_	_	_	_	ADV	_	nochmals	_	_
26-13	3669-3680	hinterfragt	_	_	_	_	_	_	_	_	_	VVPP	Psp	hinterfragen	_	_
26-14	3681-3687	werden	_	_	_	_	_	_	_	_	_	VAINF	Inf	werden	_	_
26-15	3688-3689	,	_	_	_	_	_	_	_	_	_	$,	_	,	_	_
26-16	3690-3692	ob	_	_	_	_	_	_	_	_	_	KOUS	_	ob	_	_
26-17	3693-3698	diese	_	_	_	_	_	_	_	_	_	PDAT	Nom.Sg.Fem	dieser	_	_
26-18	3699-3703	Idee	_	_	_	_	_	_	_	_	_	NN	Nom.Sg.Fem	Idee	_	_
26-19	3704-3706	es	_	_	_	_	_	_	_	_	_	PPER	3.Acc.Sg.Neut	es	_	_
26-20	3707-3715	verdient	_	_	_	_	_	_	_	_	_	VVFIN	3.Sg.Pres.Ind	verdienen	_	_
26-21	3716-3717	,	_	_	_	_	_	_	_	_	_	$,	_	,	_	_
26-22	3718-3720	in	_	_	_	_	_	_	_	_	_	APPR	_	in	_	_
26-23	3721-3726	einem	_	_	_	_	_	_	_	_	_	ART	Dat.Sg.Masc	ein	_	_
26-24	3727-3731	Film	_	_	_	_	_	_	_	_	_	NN	Dat.Sg.Masc	Film	_	_
26-25	3732-3741	umgesetzt	_	_	_	_	_	_	_	_	_	VVPP	Psp	umsetzen	_	_
26-26	3742-3744	zu	_	_	_	_	_	_	_	_	_	PTKZU	_	zu	_	_
26-27	3745-3751	werden	_	_	_	_	_	_	_	_	_	VAINF	Inf	werden	_	_
26-28	3752-3753	;	_	_	_	_	_	_	_	_	_	$.	_	;	_	_
26-29	3754-3756	ob	_	_	_	_	_	_	_	_	_	KOUS	_	ob	_	_
26-30	3757-3759	es	_	_	_	_	_	_	_	_	_	PPER	3.Nom.Sg.Neut	es	_	_
26-31	3760-3764	eine	_	_	_	_	_	_	_	_	_	ART	Acc.Sg.Fem	ein	_	_
26-32	3765-3773	wichtige	_	_	_	_	_	_	_	_	_	ADJA	Pos.Acc.Sg.Fem	wichtig	_	_
26-33	3774-3781	Aussage	_	_	_	_	_	_	_	_	_	NN	Acc.Sg.Fem	Aussage	_	_
26-34	3782-3786	gibt	_	_	_	_	_	_	_	_	_	VVFIN	3.Sg.Pres.Ind	geben	_	_
26-35	3787-3788	,	_	_	_	_	_	_	_	_	_	$,	_	,	_	_
26-36	3789-3792	die	_	_	_	_	_	_	_	_	_	PRELS	Nom.Sg.Fem	der	_	_
26-37	3793-3796	dem	_	_	_	_	_	_	_	_	_	ART	Dat.Sg.Masc	der	_	_
26-38	3797-3806	Zuschauer	_	_	_	_	_	_	_	_	_	NN	Dat.Sg.Masc	Zuschauer	_	_
26-39	3807-3811	nahe	_	_	_	_	_	_	_	_	_	ADJD	Pos	nah	_	_
26-40	3812-3820	gebracht	_	_	_	_	_	_	_	_	_	VVPP	Psp	bringen	_	_
26-41	3821-3822	,	_	_	_	_	_	_	_	_	_	$,	_	,	_	_
26-42	3823-3827	oder	_	_	_	_	_	_	_	_	_	KON	_	oder	_	_
26-43	3828-3835	einfach	_	_	_	_	_	_	_	_	_	ADV	_	einfach	_	_
26-44	3836-3839	nur	_	_	_	_	_	_	_	_	_	ADV	_	nur	_	_
26-45	3840-3844	eine	_	_	_	_	_	_	_	_	_	ART	Nom.Sg.Fem	ein	_	_
26-46	3845-3852	lustige	_	_	_	_	_	_	_	_	_	ADJA	Pos.Nom.Sg.Fem	lustig	_	_
26-47	3853-3861	Anekdote	_	_	_	_	_	_	_	_	_	NN	Nom.Sg.Fem	Anekdote	_	_
26-48	3862-3869	erzählt	_	_	_	_	_	_	_	_	_	VVPP	Psp	erzählen	_	_
26-49	3870-3876	werden	_	_	_	_	_	_	_	_	_	VAINF	Inf	werden	_	_
26-50	3877-3881	soll	_	_	_	_	_	_	_	_	_	VMFIN	3.Sg.Pres.Ind	sollen	_	_
26-51	3882-3883	.	_	_	_	_	_	_	_	_	_	$.	_	.	_	_

#Text=Wenn Sie ein Drehbuch schreiben wollen , aber die zündende Idee für eine Geschichte noch fehlt , hilft es meist , nach einem Thema zu suchen , das Sie selbst beschäftigt .
27-1	3886-3890	Wenn	_	_	_	_	_	_	_	_	_	KOUS	_	wenn	_	_
27-2	3891-3894	Sie	_	_	_	_	_	_	_	_	_	PPER	3.Nom.Pl.*	sie	_	_
27-3	3895-3898	ein	_	_	_	_	_	_	_	_	_	ART	Acc.Sg.Neut	ein	_	_
27-4	3899-3907	Drehbuch	_	_	_	_	_	_	_	_	_	NN	Acc.Sg.Neut	Drehbuch	_	_
27-5	3908-3917	schreiben	_	_	_	_	_	_	_	_	_	VVINF	Inf	schreiben	_	_
27-6	3918-3924	wollen	_	_	_	_	_	_	_	_	_	VMFIN	3.Pl.Pres.Ind	wollen	_	_
27-7	3925-3926	,	_	_	_	_	_	_	_	_	_	$,	_	,	_	_
27-8	3927-3931	aber	_	_	_	_	_	_	_	_	_	KON	_	aber	_	_
27-9	3932-3935	die	_	_	_	_	_	_	_	_	_	ART	Nom.Sg.Fem	der	_	_
27-10	3936-3944	zündende	_	_	_	_	_	_	_	_	_	ADJA	Pos.Nom.Sg.Fem	zündend	_	_
27-11	3945-3949	Idee	_	_	_	_	_	_	_	_	_	NN	Nom.Sg.Fem	Idee	_	_
27-12	3950-3953	für	_	_	_	_	_	_	_	_	_	APPR	_	für	_	_
27-13	3954-3958	eine	_	_	_	_	_	_	_	_	_	ART	Acc.Sg.Fem	ein	_	_
27-14	3959-3969	Geschichte	_	_	_	_	_	_	_	_	_	NN	Acc.Sg.Fem	Geschichte	_	_
27-15	3970-3974	noch	_	_	_	_	_	_	_	_	_	ADV	_	noch	_	_
27-16	3975-3980	fehlt	_	_	_	_	_	_	_	_	_	VVFIN	3.Sg.Pres.Ind	fehlen	_	_
27-17	3981-3982	,	_	_	_	_	_	_	_	_	_	$,	_	,	_	_
27-18	3983-3988	hilft	_	_	_	_	_	_	_	_	_	VVFIN	3.Sg.Pres.Ind	helfen	_	_
27-19	3989-3991	es	_	_	_	_	_	_	_	_	_	PPER	3.Nom.Sg.Neut	es	_	_
27-20	3992-3997	meist	_	_	_	_	_	_	_	_	_	ADV	_	meist	_	_
27-21	3998-3999	,	_	_	_	_	_	_	_	_	_	$,	_	,	_	_
27-22	4000-4004	nach	_	_	_	_	_	_	_	_	_	APPR	_	nach	_	_
27-23	4005-4010	einem	_	_	_	_	_	_	_	_	_	ART	Dat.Sg.Neut	ein	_	_
27-24	4011-4016	Thema	_	_	_	_	_	_	_	_	_	NN	Dat.Sg.Neut	Thema	_	_
27-25	4017-4019	zu	_	_	_	_	_	_	_	_	_	PTKZU	_	zu	_	_
27-26	4020-4026	suchen	_	_	_	_	_	_	_	_	_	VVINF	Inf	suchen	_	_
27-27	4027-4028	,	_	_	_	_	_	_	_	_	_	$,	_	,	_	_
27-28	4029-4032	das	_	_	_	_	_	_	_	_	_	PRELS	Acc.Sg.Neut	der	_	_
27-29	4033-4036	Sie	_	_	_	_	_	_	_	_	_	PPER	3.Nom.Sg.Fem	sie	_	_
27-30	4037-4043	selbst	_	_	_	_	_	_	_	_	_	ADV	_	selbst	_	_
27-31	4044-4055	beschäftigt	_	_	_	_	_	_	_	_	_	VVFIN	3.Sg.Pres.Ind	beschäftigen	_	_
27-32	4056-4057	.	_	_	_	_	_	_	_	_	_	$.	_	.	_	_

#Text=Es mag genügen , ein seltsames Gefühl zu beschreiben , das Sie manchmal haben , oder eine Begegnung mit einem fremden Menschen , eine Beziehung oder etwas Ähnliches , die Ihnen außergewöhnlich erschien und die einen tiefen Eindruck hinterließ .
28-1	4060-4062	Es	_	_	_	_	_	_	_	_	_	PPER	3.Nom.Sg.Neut	es	_	_
28-2	4063-4066	mag	_	_	_	_	_	_	_	_	_	VMFIN	3.Sg.Pres.Ind	mögen	_	_
28-3	4067-4074	genügen	_	_	_	_	_	_	_	_	_	VVINF	Inf	genügen	_	_
28-4	4075-4076	,	_	_	_	_	_	_	_	_	_	$,	_	,	_	_
28-5	4077-4080	ein	_	_	_	_	_	_	_	_	_	ART	Acc.Sg.Neut	ein	_	_
28-6	4081-4090	seltsames	_	_	_	_	_	_	_	_	_	ADJA	Pos.Acc.Sg.Neut	seltsam	_	_
28-7	4091-4097	Gefühl	_	_	_	_	_	_	_	_	_	NN	Acc.Sg.Neut	Gefühl	_	_
28-8	4098-4100	zu	_	_	_	_	_	_	_	_	_	PTKZU	_	zu	_	_
28-9	4101-4112	beschreiben	_	_	_	_	_	_	_	_	_	VVINF	Inf	beschreiben	_	_
28-10	4113-4114	,	_	_	_	_	_	_	_	_	_	$,	_	,	_	_
28-11	4115-4118	das	_	_	_	_	_	_	_	_	_	PRELS	Acc.Sg.Neut	der	_	_
28-12	4119-4122	Sie	_	_	_	_	_	_	_	_	_	PPER	3.Nom.Pl.*	sie	_	_
28-13	4123-4131	manchmal	_	_	_	_	_	_	_	_	_	ADV	_	manchmal	_	_
28-14	4132-4137	haben	_	_	_	_	_	_	_	_	_	VAFIN	3.Pl.Pres.Ind	haben	_	_
28-15	4138-4139	,	_	_	_	_	_	_	_	_	_	$,	_	,	_	_
28-16	4140-4144	oder	_	_	_	_	_	_	_	_	_	KON	_	oder	_	_
28-17	4145-4149	eine	_	_	_	_	_	_	_	_	_	ART	Acc.Sg.Fem	ein	_	_
28-18	4150-4159	Begegnung	_	_	_	_	_	_	_	_	_	NN	Acc.Sg.Fem	Begegnung	_	_
28-19	4160-4163	mit	_	_	_	_	_	_	_	_	_	APPR	_	mit	_	_
28-20	4164-4169	einem	_	_	_	_	_	_	_	_	_	ART	Dat.Sg.Masc	ein	_	_
28-21	4170-4177	fremden	_	_	_	_	_	_	_	_	_	ADJA	Pos.Dat.Sg.Masc	fremd	_	_
28-22	4178-4186	Menschen	_	_	_	_	_	_	_	_	_	NN	Dat.Sg.Masc	Mensch	_	_
28-23	4187-4188	,	_	_	_	_	_	_	_	_	_	$,	_	,	_	_
28-24	4189-4193	eine	_	_	_	_	_	_	_	_	_	ART	Acc.Sg.Fem	ein	_	_
28-25	4194-4203	Beziehung	_	_	_	_	_	_	_	_	_	NN	Acc.Sg.Fem	Beziehung	_	_
28-26	4204-4208	oder	_	_	_	_	_	_	_	_	_	KON	_	oder	_	_
28-27	4209-4214	etwas	_	_	_	_	_	_	_	_	_	PIAT	*.*.*	etwas	_	_
28-28	4215-4224	Ähnliches	_	_	_	_	_	_	_	_	_	NN	Acc.Sg.Neut	ähnliche	_	_
28-29	4225-4226	,	_	_	_	_	_	_	_	_	_	$,	_	,	_	_
28-30	4227-4230	die	_	_	_	_	_	_	_	_	_	PRELS	Nom.Sg.Fem	der	_	_
28-31	4231-4236	Ihnen	_	_	_	_	_	_	_	_	_	PPER	3.Dat.Pl.Masc	ihnen	_	_
28-32	4237-4252	außergewöhnlich	_	_	_	_	_	_	_	_	_	ADJD	Pos	außergewöhnlich	_	_
28-33	4253-4261	erschien	_	_	_	_	_	_	_	_	_	VVFIN	3.Sg.Past.Ind	erscheinen	_	_
28-34	4262-4265	und	_	_	_	_	_	_	_	_	_	KON	_	und	_	_
28-35	4266-4269	die	_	_	_	_	_	_	_	_	_	PRELS	Nom.Sg.Fem	der	_	_
28-36	4270-4275	einen	_	_	_	_	_	_	_	_	_	ART	Acc.Sg.Masc	ein	_	_
28-37	4276-4282	tiefen	_	_	_	_	_	_	_	_	_	ADJA	Pos.Acc.Sg.Masc	tief	_	_
28-38	4283-4291	Eindruck	_	_	_	_	_	_	_	_	_	NN	Acc.Sg.Masc	Eindruck	_	_
28-39	4292-4302	hinterließ	_	_	_	_	_	_	_	_	_	VVFIN	3.Sg.Past.Ind	hinterlassen	_	_
28-40	4303-4304	.	_	_	_	_	_	_	_	_	_	$.	_	.	_	_

#Text=Die Filmhandlung sollte nicht geradlinig verlaufen .
29-1	4307-4310	Die	_	_	_	_	_	_	_	_	_	ART	Nom.Sg.Fem	der	_	_
29-2	4311-4323	Filmhandlung	_	_	_	_	_	_	_	_	_	NN	Nom.Sg.Fem	Filmhandlung	_	_
29-3	4324-4330	sollte	_	_	_	_	_	_	_	_	_	VMFIN	3.Sg.Past.Ind	sollen	_	_
29-4	4331-4336	nicht	_	_	_	_	_	_	_	_	_	PTKNEG	_	nicht	_	_
29-5	4337-4347	geradlinig	_	_	_	_	_	_	_	_	_	ADJD	Pos	geradlinig	_	_
29-6	4348-4357	verlaufen	_	_	_	_	_	_	_	_	_	VVINF	Inf	verlaufen	_	_
29-7	4358-4359	.	_	_	_	_	_	_	_	_	_	$.	_	.	_	_

#Text=Beispielsweise profitiert die Darstellung eines Helden von Hindernissen , die ihn daran hindern , sein Ziel zu erreichen .
30-1	4362-4376	Beispielsweise	_	_	_	_	_	_	_	_	_	ADV	_	beispielsweise	_	_
30-2	4377-4387	profitiert	_	_	_	_	_	_	_	_	_	VVFIN	3.Sg.Pres.Ind	profitieren	_	_
30-3	4388-4391	die	_	_	_	_	_	_	_	_	_	ART	Nom.Sg.Fem	der	_	_
30-4	4392-4403	Darstellung	_	_	_	_	_	_	_	_	_	NN	Nom.Sg.Fem	Darstellung	_	_
30-5	4404-4409	eines	_	_	_	_	_	_	_	_	_	ART	Gen.Sg.Masc	ein	_	_
30-6	4410-4416	Helden	_	_	_	_	_	_	_	_	_	NN	Gen.Sg.Masc	Held	_	_
30-7	4417-4420	von	_	_	_	_	_	_	_	_	_	APPR	_	von	_	_
30-8	4421-4433	Hindernissen	_	_	_	_	_	_	_	_	_	NN	Dat.Pl.Neut	Hindernis	_	_
30-9	4434-4435	,	_	_	_	_	_	_	_	_	_	$,	_	,	_	_
30-10	4436-4439	die	_	_	_	_	_	_	_	_	_	PRELS	Nom.Pl.Fem	der	_	_
30-11	4440-4443	ihn	_	_	_	_	_	_	_	_	_	PPER	3.Acc.Sg.Masc	ihn	_	_
30-12	4444-4449	daran	_	_	_	_	_	_	_	_	_	PROAV	_	daran	_	_
30-13	4450-4457	hindern	_	_	_	_	_	_	_	_	_	VVFIN	3.Pl.Pres.Ind	hindern	_	_
30-14	4458-4459	,	_	_	_	_	_	_	_	_	_	$,	_	,	_	_
30-15	4460-4464	sein	_	_	_	_	_	_	_	_	_	PPOSAT	Acc.Sg.Neut	sein	_	_
30-16	4465-4469	Ziel	_	_	_	_	_	_	_	_	_	NN	Acc.Sg.Neut	Ziel	_	_
30-17	4470-4472	zu	_	_	_	_	_	_	_	_	_	PTKZU	_	zu	_	_
30-18	4473-4482	erreichen	_	_	_	_	_	_	_	_	_	VVINF	Inf	erreichen	_	_
30-19	4483-4484	.	_	_	_	_	_	_	_	_	_	$.	_	.	_	_

#Text=Er muss über sich selbst hinauswachsen und neue Wege gehen .
31-1	4487-4489	Er	_	_	_	_	_	_	_	_	_	PPER	3.Nom.Sg.Masc	er	_	_
31-2	4490-4494	muss	_	_	_	_	_	_	_	_	_	VMFIN	3.Sg.Pres.Ind	müssen	_	_
31-3	4495-4499	über	_	_	_	_	_	_	_	_	_	APPR	_	über	_	_
31-4	4500-4504	sich	_	_	_	_	_	_	_	_	_	PRF	3.Acc.Pl	sich	_	_
31-5	4505-4511	selbst	_	_	_	_	_	_	_	_	_	ADV	_	selbst	_	_
31-6	4512-4525	hinauswachsen	_	_	_	_	_	_	_	_	_	VVINF	Inf	hinauswachsen	_	_
31-7	4526-4529	und	_	_	_	_	_	_	_	_	_	KON	_	und	_	_
31-8	4530-4534	neue	_	_	_	_	_	_	_	_	_	ADJA	Pos.Acc.Pl.Masc	neu	_	_
31-9	4535-4539	Wege	_	_	_	_	_	_	_	_	_	NN	Acc.Pl.Masc	Weg	_	_
31-10	4540-4545	gehen	_	_	_	_	_	_	_	_	_	VVINF	Inf	gehen	_	_
31-11	4546-4547	.	_	_	_	_	_	_	_	_	_	$.	_	.	_	_

#Text=Er muss seine alten Trampelpfade verlassen und sich auf neues , unbekanntes Terrain begeben , wenn er sein Ziel erreichen will .
32-1	4550-4552	Er	_	_	_	_	_	_	_	_	_	PPER	3.Nom.Sg.Masc	er	_	_
32-2	4553-4557	muss	_	_	_	_	_	_	_	_	_	VMFIN	3.Sg.Pres.Ind	müssen	_	_
32-3	4558-4563	seine	_	_	_	_	_	_	_	_	_	PPOSAT	Acc.Pl.Masc	sein	_	_
32-4	4564-4569	alten	_	_	_	_	_	_	_	_	_	ADJA	Pos.Acc.Pl.Masc	alt	_	_
32-5	4570-4582	Trampelpfade	false	0Kern	true	true	durch häufiges Darüberlaufen entstandener schmaler Weg	true	*	Gewonheiten	_	NN	Acc.Pl.Masc	Trampelpfad	_	_
32-6	4583-4592	verlassen	_	_	_	_	_	_	_	_	_	VVINF	Inf	verlassen	_	_
32-7	4593-4596	und	_	_	_	_	_	_	_	_	_	KON	_	und	_	_
32-8	4597-4601	sich	_	_	_	_	_	_	_	_	_	PRF	3.Acc.Sg	sich	_	_
32-9	4602-4605	auf	_	_	_	_	_	_	_	_	_	APPR	_	auf	_	_
32-10	4606-4611	neues	_	_	_	_	_	_	_	_	_	ADJA	Pos.Acc.Sg.Neut	neu	_	_
32-11	4612-4613	,	_	_	_	_	_	_	_	_	_	$,	_	,	_	_
32-12	4614-4625	unbekanntes	false	2sem	_	_	_	_	_	_	_	ADJA	Pos.Acc.Sg.Neut	unbekannt	_	_
32-13	4626-4633	Terrain	false	0Kern	true	true	Gelände	true	*	Umgebung	32-12	NN	Acc.Sg.Neut	Terrain	_	_
32-14	4634-4641	begeben	_	_	_	_	_	_	_	_	_	VVINF	Inf	begeben	_	_
32-15	4642-4643	,	_	_	_	_	_	_	_	_	_	$,	_	,	_	_
32-16	4644-4648	wenn	_	_	_	_	_	_	_	_	_	KOUS	_	wenn	_	_
32-17	4649-4651	er	_	_	_	_	_	_	_	_	_	PPER	3.Nom.Sg.Masc	er	_	_
32-18	4652-4656	sein	_	_	_	_	_	_	_	_	_	PPOSAT	Acc.Sg.Neut	sein	_	_
32-19	4657-4661	Ziel	_	_	_	_	_	_	_	_	_	NN	Acc.Sg.Neut	Ziel	_	_
32-20	4662-4671	erreichen	_	_	_	_	_	_	_	_	_	VVINF	Inf	erreichen	_	_
32-21	4672-4676	will	_	_	_	_	_	_	_	_	_	VMFIN	3.Sg.Pres.Ind	wollen	_	_
32-22	4677-4678	.	_	_	_	_	_	_	_	_	_	$.	_	.	_	_

#Text=Fehlt dies , erscheint die Handlung vorhersehbar , banal , langweilig und belanglos .
33-1	4681-4686	Fehlt	_	_	_	_	_	_	_	_	_	VVFIN	3.Sg.Pres.Ind	fehlen	_	_
33-2	4687-4691	dies	_	_	_	_	_	_	_	_	_	PDS	Nom.Sg.Neut	dieser	_	_
33-3	4692-4693	,	_	_	_	_	_	_	_	_	_	$,	_	,	_	_
33-4	4694-4703	erscheint	_	_	_	_	_	_	_	_	_	VVFIN	3.Sg.Pres.Ind	erscheinen	_	_
33-5	4704-4707	die	_	_	_	_	_	_	_	_	_	ART	Nom.Sg.Fem	der	_	_
33-6	4708-4716	Handlung	_	_	_	_	_	_	_	_	_	NN	Nom.Sg.Fem	Handlung	_	_
33-7	4717-4729	vorhersehbar	_	_	_	_	_	_	_	_	_	ADJD	Pos	vorhersehbar	_	_
33-8	4730-4731	,	_	_	_	_	_	_	_	_	_	$,	_	,	_	_
33-9	4732-4737	banal	_	_	_	_	_	_	_	_	_	ADJD	Pos	banal	_	_
33-10	4738-4739	,	_	_	_	_	_	_	_	_	_	$,	_	,	_	_
33-11	4740-4750	langweilig	_	_	_	_	_	_	_	_	_	ADJD	Pos	langweilig	_	_
33-12	4751-4754	und	_	_	_	_	_	_	_	_	_	KON	_	und	_	_
33-13	4755-4764	belanglos	_	_	_	_	_	_	_	_	_	ADJD	Pos	belanglos	_	_
33-14	4765-4766	.	_	_	_	_	_	_	_	_	_	$.	_	.	_	_

#Text=Handlung ist das , was die Figuren tun oder nicht tun .
34-1	4769-4777	Handlung	_	_	_	_	_	_	_	_	_	NN	Nom.Sg.Fem	Handlung	_	_
34-2	4778-4781	ist	_	_	_	_	_	_	_	_	_	VAFIN	3.Sg.Pres.Ind	sein	_	_
34-3	4782-4785	das	_	_	_	_	_	_	_	_	_	PDS	Nom.Sg.Neut	der	_	_
34-4	4786-4787	,	_	_	_	_	_	_	_	_	_	$,	_	,	_	_
34-5	4788-4791	was	_	_	_	_	_	_	_	_	_	PRELS	Acc.Sg.Neut	wer	_	_
34-6	4792-4795	die	_	_	_	_	_	_	_	_	_	ART	Nom.Pl.Fem	der	_	_
34-7	4796-4803	Figuren	_	_	_	_	_	_	_	_	_	NN	Nom.Pl.Fem	Figur	_	_
34-8	4804-4807	tun	_	_	_	_	_	_	_	_	_	VVFIN	3.Pl.Pres.Ind	tun	_	_
34-9	4808-4812	oder	_	_	_	_	_	_	_	_	_	KON	_	oder	_	_
34-10	4813-4818	nicht	_	_	_	_	_	_	_	_	_	PTKNEG	_	nicht	_	_
34-11	4819-4822	tun	_	_	_	_	_	_	_	_	_	VVFIN	3.Pl.Pres.Ind	tun	_	_
34-12	4823-4824	.	_	_	_	_	_	_	_	_	_	$.	_	.	_	_

#Text=Die Kunst besteht darin , dass die Handlung einige Haken schlägt , die niemand erwartet hätte , oder die die Figuren selbst nicht erwartet hätten , obwohl diese Handlungsmöglichkeiten in ihren Vorgeschichten oder ihrem Charakter angelegt sind .
35-1	4827-4830	Die	_	_	_	_	_	_	_	_	_	ART	Nom.Sg.Fem	der	_	_
35-2	4831-4836	Kunst	_	_	_	_	_	_	_	_	_	NN	Nom.Sg.Fem	Kunst	_	_
35-3	4837-4844	besteht	_	_	_	_	_	_	_	_	_	VVFIN	3.Sg.Pres.Ind	bestehen	_	_
35-4	4845-4850	darin	_	_	_	_	_	_	_	_	_	PROAV	_	darin	_	_
35-5	4851-4852	,	_	_	_	_	_	_	_	_	_	$,	_	,	_	_
35-6	4853-4857	dass	_	_	_	_	_	_	_	_	_	KOUS	_	dass	_	_
35-7	4858-4861	die	_	_	_	_	_	_	_	_	_	ART	Nom.Sg.Fem	der	_	_
35-8	4862-4870	Handlung	_	_	_	_	_	_	_	_	_	NN	Nom.Sg.Fem	Handlung	_	_
35-9	4871-4877	einige	_	_	_	_	_	_	_	_	_	PIAT	Acc.Pl.Masc	einiger	_	_
35-10	4878-4883	Haken	_	_	_	_	_	_	_	_	_	NN	Acc.Pl.Masc	Haken	_	_
35-11	4884-4891	schlägt	_	_	_	_	_	_	_	_	_	VVFIN	3.Sg.Pres.Ind	schlagen	_	_
35-12	4892-4893	,	_	_	_	_	_	_	_	_	_	$,	_	,	_	_
35-13	4894-4897	die	_	_	_	_	_	_	_	_	_	PRELS	Acc.Pl.Masc	der	_	_
35-14	4898-4905	niemand	_	_	_	_	_	_	_	_	_	PIS	Nom.Sg.Masc	niemand	_	_
35-15	4906-4914	erwartet	_	_	_	_	_	_	_	_	_	VVPP	Psp	erwarten	_	_
35-16	4915-4920	hätte	_	_	_	_	_	_	_	_	_	VAFIN	3.Sg.Past.Subj	haben	_	_
35-17	4921-4922	,	_	_	_	_	_	_	_	_	_	$,	_	,	_	_
35-18	4923-4927	oder	_	_	_	_	_	_	_	_	_	KON	_	oder	_	_
35-19	4928-4931	die	_	_	_	_	_	_	_	_	_	PRELS	Acc.Sg.Fem	der	_	_
35-20	4932-4935	die	_	_	_	_	_	_	_	_	_	ART	Acc.Pl.Fem	der	_	_
35-21	4936-4943	Figuren	_	_	_	_	_	_	_	_	_	NN	Acc.Pl.Fem	Figur	_	_
35-22	4944-4950	selbst	_	_	_	_	_	_	_	_	_	ADV	_	selbst	_	_
35-23	4951-4956	nicht	_	_	_	_	_	_	_	_	_	PTKNEG	_	nicht	_	_
35-24	4957-4965	erwartet	_	_	_	_	_	_	_	_	_	VVPP	Psp	erwarten	_	_
35-25	4966-4972	hätten	_	_	_	_	_	_	_	_	_	VAFIN	3.Pl.Past.Subj	haben	_	_
35-26	4973-4974	,	_	_	_	_	_	_	_	_	_	$,	_	,	_	_
35-27	4975-4981	obwohl	_	_	_	_	_	_	_	_	_	KOUS	_	obwohl	_	_
35-28	4982-4987	diese	_	_	_	_	_	_	_	_	_	PDAT	Nom.Pl.Fem	dieser	_	_
35-29	4988-5010	Handlungsmöglichkeiten	_	_	_	_	_	_	_	_	_	NN	Nom.Pl.Fem	Handlungsmöglichkeit	_	_
35-30	5011-5013	in	_	_	_	_	_	_	_	_	_	APPR	_	in	_	_
35-31	5014-5019	ihren	_	_	_	_	_	_	_	_	_	PPOSAT	Dat.Pl.Fem	ihr	_	_
35-32	5020-5034	Vorgeschichten	_	_	_	_	_	_	_	_	_	NN	Dat.Pl.Fem	Vorgeschichte	_	_
35-33	5035-5039	oder	_	_	_	_	_	_	_	_	_	KON	_	oder	_	_
35-34	5040-5045	ihrem	_	_	_	_	_	_	_	_	_	PPOSAT	Dat.Sg.Masc	ihr	_	_
35-35	5046-5055	Charakter	_	_	_	_	_	_	_	_	_	NN	Dat.Sg.Masc	Charakter	_	_
35-36	5056-5064	angelegt	_	_	_	_	_	_	_	_	_	VVPP	Psp	anlegen	_	_
35-37	5065-5069	sind	_	_	_	_	_	_	_	_	_	VAFIN	3.Pl.Pres.Ind	sein	_	_
35-38	5070-5071	.	_	_	_	_	_	_	_	_	_	$.	_	.	_	_

#Text=Dies ist ein wichtiges dramatisches Mittel , das bei der Geschichtenentwicklung berücksichtigt werden sollte : Das Prinzip " Fisch auf dem Land " .
36-1	5074-5078	Dies	_	_	_	_	_	_	_	_	_	PDS	Nom.Sg.Neut	dieser	_	_
36-2	5079-5082	ist	_	_	_	_	_	_	_	_	_	VAFIN	3.Sg.Pres.Ind	sein	_	_
36-3	5083-5086	ein	_	_	_	_	_	_	_	_	_	ART	Nom.Sg.Neut	ein	_	_
36-4	5087-5096	wichtiges	_	_	_	_	_	_	_	_	_	ADJA	Pos.Nom.Sg.Neut	wichtig	_	_
36-5	5097-5109	dramatisches	_	_	_	_	_	_	_	_	_	ADJA	Pos.Nom.Sg.Neut	dramatisch	_	_
36-6	5110-5116	Mittel	_	_	_	_	_	_	_	_	_	NN	Nom.Sg.Neut	Mittel	_	_
36-7	5117-5118	,	_	_	_	_	_	_	_	_	_	$,	_	,	_	_
36-8	5119-5122	das	_	_	_	_	_	_	_	_	_	PRELS	Nom.Sg.Neut	der	_	_
36-9	5123-5126	bei	_	_	_	_	_	_	_	_	_	APPR	_	bei	_	_
36-10	5127-5130	der	_	_	_	_	_	_	_	_	_	ART	Dat.Sg.Fem	der	_	_
36-11	5131-5153	Geschichtenentwicklung	_	_	_	_	_	_	_	_	_	NN	Dat.Sg.Fem	Geschichtenentwicklung	_	_
36-12	5154-5168	berücksichtigt	_	_	_	_	_	_	_	_	_	VVPP	Psp	berücksichtigen	_	_
36-13	5169-5175	werden	_	_	_	_	_	_	_	_	_	VAINF	Inf	werden	_	_
36-14	5176-5182	sollte	_	_	_	_	_	_	_	_	_	VMFIN	3.Sg.Past.Ind	sollen	_	_
36-15	5183-5184	:	_	_	_	_	_	_	_	_	_	$.	_	:	_	_
36-16	5185-5188	Das	_	_	_	_	_	_	_	_	_	ART	Nom.Sg.Neut	der	_	_
36-17	5189-5196	Prinzip	_	_	_	_	_	_	_	_	_	NN	Nom.Sg.Neut	Prinzip	_	_
36-18	5197-5198	"	_	_	_	_	_	_	_	_	_	$(	_	"	_	_
36-19	5199-5204	Fisch	_	_	_	_	_	_	_	_	_	NN	Nom.Sg.Masc	Fisch	_	_
36-20	5205-5208	auf	_	_	_	_	_	_	_	_	_	APPR	_	auf	_	_
36-21	5209-5212	dem	_	_	_	_	_	_	_	_	_	ART	Dat.Sg.Neut	der	_	_
36-22	5213-5217	Land	_	_	_	_	_	_	_	_	_	NN	Dat.Sg.Neut	Land	_	_
36-23	5218-5219	"	_	_	_	_	_	_	_	_	_	$(	_	"	_	_
36-24	5220-5221	.	_	_	_	_	_	_	_	_	_	$.	_	.	_	_

#Text=Eine Figur wird durch einen Konflikt oder ein Problem aus ihrem normalen Leben oder ihren Konventionen herausgerissen und muss sich nun plötzlich mit einer ganz neuen Situation , neuen Anforderungen , Konventionen oder Bedingungen auseinandersetzen .
37-1	5224-5228	Eine	_	_	_	_	_	_	_	_	_	ART	Nom.Sg.Fem	ein	_	_
37-2	5229-5234	Figur	_	_	_	_	_	_	_	_	_	NN	Nom.Sg.Fem	Figur	_	_
37-3	5235-5239	wird	_	_	_	_	_	_	_	_	_	VAFIN	3.Sg.Pres.Ind	werden	_	_
37-4	5240-5245	durch	_	_	_	_	_	_	_	_	_	APPR	_	durch	_	_
37-5	5246-5251	einen	_	_	_	_	_	_	_	_	_	ART	Acc.Sg.Masc	ein	_	_
37-6	5252-5260	Konflikt	_	_	_	_	_	_	_	_	_	NN	Acc.Sg.Masc	Konflikt	_	_
37-7	5261-5265	oder	_	_	_	_	_	_	_	_	_	KON	_	oder	_	_
37-8	5266-5269	ein	_	_	_	_	_	_	_	_	_	ART	Acc.Sg.Neut	ein	_	_
37-9	5270-5277	Problem	_	_	_	_	_	_	_	_	_	NN	Acc.Sg.Neut	Problem	_	_
37-10	5278-5281	aus	_	_	_	_	_	_	_	_	_	APPR	_	aus	_	_
37-11	5282-5287	ihrem	_	_	_	_	_	_	_	_	_	PPOSAT	Dat.Sg.Neut	ihr	_	_
37-12	5288-5296	normalen	_	_	_	_	_	_	_	_	_	ADJA	Pos.Dat.Sg.Neut	normal	_	_
37-13	5297-5302	Leben	_	_	_	_	_	_	_	_	_	NN	Dat.Sg.Neut	Leben	_	_
37-14	5303-5307	oder	_	_	_	_	_	_	_	_	_	KON	_	oder	_	_
37-15	5308-5313	ihren	_	_	_	_	_	_	_	_	_	PPOSAT	Dat.Pl.Fem	ihr	_	_
37-16	5314-5326	Konventionen	_	_	_	_	_	_	_	_	_	NN	Dat.Pl.Fem	Konvention	_	_
37-17	5327-5341	herausgerissen	_	_	_	_	_	_	_	_	_	VVPP	Psp	herausreißen	_	_
37-18	5342-5345	und	_	_	_	_	_	_	_	_	_	KON	_	und	_	_
37-19	5346-5350	muss	_	_	_	_	_	_	_	_	_	VMFIN	3.Sg.Pres.Ind	müssen	_	_
37-20	5351-5355	sich	_	_	_	_	_	_	_	_	_	PRF	3.Acc.Sg	sich	_	_
37-21	5356-5359	nun	_	_	_	_	_	_	_	_	_	ADV	_	nun	_	_
37-22	5360-5369	plötzlich	_	_	_	_	_	_	_	_	_	ADJD	Pos	plötzlich	_	_
37-23	5370-5373	mit	_	_	_	_	_	_	_	_	_	APPR	_	mit	_	_
37-24	5374-5379	einer	_	_	_	_	_	_	_	_	_	ART	Dat.Sg.Fem	ein	_	_
37-25	5380-5384	ganz	_	_	_	_	_	_	_	_	_	ADV	_	ganz	_	_
37-26	5385-5390	neuen	_	_	_	_	_	_	_	_	_	ADJA	Pos.Dat.Sg.Fem	neu	_	_
37-27	5391-5400	Situation	_	_	_	_	_	_	_	_	_	NN	Dat.Sg.Fem	Situation	_	_
37-28	5401-5402	,	_	_	_	_	_	_	_	_	_	$,	_	,	_	_
37-29	5403-5408	neuen	_	_	_	_	_	_	_	_	_	ADJA	Pos.Dat.Pl.Fem	neu	_	_
37-30	5409-5422	Anforderungen	_	_	_	_	_	_	_	_	_	NN	Dat.Pl.Fem	Anforderung	_	_
37-31	5423-5424	,	_	_	_	_	_	_	_	_	_	$,	_	,	_	_
37-32	5425-5437	Konventionen	_	_	_	_	_	_	_	_	_	NN	Dat.Pl.Fem	Konvention	_	_
37-33	5438-5442	oder	_	_	_	_	_	_	_	_	_	KON	_	oder	_	_
37-34	5443-5454	Bedingungen	_	_	_	_	_	_	_	_	_	NN	Dat.Pl.Fem	Bedingung	_	_
37-35	5455-5472	auseinandersetzen	_	_	_	_	_	_	_	_	_	VVINF	Inf	auseinandersetzen	_	_
37-36	5473-5474	.	_	_	_	_	_	_	_	_	_	$.	_	.	_	_

#Text=Die alten Handlungsmuster und die bisherige Lebensweise greifen hier nicht mehr .
38-1	5477-5480	Die	_	_	_	_	_	_	_	_	_	ART	Nom.Pl.Neut	der	_	_
38-2	5481-5486	alten	_	_	_	_	_	_	_	_	_	ADJA	Pos.Nom.Pl.Neut	alt	_	_
38-3	5487-5502	Handlungsmuster	_	_	_	_	_	_	_	_	_	NN	Nom.Pl.Neut	Handlungsmuster	_	_
38-4	5503-5506	und	_	_	_	_	_	_	_	_	_	KON	_	und	_	_
38-5	5507-5510	die	_	_	_	_	_	_	_	_	_	ART	Nom.Sg.Fem	der	_	_
38-6	5511-5520	bisherige	_	_	_	_	_	_	_	_	_	ADJA	Pos.Nom.Sg.Fem	bisherig	_	_
38-7	5521-5532	Lebensweise	_	_	_	_	_	_	_	_	_	NN	Nom.Sg.Fem	Lebensweise	_	_
38-8	5533-5540	greifen	_	_	_	_	_	_	_	_	_	VVFIN	3.Pl.Pres.Ind	greifen	_	_
38-9	5541-5545	hier	_	_	_	_	_	_	_	_	_	ADV	_	hier	_	_
38-10	5546-5551	nicht	_	_	_	_	_	_	_	_	_	PTKNEG	_	nicht	_	_
38-11	5552-5556	mehr	_	_	_	_	_	_	_	_	_	ADV	_	mehr	_	_
38-12	5557-5558	.	_	_	_	_	_	_	_	_	_	$.	_	.	_	_

#Text=Die Figur muss sich verändern , muss Dinge neu bzw . anders machen , um den Konflikt oder das entstandene Problem lösen zu können .
39-1	5561-5564	Die	_	_	_	_	_	_	_	_	_	ART	Nom.Sg.Fem	der	_	_
39-2	5565-5570	Figur	_	_	_	_	_	_	_	_	_	NN	Nom.Sg.Fem	Figur	_	_
39-3	5571-5575	muss	_	_	_	_	_	_	_	_	_	VMFIN	3.Sg.Pres.Ind	müssen	_	_
39-4	5576-5580	sich	_	_	_	_	_	_	_	_	_	PRF	3.Acc.Sg	sich	_	_
39-5	5581-5590	verändern	_	_	_	_	_	_	_	_	_	VVINF	Inf	verändern	_	_
39-6	5591-5592	,	_	_	_	_	_	_	_	_	_	$,	_	,	_	_
39-7	5593-5597	muss	_	_	_	_	_	_	_	_	_	PIAT	Nom.Sg.Neut	muss	_	_
39-8	5598-5603	Dinge	_	_	_	_	_	_	_	_	_	NN	Nom.Pl.Neut	Ding	_	_
39-9	5604-5607	neu	_	_	_	_	_	_	_	_	_	ADJD	Pos	neu	_	_
39-10	5608-5611	bzw	_	_	_	_	_	_	_	_	_	KON	_	bzw	_	_
39-11	5612-5613	.	_	_	_	_	_	_	_	_	_	$.	_	.	_	_
39-12	5614-5620	anders	_	_	_	_	_	_	_	_	_	ADV	_	anders	_	_
39-13	5621-5627	machen	_	_	_	_	_	_	_	_	_	VVINF	Inf	machen	_	_
39-14	5628-5629	,	_	_	_	_	_	_	_	_	_	$,	_	,	_	_
39-15	5630-5632	um	_	_	_	_	_	_	_	_	_	KOUI	_	um	_	_
39-16	5633-5636	den	_	_	_	_	_	_	_	_	_	ART	Acc.Sg.Masc	der	_	_
39-17	5637-5645	Konflikt	_	_	_	_	_	_	_	_	_	NN	Acc.Sg.Masc	Konflikt	_	_
39-18	5646-5650	oder	_	_	_	_	_	_	_	_	_	KON	_	oder	_	_
39-19	5651-5654	das	_	_	_	_	_	_	_	_	_	ART	Acc.Sg.Neut	der	_	_
39-20	5655-5666	entstandene	_	_	_	_	_	_	_	_	_	ADJA	Pos.Acc.Sg.Neut	entstanden	_	_
39-21	5667-5674	Problem	_	_	_	_	_	_	_	_	_	NN	Acc.Sg.Neut	Problem	_	_
39-22	5675-5680	lösen	_	_	_	_	_	_	_	_	_	VVINF	Inf	lösen	_	_
39-23	5681-5683	zu	_	_	_	_	_	_	_	_	_	PTKZU	_	zu	_	_
39-24	5684-5690	können	_	_	_	_	_	_	_	_	_	VMINF	Inf	können	_	_
39-25	5691-5692	.	_	_	_	_	_	_	_	_	_	$.	_	.	_	_

#Text=Da dies Neuland für die Figur ist , wird sie mit vielen ungeahnten Problemen oder Hindernissen konfrontiert , für deren Lösung sie kaum auf ihre bisherige Erfahrung zurückgreifen kann .
40-1	5695-5697	Da	_	_	_	_	_	_	_	_	_	KOUS	_	da	_	_
40-2	5698-5702	dies	_	_	_	_	_	_	_	_	_	PDS	Nom.Sg.Neut	dieser	_	_
40-3	5703-5710	Neuland	_	_	_	_	_	_	_	_	_	NN	Nom.Sg.Neut	Neuland	_	_
40-4	5711-5714	für	_	_	_	_	_	_	_	_	_	APPR	_	für	_	_
40-5	5715-5718	die	_	_	_	_	_	_	_	_	_	ART	Acc.Sg.Fem	der	_	_
40-6	5719-5724	Figur	_	_	_	_	_	_	_	_	_	NN	Acc.Sg.Fem	Figur	_	_
40-7	5725-5728	ist	_	_	_	_	_	_	_	_	_	VAFIN	3.Sg.Pres.Ind	sein	_	_
40-8	5729-5730	,	_	_	_	_	_	_	_	_	_	$,	_	,	_	_
40-9	5731-5735	wird	_	_	_	_	_	_	_	_	_	VAFIN	3.Sg.Pres.Ind	werden	_	_
40-10	5736-5739	sie	_	_	_	_	_	_	_	_	_	PPER	3.Nom.Sg.Fem	sie	_	_
40-11	5740-5743	mit	_	_	_	_	_	_	_	_	_	APPR	_	mit	_	_
40-12	5744-5750	vielen	_	_	_	_	_	_	_	_	_	PIAT	Dat.Pl.Neut	vieler	_	_
40-13	5751-5761	ungeahnten	_	_	_	_	_	_	_	_	_	ADJA	Pos.Dat.Pl.Neut	ungeahnt	_	_
40-14	5762-5771	Problemen	_	_	_	_	_	_	_	_	_	NN	Dat.Pl.Neut	Problem	_	_
40-15	5772-5776	oder	_	_	_	_	_	_	_	_	_	KON	_	oder	_	_
40-16	5777-5789	Hindernissen	_	_	_	_	_	_	_	_	_	NN	Dat.Pl.Neut	Hindernis	_	_
40-17	5790-5802	konfrontiert	_	_	_	_	_	_	_	_	_	VVPP	Psp	konfrontieren	_	_
40-18	5803-5804	,	_	_	_	_	_	_	_	_	_	$,	_	,	_	_
40-19	5805-5808	für	_	_	_	_	_	_	_	_	_	APPR	_	für	_	_
40-20	5809-5814	deren	_	_	_	_	_	_	_	_	_	PRELAT	Gen.Pl.Neut	der	_	_
40-21	5815-5821	Lösung	_	_	_	_	_	_	_	_	_	NN	Acc.Sg.Fem	Lösung	_	_
40-22	5822-5825	sie	_	_	_	_	_	_	_	_	_	PPER	3.Nom.Sg.Fem	sie	_	_
40-23	5826-5830	kaum	_	_	_	_	_	_	_	_	_	ADV	_	kaum	_	_
40-24	5831-5834	auf	_	_	_	_	_	_	_	_	_	APPR	_	auf	_	_
40-25	5835-5839	ihre	_	_	_	_	_	_	_	_	_	PPOSAT	Acc.Sg.Fem	ihr	_	_
40-26	5840-5849	bisherige	_	_	_	_	_	_	_	_	_	ADJA	Pos.Acc.Sg.Fem	bisherig	_	_
40-27	5850-5859	Erfahrung	_	_	_	_	_	_	_	_	_	NN	Acc.Sg.Fem	Erfahrung	_	_
40-28	5860-5873	zurückgreifen	_	_	_	_	_	_	_	_	_	VVINF	Inf	zurückgreifen	_	_
40-29	5874-5878	kann	_	_	_	_	_	_	_	_	_	VMFIN	3.Sg.Pres.Ind	können	_	_
40-30	5879-5880	.	_	_	_	_	_	_	_	_	_	$.	_	.	_	_

#Text=Hier können Wegbegleiter , Verbündete oder Mentoren der Figur helfen , ihren Weg zu finden bzw . davon abhalten ihr Ziel zu erreichen .
41-1	5883-5887	Hier	_	_	_	_	_	_	_	_	_	ADV	_	hier	_	_
41-2	5888-5894	können	_	_	_	_	_	_	_	_	_	VMFIN	3.Pl.Pres.Ind	können	_	_
41-3	5895-5907	Wegbegleiter	_	_	_	_	_	_	_	_	_	NN	Nom.Pl.Masc	Wegbegleiter	_	_
41-4	5908-5909	,	_	_	_	_	_	_	_	_	_	$,	_	,	_	_
41-5	5910-5920	Verbündete	_	_	_	_	_	_	_	_	_	NN	Nom.Pl.Masc	verbündeter	_	_
41-6	5921-5925	oder	_	_	_	_	_	_	_	_	_	KON	_	oder	_	_
41-7	5926-5934	Mentoren	_	_	_	_	_	_	_	_	_	NN	Nom.Pl.Masc	Mentor	_	_
41-8	5935-5938	der	_	_	_	_	_	_	_	_	_	ART	Gen.Sg.Fem	der	_	_
41-9	5939-5944	Figur	_	_	_	_	_	_	_	_	_	NN	Gen.Sg.Fem	Figur	_	_
41-10	5945-5951	helfen	_	_	_	_	_	_	_	_	_	VVINF	Inf	helfen	_	_
41-11	5952-5953	,	_	_	_	_	_	_	_	_	_	$,	_	,	_	_
41-12	5954-5959	ihren	_	_	_	_	_	_	_	_	_	PPOSAT	Acc.Sg.Masc	ihr	_	_
41-13	5960-5963	Weg	_	_	_	_	_	_	_	_	_	NN	Acc.Sg.Masc	Weg	_	_
41-14	5964-5966	zu	_	_	_	_	_	_	_	_	_	PTKZU	_	zu	_	_
41-15	5967-5973	finden	_	_	_	_	_	_	_	_	_	VVINF	Inf	finden	_	_
41-16	5974-5977	bzw	_	_	_	_	_	_	_	_	_	KON	_	bzw	_	_
41-17	5978-5979	.	_	_	_	_	_	_	_	_	_	$.	_	.	_	_
41-18	5980-5985	davon	_	_	_	_	_	_	_	_	_	PROAV	_	davon	_	_
41-19	5986-5994	abhalten	_	_	_	_	_	_	_	_	_	VVFIN	3.Pl.Pres.Ind	abhalten	_	_
41-20	5995-5998	ihr	_	_	_	_	_	_	_	_	_	PPOSAT	Acc.Sg.Neut	ihr	_	_
41-21	5999-6003	Ziel	_	_	_	_	_	_	_	_	_	NN	Acc.Sg.Neut	Ziel	_	_
41-22	6004-6006	zu	_	_	_	_	_	_	_	_	_	PTKZU	_	zu	_	_
41-23	6007-6016	erreichen	_	_	_	_	_	_	_	_	_	VVINF	Inf	erreichen	_	_
41-24	6017-6018	.	_	_	_	_	_	_	_	_	_	$.	_	.	_	_

#Text=Zudem sollte er/sie interessant sein und nicht schnell zu durchschauen .
42-1	6021-6026	Zudem	_	_	_	_	_	_	_	_	_	PROAV	_	zudem	_	_
42-2	6027-6033	sollte	_	_	_	_	_	_	_	_	_	VMFIN	3.Sg.Past.Ind	sollen	_	_
42-3	6034-6036	er	_	_	_	_	_	_	_	_	_	ADV	_	er	_	_
42-4	6036-6037	/	_	_	_	_	_	_	_	_	_	ADV	_	/	_	_
42-5	6037-6040	sie	_	_	_	_	_	_	_	_	_	ADV	_	sie	_	_
42-6	6041-6052	interessant	_	_	_	_	_	_	_	_	_	ADJD	Pos	interessant	_	_
42-7	6053-6057	sein	_	_	_	_	_	_	_	_	_	VAINF	Inf	sein	_	_
42-8	6058-6061	und	_	_	_	_	_	_	_	_	_	KON	_	und	_	_
42-9	6062-6067	nicht	_	_	_	_	_	_	_	_	_	PTKNEG	_	nicht	_	_
42-10	6068-6075	schnell	_	_	_	_	_	_	_	_	_	ADJD	Pos	schnell	_	_
42-11	6076-6078	zu	_	_	_	_	_	_	_	_	_	PTKZU	_	zu	_	_
42-12	6079-6091	durchschauen	_	_	_	_	_	_	_	_	_	VVINF	Inf	durchschauen	_	_
42-13	6092-6093	.	_	_	_	_	_	_	_	_	_	$.	_	.	_	_

#Text=Also etwas ' mysteriös ' .
43-1	6096-6100	Also	_	_	_	_	_	_	_	_	_	ADV	_	also	_	_
43-2	6101-6106	etwas	_	_	_	_	_	_	_	_	_	PIAT	*.*.*	etwas	_	_
43-3	6107-6108	'	_	_	_	_	_	_	_	_	_	$(	_	'	_	_
43-4	6109-6118	mysteriös	_	_	_	_	_	_	_	_	_	ADJD	Pos	mysteriös	_	_
43-5	6119-6120	'	_	_	_	_	_	_	_	_	_	$(	_	'	_	_
43-6	6121-6122	.	_	_	_	_	_	_	_	_	_	$.	_	.	_	_

#Text=Für jede wichtige Figur sollten wichtige Eigenschaften , Schwächen und Stärken festgelegt werden .
44-1	6125-6128	Für	_	_	_	_	_	_	_	_	_	APPR	_	für	_	_
44-2	6129-6133	jede	_	_	_	_	_	_	_	_	_	PIAT	Acc.Sg.Fem	jeder	_	_
44-3	6134-6142	wichtige	_	_	_	_	_	_	_	_	_	ADJA	Pos.Acc.Sg.Fem	wichtig	_	_
44-4	6143-6148	Figur	_	_	_	_	_	_	_	_	_	NN	Acc.Sg.Fem	Figur	_	_
44-5	6149-6156	sollten	_	_	_	_	_	_	_	_	_	VMFIN	3.Pl.Past.Subj	sollen	_	_
44-6	6157-6165	wichtige	_	_	_	_	_	_	_	_	_	ADJA	Pos.Nom.Pl.Fem	wichtig	_	_
44-7	6166-6179	Eigenschaften	_	_	_	_	_	_	_	_	_	NN	Nom.Pl.Fem	Eigenschaft	_	_
44-8	6180-6181	,	_	_	_	_	_	_	_	_	_	$,	_	,	_	_
44-9	6182-6191	Schwächen	_	_	_	_	_	_	_	_	_	NN	Nom.Pl.Fem	Schwäche	_	_
44-10	6192-6195	und	_	_	_	_	_	_	_	_	_	KON	_	und	_	_
44-11	6196-6203	Stärken	_	_	_	_	_	_	_	_	_	NN	Nom.Pl.Fem	Stärke	_	_
44-12	6204-6214	festgelegt	_	_	_	_	_	_	_	_	_	VVPP	Psp	festlegen	_	_
44-13	6215-6221	werden	_	_	_	_	_	_	_	_	_	VAINF	Inf	werden	_	_
44-14	6222-6223	.	_	_	_	_	_	_	_	_	_	$.	_	.	_	_

#Text=Darüber hinaus sollte man für jede dieser Figuren eine eigene Biografie schreiben , die einem den Hintergrund der Figur noch besser erschließt : Wie alt ist die Figur ?
45-1	6226-6233	Darüber	_	_	_	_	_	_	_	_	_	PROAV	_	darüber	_	_
45-2	6234-6240	hinaus	_	_	_	_	_	_	_	_	_	APZR	_	hinaus	_	_
45-3	6241-6247	sollte	_	_	_	_	_	_	_	_	_	VMFIN	3.Sg.Past.Ind	sollen	_	_
45-4	6248-6251	man	_	_	_	_	_	_	_	_	_	PIS	Nom.Sg.*	man	_	_
45-5	6252-6255	für	_	_	_	_	_	_	_	_	_	APPR	_	für	_	_
45-6	6256-6260	jede	_	_	_	_	_	_	_	_	_	PIS	Acc.Sg.Fem	jeder	_	_
45-7	6261-6267	dieser	_	_	_	_	_	_	_	_	_	PDAT	Gen.Pl.Fem	dieser	_	_
45-8	6268-6275	Figuren	_	_	_	_	_	_	_	_	_	NN	Gen.Pl.Fem	Figur	_	_
45-9	6276-6280	eine	_	_	_	_	_	_	_	_	_	ART	Acc.Sg.Fem	ein	_	_
45-10	6281-6287	eigene	_	_	_	_	_	_	_	_	_	ADJA	Pos.Acc.Sg.Fem	eigen	_	_
45-11	6288-6297	Biografie	_	_	_	_	_	_	_	_	_	NN	Acc.Sg.Fem	Biografie	_	_
45-12	6298-6307	schreiben	_	_	_	_	_	_	_	_	_	VVINF	Inf	schreiben	_	_
45-13	6308-6309	,	_	_	_	_	_	_	_	_	_	$,	_	,	_	_
45-14	6310-6313	die	_	_	_	_	_	_	_	_	_	PRELS	Nom.Sg.Fem	der	_	_
45-15	6314-6319	einem	_	_	_	_	_	_	_	_	_	ART	Dat.Sg.Masc	ein	_	_
45-16	6320-6323	den	_	_	_	_	_	_	_	_	_	ART	Acc.Sg.Masc	der	_	_
45-17	6324-6335	Hintergrund	_	_	_	_	_	_	_	_	_	NN	Acc.Sg.Masc	Hintergrund	_	_
45-18	6336-6339	der	_	_	_	_	_	_	_	_	_	ART	Gen.Sg.Fem	der	_	_
45-19	6340-6345	Figur	_	_	_	_	_	_	_	_	_	NN	Gen.Sg.Fem	Figur	_	_
45-20	6346-6350	noch	_	_	_	_	_	_	_	_	_	ADV	_	noch	_	_
45-21	6351-6357	besser	_	_	_	_	_	_	_	_	_	ADJD	Comp	gut	_	_
45-22	6358-6368	erschließt	_	_	_	_	_	_	_	_	_	VVFIN	3.Sg.Pres.Ind	erschließen	_	_
45-23	6369-6370	:	_	_	_	_	_	_	_	_	_	$.	_	:	_	_
45-24	6371-6374	Wie	_	_	_	_	_	_	_	_	_	PWAV	_	wie	_	_
45-25	6375-6378	alt	_	_	_	_	_	_	_	_	_	ADJD	Pos	alt	_	_
45-26	6379-6382	ist	_	_	_	_	_	_	_	_	_	VAFIN	3.Sg.Pres.Ind	sein	_	_
45-27	6383-6386	die	_	_	_	_	_	_	_	_	_	ART	Nom.Sg.Fem	der	_	_
45-28	6387-6392	Figur	_	_	_	_	_	_	_	_	_	NN	Nom.Sg.Fem	Figur	_	_
45-29	6393-6394	?	_	_	_	_	_	_	_	_	_	$.	_	?	_	_

#Text=Wie war das Elternhaus ?
46-1	6397-6400	Wie	_	_	_	_	_	_	_	_	_	PWAV	_	wie	_	_
46-2	6401-6404	war	_	_	_	_	_	_	_	_	_	VAFIN	3.Sg.Past.Ind	sein	_	_
46-3	6405-6408	das	_	_	_	_	_	_	_	_	_	ART	Nom.Sg.Neut	der	_	_
46-4	6409-6419	Elternhaus	_	_	_	_	_	_	_	_	_	NN	Nom.Sg.Neut	Elternhaus	_	_
46-5	6420-6421	?	_	_	_	_	_	_	_	_	_	$.	_	?	_	_

#Text=Hatte sie viele Freunde oder war sie ein Außenseiter ?
47-1	6424-6429	Hatte	_	_	_	_	_	_	_	_	_	VAFIN	3.Sg.Past.Ind	haben	_	_
47-2	6430-6433	sie	_	_	_	_	_	_	_	_	_	PPER	3.Nom.Sg.Fem	sie	_	_
47-3	6434-6439	viele	_	_	_	_	_	_	_	_	_	PIAT	Acc.Pl.Masc	vieler	_	_
47-4	6440-6447	Freunde	_	_	_	_	_	_	_	_	_	NN	Acc.Pl.Masc	Freund	_	_
47-5	6448-6452	oder	_	_	_	_	_	_	_	_	_	KON	_	oder	_	_
47-6	6453-6456	war	_	_	_	_	_	_	_	_	_	VAFIN	3.Sg.Past.Ind	sein	_	_
47-7	6457-6460	sie	_	_	_	_	_	_	_	_	_	PPER	3.Acc.Sg.Fem	sie	_	_
47-8	6461-6464	ein	_	_	_	_	_	_	_	_	_	ART	Nom.Sg.Masc	ein	_	_
47-9	6465-6476	Außenseiter	_	_	_	_	_	_	_	_	_	NN	Nom.Sg.Masc	Außenseiter	_	_
47-10	6477-6478	?	_	_	_	_	_	_	_	_	_	$.	_	?	_	_

#Text=Gut in der Schule oder ein Schulabbrecher ?
48-1	6481-6484	Gut	_	_	_	_	_	_	_	_	_	ADJD	Pos	gut	_	_
48-2	6485-6487	in	_	_	_	_	_	_	_	_	_	APPR	_	in	_	_
48-3	6488-6491	der	_	_	_	_	_	_	_	_	_	ART	Dat.Sg.Fem	der	_	_
48-4	6492-6498	Schule	_	_	_	_	_	_	_	_	_	NN	Dat.Sg.Fem	Schule	_	_
48-5	6499-6503	oder	_	_	_	_	_	_	_	_	_	KON	_	oder	_	_
48-6	6504-6507	ein	_	_	_	_	_	_	_	_	_	ART	Nom.Sg.Masc	ein	_	_
48-7	6508-6522	Schulabbrecher	_	_	_	_	_	_	_	_	_	NN	Nom.Sg.Masc	Schulabbrecher	_	_
48-8	6523-6524	?	_	_	_	_	_	_	_	_	_	$.	_	?	_	_

#Text=Lebt er schon immer in Miami oder ist er erst vor fünf Jahren hier hergezogen und spricht deshalb manchmal mit einem leichten Bostonakzent ?
49-1	6527-6531	Lebt	_	_	_	_	_	_	_	_	_	VVFIN	3.Sg.Pres.Ind	leben	_	_
49-2	6532-6534	er	_	_	_	_	_	_	_	_	_	PPER	3.Nom.Sg.Masc	er	_	_
49-3	6535-6540	schon	_	_	_	_	_	_	_	_	_	ADV	_	schon	_	_
49-4	6541-6546	immer	_	_	_	_	_	_	_	_	_	ADV	_	immer	_	_
49-5	6547-6549	in	_	_	_	_	_	_	_	_	_	APPR	_	in	_	_
49-6	6550-6555	Miami	_	_	_	_	_	_	_	_	_	NE	Dat.Sg.Neut	Miami	_	_
49-7	6556-6560	oder	_	_	_	_	_	_	_	_	_	KON	_	oder	_	_
49-8	6561-6564	ist	_	_	_	_	_	_	_	_	_	VAFIN	3.Sg.Pres.Ind	sein	_	_
49-9	6565-6567	er	_	_	_	_	_	_	_	_	_	PPER	3.Nom.Sg.Masc	er	_	_
49-10	6568-6572	erst	_	_	_	_	_	_	_	_	_	ADV	_	erst	_	_
49-11	6573-6576	vor	_	_	_	_	_	_	_	_	_	APPR	_	vor	_	_
49-12	6577-6581	fünf	_	_	_	_	_	_	_	_	_	CARD	_	fünf	_	_
49-13	6582-6588	Jahren	_	_	_	_	_	_	_	_	_	NN	Dat.Pl.Neut	Jahr	_	_
49-14	6589-6593	hier	_	_	_	_	_	_	_	_	_	ADV	_	hier	_	_
49-15	6594-6604	hergezogen	_	_	_	_	_	_	_	_	_	VVPP	Psp	herziehen	_	_
49-16	6605-6608	und	_	_	_	_	_	_	_	_	_	KON	_	und	_	_
49-17	6609-6616	spricht	_	_	_	_	_	_	_	_	_	VVFIN	3.Sg.Pres.Ind	sprechen	_	_
49-18	6617-6624	deshalb	_	_	_	_	_	_	_	_	_	PROAV	_	deshalb	_	_
49-19	6625-6633	manchmal	_	_	_	_	_	_	_	_	_	ADV	_	manchmal	_	_
49-20	6634-6637	mit	_	_	_	_	_	_	_	_	_	APPR	_	mit	_	_
49-21	6638-6643	einem	_	_	_	_	_	_	_	_	_	ART	Dat.Sg.Neut	ein	_	_
49-22	6644-6652	leichten	_	_	_	_	_	_	_	_	_	ADJA	Pos.Dat.Sg.Neut	leicht	_	_
49-23	6653-6665	Bostonakzent	_	_	_	_	_	_	_	_	_	NN	Dat.Sg.Neut	Bostonakzent	_	_
49-24	6666-6667	?	_	_	_	_	_	_	_	_	_	$.	_	?	_	_

#Text=Trinkt er gerne kalte Milch oder einen trockenen Martini mit Olive ? etc . etc .
50-1	6670-6676	Trinkt	_	_	_	_	_	_	_	_	_	VVFIN	3.Sg.Pres.Ind	trinken	_	_
50-2	6677-6679	er	_	_	_	_	_	_	_	_	_	PPER	3.Nom.Sg.Masc	er	_	_
50-3	6680-6685	gerne	_	_	_	_	_	_	_	_	_	ADV	_	gerne	_	_
50-4	6686-6691	kalte	_	_	_	_	_	_	_	_	_	ADJA	Pos.Acc.Sg.Fem	kalt	_	_
50-5	6692-6697	Milch	_	_	_	_	_	_	_	_	_	NN	Acc.Sg.Fem	Milch	_	_
50-6	6698-6702	oder	_	_	_	_	_	_	_	_	_	KON	_	oder	_	_
50-7	6703-6708	einen	_	_	_	_	_	_	_	_	_	ART	Acc.Sg.Masc	ein	_	_
50-8	6709-6718	trockenen	_	_	_	_	_	_	_	_	_	ADJA	Pos.Acc.Sg.Masc	trocken	_	_
50-9	6719-6726	Martini	_	_	_	_	_	_	_	_	_	NE	Acc.Sg.Masc	Martini	_	_
50-10	6727-6730	mit	_	_	_	_	_	_	_	_	_	APPR	_	mit	_	_
50-11	6731-6736	Olive	_	_	_	_	_	_	_	_	_	NE	Dat.Sg.*	Olive	_	_
50-12	6737-6738	?	_	_	_	_	_	_	_	_	_	$.	_	?	_	_
50-13	6739-6742	etc	_	_	_	_	_	_	_	_	_	ADV	_	etc	_	_
50-14	6743-6744	.	_	_	_	_	_	_	_	_	_	$.	_	.	_	_
50-15	6745-6748	etc	_	_	_	_	_	_	_	_	_	ADV	_	etc	_	_
50-16	6749-6750	.	_	_	_	_	_	_	_	_	_	$.	_	.	_	_

#Text=So kann man den Figuren und damit auch der Geschichte Tiefe verleihen .
51-1	6753-6755	So	_	_	_	_	_	_	_	_	_	ADV	_	so	_	_
51-2	6756-6760	kann	_	_	_	_	_	_	_	_	_	VMFIN	3.Sg.Pres.Ind	können	_	_
51-3	6761-6764	man	_	_	_	_	_	_	_	_	_	PIS	Nom.Sg.*	man	_	_
51-4	6765-6768	den	_	_	_	_	_	_	_	_	_	ART	Dat.Pl.Fem	der	_	_
51-5	6769-6776	Figuren	_	_	_	_	_	_	_	_	_	NN	Dat.Pl.Fem	Figur	_	_
51-6	6777-6780	und	_	_	_	_	_	_	_	_	_	KON	_	und	_	_
51-7	6781-6786	damit	_	_	_	_	_	_	_	_	_	PROAV	_	damit	_	_
51-8	6787-6791	auch	_	_	_	_	_	_	_	_	_	ADV	_	auch	_	_
51-9	6792-6795	der	_	_	_	_	_	_	_	_	_	ART	Dat.Sg.Fem	der	_	_
51-10	6796-6806	Geschichte	_	_	_	_	_	_	_	_	_	NN	Dat.Sg.Fem	Geschichte	_	_
51-11	6807-6812	Tiefe	false	0Kern	true	false	nach unten reichend	_	_	Zusammenhang und Glaubwürdigkeit	_	NN	Acc.Sg.Fem	Tiefe	_	_
51-12	6813-6822	verleihen	_	_	_	_	_	_	_	_	_	VVINF	Inf	verleihen	_	_
51-13	6823-6824	.	_	_	_	_	_	_	_	_	_	$.	_	.	_	_

#Text=Es ist ein Unterschied , ob der Protagonist bloß ein Polizist ist , der seinen Job nach Plan macht oder ob er ein strafversetzter Cop ist , ein alleinlebender Mittfünfziger , der dreimal geschieden und desillusioniert ist .
52-1	6827-6829	Es	_	_	_	_	_	_	_	_	_	PPER	3.Nom.Sg.Neut	es	_	_
52-2	6830-6833	ist	_	_	_	_	_	_	_	_	_	VAFIN	3.Sg.Pres.Ind	sein	_	_
52-3	6834-6837	ein	_	_	_	_	_	_	_	_	_	ART	Nom.Sg.Masc	ein	_	_
52-4	6838-6849	Unterschied	_	_	_	_	_	_	_	_	_	NN	Nom.Sg.Masc	Unterschied	_	_
52-5	6850-6851	,	_	_	_	_	_	_	_	_	_	$,	_	,	_	_
52-6	6852-6854	ob	_	_	_	_	_	_	_	_	_	KOUS	_	ob	_	_
52-7	6855-6858	der	_	_	_	_	_	_	_	_	_	ART	Nom.Sg.Masc	der	_	_
52-8	6859-6870	Protagonist	_	_	_	_	_	_	_	_	_	NN	Nom.Sg.Masc	Protagonist	_	_
52-9	6871-6875	bloß	_	_	_	_	_	_	_	_	_	ADV	_	bloß	_	_
52-10	6876-6879	ein	_	_	_	_	_	_	_	_	_	ART	Nom.Sg.Masc	ein	_	_
52-11	6880-6888	Polizist	_	_	_	_	_	_	_	_	_	NN	Nom.Sg.Masc	Polizist	_	_
52-12	6889-6892	ist	_	_	_	_	_	_	_	_	_	VAFIN	3.Sg.Pres.Ind	sein	_	_
52-13	6893-6894	,	_	_	_	_	_	_	_	_	_	$,	_	,	_	_
52-14	6895-6898	der	_	_	_	_	_	_	_	_	_	PRELS	Nom.Sg.Masc	der	_	_
52-15	6899-6905	seinen	_	_	_	_	_	_	_	_	_	PPOSAT	Acc.Sg.Masc	sein	_	_
52-16	6906-6909	Job	_	_	_	_	_	_	_	_	_	NN	Acc.Sg.Masc	Job	_	_
52-17	6910-6914	nach	_	_	_	_	_	_	_	_	_	APPR	_	nach	_	_
52-18	6915-6919	Plan	_	_	_	_	_	_	_	_	_	NN	Dat.Sg.Masc	Plan	_	_
52-19	6920-6925	macht	_	_	_	_	_	_	_	_	_	VVFIN	3.Sg.Pres.Ind	machen	_	_
52-20	6926-6930	oder	_	_	_	_	_	_	_	_	_	KON	_	oder	_	_
52-21	6931-6933	ob	_	_	_	_	_	_	_	_	_	KOUS	_	ob	_	_
52-22	6934-6936	er	_	_	_	_	_	_	_	_	_	PPER	3.Nom.Sg.Masc	er	_	_
52-23	6937-6940	ein	_	_	_	_	_	_	_	_	_	ART	Nom.Sg.Masc	ein	_	_
52-24	6941-6956	strafversetzter	_	_	_	_	_	_	_	_	_	ADJA	Pos.Nom.Sg.Masc	strafversetzt	_	_
52-25	6957-6960	Cop	_	_	_	_	_	_	_	_	_	NN	Nom.Sg.Masc	Cop	_	_
52-26	6961-6964	ist	_	_	_	_	_	_	_	_	_	VAFIN	3.Sg.Pres.Ind	sein	_	_
52-27	6965-6966	,	_	_	_	_	_	_	_	_	_	$,	_	,	_	_
52-28	6967-6970	ein	_	_	_	_	_	_	_	_	_	ART	Nom.Sg.Masc	ein	_	_
52-29	6971-6985	alleinlebender	_	_	_	_	_	_	_	_	_	ADJA	Pos.Nom.Sg.Masc	alleinlebend	_	_
52-30	6986-6999	Mittfünfziger	_	_	_	_	_	_	_	_	_	NN	Nom.Sg.Masc	Mittfünfziger	_	_
52-31	7000-7001	,	_	_	_	_	_	_	_	_	_	$,	_	,	_	_
52-32	7002-7005	der	_	_	_	_	_	_	_	_	_	PRELS	Nom.Sg.Masc	der	_	_
52-33	7006-7013	dreimal	_	_	_	_	_	_	_	_	_	ADV	_	dreimal	_	_
52-34	7014-7024	geschieden	_	_	_	_	_	_	_	_	_	VVPP	Psp	scheiden	_	_
52-35	7025-7028	und	_	_	_	_	_	_	_	_	_	KON	_	und	_	_
52-36	7029-7044	desillusioniert	_	_	_	_	_	_	_	_	_	VVPP	Psp	desillusionieren	_	_
52-37	7045-7048	ist	_	_	_	_	_	_	_	_	_	VAFIN	3.Sg.Pres.Ind	sein	_	_
52-38	7049-7050	.	_	_	_	_	_	_	_	_	_	$.	_	.	_	_

#Text=Er schert sich nicht um Konventionen , ist unrasiert , ein Einzelgänger , der nur manchmal mit Kollegen abends Kegeln geht .
53-1	7053-7055	Er	_	_	_	_	_	_	_	_	_	PPER	3.Nom.Sg.Masc	er	_	_
53-2	7056-7062	schert	_	_	_	_	_	_	_	_	_	VVFIN	3.Sg.Pres.Ind	scheren	_	_
53-3	7063-7067	sich	_	_	_	_	_	_	_	_	_	PRF	3.Acc.Sg	sich	_	_
53-4	7068-7073	nicht	_	_	_	_	_	_	_	_	_	PTKNEG	_	nicht	_	_
53-5	7074-7076	um	_	_	_	_	_	_	_	_	_	APPR	_	um	_	_
53-6	7077-7089	Konventionen	_	_	_	_	_	_	_	_	_	NN	Acc.Pl.Fem	Konvention	_	_
53-7	7090-7091	,	_	_	_	_	_	_	_	_	_	$,	_	,	_	_
53-8	7092-7095	ist	_	_	_	_	_	_	_	_	_	VAFIN	3.Sg.Pres.Ind	sein	_	_
53-9	7096-7105	unrasiert	_	_	_	_	_	_	_	_	_	VVPP	Psp	unrasieren	_	_
53-10	7106-7107	,	_	_	_	_	_	_	_	_	_	$,	_	,	_	_
53-11	7108-7111	ein	_	_	_	_	_	_	_	_	_	ART	Nom.Sg.Masc	ein	_	_
53-12	7112-7124	Einzelgänger	_	_	_	_	_	_	_	_	_	NN	Nom.Sg.Masc	Einzelgänger	_	_
53-13	7125-7126	,	_	_	_	_	_	_	_	_	_	$,	_	,	_	_
53-14	7127-7130	der	_	_	_	_	_	_	_	_	_	PRELS	Nom.Sg.Masc	der	_	_
53-15	7131-7134	nur	_	_	_	_	_	_	_	_	_	ADV	_	nur	_	_
53-16	7135-7143	manchmal	_	_	_	_	_	_	_	_	_	ADV	_	manchmal	_	_
53-17	7144-7147	mit	_	_	_	_	_	_	_	_	_	APPR	_	mit	_	_
53-18	7148-7156	Kollegen	_	_	_	_	_	_	_	_	_	NN	Dat.Pl.Masc	Kollege	_	_
53-19	7157-7163	abends	_	_	_	_	_	_	_	_	_	ADV	_	abends	_	_
53-20	7164-7170	Kegeln	_	_	_	_	_	_	_	_	_	NN	Acc.Pl.Fem	Kegel	_	_
53-21	7171-7175	geht	_	_	_	_	_	_	_	_	_	VVFIN	3.Sg.Pres.Ind	gehen	_	_
53-22	7176-7177	.	_	_	_	_	_	_	_	_	_	$.	_	.	_	_

#Text=Er lebt auf einem Hausboot und dennoch kümmert er sich in seiner Nachbarschaft , einem sozialen Brennpunkt , in Sozialprojekten um die dort lebenden , chancenlosen Kinder ...
54-1	7180-7182	Er	_	_	_	_	_	_	_	_	_	PPER	3.Nom.Sg.Masc	er	_	_
54-2	7183-7187	lebt	_	_	_	_	_	_	_	_	_	VVFIN	3.Sg.Pres.Ind	leben	_	_
54-3	7188-7191	auf	_	_	_	_	_	_	_	_	_	APPR	_	auf	_	_
54-4	7192-7197	einem	_	_	_	_	_	_	_	_	_	ART	Dat.Sg.Neut	ein	_	_
54-5	7198-7206	Hausboot	_	_	_	_	_	_	_	_	_	NN	Dat.Sg.Neut	Hausboot	_	_
54-6	7207-7210	und	_	_	_	_	_	_	_	_	_	KON	_	und	_	_
54-7	7211-7218	dennoch	_	_	_	_	_	_	_	_	_	ADV	_	dennoch	_	_
54-8	7219-7226	kümmert	_	_	_	_	_	_	_	_	_	VVFIN	3.Sg.Pres.Ind	kümmern	_	_
54-9	7227-7229	er	_	_	_	_	_	_	_	_	_	PPER	3.Nom.Sg.Masc	er	_	_
54-10	7230-7234	sich	_	_	_	_	_	_	_	_	_	PRF	3.Acc.Sg	sich	_	_
54-11	7235-7237	in	_	_	_	_	_	_	_	_	_	APPR	_	in	_	_
54-12	7238-7244	seiner	_	_	_	_	_	_	_	_	_	PPOSAT	Dat.Sg.Fem	sein	_	_
54-13	7245-7258	Nachbarschaft	_	_	_	_	_	_	_	_	_	NN	Dat.Sg.Fem	Nachbarschaft	_	_
54-14	7259-7260	,	_	_	_	_	_	_	_	_	_	$,	_	,	_	_
54-15	7261-7266	einem	_	_	_	_	_	_	_	_	_	ART	Dat.Sg.Masc	ein	_	_
54-16	7267-7275	sozialen	_	_	_	_	_	_	_	_	_	ADJA	Pos.Dat.Sg.Masc	sozial	_	_
54-17	7276-7286	Brennpunkt	_	_	_	_	_	_	_	_	_	NN	Dat.Sg.Masc	Brennpunkt	_	_
54-18	7287-7288	,	_	_	_	_	_	_	_	_	_	$,	_	,	_	_
54-19	7289-7291	in	_	_	_	_	_	_	_	_	_	APPR	_	in	_	_
54-20	7292-7307	Sozialprojekten	_	_	_	_	_	_	_	_	_	NN	Dat.Pl.Neut	Sozialprojekt	_	_
54-21	7308-7310	um	_	_	_	_	_	_	_	_	_	APPR	_	um	_	_
54-22	7311-7314	die	_	_	_	_	_	_	_	_	_	ART	Acc.Pl.Neut	der	_	_
54-23	7315-7319	dort	_	_	_	_	_	_	_	_	_	ADV	_	dort	_	_
54-24	7320-7328	lebenden	_	_	_	_	_	_	_	_	_	ADJA	Pos.Acc.Pl.Neut	lebend	_	_
54-25	7329-7330	,	_	_	_	_	_	_	_	_	_	$,	_	,	_	_
54-26	7331-7343	chancenlosen	_	_	_	_	_	_	_	_	_	ADJA	Pos.Acc.Pl.Neut	chancenlos	_	_
54-27	7344-7350	Kinder	_	_	_	_	_	_	_	_	_	NN	Acc.Pl.Neut	Kind	_	_
54-28	7351-7352	.	_	_	_	_	_	_	_	_	_	$(	_	.	_	_
54-29	7352-7353	.	_	_	_	_	_	_	_	_	_	$(	_	.	_	_
54-30	7353-7354	.	_	_	_	_	_	_	_	_	_	$(	_	.	_	_

#Text=Das Rückgrat jeder Geschichte ist ihre dramatische Grundstruktur .
55-1	7357-7360	Das	_	_	_	_	_	_	_	_	_	ART	Nom.Sg.Neut	der	_	_
55-2	7361-7369	Rückgrat	false	0Kern	true	true	Wirbelsäule	true	*	Wurzel, Hintergrund	55-4	NN	Nom.Sg.Neut	Rückgrat	_	_
55-3	7370-7375	jeder	_	_	_	_	_	_	_	_	_	PIAT	Gen.Sg.Fem	jeder	_	_
55-4	7376-7386	Geschichte	false	5clash	_	_	_	_	_	_	_	NN	Gen.Sg.Fem	Geschichte	_	_
55-5	7387-7390	ist	_	_	_	_	_	_	_	_	_	VAFIN	3.Sg.Pres.Ind	sein	_	_
55-6	7391-7395	ihre	_	_	_	_	_	_	_	_	_	PPOSAT	Nom.Sg.Fem	ihr	_	_
55-7	7396-7407	dramatische	_	_	_	_	_	_	_	_	_	ADJA	Pos.Nom.Sg.Fem	dramatisch	_	_
55-8	7408-7421	Grundstruktur	_	_	_	_	_	_	_	_	_	NN	Nom.Sg.Fem	Grundstruktur	_	_
55-9	7422-7423	.	_	_	_	_	_	_	_	_	_	$.	_	.	_	_

#Text=Die Überlegungen von Aristoteles sind seit der Antike eigentlich bis heute weiterhin so gültig .
56-1	7426-7429	Die	_	_	_	_	_	_	_	_	_	ART	Nom.Pl.Fem	der	_	_
56-2	7430-7442	Überlegungen	_	_	_	_	_	_	_	_	_	NN	Nom.Pl.Fem	Überlegung	_	_
56-3	7443-7446	von	_	_	_	_	_	_	_	_	_	APPR	_	von	_	_
56-4	7447-7458	Aristoteles	_	_	_	_	_	_	_	_	_	NE	Dat.Sg.Neut	Aristoteles	_	_
56-5	7459-7463	sind	_	_	_	_	_	_	_	_	_	VAFIN	3.Pl.Pres.Ind	sein	_	_
56-6	7464-7468	seit	_	_	_	_	_	_	_	_	_	APPR	_	seit	_	_
56-7	7469-7472	der	_	_	_	_	_	_	_	_	_	ART	Dat.Sg.Fem	der	_	_
56-8	7473-7479	Antike	_	_	_	_	_	_	_	_	_	NN	Dat.Sg.Fem	Antike	_	_
56-9	7480-7490	eigentlich	_	_	_	_	_	_	_	_	_	ADV	_	eigentlich	_	_
56-10	7491-7494	bis	_	_	_	_	_	_	_	_	_	APPR	_	bis	_	_
56-11	7495-7500	heute	_	_	_	_	_	_	_	_	_	ADV	_	heute	_	_
56-12	7501-7510	weiterhin	_	_	_	_	_	_	_	_	_	ADV	_	weiterhin	_	_
56-13	7511-7513	so	_	_	_	_	_	_	_	_	_	ADV	_	so	_	_
56-14	7514-7520	gültig	_	_	_	_	_	_	_	_	_	ADJD	Pos	gültig	_	_
56-15	7521-7522	.	_	_	_	_	_	_	_	_	_	$.	_	.	_	_

#Text=Sie wurden aber für das Erzählen von Geschichten für den Film leicht angepasst .
57-1	7525-7528	Sie	_	_	_	_	_	_	_	_	_	PPER	3.Nom.Pl.*	sie	_	_
57-2	7529-7535	wurden	_	_	_	_	_	_	_	_	_	VAFIN	3.Pl.Past.Ind	werden	_	_
57-3	7536-7540	aber	_	_	_	_	_	_	_	_	_	ADV	_	aber	_	_
57-4	7541-7544	für	_	_	_	_	_	_	_	_	_	APPR	_	für	_	_
57-5	7545-7548	das	_	_	_	_	_	_	_	_	_	ART	Acc.Sg.Neut	der	_	_
57-6	7549-7557	Erzählen	_	_	_	_	_	_	_	_	_	NN	Acc.Sg.Neut	erzählen	_	_
57-7	7558-7561	von	_	_	_	_	_	_	_	_	_	APPR	_	von	_	_
57-8	7562-7573	Geschichten	_	_	_	_	_	_	_	_	_	NN	Dat.Pl.Fem	Geschichte	_	_
57-9	7574-7577	für	_	_	_	_	_	_	_	_	_	APPR	_	für	_	_
57-10	7578-7581	den	_	_	_	_	_	_	_	_	_	ART	Acc.Sg.Masc	der	_	_
57-11	7582-7586	Film	_	_	_	_	_	_	_	_	_	NN	Acc.Sg.Masc	Film	_	_
57-12	7587-7593	leicht	_	_	_	_	_	_	_	_	_	ADJD	Pos	leicht	_	_
57-13	7594-7603	angepasst	_	_	_	_	_	_	_	_	_	VVPP	Psp	anpassen	_	_
57-14	7604-7605	.	_	_	_	_	_	_	_	_	_	$.	_	.	_	_

#Text=Die Dramaturgie kann entweder direkt vom Drehbuchautor oder vom Redakteur entwickelt werden .
58-1	7608-7611	Die	_	_	_	_	_	_	_	_	_	ART	Nom.Sg.Fem	der	_	_
58-2	7612-7623	Dramaturgie	_	_	_	_	_	_	_	_	_	NN	Nom.Sg.Fem	Dramaturgie	_	_
58-3	7624-7628	kann	_	_	_	_	_	_	_	_	_	VMFIN	3.Sg.Pres.Ind	können	_	_
58-4	7629-7637	entweder	_	_	_	_	_	_	_	_	_	KON	_	entweder	_	_
58-5	7638-7644	direkt	_	_	_	_	_	_	_	_	_	ADJD	Pos	direkt	_	_
58-6	7645-7648	vom	_	_	_	_	_	_	_	_	_	APPRART	Dat.Sg.Masc	von	_	_
58-7	7649-7662	Drehbuchautor	_	_	_	_	_	_	_	_	_	NN	Dat.Sg.Masc	Drehbuchautor	_	_
58-8	7663-7667	oder	_	_	_	_	_	_	_	_	_	KON	_	oder	_	_
58-9	7668-7671	vom	_	_	_	_	_	_	_	_	_	APPRART	Dat.Sg.Masc	von	_	_
58-10	7672-7681	Redakteur	_	_	_	_	_	_	_	_	_	NN	Dat.Sg.Masc	Redakteur	_	_
58-11	7682-7692	entwickelt	_	_	_	_	_	_	_	_	_	VVPP	Psp	entwickeln	_	_
58-12	7693-7699	werden	_	_	_	_	_	_	_	_	_	VAINF	Inf	werden	_	_
58-13	7700-7701	.	_	_	_	_	_	_	_	_	_	$.	_	.	_	_

#Text=Hauptberufliche Dramaturgen ( Script Designer ) einer Produktionsfirma helfen manchmal auch Drehbuchautoren bei den Feinheiten und Details des Drehbuchs .
59-1	7704-7719	Hauptberufliche	_	_	_	_	_	_	_	_	_	ADJA	Pos.Nom.Pl.Fem	hauptberuflich	_	_
59-2	7720-7731	Dramaturgen	_	_	_	_	_	_	_	_	_	NN	Nom.Pl.Fem	Dramaturg	_	_
59-3	7732-7733	(	_	_	_	_	_	_	_	_	_	$(	_	(	_	_
59-4	7734-7740	Script	_	_	_	_	_	_	_	_	_	NE	Nom.Sg.Masc	Script	_	_
59-5	7741-7749	Designer	_	_	_	_	_	_	_	_	_	NN	Nom.Pl.Masc	Designer	_	_
59-6	7750-7751	)	_	_	_	_	_	_	_	_	_	$(	_	)	_	_
59-7	7752-7757	einer	_	_	_	_	_	_	_	_	_	ART	Gen.Sg.Fem	ein	_	_
59-8	7758-7774	Produktionsfirma	_	_	_	_	_	_	_	_	_	NN	Gen.Sg.Fem	Produktionsfirma	_	_
59-9	7775-7781	helfen	_	_	_	_	_	_	_	_	_	VVFIN	3.Pl.Pres.Ind	helfen	_	_
59-10	7782-7790	manchmal	_	_	_	_	_	_	_	_	_	ADV	_	manchmal	_	_
59-11	7791-7795	auch	_	_	_	_	_	_	_	_	_	ADV	_	auch	_	_
59-12	7796-7811	Drehbuchautoren	_	_	_	_	_	_	_	_	_	NN	Acc.Pl.Masc	Drehbuchautor	_	_
59-13	7812-7815	bei	_	_	_	_	_	_	_	_	_	APPR	_	bei	_	_
59-14	7816-7819	den	_	_	_	_	_	_	_	_	_	ART	Dat.Pl.*	der	_	_
59-15	7820-7830	Feinheiten	_	_	_	_	_	_	_	_	_	NN	Dat.Pl.Fem	Feinheit	_	_
59-16	7831-7834	und	_	_	_	_	_	_	_	_	_	KON	_	und	_	_
59-17	7835-7842	Details	_	_	_	_	_	_	_	_	_	NN	Dat.Pl.Neut	Detail	_	_
59-18	7843-7846	des	_	_	_	_	_	_	_	_	_	ART	Gen.Sg.Neut	der	_	_
59-19	7847-7856	Drehbuchs	_	_	_	_	_	_	_	_	_	NN	Gen.Sg.Neut	Drehbuch	_	_
59-20	7857-7858	.	_	_	_	_	_	_	_	_	_	$.	_	.	_	_

#Text=Der Dramaturg analysiert das Drehbuch , um Fehler oder Ungereimtheiten zu finden .
60-1	7861-7864	Der	_	_	_	_	_	_	_	_	_	ART	Nom.Sg.Masc	der	_	_
60-2	7865-7874	Dramaturg	_	_	_	_	_	_	_	_	_	NN	Nom.Sg.Masc	Dramaturg	_	_
60-3	7875-7885	analysiert	_	_	_	_	_	_	_	_	_	VVFIN	3.Sg.Pres.Ind	analysieren	_	_
60-4	7886-7889	das	_	_	_	_	_	_	_	_	_	ART	Acc.Sg.Neut	der	_	_
60-5	7890-7898	Drehbuch	_	_	_	_	_	_	_	_	_	NN	Acc.Sg.Neut	Drehbuch	_	_
60-6	7899-7900	,	_	_	_	_	_	_	_	_	_	$,	_	,	_	_
60-7	7901-7903	um	_	_	_	_	_	_	_	_	_	KOUI	_	um	_	_
60-8	7904-7910	Fehler	_	_	_	_	_	_	_	_	_	NN	Acc.Pl.Masc	Fehler	_	_
60-9	7911-7915	oder	_	_	_	_	_	_	_	_	_	KON	_	oder	_	_
60-10	7916-7931	Ungereimtheiten	_	_	_	_	_	_	_	_	_	NN	Acc.Pl.Fem	Ungereimtheit	_	_
60-11	7932-7934	zu	_	_	_	_	_	_	_	_	_	PTKZU	_	zu	_	_
60-12	7935-7941	finden	_	_	_	_	_	_	_	_	_	VVINF	Inf	finden	_	_
60-13	7942-7943	.	_	_	_	_	_	_	_	_	_	$.	_	.	_	_

#Text=Auch gibt er konstruktive Vorschläge für mögliche Verbesserungen .
61-1	7946-7950	Auch	_	_	_	_	_	_	_	_	_	ADV	_	auch	_	_
61-2	7951-7955	gibt	_	_	_	_	_	_	_	_	_	VVFIN	3.Sg.Pres.Ind	geben	_	_
61-3	7956-7958	er	_	_	_	_	_	_	_	_	_	PPER	3.Nom.Sg.Masc	er	_	_
61-4	7959-7971	konstruktive	_	_	_	_	_	_	_	_	_	ADJA	Pos.Acc.Pl.Masc	konstruktiv	_	_
61-5	7972-7982	Vorschläge	_	_	_	_	_	_	_	_	_	NN	Acc.Pl.Masc	Vorschlag	_	_
61-6	7983-7986	für	_	_	_	_	_	_	_	_	_	APPR	_	für	_	_
61-7	7987-7995	mögliche	_	_	_	_	_	_	_	_	_	ADJA	Pos.Acc.Pl.Fem	möglich	_	_
61-8	7996-8010	Verbesserungen	_	_	_	_	_	_	_	_	_	NN	Acc.Pl.Fem	Verbesserung	_	_
61-9	8011-8012	.	_	_	_	_	_	_	_	_	_	$.	_	.	_	_

#Text=Um zu überprüfen , ob diese Kriterien alle erfüllt wurden , ist es empfehlenswert , die Geschichte in einem „ Exposé “ zusammenzufassen .
62-1	8015-8017	Um	_	_	_	_	_	_	_	_	_	KOUI	_	um	_	_
62-2	8018-8020	zu	_	_	_	_	_	_	_	_	_	PTKZU	_	zu	_	_
62-3	8021-8031	überprüfen	_	_	_	_	_	_	_	_	_	VVINF	Inf	überprüfen	_	_
62-4	8032-8033	,	_	_	_	_	_	_	_	_	_	$,	_	,	_	_
62-5	8034-8036	ob	_	_	_	_	_	_	_	_	_	KOUS	_	ob	_	_
62-6	8037-8042	diese	_	_	_	_	_	_	_	_	_	PDAT	Nom.Pl.Neut	dieser	_	_
62-7	8043-8052	Kriterien	_	_	_	_	_	_	_	_	_	NN	Nom.Pl.Neut	Kriterium	_	_
62-8	8053-8057	alle	_	_	_	_	_	_	_	_	_	PIS	Acc.Pl.*	alle	_	_
62-9	8058-8065	erfüllt	_	_	_	_	_	_	_	_	_	VVPP	Psp	erfüllen	_	_
62-10	8066-8072	wurden	_	_	_	_	_	_	_	_	_	VAFIN	3.Pl.Past.Ind	werden	_	_
62-11	8073-8074	,	_	_	_	_	_	_	_	_	_	$,	_	,	_	_
62-12	8075-8078	ist	_	_	_	_	_	_	_	_	_	VAFIN	3.Sg.Pres.Ind	sein	_	_
62-13	8079-8081	es	_	_	_	_	_	_	_	_	_	PPER	3.Nom.Sg.Neut	es	_	_
62-14	8082-8096	empfehlenswert	_	_	_	_	_	_	_	_	_	ADJD	Pos	empfehlenswert	_	_
62-15	8097-8098	,	_	_	_	_	_	_	_	_	_	$,	_	,	_	_
62-16	8099-8102	die	_	_	_	_	_	_	_	_	_	ART	Acc.Sg.Fem	der	_	_
62-17	8103-8113	Geschichte	_	_	_	_	_	_	_	_	_	NN	Acc.Sg.Fem	Geschichte	_	_
62-18	8114-8116	in	_	_	_	_	_	_	_	_	_	APPR	_	in	_	_
62-19	8117-8122	einem	_	_	_	_	_	_	_	_	_	ART	Dat.Sg.Neut	ein	_	_
62-20	8123-8124	„	_	_	_	_	_	_	_	_	_	FM	_	„	_	_
62-21	8125-8131	Exposé	_	_	_	_	_	_	_	_	_	FM	_	Exposé	_	_
62-22	8132-8133	“	_	_	_	_	_	_	_	_	_	FM	_	“	_	_
62-23	8134-8150	zusammenzufassen	_	_	_	_	_	_	_	_	_	VVIZU	Infzu	zusammenfassen	_	_
62-24	8151-8152	.	_	_	_	_	_	_	_	_	_	$.	_	.	_	_

#Text=In dem Exposé wird die Handlung des Films umrissen .
63-1	8155-8157	In	_	_	_	_	_	_	_	_	_	APPR	_	in	_	_
63-2	8158-8161	dem	_	_	_	_	_	_	_	_	_	ART	Dat.Sg.Neut	der	_	_
63-3	8162-8168	Exposé	_	_	_	_	_	_	_	_	_	NN	Dat.Sg.Neut	Exposé	_	_
63-4	8169-8173	wird	_	_	_	_	_	_	_	_	_	VAFIN	3.Sg.Pres.Ind	werden	_	_
63-5	8174-8177	die	_	_	_	_	_	_	_	_	_	ART	Nom.Sg.Fem	der	_	_
63-6	8178-8186	Handlung	_	_	_	_	_	_	_	_	_	NN	Nom.Sg.Fem	Handlung	_	_
63-7	8187-8190	des	_	_	_	_	_	_	_	_	_	ART	Gen.Sg.Masc	der	_	_
63-8	8191-8196	Films	_	_	_	_	_	_	_	_	_	NN	Gen.Sg.Masc	Film	_	_
63-9	8197-8205	umrissen	_	_	_	_	_	_	_	_	_	VVPP	Psp	umreißen	_	_
63-10	8206-8207	.	_	_	_	_	_	_	_	_	_	$.	_	.	_	_

#Text=Es kommt dabei ohne Dialoge der handelnden Personen aus , die zu diesem frühen Zeitpunkt ja noch nicht erdacht sind .
64-1	8210-8212	Es	_	_	_	_	_	_	_	_	_	PPER	3.Nom.Sg.Neut	es	_	_
64-2	8213-8218	kommt	_	_	_	_	_	_	_	_	_	VVFIN	3.Sg.Pres.Ind	kommen	_	_
64-3	8219-8224	dabei	_	_	_	_	_	_	_	_	_	PROAV	_	dabei	_	_
64-4	8225-8229	ohne	_	_	_	_	_	_	_	_	_	APPR	_	ohne	_	_
64-5	8230-8237	Dialoge	_	_	_	_	_	_	_	_	_	NN	Acc.Pl.Masc	Dialog	_	_
64-6	8238-8241	der	_	_	_	_	_	_	_	_	_	ART	Gen.Pl.Fem	der	_	_
64-7	8242-8252	handelnden	_	_	_	_	_	_	_	_	_	ADJA	Pos.Gen.Pl.Fem	handelnd	_	_
64-8	8253-8261	Personen	_	_	_	_	_	_	_	_	_	NN	Gen.Pl.Fem	Person	_	_
64-9	8262-8265	aus	_	_	_	_	_	_	_	_	_	PTKVZ	_	aus	_	_
64-10	8266-8267	,	_	_	_	_	_	_	_	_	_	$,	_	,	_	_
64-11	8268-8271	die	_	_	_	_	_	_	_	_	_	PRELS	Nom.Pl.Fem	der	_	_
64-12	8272-8274	zu	_	_	_	_	_	_	_	_	_	APPR	_	zu	_	_
64-13	8275-8281	diesem	_	_	_	_	_	_	_	_	_	PDAT	Dat.Sg.Masc	dieser	_	_
64-14	8282-8288	frühen	_	_	_	_	_	_	_	_	_	ADJA	Pos.Dat.Sg.Masc	früh	_	_
64-15	8289-8298	Zeitpunkt	_	_	_	_	_	_	_	_	_	NN	Dat.Sg.Masc	Zeitpunkt	_	_
64-16	8299-8301	ja	_	_	_	_	_	_	_	_	_	ADV	_	ja	_	_
64-17	8302-8306	noch	_	_	_	_	_	_	_	_	_	ADV	_	noch	_	_
64-18	8307-8312	nicht	_	_	_	_	_	_	_	_	_	PTKNEG	_	nicht	_	_
64-19	8313-8320	erdacht	_	_	_	_	_	_	_	_	_	VVPP	Psp	erdenken	_	_
64-20	8321-8325	sind	_	_	_	_	_	_	_	_	_	VAFIN	3.Pl.Pres.Ind	sein	_	_
64-21	8326-8327	.	_	_	_	_	_	_	_	_	_	$.	_	.	_	_

#Text=Der Umfang sollte zwischen einer und vier Seiten liegen .
65-1	8330-8333	Der	_	_	_	_	_	_	_	_	_	ART	Nom.Sg.Masc	der	_	_
65-2	8334-8340	Umfang	_	_	_	_	_	_	_	_	_	NN	Nom.Sg.Masc	Umfang	_	_
65-3	8341-8347	sollte	_	_	_	_	_	_	_	_	_	VMFIN	3.Sg.Past.Ind	sollen	_	_
65-4	8348-8356	zwischen	_	_	_	_	_	_	_	_	_	APPR	_	zwischen	_	_
65-5	8357-8362	einer	_	_	_	_	_	_	_	_	_	PIS	Dat.Sg.Fem	einer	_	_
65-6	8363-8366	und	_	_	_	_	_	_	_	_	_	KON	_	und	_	_
65-7	8367-8371	vier	_	_	_	_	_	_	_	_	_	CARD	_	vier	_	_
65-8	8372-8378	Seiten	_	_	_	_	_	_	_	_	_	NN	Dat.Pl.Fem	Seite	_	_
65-9	8379-8385	liegen	_	_	_	_	_	_	_	_	_	VVINF	Inf	liegen	_	_
65-10	8386-8387	.	_	_	_	_	_	_	_	_	_	$.	_	.	_	_

#Text=Das Exposé ist einmal für den Drehbuchautor nützlich , um grob die Handlung zu umreißen und später als Gerüst für das Drehbuch zu dienen .
66-1	8390-8393	Das	_	_	_	_	_	_	_	_	_	ART	Nom.Sg.Neut	der	_	_
66-2	8394-8400	Exposé	_	_	_	_	_	_	_	_	_	NN	Nom.Sg.Neut	Exposé	_	_
66-3	8401-8404	ist	_	_	_	_	_	_	_	_	_	VAFIN	3.Sg.Pres.Ind	sein	_	_
66-4	8405-8411	einmal	_	_	_	_	_	_	_	_	_	ADV	_	einmal	_	_
66-5	8412-8415	für	_	_	_	_	_	_	_	_	_	APPR	_	für	_	_
66-6	8416-8419	den	_	_	_	_	_	_	_	_	_	ART	Acc.Sg.Masc	der	_	_
66-7	8420-8433	Drehbuchautor	_	_	_	_	_	_	_	_	_	NN	Acc.Sg.Masc	Drehbuchautor	_	_
66-8	8434-8442	nützlich	_	_	_	_	_	_	_	_	_	ADJD	Pos	nützlich	_	_
66-9	8443-8444	,	_	_	_	_	_	_	_	_	_	$,	_	,	_	_
66-10	8445-8447	um	_	_	_	_	_	_	_	_	_	KOUI	_	um	_	_
66-11	8448-8452	grob	_	_	_	_	_	_	_	_	_	ADJD	Pos	grob	_	_
66-12	8453-8456	die	_	_	_	_	_	_	_	_	_	ART	Acc.Sg.Fem	der	_	_
66-13	8457-8465	Handlung	_	_	_	_	_	_	_	_	_	NN	Acc.Sg.Fem	Handlung	_	_
66-14	8466-8468	zu	_	_	_	_	_	_	_	_	_	PTKZU	_	zu	_	_
66-15	8469-8477	umreißen	_	_	_	_	_	_	_	_	_	VVINF	Inf	umreißen	_	_
66-16	8478-8481	und	_	_	_	_	_	_	_	_	_	KON	_	und	_	_
66-17	8482-8488	später	_	_	_	_	_	_	_	_	_	ADJD	Comp	spät	_	_
66-18	8489-8492	als	_	_	_	_	_	_	_	_	_	APPR	_	als	_	_
66-19	8493-8499	Gerüst	false	0Kern	true	false	Konstruktion besonders für Bau-, Reparatur- und Montagearbeiten	_	_	Grundplan, Entwurf	66-22	NN	Acc.Sg.Neut	Gerüst	_	_
66-20	8500-8503	für	_	_	_	_	_	_	_	_	_	APPR	_	für	_	_
66-21	8504-8507	das	_	_	_	_	_	_	_	_	_	ART	Acc.Sg.Neut	der	_	_
66-22	8508-8516	Drehbuch	false	5clash	_	_	_	_	_	_	_	NN	Acc.Sg.Neut	Drehbuch	_	_
66-23	8517-8519	zu	_	_	_	_	_	_	_	_	_	PTKZU	_	zu	_	_
66-24	8520-8526	dienen	_	_	_	_	_	_	_	_	_	VVINF	Inf	dienen	_	_
66-25	8527-8528	.	_	_	_	_	_	_	_	_	_	$.	_	.	_	_

#Text=Produktionsfirmen entscheiden außerdem auf Grundlage des Exposés , ob sie die Drehbuchentwicklung finanzieren .
67-1	8531-8548	Produktionsfirmen	_	_	_	_	_	_	_	_	_	NN	Nom.Pl.Fem	Produktionsfirma	_	_
67-2	8549-8560	entscheiden	_	_	_	_	_	_	_	_	_	VVFIN	3.Pl.Pres.Ind	entscheiden	_	_
67-3	8561-8569	außerdem	_	_	_	_	_	_	_	_	_	PROAV	_	außerdem	_	_
67-4	8570-8573	auf	_	_	_	_	_	_	_	_	_	APPR	_	auf	_	_
67-5	8574-8583	Grundlage	_	_	_	_	_	_	_	_	_	NN	Acc.Sg.Fem	Grundlage	_	_
67-6	8584-8587	des	_	_	_	_	_	_	_	_	_	ART	Gen.Sg.Neut	der	_	_
67-7	8588-8595	Exposés	_	_	_	_	_	_	_	_	_	NN	Gen.Sg.Neut	Exposé	_	_
67-8	8596-8597	,	_	_	_	_	_	_	_	_	_	$,	_	,	_	_
67-9	8598-8600	ob	_	_	_	_	_	_	_	_	_	KOUS	_	ob	_	_
67-10	8601-8604	sie	_	_	_	_	_	_	_	_	_	PPER	3.Nom.Pl.Fem	sie	_	_
67-11	8605-8608	die	_	_	_	_	_	_	_	_	_	ART	Acc.Sg.Fem	der	_	_
67-12	8609-8628	Drehbuchentwicklung	_	_	_	_	_	_	_	_	_	NN	Acc.Sg.Fem	Drehbuchentwicklung	_	_
67-13	8629-8640	finanzieren	_	_	_	_	_	_	_	_	_	VVFIN	3.Pl.Pres.Ind	finanzieren	_	_
