#FORMAT=WebAnno TSV 3.3
#T_SP=webanno.custom.MET_A|MFlag|Rolle
#T_SP=webanno.custom.MET_B|basic|c_mark
#T_SP=webanno.custom.MET_B2|b_Lex
#T_SP=webanno.custom.MET_C|a_Ref|b_Art
#T_SP=webanno.custom.MET_D|a_Par


#Text=Da Sie nun über einige grundlegenden Informationen über das Drehbuchschreiben verfügen , können Sie loslegen .
1-1	0-2	Da	_	_	_	_	_	_	_	_	KOUS	_	da
1-2	3-6	Sie	_	_	_	_	_	_	_	_	PPER	3.Nom.Pl.*	sie
1-3	7-10	nun	_	_	_	_	_	_	_	_	ADV	_	nun
1-4	11-15	über	_	_	_	_	_	_	_	_	APPR	_	über
1-5	16-22	einige	_	_	_	_	_	_	_	_	PIAT	Acc.Pl.Fem	einiger
1-6	23-36	grundlegenden	_	_	_	_	_	_	_	_	ADJA	Pos.Acc.Pl.Fem	grundlegend
1-7	37-50	Informationen	_	_	_	_	_	_	_	_	NN	Acc.Pl.Fem	Information
1-8	51-55	über	_	_	_	_	_	_	_	_	APPR	_	über
1-9	56-59	das	_	_	_	_	_	_	_	_	ART	Acc.Sg.Neut	der
1-10	60-77	Drehbuchschreiben	_	_	_	_	_	_	_	_	NN	Acc.Sg.Neut	Drehbuchschreiben
1-11	78-86	verfügen	_	_	_	_	_	_	_	_	VVFIN	3.Pl.Pres.Ind	verfagen
1-12	87-88	,	_	_	_	_	_	_	_	_	$,	_	,
1-13	89-95	können	_	_	_	_	_	_	_	_	VMFIN	3.Pl.Pres.Ind	können
1-14	96-99	Sie	_	_	_	_	_	_	_	_	PPER	3.Nom.Pl.*	sie
1-15	100-108	loslegen	_	_	_	_	_	_	_	_	VVINF	Inf	loslegen
1-16	109-110	.	_	_	_	_	_	_	_	_	$.	_	.

#Text=Überprüfen sie aber bitte , ob Sie sich sorgfältig genug vorbereitet haben ( siehe Kapitel Vorarbeit ) .
2-1	113-123	Überprüfen	_	_	_	_	_	_	_	_	NN	Dat.Pl.Masc	Überpruf
2-2	124-127	sie	_	_	_	_	_	_	_	_	PPER	3.Nom.Pl.*	sie
2-3	128-132	aber	_	_	_	_	_	_	_	_	ADV	_	aber
2-4	133-138	bitte	_	_	_	_	_	_	_	_	ADV	_	bitte
2-5	139-140	,	_	_	_	_	_	_	_	_	$,	_	,
2-6	141-143	ob	_	_	_	_	_	_	_	_	KOUS	_	ob
2-7	144-147	Sie	_	_	_	_	_	_	_	_	PPER	3.Nom.Pl.*	sie
2-8	148-152	sich	_	_	_	_	_	_	_	_	PRF	3.Acc.Pl	sich
2-9	153-163	sorgfältig	_	_	_	_	_	_	_	_	ADJD	Pos	sorgfältig
2-10	164-169	genug	_	_	_	_	_	_	_	_	ADV	_	genug
2-11	170-181	vorbereitet	_	_	_	_	_	_	_	_	VVPP	Psp	vorbereiten
2-12	182-187	haben	_	_	_	_	_	_	_	_	VAFIN	3.Pl.Pres.Ind	haben
2-13	188-189	(	_	_	_	_	_	_	_	_	$(	_	(
2-14	190-195	siehe	_	_	_	_	_	_	_	_	VVIMP	2.Sg.Imp	sehen
2-15	196-203	Kapitel	_	_	_	_	_	_	_	_	NN	Acc.Sg.Neut	Kapitel
2-16	204-213	Vorarbeit	_	_	_	_	_	_	_	_	NN	Acc.Sg.Fem	Vorarbeit
2-17	214-215	)	_	_	_	_	_	_	_	_	$(	_	)
2-18	216-217	.	_	_	_	_	_	_	_	_	$.	_	.

#Text=Wenn Sie sich nun sicher sind , was für eine Story Sie schreiben möchten , ist Folgendes von besonderer Bedeutung : Die Charaktere Ihres Filmes !
3-1	220-224	Wenn	_	_	_	_	_	_	_	_	KOUS	_	wenn
3-2	225-228	Sie	_	_	_	_	_	_	_	_	PPER	3.Nom.Pl.*	sie
3-3	229-233	sich	_	_	_	_	_	_	_	_	PRF	3.Dat.Pl	sich
3-4	234-237	nun	_	_	_	_	_	_	_	_	ADV	_	nun
3-5	238-244	sicher	_	_	_	_	_	_	_	_	ADJD	Pos	sicher
3-6	245-249	sind	_	_	_	_	_	_	_	_	VAFIN	3.Pl.Pres.Ind	sein
3-7	250-251	,	_	_	_	_	_	_	_	_	$,	_	,
3-8	252-255	was	_	_	_	_	_	_	_	_	PWS	Acc.Sg.Neut	was
3-9	256-259	für	_	_	_	_	_	_	_	_	APPR	_	für
3-10	260-264	eine	_	_	_	_	_	_	_	_	ART	Acc.Sg.Fem	ein
3-11	265-270	Story	_	_	_	_	_	_	_	_	NN	Acc.Sg.Fem	Story
3-12	271-274	Sie	_	_	_	_	_	_	_	_	PPER	3.Nom.Pl.*	sie
3-13	275-284	schreiben	_	_	_	_	_	_	_	_	VVINF	Inf	schreiben
3-14	285-292	möchten	_	_	_	_	_	_	_	_	VMFIN	3.Pl.Pres.Ind	möchten
3-15	293-294	,	_	_	_	_	_	_	_	_	$,	_	,
3-16	295-298	ist	_	_	_	_	_	_	_	_	VAFIN	3.Sg.Pres.Ind	sein
3-17	299-308	Folgendes	_	_	_	_	_	_	_	_	NN	Nom.Sg.Neut	folgend
3-18	309-312	von	_	_	_	_	_	_	_	_	APPR	_	von
3-19	313-323	besonderer	_	_	_	_	_	_	_	_	ADJA	Pos.Dat.Sg.Fem	besonderer
3-20	324-333	Bedeutung	_	_	_	_	_	_	_	_	NN	Dat.Sg.Fem	Bedeutung
3-21	334-335	:	_	_	_	_	_	_	_	_	$.	_	:
3-22	336-339	Die	_	_	_	_	_	_	_	_	ART	Nom.Pl.Masc	der
3-23	340-350	Charaktere	_	_	_	_	_	_	_	_	NN	Nom.Pl.Masc	Charakter
3-24	351-356	Ihres	_	_	_	_	_	_	_	_	PPOSAT	Gen.Sg.Masc	ihr
3-25	357-363	Filmes	_	_	_	_	_	_	_	_	NN	Gen.Sg.Masc	Film
3-26	364-365	!	_	_	_	_	_	_	_	_	$.	_	!

#Text=Zuerst stellt sich die Frage nach Protagonist und Antagonist .
4-1	368-374	Zuerst	_	_	_	_	_	_	_	_	ADV	_	zuerst
4-2	375-381	stellt	_	_	_	_	_	_	_	_	VVFIN	3.Sg.Pres.Ind	stellen
4-3	382-386	sich	_	_	_	_	_	_	_	_	PRF	3.Acc.Sg	sich
4-4	387-390	die	_	_	_	_	_	_	_	_	ART	Nom.Sg.Fem	der
4-5	391-396	Frage	_	_	_	_	_	_	_	_	NN	Nom.Sg.Fem	Frage
4-6	397-401	nach	_	_	_	_	_	_	_	_	APPR	_	nach
4-7	402-413	Protagonist	_	_	_	_	_	_	_	_	NN	Dat.Sg.Masc	Protagonist
4-8	414-417	und	_	_	_	_	_	_	_	_	KON	_	und
4-9	418-428	Antagonist	_	_	_	_	_	_	_	_	NN	Dat.Sg.Masc	Antagonist
4-10	429-430	.	_	_	_	_	_	_	_	_	$.	_	.

#Text=Jede Geschichte braucht einen ( oder mehrere ) Helden , den Protagonisten , dem der Zuschauer folgt und der die Geschichte erlebt .
5-1	433-437	Jede	_	_	_	_	_	_	_	_	PIAT	Nom.Sg.Fem	jeder
5-2	438-448	Geschichte	_	_	_	_	_	_	_	_	NN	Nom.Sg.Fem	Geschichte
5-3	449-456	braucht	_	_	_	_	_	_	_	_	VVFIN	3.Sg.Pres.Ind	brauchen
5-4	457-462	einen	_	_	_	_	_	_	_	_	ART	Acc.Sg.Masc	ein
5-5	463-464	(	_	_	_	_	_	_	_	_	$(	_	(
5-6	465-469	oder	_	_	_	_	_	_	_	_	KON	_	oder
5-7	470-477	mehrere	_	_	_	_	_	_	_	_	PIAT	Acc.Pl.Masc	mehrere
5-8	478-479	)	_	_	_	_	_	_	_	_	$(	_	)
5-9	480-486	Helden	_	_	_	_	_	_	_	_	NN	Acc.Pl.Masc	Held
5-10	487-488	,	_	_	_	_	_	_	_	_	$,	_	,
5-11	489-492	den	_	_	_	_	_	_	_	_	ART	Acc.Sg.Masc	der
5-12	493-506	Protagonisten	_	_	_	_	_	_	_	_	NN	Acc.Sg.Masc	Protagonist
5-13	507-508	,	_	_	_	_	_	_	_	_	$,	_	,
5-14	509-512	dem	_	_	_	_	_	_	_	_	PRELS	Dat.Sg.Masc	der
5-15	513-516	der	_	_	_	_	_	_	_	_	ART	Nom.Sg.Masc	der
5-16	517-526	Zuschauer	_	_	_	_	_	_	_	_	NN	Nom.Sg.Masc	Zuschauer
5-17	527-532	folgt	_	_	_	_	_	_	_	_	VVFIN	3.Sg.Pres.Ind	folgen
5-18	533-536	und	_	_	_	_	_	_	_	_	KON	_	und
5-19	537-540	der	_	_	_	_	_	_	_	_	PRELS	Nom.Sg.Masc	der
5-20	541-544	die	_	_	_	_	_	_	_	_	ART	Acc.Sg.Fem	der
5-21	545-555	Geschichte	_	_	_	_	_	_	_	_	NN	Acc.Sg.Fem	Geschichte
5-22	556-562	erlebt	_	_	_	_	_	_	_	_	VVFIN	3.Sg.Pres.Ind	erleben
5-23	563-564	.	_	_	_	_	_	_	_	_	$.	_	.

#Text=Der Protagonist muss kein Held sein .
6-1	567-570	Der	_	_	_	_	_	_	_	_	ART	Nom.Sg.Masc	der
6-2	571-582	Protagonist	_	_	_	_	_	_	_	_	NN	Nom.Sg.Masc	Protagonist
6-3	583-587	muss	_	_	_	_	_	_	_	_	VMFIN	3.Sg.Pres.Ind	müssen
6-4	588-592	kein	_	_	_	_	_	_	_	_	PIAT	Nom.Sg.Masc	kein
6-5	593-597	Held	_	_	_	_	_	_	_	_	NN	Nom.Sg.Masc	Held
6-6	598-602	sein	_	_	_	_	_	_	_	_	VAINF	Inf	sein
6-7	603-604	.	_	_	_	_	_	_	_	_	$.	_	.

#Text=Er kann auch einen Antihelden verkörpern .
7-1	607-609	Er	_	_	_	_	_	_	_	_	PPER	3.Nom.Sg.Masc	er
7-2	610-614	kann	_	_	_	_	_	_	_	_	VMFIN	3.Sg.Pres.Ind	können
7-3	615-619	auch	_	_	_	_	_	_	_	_	ADV	_	auch
7-4	620-625	einen	_	_	_	_	_	_	_	_	ART	Acc.Sg.Masc	ein
7-5	626-636	Antihelden	_	_	_	_	_	_	_	_	NN	Acc.Sg.Masc	Antiheld
7-6	637-647	verkörpern	_	_	_	_	_	_	_	_	VVINF	Inf	verkörpern
7-7	648-649	.	_	_	_	_	_	_	_	_	$.	_	.

#Text=Der Unterschied der beiden ist , dass der Held ein Ziel hat , das er erreichen will und für das er sich aktiv einsetzt .
8-1	652-655	Der	_	_	_	_	_	_	_	_	ART	Nom.Sg.Masc	der
8-2	656-667	Unterschied	_	_	_	_	_	_	_	_	NN	Nom.Sg.Masc	Unterschied
8-3	668-671	der	_	_	_	_	_	_	_	_	ART	Gen.Pl.*	der
8-4	672-678	beiden	_	_	_	_	_	_	_	_	PIS	Gen.Pl.*	beide
8-5	679-682	ist	_	_	_	_	_	_	_	_	VAFIN	3.Sg.Pres.Ind	sein
8-6	683-684	,	_	_	_	_	_	_	_	_	$,	_	,
8-7	685-689	dass	_	_	_	_	_	_	_	_	KOUS	_	dass
8-8	690-693	der	_	_	_	_	_	_	_	_	ART	Nom.Sg.Masc	der
8-9	694-698	Held	_	_	_	_	_	_	_	_	NN	Nom.Sg.Masc	Held
8-10	699-702	ein	_	_	_	_	_	_	_	_	ART	Acc.Sg.Neut	ein
8-11	703-707	Ziel	_	_	_	_	_	_	_	_	NN	Acc.Sg.Neut	Ziel
8-12	708-711	hat	_	_	_	_	_	_	_	_	VAFIN	3.Sg.Pres.Ind	haben
8-13	712-713	,	_	_	_	_	_	_	_	_	$,	_	,
8-14	714-717	das	_	_	_	_	_	_	_	_	PRELS	Acc.Sg.Neut	der
8-15	718-720	er	_	_	_	_	_	_	_	_	PPER	3.Nom.Sg.Masc	er
8-16	721-730	erreichen	_	_	_	_	_	_	_	_	VVINF	Inf	erreichen
8-17	731-735	will	_	_	_	_	_	_	_	_	VMFIN	3.Sg.Pres.Ind	wollen
8-18	736-739	und	_	_	_	_	_	_	_	_	KON	_	und
8-19	740-743	für	_	_	_	_	_	_	_	_	APPR	_	für
8-20	744-747	das	_	_	_	_	_	_	_	_	PRELS	Acc.Sg.Neut	der
8-21	748-750	er	_	_	_	_	_	_	_	_	PPER	3.Nom.Sg.Masc	er
8-22	751-755	sich	_	_	_	_	_	_	_	_	PRF	3.Acc.Sg	sich
8-23	756-761	aktiv	_	_	_	_	_	_	_	_	ADJD	Pos	aktiv
8-24	762-770	einsetzt	_	_	_	_	_	_	_	_	VVFIN	3.Sg.Pres.Ind	einsetzen
8-25	771-772	.	_	_	_	_	_	_	_	_	$.	_	.

#Text=Der Antiheld will eigentlich in gar keiner Geschichte vorkommen , er will sein gewohntes Dasein führen , wird aber durch eine Person oder ein Ereignis zum Handeln gezwungen .
9-1	775-778	Der	_	_	_	_	_	_	_	_	ART	Nom.Sg.Masc	der
9-2	779-787	Antiheld	_	_	_	_	_	_	_	_	NN	Nom.Sg.Masc	Antiheld
9-3	788-792	will	_	_	_	_	_	_	_	_	VMFIN	3.Sg.Pres.Ind	wollen
9-4	793-803	eigentlich	_	_	_	_	_	_	_	_	ADV	_	eigentlich
9-5	804-806	in	_	_	_	_	_	_	_	_	APPR	_	in
9-6	807-810	gar	_	_	_	_	_	_	_	_	ADV	_	gar
9-7	811-817	keiner	_	_	_	_	_	_	_	_	PIAT	Dat.Sg.Fem	kein
9-8	818-828	Geschichte	_	_	_	_	_	_	_	_	NN	Dat.Sg.Fem	Geschichte
9-9	829-838	vorkommen	_	_	_	_	_	_	_	_	VVINF	Inf	vorkommen
9-10	839-840	,	_	_	_	_	_	_	_	_	$,	_	,
9-11	841-843	er	_	_	_	_	_	_	_	_	PPER	3.Nom.Sg.Masc	er
9-12	844-848	will	_	_	_	_	_	_	_	_	VMFIN	3.Sg.Pres.Ind	wollen
9-13	849-853	sein	_	_	_	_	_	_	_	_	PPOSAT	Acc.Sg.Neut	sein
9-14	854-863	gewohntes	_	_	_	_	_	_	_	_	ADJA	Pos.Acc.Sg.Neut	gewohnt
9-15	864-870	Dasein	_	_	_	_	_	_	_	_	NN	Acc.Sg.Neut	Dasein
9-16	871-877	führen	_	_	_	_	_	_	_	_	VVINF	Inf	führen
9-17	878-879	,	_	_	_	_	_	_	_	_	$,	_	,
9-18	880-884	wird	_	_	_	_	_	_	_	_	VAFIN	3.Sg.Pres.Ind	werden
9-19	885-889	aber	_	_	_	_	_	_	_	_	ADV	_	aber
9-20	890-895	durch	_	_	_	_	_	_	_	_	APPR	_	durch
9-21	896-900	eine	_	_	_	_	_	_	_	_	ART	Acc.Sg.Fem	ein
9-22	901-907	Person	_	_	_	_	_	_	_	_	NN	Acc.Sg.Fem	Person
9-23	908-912	oder	_	_	_	_	_	_	_	_	KON	_	oder
9-24	913-916	ein	_	_	_	_	_	_	_	_	ART	Acc.Sg.Neut	ein
9-25	917-925	Ereignis	_	_	_	_	_	_	_	_	NN	Acc.Sg.Neut	Ereignis
9-26	926-929	zum	_	_	_	_	_	_	_	_	APPRART	Dat.Sg.Neut	zu
9-27	930-937	Handeln	_	_	_	_	_	_	_	_	NN	Dat.Sg.Neut	handeln
9-28	938-947	gezwungen	_	_	_	_	_	_	_	_	VVPP	Psp	zwingen
9-29	948-949	.	_	_	_	_	_	_	_	_	$.	_	.

#Text=Ihm geht es ( zumindest am Anfang ) nicht darum , ein Ziel zu erreichen , sondern darum , endlich wieder seine Ruhe zu haben .
10-1	952-955	Ihm	_	_	_	_	_	_	_	_	PPER	3.Dat.Sg.Masc	ihm
10-2	956-960	geht	_	_	_	_	_	_	_	_	VVFIN	3.Sg.Pres.Ind	gehen
10-3	961-963	es	_	_	_	_	_	_	_	_	PPER	3.Nom.Sg.Neut	es
10-4	964-965	(	_	_	_	_	_	_	_	_	$(	_	(
10-5	966-975	zumindest	_	_	_	_	_	_	_	_	ADV	_	zumindest
10-6	976-978	am	_	_	_	_	_	_	_	_	APPRART	Dat.Sg.Masc	an
10-7	979-985	Anfang	_	_	_	_	_	_	_	_	NN	Dat.Sg.Masc	Anfang
10-8	986-987	)	_	_	_	_	_	_	_	_	$(	_	)
10-9	988-993	nicht	_	_	_	_	_	_	_	_	PTKNEG	_	nicht
10-10	994-999	darum	_	_	_	_	_	_	_	_	PROAV	_	darum
10-11	1000-1001	,	_	_	_	_	_	_	_	_	$,	_	,
10-12	1002-1005	ein	_	_	_	_	_	_	_	_	ART	Acc.Sg.Neut	ein
10-13	1006-1010	Ziel	_	_	_	_	_	_	_	_	NN	Acc.Sg.Neut	Ziel
10-14	1011-1013	zu	_	_	_	_	_	_	_	_	PTKZU	_	zu
10-15	1014-1023	erreichen	_	_	_	_	_	_	_	_	VVINF	Inf	erreichen
10-16	1024-1025	,	_	_	_	_	_	_	_	_	$,	_	,
10-17	1026-1033	sondern	_	_	_	_	_	_	_	_	KON	_	sondern
10-18	1034-1039	darum	_	_	_	_	_	_	_	_	PROAV	_	darum
10-19	1040-1041	,	_	_	_	_	_	_	_	_	$,	_	,
10-20	1042-1049	endlich	_	_	_	_	_	_	_	_	ADV	_	endlich
10-21	1050-1056	wieder	_	_	_	_	_	_	_	_	ADV	_	wieder
10-22	1057-1062	seine	_	_	_	_	_	_	_	_	PPOSAT	Acc.Sg.Fem	sein
10-23	1063-1067	Ruhe	_	_	_	_	_	_	_	_	NN	Acc.Sg.Fem	Ruhe
10-24	1068-1070	zu	_	_	_	_	_	_	_	_	PTKZU	_	zu
10-25	1071-1076	haben	_	_	_	_	_	_	_	_	VAINF	Inf	haben
10-26	1077-1078	.	_	_	_	_	_	_	_	_	$.	_	.

#Text=Außerdem braucht es einen Antagonisten , der sich dem Protagonisten entgegenstellt .
11-1	1081-1089	Außerdem	_	_	_	_	_	_	_	_	PROAV	_	außerdem
11-2	1090-1097	braucht	_	_	_	_	_	_	_	_	VVFIN	3.Sg.Pres.Ind	brauchen
11-3	1098-1100	es	_	_	_	_	_	_	_	_	PPER	3.Nom.Sg.Neut	es
11-4	1101-1106	einen	_	_	_	_	_	_	_	_	ART	Acc.Sg.Masc	ein
11-5	1107-1119	Antagonisten	_	_	_	_	_	_	_	_	NN	Acc.Sg.Masc	Antagonist
11-6	1120-1121	,	_	_	_	_	_	_	_	_	$,	_	,
11-7	1122-1125	der	_	_	_	_	_	_	_	_	PRELS	Nom.Sg.Masc	der
11-8	1126-1130	sich	_	_	_	_	_	_	_	_	PRF	3.Acc.Sg	sich
11-9	1131-1134	dem	_	_	_	_	_	_	_	_	ART	Dat.Sg.Masc	der
11-10	1135-1148	Protagonisten	_	_	_	_	_	_	_	_	NN	Dat.Sg.Masc	Protagonist
11-11	1149-1163	entgegenstellt	_	_	_	_	_	_	_	_	VVFIN	3.Sg.Pres.Ind	entgegenstellen
11-12	1164-1165	.	_	_	_	_	_	_	_	_	$.	_	.

#Text=Dabei muss es sich nicht unbedingt um einen Charakter wie z .
12-1	1168-1173	Dabei	_	_	_	_	_	_	_	_	PROAV	_	dabei
12-2	1174-1178	muss	_	_	_	_	_	_	_	_	VMFIN	3.Sg.Pres.Ind	müssen
12-3	1179-1181	es	_	_	_	_	_	_	_	_	PPER	3.Nom.Sg.Neut	es
12-4	1182-1186	sich	_	_	_	_	_	_	_	_	PRF	3.Acc.Sg	sich
12-5	1187-1192	nicht	_	_	_	_	_	_	_	_	PTKNEG	_	nicht
12-6	1193-1202	unbedingt	_	_	_	_	_	_	_	_	ADV	_	unbedingt
12-7	1203-1205	um	_	_	_	_	_	_	_	_	APPR	_	um
12-8	1206-1211	einen	_	_	_	_	_	_	_	_	ART	Acc.Sg.Masc	ein
12-9	1212-1221	Charakter	_	_	_	_	_	_	_	_	NN	Acc.Sg.Masc	Charakter
12-10	1222-1225	wie	_	_	_	_	_	_	_	_	KOKOM	_	wie
12-11	1226-1227	z	_	_	_	_	_	_	_	_	CARD	_	z
12-12	1228-1229	.	_	_	_	_	_	_	_	_	$.	_	.

#Text=B . " Dr .
13-1	1232-1233	B	_	_	_	_	_	_	_	_	XY	_	B
13-2	1234-1235	.	_	_	_	_	_	_	_	_	$.	_	.
13-3	1236-1237	"	_	_	_	_	_	_	_	_	$(	_	"
13-4	1238-1240	Dr	_	_	_	_	_	_	_	_	NE	Nom.Sg.*	Dr
13-5	1241-1242	.	_	_	_	_	_	_	_	_	$.	_	.

#Text=No " , " Agent Smith " , " Cruella de Ville " oder einen anderen Bösewicht handeln .
14-1	1245-1247	No	_	_	_	_	_	_	_	_	FM	_	No
14-2	1248-1249	"	_	_	_	_	_	_	_	_	FM	_	"
14-3	1250-1251	,	_	_	_	_	_	_	_	_	$,	_	,
14-4	1252-1253	"	_	_	_	_	_	_	_	_	$(	_	"
14-5	1254-1259	Agent	_	_	_	_	_	_	_	_	FM	_	Agent
14-6	1260-1265	Smith	_	_	_	_	_	_	_	_	FM	_	Smith
14-7	1266-1267	"	_	_	_	_	_	_	_	_	$(	_	"
14-8	1268-1269	,	_	_	_	_	_	_	_	_	$,	_	,
14-9	1270-1271	"	_	_	_	_	_	_	_	_	$(	_	"
14-10	1272-1279	Cruella	_	_	_	_	_	_	_	_	NE	*.*.*	Cruella
14-11	1280-1282	de	_	_	_	_	_	_	_	_	NE	*.*.*	de
14-12	1283-1288	Ville	_	_	_	_	_	_	_	_	FM	_	Ville
14-13	1289-1290	"	_	_	_	_	_	_	_	_	$(	_	"
14-14	1291-1295	oder	_	_	_	_	_	_	_	_	KON	_	oder
14-15	1296-1301	einen	_	_	_	_	_	_	_	_	ART	Acc.Sg.Masc	ein
14-16	1302-1309	anderen	_	_	_	_	_	_	_	_	ADJA	Pos.Acc.Sg.Masc	anderer
14-17	1310-1319	Bösewicht	_	_	_	_	_	_	_	_	NN	Acc.Sg.Masc	Bösewicht
14-18	1320-1327	handeln	_	_	_	_	_	_	_	_	VVFIN	3.Pl.Pres.Ind	handeln
14-19	1328-1329	.	_	_	_	_	_	_	_	_	$.	_	.

#Text=Es kann auch die Schüchternheit des Helden , seine vielleicht tödliche Krankheit oder seine Abhängigkeit von seiner Mutter sein .
15-1	1332-1334	Es	_	_	_	_	_	_	_	_	PPER	3.Nom.Sg.Neut	es
15-2	1335-1339	kann	_	_	_	_	_	_	_	_	VMFIN	3.Sg.Pres.Ind	können
15-3	1340-1344	auch	_	_	_	_	_	_	_	_	ADV	_	auch
15-4	1345-1348	die	_	_	_	_	_	_	_	_	ART	Nom.Sg.Fem	der
15-5	1349-1363	Schüchternheit	_	_	_	_	_	_	_	_	NN	Nom.Sg.Fem	Schüchternheit
15-6	1364-1367	des	_	_	_	_	_	_	_	_	ART	Gen.Sg.Masc	der
15-7	1368-1374	Helden	_	_	_	_	_	_	_	_	NN	Gen.Sg.Masc	Held
15-8	1375-1376	,	_	_	_	_	_	_	_	_	$,	_	,
15-9	1377-1382	seine	_	_	_	_	_	_	_	_	PPOSAT	Nom.Sg.Fem	sein
15-10	1383-1393	vielleicht	_	_	_	_	_	_	_	_	ADV	_	vielleicht
15-11	1394-1402	tödliche	_	_	_	_	_	_	_	_	ADJA	Pos.Nom.Sg.Fem	tödlich
15-12	1403-1412	Krankheit	_	_	_	_	_	_	_	_	NN	Nom.Sg.Fem	Krankheit
15-13	1413-1417	oder	_	_	_	_	_	_	_	_	KON	_	oder
15-14	1418-1423	seine	_	_	_	_	_	_	_	_	PPOSAT	Nom.Sg.Fem	sein
15-15	1424-1436	Abhängigkeit	_	_	_	_	_	_	_	_	NN	Nom.Sg.Fem	Abhängigkeit
15-16	1437-1440	von	_	_	_	_	_	_	_	_	APPR	_	von
15-17	1441-1447	seiner	_	_	_	_	_	_	_	_	PPOSAT	Dat.Sg.Fem	sein
15-18	1448-1454	Mutter	_	_	_	_	_	_	_	_	NN	Dat.Sg.Fem	Mutter
15-19	1455-1459	sein	_	_	_	_	_	_	_	_	VAINF	Inf	sein
15-20	1460-1461	.	_	_	_	_	_	_	_	_	$.	_	.

#Text=Jeder gute Film lebt von den Charakteren , nicht von bloßen Personen ( z . B . Bruce Willis in " Die Hard " ) .
16-1	1464-1469	Jeder	_	_	_	_	_	_	_	_	PIAT	Nom.Sg.Masc	jeder
16-2	1470-1474	gute	_	_	_	_	_	_	_	_	ADJA	Pos.Nom.Sg.Masc	gut
16-3	1475-1479	Film	_	_	_	_	_	_	_	_	NN	Nom.Sg.Masc	Film
16-4	1480-1484	lebt	_	_	_	_	_	_	_	_	VVFIN	3.Sg.Pres.Ind	leben
16-5	1485-1488	von	_	_	_	_	_	_	_	_	APPR	_	von
16-6	1489-1492	den	_	_	_	_	_	_	_	_	ART	Dat.Pl.Fem	der
16-7	1493-1504	Charakteren	_	_	_	_	_	_	_	_	NN	Dat.Pl.Fem	Charaktere
16-8	1505-1506	,	_	_	_	_	_	_	_	_	$,	_	,
16-9	1507-1512	nicht	_	_	_	_	_	_	_	_	PTKNEG	_	nicht
16-10	1513-1516	von	_	_	_	_	_	_	_	_	APPR	_	von
16-11	1517-1523	bloßen	_	_	_	_	_	_	_	_	ADJA	Pos.Dat.Pl.Fem	bloß
16-12	1524-1532	Personen	_	_	_	_	_	_	_	_	NN	Dat.Pl.Fem	Person
16-13	1533-1534	(	_	_	_	_	_	_	_	_	$(	_	(
16-14	1535-1536	z	_	_	_	_	_	_	_	_	CARD	_	z
16-15	1537-1538	.	_	_	_	_	_	_	_	_	$.	_	.
16-16	1539-1540	B	_	_	_	_	_	_	_	_	XY	_	B
16-17	1541-1542	.	_	_	_	_	_	_	_	_	$.	_	.
16-18	1543-1548	Bruce	_	_	_	_	_	_	_	_	NE	Nom.Sg.Masc	Bruce
16-19	1549-1555	Willis	_	_	_	_	_	_	_	_	NE	Nom.Sg.Masc	Willis
16-20	1556-1558	in	_	_	_	_	_	_	_	_	APPR	_	in
16-21	1559-1560	"	_	_	_	_	_	_	_	_	$(	_	"
16-22	1561-1564	Die	_	_	_	_	_	_	_	_	ART	Nom.Sg.Fem	der
16-23	1565-1569	Hard	_	_	_	_	_	_	_	_	NN	Nom.Sg.Fem	Hard
16-24	1570-1571	"	_	_	_	_	_	_	_	_	$(	_	"
16-25	1572-1573	)	_	_	_	_	_	_	_	_	$(	_	)
16-26	1574-1575	.	_	_	_	_	_	_	_	_	$.	_	.

#Text=Wie wird aber eine Person zu einem besonderen Charakter ?
17-1	1578-1581	Wie	_	_	_	_	_	_	_	_	PWAV	_	wie
17-2	1582-1586	wird	_	_	_	_	_	_	_	_	VAFIN	3.Sg.Pres.Ind	werden
17-3	1587-1591	aber	_	_	_	_	_	_	_	_	ADV	_	aber
17-4	1592-1596	eine	_	_	_	_	_	_	_	_	ART	Nom.Sg.Fem	ein
17-5	1597-1603	Person	_	_	_	_	_	_	_	_	NN	Nom.Sg.Fem	Person
17-6	1604-1606	zu	_	_	_	_	_	_	_	_	APPR	_	zu
17-7	1607-1612	einem	_	_	_	_	_	_	_	_	ART	Dat.Sg.Masc	ein
17-8	1613-1623	besonderen	_	_	_	_	_	_	_	_	ADJA	Pos.Dat.Sg.Masc	besonderer
17-9	1624-1633	Charakter	_	_	_	_	_	_	_	_	NN	Dat.Sg.Masc	Charakter
17-10	1634-1635	?	_	_	_	_	_	_	_	_	$.	_	?

#Text=Charaktere zeichnen sich durch markante Eigenschaften , Erlebnisse oder Verhaltensweisen aus ( egal ob positive oder negative ) .
18-1	1638-1648	Charaktere	_	_	_	_	_	_	_	_	NN	Nom.Pl.Masc	Charakter
18-2	1649-1657	zeichnen	_	_	_	_	_	_	_	_	VVFIN	3.Pl.Pres.Ind	zeichnen
18-3	1658-1662	sich	_	_	_	_	_	_	_	_	PRF	3.Acc.Pl	sich
18-4	1663-1668	durch	_	_	_	_	_	_	_	_	APPR	_	durch
18-5	1669-1677	markante	_	_	_	_	_	_	_	_	ADJA	Pos.Acc.Pl.Fem	markant
18-6	1678-1691	Eigenschaften	_	_	_	_	_	_	_	_	NN	Acc.Pl.Fem	Eigenschaft
18-7	1692-1693	,	_	_	_	_	_	_	_	_	$,	_	,
18-8	1694-1704	Erlebnisse	_	_	_	_	_	_	_	_	NN	Acc.Pl.Neut	Erlebnis
18-9	1705-1709	oder	_	_	_	_	_	_	_	_	KON	_	oder
18-10	1710-1726	Verhaltensweisen	_	_	_	_	_	_	_	_	NN	Acc.Pl.Fem	Verhaltensweise
18-11	1727-1730	aus	_	_	_	_	_	_	_	_	PTKVZ	_	aus
18-12	1731-1732	(	_	_	_	_	_	_	_	_	$(	_	(
18-13	1733-1737	egal	_	_	_	_	_	_	_	_	ADV	_	egal
18-14	1738-1740	ob	_	_	_	_	_	_	_	_	KOUS	_	ob
18-15	1741-1749	positive	_	_	_	_	_	_	_	_	ADJA	Pos.Nom.Pl.Masc	positiv
18-16	1750-1754	oder	_	_	_	_	_	_	_	_	KON	_	oder
18-17	1755-1763	negative	_	_	_	_	_	_	_	_	ADJA	Pos.Nom.Pl.Masc	negativ
18-18	1764-1765	)	_	_	_	_	_	_	_	_	$(	_	)
18-19	1766-1767	.	_	_	_	_	_	_	_	_	$.	_	.

#Text=Diese in Szenen dem Zuschauer näher zu bringen , ist die Aufgabe eines Drehbuchautors .
19-1	1770-1775	Diese	_	_	_	_	_	_	_	_	PDS	Nom.Sg.Fem	dieser
19-2	1776-1778	in	_	_	_	_	_	_	_	_	APPR	_	in
19-3	1779-1785	Szenen	_	_	_	_	_	_	_	_	NN	Dat.Pl.Fem	Szene
19-4	1786-1789	dem	_	_	_	_	_	_	_	_	ART	Dat.Sg.Masc	der
19-5	1790-1799	Zuschauer	_	_	_	_	_	_	_	_	NN	Dat.Sg.Masc	Zuschauer
19-6	1800-1805	näher	_	_	_	_	_	_	_	_	ADJD	Comp	nah
19-7	1806-1808	zu	_	_	_	_	_	_	_	_	PTKZU	_	zu
19-8	1809-1816	bringen	_	_	_	_	_	_	_	_	VVINF	Inf	bringen
19-9	1817-1818	,	_	_	_	_	_	_	_	_	$,	_	,
19-10	1819-1822	ist	_	_	_	_	_	_	_	_	VAFIN	3.Sg.Pres.Ind	sein
19-11	1823-1826	die	_	_	_	_	_	_	_	_	ART	Nom.Sg.Fem	der
19-12	1827-1834	Aufgabe	_	_	_	_	_	_	_	_	NN	Nom.Sg.Fem	Aufgabe
19-13	1835-1840	eines	_	_	_	_	_	_	_	_	ART	Gen.Sg.Masc	ein
19-14	1841-1855	Drehbuchautors	_	_	_	_	_	_	_	_	NN	Gen.Sg.Masc	Drehbuchautor
19-15	1856-1857	.	_	_	_	_	_	_	_	_	$.	_	.

#Text=Er muss versuchen , über die gesamte Dauer des Filmes aus einer gewöhnlichen Person einen wirklichen Charakter zu schaffen .
20-1	1860-1862	Er	_	_	_	_	_	_	_	_	PPER	3.Nom.Sg.Masc	er
20-2	1863-1867	muss	_	_	_	_	_	_	_	_	VMFIN	3.Sg.Pres.Ind	müssen
20-3	1868-1877	versuchen	_	_	_	_	_	_	_	_	VVINF	Inf	versuchen
20-4	1878-1879	,	_	_	_	_	_	_	_	_	$,	_	,
20-5	1880-1884	über	_	_	_	_	_	_	_	_	APPR	_	über
20-6	1885-1888	die	_	_	_	_	_	_	_	_	ART	Acc.Sg.Fem	der
20-7	1889-1896	gesamte	_	_	_	_	_	_	_	_	ADJA	Pos.Acc.Sg.Fem	gesamt
20-8	1897-1902	Dauer	_	_	_	_	_	_	_	_	NN	Acc.Sg.Fem	Dauer
20-9	1903-1906	des	_	_	_	_	_	_	_	_	ART	Gen.Sg.Masc	der
20-10	1907-1913	Filmes	_	_	_	_	_	_	_	_	NN	Gen.Sg.Masc	Film
20-11	1914-1917	aus	_	_	_	_	_	_	_	_	APPR	_	aus
20-12	1918-1923	einer	_	_	_	_	_	_	_	_	ART	Dat.Sg.Fem	ein
20-13	1924-1936	gewöhnlichen	_	_	_	_	_	_	_	_	ADJA	Pos.Dat.Sg.Fem	gewöhnlich
20-14	1937-1943	Person	_	_	_	_	_	_	_	_	NN	Dat.Sg.Fem	Person
20-15	1944-1949	einen	_	_	_	_	_	_	_	_	ART	Acc.Sg.Masc	ein
20-16	1950-1960	wirklichen	_	_	_	_	_	_	_	_	ADJA	Pos.Acc.Sg.Masc	wirklich
20-17	1961-1970	Charakter	_	_	_	_	_	_	_	_	NN	Acc.Sg.Masc	Charakter
20-18	1971-1973	zu	_	_	_	_	_	_	_	_	PTKZU	_	zu
20-19	1974-1982	schaffen	_	_	_	_	_	_	_	_	VVINF	Inf	schaffen
20-20	1983-1984	.	_	_	_	_	_	_	_	_	$.	_	.

#Text=Etwas Einzigartiges .
21-1	1987-1992	Etwas	_	_	_	_	_	_	_	_	PIAT	*.*.*	etwas
21-2	1993-2006	Einzigartiges	_	_	_	_	_	_	_	_	NN	Nom.Sg.Neut	einzigartige
21-3	2007-2008	.	_	_	_	_	_	_	_	_	$.	_	.

#Text=Dies erreicht er , indem er sich Szenen , Dialoge oder Ereignisse in seiner Geschichte einfallen lässt , die seinen Charakter dem Zuschauer vermitteln .
22-1	2011-2015	Dies	_	_	_	_	_	_	_	_	PDS	Acc.Sg.Neut	dieser
22-2	2016-2024	erreicht	_	_	_	_	_	_	_	_	VVFIN	3.Sg.Pres.Ind	erreichen
22-3	2025-2027	er	_	_	_	_	_	_	_	_	PPER	3.Nom.Sg.Masc	er
22-4	2028-2029	,	_	_	_	_	_	_	_	_	$,	_	,
22-5	2030-2035	indem	_	_	_	_	_	_	_	_	KOUS	_	indem
22-6	2036-2038	er	_	_	_	_	_	_	_	_	PPER	3.Nom.Sg.Masc	er
22-7	2039-2043	sich	_	_	_	_	_	_	_	_	PRF	3.Dat.Sg	sich
22-8	2044-2050	Szenen	_	_	_	_	_	_	_	_	NN	Acc.Pl.Fem	Szene
22-9	2051-2052	,	_	_	_	_	_	_	_	_	$,	_	,
22-10	2053-2060	Dialoge	_	_	_	_	_	_	_	_	NN	Acc.Pl.Masc	Dialog
22-11	2061-2065	oder	_	_	_	_	_	_	_	_	KON	_	oder
22-12	2066-2076	Ereignisse	_	_	_	_	_	_	_	_	NN	Acc.Pl.Neut	Ereignis
22-13	2077-2079	in	_	_	_	_	_	_	_	_	APPR	_	in
22-14	2080-2086	seiner	_	_	_	_	_	_	_	_	PPOSAT	Dat.Sg.Fem	sein
22-15	2087-2097	Geschichte	_	_	_	_	_	_	_	_	NN	Dat.Sg.Fem	Geschichte
22-16	2098-2107	einfallen	_	_	_	_	_	_	_	_	VVINF	Inf	einfallen
22-17	2108-2113	lässt	_	_	_	_	_	_	_	_	VVFIN	3.Sg.Pres.Ind	lassen
22-18	2114-2115	,	_	_	_	_	_	_	_	_	$,	_	,
22-19	2116-2119	die	_	_	_	_	_	_	_	_	PRELS	Nom.Pl.Fem	der
22-20	2120-2126	seinen	_	_	_	_	_	_	_	_	PPOSAT	Acc.Sg.Masc	sein
22-21	2127-2136	Charakter	_	_	_	_	_	_	_	_	NN	Acc.Sg.Masc	Charakter
22-22	2137-2140	dem	_	_	_	_	_	_	_	_	ART	Dat.Sg.Masc	der
22-23	2141-2150	Zuschauer	_	_	_	_	_	_	_	_	NN	Dat.Sg.Masc	Zuschauer
22-24	2151-2161	vermitteln	_	_	_	_	_	_	_	_	VVFIN	3.Pl.Pres.Ind	vermitteln
22-25	2162-2163	.	_	_	_	_	_	_	_	_	$.	_	.

#Text=Dabei sollte für den Drehbuchautor die oberste Prämisse die Glaubwürdigkeit des Charakters seiner Figur sein .
23-1	2166-2171	Dabei	_	_	_	_	_	_	_	_	PROAV	_	dabei
23-2	2172-2178	sollte	_	_	_	_	_	_	_	_	VMFIN	3.Sg.Past.Ind	sollen
23-3	2179-2182	für	_	_	_	_	_	_	_	_	APPR	_	für
23-4	2183-2186	den	_	_	_	_	_	_	_	_	ART	Acc.Sg.Masc	der
23-5	2187-2200	Drehbuchautor	_	_	_	_	_	_	_	_	NN	Acc.Sg.Masc	Drehbuchautor
23-6	2201-2204	die	_	_	_	_	_	_	_	_	ART	Nom.Sg.Fem	der
23-7	2205-2212	oberste	_	_	_	_	_	_	_	_	ADJA	Sup.Nom.Sg.Fem	oberer
23-8	2213-2221	Prämisse	_	_	_	_	_	_	_	_	NN	Nom.Sg.Fem	Prämisse
23-9	2222-2225	die	_	_	_	_	_	_	_	_	ART	Nom.Sg.Fem	der
23-10	2226-2241	Glaubwürdigkeit	_	_	_	_	_	_	_	_	NN	Nom.Sg.Fem	Glaubwürdigkeit
23-11	2242-2245	des	_	_	_	_	_	_	_	_	ART	Gen.Sg.Masc	der
23-12	2246-2256	Charakters	_	_	_	_	_	_	_	_	NN	Gen.Sg.Masc	Charakter
23-13	2257-2263	seiner	_	_	_	_	_	_	_	_	PPOSAT	Gen.Sg.Fem	sein
23-14	2264-2269	Figur	_	_	_	_	_	_	_	_	NN	Gen.Sg.Fem	Figur
23-15	2270-2274	sein	_	_	_	_	_	_	_	_	VAINF	Inf	sein
23-16	2275-2276	.	_	_	_	_	_	_	_	_	$.	_	.

#Text=Nichts ist schädlicher für einen Film als unglaubwürdige Charaktere .
24-1	2279-2285	Nichts	_	_	_	_	_	_	_	_	PIS	*.*.Neut	nichts
24-2	2286-2289	ist	_	_	_	_	_	_	_	_	VAFIN	3.Sg.Pres.Ind	sein
24-3	2290-2301	schädlicher	_	_	_	_	_	_	_	_	ADJD	Comp	schädlich
24-4	2302-2305	für	_	_	_	_	_	_	_	_	APPR	_	für
24-5	2306-2311	einen	_	_	_	_	_	_	_	_	ART	Acc.Sg.Masc	ein
24-6	2312-2316	Film	_	_	_	_	_	_	_	_	NN	Acc.Sg.Masc	Film
24-7	2317-2320	als	_	_	_	_	_	_	_	_	KOKOM	_	als
24-8	2321-2335	unglaubwürdige	_	_	_	_	_	_	_	_	ADJA	Pos.Nom.Pl.Masc	unglaubwürdig
24-9	2336-2346	Charaktere	_	_	_	_	_	_	_	_	NN	Nom.Pl.Masc	Charakter
24-10	2347-2348	.	_	_	_	_	_	_	_	_	$.	_	.

#Text=Dabei sollten Sie aber beachten , dass die meisten anspruchsvollen Cineasten nicht die stereotypen Helden und Bösewichter mögen .
25-1	2351-2356	Dabei	_	_	_	_	_	_	_	_	PROAV	_	dabei
25-2	2357-2364	sollten	_	_	_	_	_	_	_	_	VMFIN	3.Pl.Past.Subj	sollen
25-3	2365-2368	Sie	_	_	_	_	_	_	_	_	PPER	3.Nom.Pl.*	sie
25-4	2369-2373	aber	_	_	_	_	_	_	_	_	ADV	_	aber
25-5	2374-2382	beachten	_	_	_	_	_	_	_	_	VVINF	Inf	beachten
25-6	2383-2384	,	_	_	_	_	_	_	_	_	$,	_	,
25-7	2385-2389	dass	_	_	_	_	_	_	_	_	KOUS	_	dass
25-8	2390-2393	die	_	_	_	_	_	_	_	_	ART	Nom.Pl.Masc	der
25-9	2394-2401	meisten	_	_	_	_	_	_	_	_	PIAT	Nom.Pl.Masc	meister
25-10	2402-2417	anspruchsvollen	_	_	_	_	_	_	_	_	ADJA	Pos.Nom.Pl.Masc	anspruchsvoll
25-11	2418-2427	Cineasten	_	_	_	_	_	_	_	_	NN	Nom.Pl.Masc	Cineast
25-12	2428-2433	nicht	_	_	_	_	_	_	_	_	PTKNEG	_	nicht
25-13	2434-2437	die	_	_	_	_	_	_	_	_	ART	Acc.Pl.Masc	der
25-14	2438-2449	stereotypen	_	_	_	_	_	_	_	_	ADJA	Pos.Acc.Pl.Masc	stereotyp
25-15	2450-2456	Helden	_	_	_	_	_	_	_	_	NN	Acc.Pl.Masc	Held
25-16	2457-2460	und	_	_	_	_	_	_	_	_	KON	_	und
25-17	2461-2472	Bösewichter	_	_	_	_	_	_	_	_	NN	Acc.Pl.Masc	Bösewichter
25-18	2473-2478	mögen	_	_	_	_	_	_	_	_	VMFIN	3.Pl.Pres.Ind	mögen
25-19	2479-2480	.	_	_	_	_	_	_	_	_	$.	_	.

#Text=Sie sollten immer versuchen , besondere Charaktere zu schaffen , die alle auf ihre Art und Weise einzigartig sind ( so wie Ihr Drehbuch ) .
26-1	2483-2486	Sie	_	_	_	_	_	_	_	_	PPER	3.Nom.Pl.*	sie
26-2	2487-2494	sollten	_	_	_	_	_	_	_	_	VMFIN	3.Pl.Past.Ind	sollen
26-3	2495-2500	immer	_	_	_	_	_	_	_	_	ADV	_	immer
26-4	2501-2510	versuchen	_	_	_	_	_	_	_	_	VVINF	Inf	versuchen
26-5	2511-2512	,	_	_	_	_	_	_	_	_	$,	_	,
26-6	2513-2522	besondere	_	_	_	_	_	_	_	_	ADJA	Pos.Acc.Pl.Masc	besonderer
26-7	2523-2533	Charaktere	_	_	_	_	_	_	_	_	NN	Acc.Pl.Masc	Charakter
26-8	2534-2536	zu	_	_	_	_	_	_	_	_	PTKZU	_	zu
26-9	2537-2545	schaffen	_	_	_	_	_	_	_	_	VVINF	Inf	schaffen
26-10	2546-2547	,	_	_	_	_	_	_	_	_	$,	_	,
26-11	2548-2551	die	_	_	_	_	_	_	_	_	PRELS	Nom.Pl.Masc	der
26-12	2552-2556	alle	_	_	_	_	_	_	_	_	PIS	Nom.Pl.*	alle
26-13	2557-2560	auf	_	_	_	_	_	_	_	_	APPR	_	auf
26-14	2561-2565	ihre	_	_	_	_	_	_	_	_	PPOSAT	Acc.Sg.Fem	ihr
26-15	2566-2569	Art	_	_	_	_	_	_	_	_	NN	Acc.Sg.Fem	Art
26-16	2570-2573	und	_	_	_	_	_	_	_	_	KON	_	und
26-17	2574-2579	Weise	_	_	_	_	_	_	_	_	NN	Acc.Sg.Fem	Weise
26-18	2580-2591	einzigartig	_	_	_	_	_	_	_	_	ADJD	Pos	einzigartig
26-19	2592-2596	sind	_	_	_	_	_	_	_	_	VAFIN	3.Pl.Pres.Ind	sein
26-20	2597-2598	(	_	_	_	_	_	_	_	_	$(	_	(
26-21	2599-2601	so	_	_	_	_	_	_	_	_	ADV	_	so
26-22	2602-2605	wie	_	_	_	_	_	_	_	_	KOKOM	_	wie
26-23	2606-2609	Ihr	_	_	_	_	_	_	_	_	PPOSAT	Nom.Sg.Neut	ihr
26-24	2610-2618	Drehbuch	_	_	_	_	_	_	_	_	NN	Nom.Sg.Neut	Drehbuch
26-25	2619-2620	)	_	_	_	_	_	_	_	_	$(	_	)
26-26	2621-2622	.	_	_	_	_	_	_	_	_	$.	_	.

#Text=Warum ist dies wichtig ?
27-1	2625-2630	Warum	_	_	_	_	_	_	_	_	PWAV	_	warum
27-2	2631-2634	ist	_	_	_	_	_	_	_	_	VAFIN	3.Sg.Pres.Ind	sein
27-3	2635-2639	dies	_	_	_	_	_	_	_	_	PDS	Nom.Sg.Neut	dieser
27-4	2640-2647	wichtig	_	_	_	_	_	_	_	_	ADJD	Pos	wichtig
27-5	2648-2649	?	_	_	_	_	_	_	_	_	$.	_	?

#Text=Die meisten Menschen schauen sich Filme in Kinos oder im Fernsehen zwar an , weil sie unterhalten werden möchten , aber sehr viele möchten sich , wenn auch meistens unterbewusst , auch mit den Charakteren des Filmes identifizieren .
28-1	2652-2655	Die	_	_	_	_	_	_	_	_	ART	Nom.Pl.Masc	der
28-2	2656-2663	meisten	_	_	_	_	_	_	_	_	PIAT	Nom.Pl.Masc	meister
28-3	2664-2672	Menschen	_	_	_	_	_	_	_	_	NN	Nom.Pl.Masc	Mensch
28-4	2673-2680	schauen	_	_	_	_	_	_	_	_	VVFIN	3.Pl.Pres.Ind	schauen
28-5	2681-2685	sich	_	_	_	_	_	_	_	_	PRF	3.Acc.Pl	sich
28-6	2686-2691	Filme	_	_	_	_	_	_	_	_	NN	Acc.Pl.Masc	Film
28-7	2692-2694	in	_	_	_	_	_	_	_	_	APPR	_	in
28-8	2695-2700	Kinos	_	_	_	_	_	_	_	_	NN	Dat.Pl.Neut	Kino
28-9	2701-2705	oder	_	_	_	_	_	_	_	_	KON	_	oder
28-10	2706-2708	im	_	_	_	_	_	_	_	_	APPRART	Dat.Sg.Neut	in
28-11	2709-2718	Fernsehen	_	_	_	_	_	_	_	_	NN	Dat.Sg.Neut	Fernsehen
28-12	2719-2723	zwar	_	_	_	_	_	_	_	_	ADV	_	zwar
28-13	2724-2726	an	_	_	_	_	_	_	_	_	PTKVZ	_	an
28-14	2727-2728	,	_	_	_	_	_	_	_	_	$,	_	,
28-15	2729-2733	weil	_	_	_	_	_	_	_	_	KOUS	_	weil
28-16	2734-2737	sie	_	_	_	_	_	_	_	_	PPER	3.Nom.Pl.Masc	sie
28-17	2738-2749	unterhalten	_	_	_	_	_	_	_	_	VVPP	Psp	unterhalten
28-18	2750-2756	werden	_	_	_	_	_	_	_	_	VAINF	Inf	werden
28-19	2757-2764	möchten	_	_	_	_	_	_	_	_	VMFIN	3.Pl.Pres.Ind	möchten
28-20	2765-2766	,	_	_	_	_	_	_	_	_	$,	_	,
28-21	2767-2771	aber	_	_	_	_	_	_	_	_	KON	_	aber
28-22	2772-2776	sehr	_	_	_	_	_	_	_	_	ADV	_	sehr
28-23	2777-2782	viele	_	_	_	_	_	_	_	_	PIS	Nom.Pl.*	viele
28-24	2783-2790	möchten	_	_	_	_	_	_	_	_	VMFIN	3.Pl.Pres.Ind	möchten
28-25	2791-2795	sich	_	_	_	_	_	_	_	_	PRF	3.Acc.Pl	sich
28-26	2796-2797	,	_	_	_	_	_	_	_	_	$,	_	,
28-27	2798-2802	wenn	_	_	_	_	_	_	_	_	KOUS	_	wenn
28-28	2803-2807	auch	_	_	_	_	_	_	_	_	ADV	_	auch
28-29	2808-2816	meistens	_	_	_	_	_	_	_	_	ADV	_	meistens
28-30	2817-2829	unterbewusst	_	_	_	_	_	_	_	_	VVPP	Psp	unterbewussen
28-31	2830-2831	,	_	_	_	_	_	_	_	_	$,	_	,
28-32	2832-2836	auch	_	_	_	_	_	_	_	_	ADV	_	auch
28-33	2837-2840	mit	_	_	_	_	_	_	_	_	APPR	_	mit
28-34	2841-2844	den	_	_	_	_	_	_	_	_	ART	Dat.Pl.Fem	der
28-35	2845-2856	Charakteren	_	_	_	_	_	_	_	_	NN	Dat.Pl.Fem	Charaktere
28-36	2857-2860	des	_	_	_	_	_	_	_	_	ART	Gen.Sg.Masc	der
28-37	2861-2867	Filmes	_	_	_	_	_	_	_	_	NN	Gen.Sg.Masc	Film
28-38	2868-2882	identifizieren	_	_	_	_	_	_	_	_	VVINF	Inf	identifizieren
28-39	2883-2884	.	_	_	_	_	_	_	_	_	$.	_	.

#Text=Wenn Sie schaffen , dies in einem Drehbuch umzusetzen , haben Sie schon die Hälfte geschafft .
29-1	2887-2891	Wenn	_	_	_	_	_	_	_	_	KOUS	_	wenn
29-2	2892-2895	Sie	_	_	_	_	_	_	_	_	PPER	3.Nom.Pl.*	sie
29-3	2896-2904	schaffen	_	_	_	_	_	_	_	_	VVFIN	3.Pl.Pres.Ind	schaffen
29-4	2905-2906	,	_	_	_	_	_	_	_	_	$,	_	,
29-5	2907-2911	dies	_	_	_	_	_	_	_	_	PDS	Acc.Sg.Neut	dieser
29-6	2912-2914	in	_	_	_	_	_	_	_	_	APPR	_	in
29-7	2915-2920	einem	_	_	_	_	_	_	_	_	ART	Dat.Sg.Neut	ein
29-8	2921-2929	Drehbuch	_	_	_	_	_	_	_	_	NN	Dat.Sg.Neut	Drehbuch
29-9	2930-2940	umzusetzen	_	_	_	_	_	_	_	_	VVIZU	Infzu	umsetzen
29-10	2941-2942	,	_	_	_	_	_	_	_	_	$,	_	,
29-11	2943-2948	haben	_	_	_	_	_	_	_	_	VAFIN	3.Pl.Pres.Ind	haben
29-12	2949-2952	Sie	_	_	_	_	_	_	_	_	PPER	3.Nom.Pl.*	sie
29-13	2953-2958	schon	_	_	_	_	_	_	_	_	ADV	_	schon
29-14	2959-2962	die	_	_	_	_	_	_	_	_	ART	Acc.Sg.Fem	der
29-15	2963-2969	Hälfte	_	_	_	_	_	_	_	_	NN	Acc.Sg.Fem	Hälfte
29-16	2970-2979	geschafft	_	_	_	_	_	_	_	_	VVPP	Psp	schaffen
29-17	2980-2981	.	_	_	_	_	_	_	_	_	$.	_	.

#Text=Sie sollten deswegen auch auf stereotype Helden und Bösewichte oder Ähnliches verzichten .
30-1	2984-2987	Sie	_	_	_	_	_	_	_	_	PPER	3.Nom.Pl.*	sie
30-2	2988-2995	sollten	_	_	_	_	_	_	_	_	VMFIN	3.Pl.Past.Ind	sollen
30-3	2996-3004	deswegen	_	_	_	_	_	_	_	_	PROAV	_	deswegen
30-4	3005-3009	auch	_	_	_	_	_	_	_	_	ADV	_	auch
30-5	3010-3013	auf	_	_	_	_	_	_	_	_	APPR	_	auf
30-6	3014-3024	stereotype	_	_	_	_	_	_	_	_	ADJA	Pos.Acc.Pl.Masc	stereotyp
30-7	3025-3031	Helden	_	_	_	_	_	_	_	_	NN	Acc.Pl.Masc	Held
30-8	3032-3035	und	_	_	_	_	_	_	_	_	KON	_	und
30-9	3036-3046	Bösewichte	_	_	_	_	_	_	_	_	NN	Acc.Pl.Masc	Bösewicht
30-10	3047-3051	oder	_	_	_	_	_	_	_	_	KON	_	oder
30-11	3052-3061	Ähnliches	_	_	_	_	_	_	_	_	NN	Acc.Sg.Neut	ähnliche
30-12	3062-3072	verzichten	_	_	_	_	_	_	_	_	VVINF	Inf	verzichten
30-13	3073-3074	.	_	_	_	_	_	_	_	_	$.	_	.

#Text=Lassen Sie ihre Charaktere etwas Besonderes sein .
31-1	3077-3083	Lassen	_	_	_	_	_	_	_	_	VVFIN	3.Pl.Pres.Ind	lassen
31-2	3084-3087	Sie	_	_	_	_	_	_	_	_	PPER	3.Nom.Pl.*	sie
31-3	3088-3092	ihre	_	_	_	_	_	_	_	_	PPOSAT	Acc.Pl.Masc	ihr
31-4	3093-3103	Charaktere	_	_	_	_	_	_	_	_	NN	Acc.Pl.Masc	Charakter
31-5	3104-3109	etwas	_	_	_	_	_	_	_	_	PIAT	*.*.*	etwas
31-6	3110-3120	Besonderes	_	_	_	_	_	_	_	_	NN	Nom.Sg.Neut	besondere
31-7	3121-3125	sein	_	_	_	_	_	_	_	_	VAINF	Inf	sein
31-8	3126-3127	.	_	_	_	_	_	_	_	_	$.	_	.

#Text=Die Originalität ihrer Charaktere macht einen großen Teil der Vitalität ihres Filmes aus ( Beispiele gibt es genügend in der Filmwelt ( Captain Jack Sparrow - Pirates Of The Caribbean ) ) .
32-1	3130-3133	Die	_	_	_	_	_	_	_	_	ART	Nom.Sg.Fem	der
32-2	3134-3146	Originalität	_	_	_	_	_	_	_	_	NN	Nom.Sg.Fem	Originalität
32-3	3147-3152	ihrer	_	_	_	_	_	_	_	_	PPOSAT	Gen.Pl.Masc	ihr
32-4	3153-3163	Charaktere	_	_	_	_	_	_	_	_	NN	Gen.Pl.Masc	Charakter
32-5	3164-3169	macht	_	_	_	_	_	_	_	_	VVFIN	3.Sg.Pres.Ind	machen
32-6	3170-3175	einen	_	_	_	_	_	_	_	_	ART	Acc.Sg.Masc	ein
32-7	3176-3182	großen	_	_	_	_	_	_	_	_	ADJA	Pos.Acc.Sg.Masc	groß
32-8	3183-3187	Teil	_	_	_	_	_	_	_	_	NN	Acc.Sg.Masc	Teil
32-9	3188-3191	der	_	_	_	_	_	_	_	_	ART	Gen.Sg.Fem	der
32-10	3192-3201	Vitalität	false	0Kern	true	true	Lebenskraft, -freude	true	*	Strahlkraft	NN	Gen.Sg.Fem	Vitalität
32-11	3202-3207	ihres	_	_	_	_	_	_	_	_	PPOSAT	Gen.Sg.Masc	ihr
32-12	3208-3214	Filmes	_	_	_	_	_	_	_	_	NN	Gen.Sg.Masc	Film
32-13	3215-3218	aus	_	_	_	_	_	_	_	_	PTKVZ	_	aus
32-14	3219-3220	(	_	_	_	_	_	_	_	_	$(	_	(
32-15	3221-3230	Beispiele	_	_	_	_	_	_	_	_	NN	Acc.Pl.Neut	Beispiel
32-16	3231-3235	gibt	_	_	_	_	_	_	_	_	VVFIN	3.Sg.Pres.Ind	geben
32-17	3236-3238	es	_	_	_	_	_	_	_	_	PPER	3.Nom.Sg.Neut	es
32-18	3239-3247	genügend	_	_	_	_	_	_	_	_	ADJD	Pos	genügend
32-19	3248-3250	in	_	_	_	_	_	_	_	_	APPR	_	in
32-20	3251-3254	der	_	_	_	_	_	_	_	_	ART	Dat.Sg.Fem	der
32-21	3255-3263	Filmwelt	_	_	_	_	_	_	_	_	NN	Dat.Sg.Fem	Filmwelt
32-22	3264-3265	(	_	_	_	_	_	_	_	_	$(	_	(
32-23	3266-3273	Captain	_	_	_	_	_	_	_	_	NN	Nom.Sg.Masc	Captain
32-24	3274-3278	Jack	_	_	_	_	_	_	_	_	NE	Nom.Sg.Masc	Jack
32-25	3279-3286	Sparrow	_	_	_	_	_	_	_	_	NE	Nom.Sg.Masc	Sparrow
32-26	3287-3288	-	_	_	_	_	_	_	_	_	$(	_	-
32-27	3289-3296	Pirates	_	_	_	_	_	_	_	_	NE	*.*.*	Pirates
32-28	3297-3299	Of	_	_	_	_	_	_	_	_	NE	*.*.*	Of
32-29	3300-3303	The	_	_	_	_	_	_	_	_	NE	*.*.*	The
32-30	3304-3313	Caribbean	_	_	_	_	_	_	_	_	NE	Nom.Sg.*	Caribbean
32-31	3314-3315	)	_	_	_	_	_	_	_	_	$(	_	)
32-32	3316-3317	)	_	_	_	_	_	_	_	_	$(	_	)
32-33	3318-3319	.	_	_	_	_	_	_	_	_	$.	_	.

#Text=Außerdem muss der Protagonist im Laufe ihrer Geschichte eine Wandlung durchlaufen , zu einer Erkenntnis gelangen , etc . Bleibt er von allen Vorkommnissen unbeeindruckt , erscheint er schnell hölzern und unrealistisch .
33-1	3322-3330	Außerdem	_	_	_	_	_	_	_	_	PROAV	_	außerdem
33-2	3331-3335	muss	_	_	_	_	_	_	_	_	VMFIN	3.Sg.Pres.Ind	müssen
33-3	3336-3339	der	_	_	_	_	_	_	_	_	ART	Nom.Sg.Masc	der
33-4	3340-3351	Protagonist	_	_	_	_	_	_	_	_	NN	Nom.Sg.Masc	Protagonist
33-5	3352-3354	im	_	_	_	_	_	_	_	_	APPRART	Dat.Sg.Masc	in
33-6	3355-3360	Laufe	_	_	_	_	_	_	_	_	NN	Dat.Sg.Masc	Lauf
33-7	3361-3366	ihrer	_	_	_	_	_	_	_	_	PPOSAT	Gen.Sg.Fem	ihr
33-8	3367-3377	Geschichte	_	_	_	_	_	_	_	_	NN	Gen.Sg.Fem	Geschichte
33-9	3378-3382	eine	_	_	_	_	_	_	_	_	ART	Acc.Sg.Fem	ein
33-10	3383-3391	Wandlung	_	_	_	_	_	_	_	_	NN	Acc.Sg.Fem	Wandlung
33-11	3392-3403	durchlaufen	_	_	_	_	_	_	_	_	VVINF	Inf	durchlaufen
33-12	3404-3405	,	_	_	_	_	_	_	_	_	$,	_	,
33-13	3406-3408	zu	_	_	_	_	_	_	_	_	APPR	_	zu
33-14	3409-3414	einer	_	_	_	_	_	_	_	_	ART	Dat.Sg.Fem	ein
33-15	3415-3425	Erkenntnis	_	_	_	_	_	_	_	_	NN	Dat.Sg.Fem	Erkenntnis
33-16	3426-3434	gelangen	_	_	_	_	_	_	_	_	VVINF	Inf	gelangen
33-17	3435-3436	,	_	_	_	_	_	_	_	_	$,	_	,
33-18	3437-3440	etc	_	_	_	_	_	_	_	_	ADV	_	etc
33-19	3441-3442	.	_	_	_	_	_	_	_	_	$.	_	.
33-20	3443-3449	Bleibt	_	_	_	_	_	_	_	_	VVFIN	3.Sg.Pres.Ind	bleiben
33-21	3450-3452	er	_	_	_	_	_	_	_	_	PPER	3.Nom.Sg.Masc	er
33-22	3453-3456	von	_	_	_	_	_	_	_	_	APPR	_	von
33-23	3457-3462	allen	_	_	_	_	_	_	_	_	PIAT	Dat.Pl.Neut	aller
33-24	3463-3476	Vorkommnissen	_	_	_	_	_	_	_	_	NN	Dat.Pl.Neut	Vorkommnis
33-25	3477-3490	unbeeindruckt	_	_	_	_	_	_	_	_	ADJD	Pos	unbeeindruckt
33-26	3491-3492	,	_	_	_	_	_	_	_	_	$,	_	,
33-27	3493-3502	erscheint	_	_	_	_	_	_	_	_	VVFIN	3.Sg.Pres.Ind	erscheinen
33-28	3503-3505	er	_	_	_	_	_	_	_	_	PPER	3.Nom.Sg.Masc	er
33-29	3506-3513	schnell	_	_	_	_	_	_	_	_	ADJD	Pos	schnell
33-30	3514-3521	hölzern	_	_	_	_	_	_	_	_	VVINF	Inf	hölzern
33-31	3522-3525	und	_	_	_	_	_	_	_	_	KON	_	und
33-32	3526-3539	unrealistisch	_	_	_	_	_	_	_	_	ADJD	Pos	unrealistisch
33-33	3540-3541	.	_	_	_	_	_	_	_	_	$.	_	.

#Text=Ein Werkzeug zur Schaffung einer interessanten und wandlungsfähigen Figur ist z .
34-1	3544-3547	Ein	_	_	_	_	_	_	_	_	ART	Nom.Sg.Neut	ein
34-2	3548-3556	Werkzeug	_	_	_	_	_	_	_	_	NN	Nom.Sg.Neut	Werkzeug
34-3	3557-3560	zur	_	_	_	_	_	_	_	_	APPRART	Dat.Sg.Fem	zu
34-4	3561-3570	Schaffung	_	_	_	_	_	_	_	_	NN	Dat.Sg.Fem	Schaffung
34-5	3571-3576	einer	_	_	_	_	_	_	_	_	ART	Gen.Sg.Fem	ein
34-6	3577-3590	interessanten	_	_	_	_	_	_	_	_	ADJA	Pos.Gen.Sg.Fem	interessant
34-7	3591-3594	und	_	_	_	_	_	_	_	_	KON	_	und
34-8	3595-3611	wandlungsfähigen	_	_	_	_	_	_	_	_	ADJA	Pos.Gen.Sg.Fem	wandlungsfähig
34-9	3612-3617	Figur	_	_	_	_	_	_	_	_	NN	Gen.Sg.Fem	Figur
34-10	3618-3621	ist	_	_	_	_	_	_	_	_	VAFIN	3.Sg.Pres.Ind	sein
34-11	3622-3623	z	_	_	_	_	_	_	_	_	CARD	_	z
34-12	3624-3625	.	_	_	_	_	_	_	_	_	$.	_	.

#Text=B . das Must need Konzept .
35-1	3628-3629	B	_	_	_	_	_	_	_	_	XY	_	B
35-2	3630-3631	.	_	_	_	_	_	_	_	_	$.	_	.
35-3	3632-3635	das	_	_	_	_	_	_	_	_	ART	Nom.Sg.Neut	der
35-4	3636-3640	Must	_	_	_	_	_	_	_	_	NN	Nom.Sg.Neut	Must
35-5	3641-3645	need	_	_	_	_	_	_	_	_	APPR	_	need
35-6	3646-3653	Konzept	_	_	_	_	_	_	_	_	NN	Acc.Sg.Neut	Konzept
35-7	3654-3655	.	_	_	_	_	_	_	_	_	$.	_	.

#Text=Eine Figur , vor allem der Protagonist , braucht ein dramatisches Ziel , das " must " .
36-1	3658-3662	Eine	_	_	_	_	_	_	_	_	ART	Nom.Sg.Fem	ein
36-2	3663-3668	Figur	_	_	_	_	_	_	_	_	NN	Nom.Sg.Fem	Figur
36-3	3669-3670	,	_	_	_	_	_	_	_	_	$,	_	,
36-4	3671-3674	vor	_	_	_	_	_	_	_	_	APPR	_	vor
36-5	3675-3680	allem	_	_	_	_	_	_	_	_	PIS	Dat.Sg.Neut	alle
36-6	3681-3684	der	_	_	_	_	_	_	_	_	ART	Nom.Sg.Masc	der
36-7	3685-3696	Protagonist	_	_	_	_	_	_	_	_	NN	Nom.Sg.Masc	Protagonist
36-8	3697-3698	,	_	_	_	_	_	_	_	_	$,	_	,
36-9	3699-3706	braucht	_	_	_	_	_	_	_	_	VVFIN	3.Sg.Pres.Ind	brauchen
36-10	3707-3710	ein	_	_	_	_	_	_	_	_	ART	Acc.Sg.Neut	ein
36-11	3711-3723	dramatisches	_	_	_	_	_	_	_	_	ADJA	Pos.Acc.Sg.Neut	dramatisch
36-12	3724-3728	Ziel	_	_	_	_	_	_	_	_	NN	Acc.Sg.Neut	Ziel
36-13	3729-3730	,	_	_	_	_	_	_	_	_	$,	_	,
36-14	3731-3734	das	_	_	_	_	_	_	_	_	PRELS	Nom.Sg.Neut	der
36-15	3735-3736	"	_	_	_	_	_	_	_	_	$(	_	"
36-16	3737-3741	must	_	_	_	_	_	_	_	_	VVFIN	3.Sg.Pres.Ind	musen
36-17	3742-3743	"	_	_	_	_	_	_	_	_	$(	_	"
36-18	3744-3745	.	_	_	_	_	_	_	_	_	$.	_	.

#Text=Er hat aber auch eine unbewusste Eigenschaft , das " need " , das diesem Ziel entgegensteht .
37-1	3748-3750	Er	_	_	_	_	_	_	_	_	PPER	3.Nom.Sg.Masc	er
37-2	3751-3754	hat	_	_	_	_	_	_	_	_	VAFIN	3.Sg.Pres.Ind	haben
37-3	3755-3759	aber	_	_	_	_	_	_	_	_	ADV	_	aber
37-4	3760-3764	auch	_	_	_	_	_	_	_	_	ADV	_	auch
37-5	3765-3769	eine	_	_	_	_	_	_	_	_	ART	Acc.Sg.Fem	ein
37-6	3770-3780	unbewusste	_	_	_	_	_	_	_	_	ADJA	Pos.Acc.Sg.Fem	unbewuß
37-7	3781-3792	Eigenschaft	_	_	_	_	_	_	_	_	NN	Acc.Sg.Fem	Eigenschaft
37-8	3793-3794	,	_	_	_	_	_	_	_	_	$,	_	,
37-9	3795-3798	das	_	_	_	_	_	_	_	_	PRELS	Nom.Sg.Neut	der
37-10	3799-3800	"	_	_	_	_	_	_	_	_	$(	_	"
37-11	3801-3805	need	_	_	_	_	_	_	_	_	XY	_	need
37-12	3806-3807	"	_	_	_	_	_	_	_	_	$(	_	"
37-13	3808-3809	,	_	_	_	_	_	_	_	_	$,	_	,
37-14	3810-3813	das	_	_	_	_	_	_	_	_	PRELS	Nom.Sg.Neut	der
37-15	3814-3820	diesem	_	_	_	_	_	_	_	_	PDAT	Dat.Sg.Neut	dieser
37-16	3821-3825	Ziel	_	_	_	_	_	_	_	_	NN	Dat.Sg.Neut	Ziel
37-17	3826-3839	entgegensteht	_	_	_	_	_	_	_	_	VVFIN	3.Sg.Pres.Ind	entgegenstehen
37-18	3840-3841	.	_	_	_	_	_	_	_	_	$.	_	.

#Text=Im Verlauf der Geschichte wird immer wieder auf diese Schwäche abgezielt ( " wounding " ) .
38-1	3844-3846	Im	_	_	_	_	_	_	_	_	APPRART	Dat.Sg.Masc	in
38-2	3847-3854	Verlauf	_	_	_	_	_	_	_	_	NN	Dat.Sg.Masc	Verlauf
38-3	3855-3858	der	_	_	_	_	_	_	_	_	ART	Gen.Sg.Fem	der
38-4	3859-3869	Geschichte	_	_	_	_	_	_	_	_	NN	Gen.Sg.Fem	Geschichte
38-5	3870-3874	wird	_	_	_	_	_	_	_	_	VAFIN	3.Sg.Pres.Ind	werden
38-6	3875-3880	immer	_	_	_	_	_	_	_	_	ADV	_	immer
38-7	3881-3887	wieder	_	_	_	_	_	_	_	_	ADV	_	wieder
38-8	3888-3891	auf	_	_	_	_	_	_	_	_	APPR	_	auf
38-9	3892-3897	diese	_	_	_	_	_	_	_	_	PDAT	Acc.Sg.Fem	dieser
38-10	3898-3906	Schwäche	_	_	_	_	_	_	_	_	NN	Acc.Sg.Fem	Schwäche
38-11	3907-3916	abgezielt	_	_	_	_	_	_	_	_	VVPP	Psp	abzielen
38-12	3917-3918	(	_	_	_	_	_	_	_	_	$(	_	(
38-13	3919-3920	"	_	_	_	_	_	_	_	_	$(	_	"
38-14	3921-3929	wounding	_	_	_	_	_	_	_	_	FM	_	wounding
38-15	3930-3931	"	_	_	_	_	_	_	_	_	NE	Nom.Sg.*	"
38-16	3932-3933	)	_	_	_	_	_	_	_	_	$(	_	)
38-17	3934-3935	.	_	_	_	_	_	_	_	_	$.	_	.

#Text=So muss sich die Figur wandeln , um am Ende ihr Ziel erreichen zu können .
39-1	3938-3940	So	_	_	_	_	_	_	_	_	ADV	_	so
39-2	3941-3945	muss	_	_	_	_	_	_	_	_	VMFIN	3.Sg.Pres.Ind	müssen
39-3	3946-3950	sich	_	_	_	_	_	_	_	_	PRF	3.Acc.Sg	sich
39-4	3951-3954	die	_	_	_	_	_	_	_	_	ART	Nom.Sg.Fem	der
39-5	3955-3960	Figur	_	_	_	_	_	_	_	_	NN	Nom.Sg.Fem	Figur
39-6	3961-3968	wandeln	_	_	_	_	_	_	_	_	VVINF	Inf	wandeln
39-7	3969-3970	,	_	_	_	_	_	_	_	_	$,	_	,
39-8	3971-3973	um	_	_	_	_	_	_	_	_	KOUI	_	um
39-9	3974-3976	am	_	_	_	_	_	_	_	_	APPRART	Dat.Sg.Neut	an
39-10	3977-3981	Ende	_	_	_	_	_	_	_	_	NN	Dat.Sg.Neut	Ende
39-11	3982-3985	ihr	_	_	_	_	_	_	_	_	PPOSAT	Acc.Sg.Neut	ihr
39-12	3986-3990	Ziel	_	_	_	_	_	_	_	_	NN	Acc.Sg.Neut	Ziel
39-13	3991-4000	erreichen	_	_	_	_	_	_	_	_	VVINF	Inf	erreichen
39-14	4001-4003	zu	_	_	_	_	_	_	_	_	PTKZU	_	zu
39-15	4004-4010	können	_	_	_	_	_	_	_	_	VMINF	Inf	können
39-16	4011-4012	.	_	_	_	_	_	_	_	_	$.	_	.

#Text=Die Handlung ist ebenso wichtig wie der Aufbau des Charakters .
40-1	4015-4018	Die	_	_	_	_	_	_	_	_	ART	Nom.Sg.Fem	der
40-2	4019-4027	Handlung	_	_	_	_	_	_	_	_	NN	Nom.Sg.Fem	Handlung
40-3	4028-4031	ist	_	_	_	_	_	_	_	_	VAFIN	3.Sg.Pres.Ind	sein
40-4	4032-4038	ebenso	_	_	_	_	_	_	_	_	ADV	_	ebenso
40-5	4039-4046	wichtig	_	_	_	_	_	_	_	_	ADJD	Pos	wichtig
40-6	4047-4050	wie	_	_	_	_	_	_	_	_	KOKOM	_	wie
40-7	4051-4054	der	_	_	_	_	_	_	_	_	ART	Nom.Sg.Masc	der
40-8	4055-4061	Aufbau	_	_	_	_	_	_	_	_	NN	Nom.Sg.Masc	Aufbau
40-9	4062-4065	des	_	_	_	_	_	_	_	_	ART	Gen.Sg.Masc	der
40-10	4066-4076	Charakters	_	_	_	_	_	_	_	_	NN	Gen.Sg.Masc	Charakter
40-11	4077-4078	.	_	_	_	_	_	_	_	_	$.	_	.

#Text=Hierbei ist es besonders wichtig , dass die Handlung LOGISCH korrekt ist ( auch wenn sich erst am Ende alles aufklärt ) .
41-1	4081-4088	Hierbei	_	_	_	_	_	_	_	_	PROAV	_	hierbei
41-2	4089-4092	ist	_	_	_	_	_	_	_	_	VAFIN	3.Sg.Pres.Ind	sein
41-3	4093-4095	es	_	_	_	_	_	_	_	_	PPER	3.Nom.Sg.Neut	es
41-4	4096-4105	besonders	_	_	_	_	_	_	_	_	ADV	_	besonders
41-5	4106-4113	wichtig	_	_	_	_	_	_	_	_	ADJD	Pos	wichtig
41-6	4114-4115	,	_	_	_	_	_	_	_	_	$,	_	,
41-7	4116-4120	dass	_	_	_	_	_	_	_	_	KOUS	_	dass
41-8	4121-4124	die	_	_	_	_	_	_	_	_	ART	Nom.Sg.Fem	der
41-9	4125-4133	Handlung	_	_	_	_	_	_	_	_	NN	Nom.Sg.Fem	Handlung
41-10	4134-4141	LOGISCH	_	_	_	_	_	_	_	_	ADJD	Pos	logisch
41-11	4142-4149	korrekt	_	_	_	_	_	_	_	_	ADJD	Pos	korrekt
41-12	4150-4153	ist	_	_	_	_	_	_	_	_	VAFIN	3.Sg.Pres.Ind	sein
41-13	4154-4155	(	_	_	_	_	_	_	_	_	$(	_	(
41-14	4156-4160	auch	_	_	_	_	_	_	_	_	ADV	_	auch
41-15	4161-4165	wenn	_	_	_	_	_	_	_	_	KOUS	_	wenn
41-16	4166-4170	sich	_	_	_	_	_	_	_	_	PRF	3.Acc.Sg	sich
41-17	4171-4175	erst	_	_	_	_	_	_	_	_	ADV	_	erst
41-18	4176-4178	am	_	_	_	_	_	_	_	_	APPRART	Dat.Sg.Neut	an
41-19	4179-4183	Ende	_	_	_	_	_	_	_	_	NN	Dat.Sg.Neut	Ende
41-20	4184-4189	alles	_	_	_	_	_	_	_	_	PIS	Nom.Sg.Neut	alle
41-21	4190-4198	aufklärt	_	_	_	_	_	_	_	_	VVFIN	3.Sg.Pres.Ind	aufklären
41-22	4199-4200	)	_	_	_	_	_	_	_	_	$(	_	)
41-23	4201-4202	.	_	_	_	_	_	_	_	_	$.	_	.

#Text=Nichts vergrault einen Zuschauer mehr als eine unlogische Handlung .
42-1	4205-4211	Nichts	_	_	_	_	_	_	_	_	PIS	*.*.Neut	nichts
42-2	4212-4221	vergrault	_	_	_	_	_	_	_	_	VVFIN	3.Sg.Pres.Ind	vergraulen
42-3	4222-4227	einen	_	_	_	_	_	_	_	_	ART	Acc.Sg.Masc	ein
42-4	4228-4237	Zuschauer	_	_	_	_	_	_	_	_	NN	Acc.Sg.Masc	Zuschauer
42-5	4238-4242	mehr	_	_	_	_	_	_	_	_	PIS	*.*.*	mehr
42-6	4243-4246	als	_	_	_	_	_	_	_	_	KOKOM	_	als
42-7	4247-4251	eine	_	_	_	_	_	_	_	_	ART	Acc.Sg.Fem	ein
42-8	4252-4262	unlogische	_	_	_	_	_	_	_	_	ADJA	Pos.Acc.Sg.Fem	unlogisch
42-9	4263-4271	Handlung	_	_	_	_	_	_	_	_	NN	Acc.Sg.Fem	Handlung
42-10	4272-4273	.	_	_	_	_	_	_	_	_	$.	_	.

#Text=Er verliert dann schnell die Lust am Rest des Filmes und wird wahrscheinlich nicht sehr positiv über Ihren Film sprechen .
43-1	4276-4278	Er	_	_	_	_	_	_	_	_	PPER	3.Nom.Sg.Masc	er
43-2	4279-4287	verliert	_	_	_	_	_	_	_	_	VVFIN	3.Sg.Pres.Ind	verlieren
43-3	4288-4292	dann	_	_	_	_	_	_	_	_	ADV	_	dann
43-4	4293-4300	schnell	_	_	_	_	_	_	_	_	ADJD	Pos	schnell
43-5	4301-4304	die	_	_	_	_	_	_	_	_	ART	Acc.Sg.Fem	der
43-6	4305-4309	Lust	_	_	_	_	_	_	_	_	NN	Acc.Sg.Fem	Lust
43-7	4310-4312	am	_	_	_	_	_	_	_	_	APPRART	Dat.Sg.Masc	an
43-8	4313-4317	Rest	_	_	_	_	_	_	_	_	NN	Dat.Sg.Masc	Rest
43-9	4318-4321	des	_	_	_	_	_	_	_	_	ART	Gen.Sg.Masc	der
43-10	4322-4328	Filmes	_	_	_	_	_	_	_	_	NN	Gen.Sg.Masc	Film
43-11	4329-4332	und	_	_	_	_	_	_	_	_	KON	_	und
43-12	4333-4337	wird	_	_	_	_	_	_	_	_	VAFIN	3.Sg.Pres.Ind	werden
43-13	4338-4352	wahrscheinlich	_	_	_	_	_	_	_	_	ADJD	Pos	wahrscheinlich
43-14	4353-4358	nicht	_	_	_	_	_	_	_	_	PTKNEG	_	nicht
43-15	4359-4363	sehr	_	_	_	_	_	_	_	_	ADV	_	sehr
43-16	4364-4371	positiv	_	_	_	_	_	_	_	_	ADJD	Pos	positiv
43-17	4372-4376	über	_	_	_	_	_	_	_	_	APPR	_	über
43-18	4377-4382	Ihren	_	_	_	_	_	_	_	_	PPOSAT	Acc.Sg.Masc	ihr
43-19	4383-4387	Film	_	_	_	_	_	_	_	_	NN	Acc.Sg.Masc	Film
43-20	4388-4396	sprechen	_	_	_	_	_	_	_	_	VVINF	Inf	sprechen
43-21	4397-4398	.	_	_	_	_	_	_	_	_	$.	_	.

#Text=Deswegen sollten Sie versuchen , alle Geschehnisse in irgendeiner Weise zu erklären .
44-1	4401-4409	Deswegen	_	_	_	_	_	_	_	_	PROAV	_	deswegen
44-2	4410-4417	sollten	_	_	_	_	_	_	_	_	VMFIN	3.Pl.Past.Subj	sollen
44-3	4418-4421	Sie	_	_	_	_	_	_	_	_	PPER	3.Nom.Pl.*	sie
44-4	4422-4431	versuchen	_	_	_	_	_	_	_	_	VVINF	Inf	versuchen
44-5	4432-4433	,	_	_	_	_	_	_	_	_	$,	_	,
44-6	4434-4438	alle	_	_	_	_	_	_	_	_	PIAT	Acc.Pl.Neut	aller
44-7	4439-4451	Geschehnisse	_	_	_	_	_	_	_	_	NN	Acc.Pl.Neut	Geschehnis
44-8	4452-4454	in	_	_	_	_	_	_	_	_	APPR	_	in
44-9	4455-4466	irgendeiner	_	_	_	_	_	_	_	_	PIAT	Dat.Sg.Fem	irgendeiner
44-10	4467-4472	Weise	_	_	_	_	_	_	_	_	NN	Dat.Sg.Fem	Weise
44-11	4473-4475	zu	_	_	_	_	_	_	_	_	PTKZU	_	zu
44-12	4476-4484	erklären	_	_	_	_	_	_	_	_	VVINF	Inf	erklären
44-13	4485-4486	.	_	_	_	_	_	_	_	_	$.	_	.

#Text=Nehmen Sie dies aber nicht zum Anlass , leicht vorhersehbare Geschichten zu erzählen .
45-1	4489-4495	Nehmen	_	_	_	_	_	_	_	_	VVFIN	3.Pl.Pres.Ind	nehmen
45-2	4496-4499	Sie	_	_	_	_	_	_	_	_	PPER	3.Nom.Pl.*	sie
45-3	4500-4504	dies	_	_	_	_	_	_	_	_	PDS	Acc.Sg.Neut	dieser
45-4	4505-4509	aber	_	_	_	_	_	_	_	_	ADV	_	aber
45-5	4510-4515	nicht	_	_	_	_	_	_	_	_	PTKNEG	_	nicht
45-6	4516-4519	zum	_	_	_	_	_	_	_	_	APPRART	Dat.Sg.Masc	zu
45-7	4520-4526	Anlass	_	_	_	_	_	_	_	_	NN	Dat.Sg.Masc	Anlass
45-8	4527-4528	,	_	_	_	_	_	_	_	_	$,	_	,
45-9	4529-4535	leicht	_	_	_	_	_	_	_	_	ADJD	Pos	leicht
45-10	4536-4549	vorhersehbare	_	_	_	_	_	_	_	_	ADJA	Pos.Acc.Pl.Fem	vorhersehbar
45-11	4550-4561	Geschichten	_	_	_	_	_	_	_	_	NN	Acc.Pl.Fem	Geschichte
45-12	4562-4564	zu	_	_	_	_	_	_	_	_	PTKZU	_	zu
45-13	4565-4573	erzählen	_	_	_	_	_	_	_	_	VVINF	Inf	erzählen
45-14	4574-4575	.	_	_	_	_	_	_	_	_	$.	_	.

#Text=Natürlich lebt ein Film auch von erst unlogisch wirkenden Ereignissen .
46-1	4578-4587	Natürlich	_	_	_	_	_	_	_	_	ADV	_	natürlich
46-2	4588-4592	lebt	_	_	_	_	_	_	_	_	VVFIN	3.Sg.Pres.Ind	leben
46-3	4593-4596	ein	_	_	_	_	_	_	_	_	ART	Nom.Sg.Masc	ein
46-4	4597-4601	Film	_	_	_	_	_	_	_	_	NN	Nom.Sg.Masc	Film
46-5	4602-4606	auch	_	_	_	_	_	_	_	_	ADV	_	auch
46-6	4607-4610	von	_	_	_	_	_	_	_	_	APPR	_	von
46-7	4611-4615	erst	_	_	_	_	_	_	_	_	ADV	_	erst
46-8	4616-4625	unlogisch	_	_	_	_	_	_	_	_	ADJD	Pos	unlogisch
46-9	4626-4635	wirkenden	_	_	_	_	_	_	_	_	ADJA	Pos.Dat.Pl.Neut	wirkend
46-10	4636-4647	Ereignissen	_	_	_	_	_	_	_	_	NN	Dat.Pl.Neut	Ereignis
46-11	4648-4649	.	_	_	_	_	_	_	_	_	$.	_	.

#Text=Der Zuschauer erwartet aber dann immer eine Erklärung .
47-1	4652-4655	Der	_	_	_	_	_	_	_	_	ART	Nom.Sg.Masc	der
47-2	4656-4665	Zuschauer	_	_	_	_	_	_	_	_	NN	Nom.Sg.Masc	Zuschauer
47-3	4666-4674	erwartet	_	_	_	_	_	_	_	_	VVFIN	3.Sg.Pres.Ind	erwarten
47-4	4675-4679	aber	_	_	_	_	_	_	_	_	ADV	_	aber
47-5	4680-4684	dann	_	_	_	_	_	_	_	_	ADV	_	dann
47-6	4685-4690	immer	_	_	_	_	_	_	_	_	ADV	_	immer
47-7	4691-4695	eine	_	_	_	_	_	_	_	_	ART	Acc.Sg.Fem	ein
47-8	4696-4705	Erklärung	_	_	_	_	_	_	_	_	NN	Acc.Sg.Fem	Erklärung
47-9	4706-4707	.	_	_	_	_	_	_	_	_	$.	_	.

#Text=Bleiben Sie ihm diese nie schuldig !
48-1	4710-4717	Bleiben	_	_	_	_	_	_	_	_	VVFIN	3.Pl.Pres.Ind	bleiben
48-2	4718-4721	Sie	_	_	_	_	_	_	_	_	PPER	3.Nom.Pl.*	sie
48-3	4722-4725	ihm	_	_	_	_	_	_	_	_	PPER	3.Dat.Sg.*	ihm
48-4	4726-4731	diese	_	_	_	_	_	_	_	_	PDS	Acc.Pl.*	dieser
48-5	4732-4735	nie	_	_	_	_	_	_	_	_	ADV	_	nie
48-6	4736-4744	schuldig	_	_	_	_	_	_	_	_	ADJD	Pos	schuldig
48-7	4745-4746	!	_	_	_	_	_	_	_	_	$.	_	!

#Text=Versuchen Sie also immer das richtige Maß an Originalität , Logischem & Unvorhergesehen zu finden .
49-1	4749-4758	Versuchen	_	_	_	_	_	_	_	_	VVFIN	3.Pl.Pres.Ind	versuchen
49-2	4759-4762	Sie	_	_	_	_	_	_	_	_	PPER	3.Nom.Pl.*	sie
49-3	4763-4767	also	_	_	_	_	_	_	_	_	ADV	_	also
49-4	4768-4773	immer	_	_	_	_	_	_	_	_	ADV	_	immer
49-5	4774-4777	das	_	_	_	_	_	_	_	_	ART	Acc.Sg.Neut	der
49-6	4778-4786	richtige	_	_	_	_	_	_	_	_	ADJA	Pos.Acc.Sg.Neut	richtig
49-7	4787-4790	Maß	_	_	_	_	_	_	_	_	NN	Acc.Sg.Neut	Maß
49-8	4791-4793	an	_	_	_	_	_	_	_	_	APPR	_	an
49-9	4794-4806	Originalität	_	_	_	_	_	_	_	_	NN	Dat.Sg.Fem	Originalität
49-10	4807-4808	,	_	_	_	_	_	_	_	_	$,	_	,
49-11	4809-4818	Logischem	_	_	_	_	_	_	_	_	NN	Dat.Sg.Neut	logisch
49-12	4819-4820	&	_	_	_	_	_	_	_	_	KON	_	&
49-13	4821-4836	Unvorhergesehen	_	_	_	_	_	_	_	_	NN	Dat.Sg.Neut	Unvorhergesehen
49-14	4837-4839	zu	_	_	_	_	_	_	_	_	PTKZU	_	zu
49-15	4840-4846	finden	_	_	_	_	_	_	_	_	VVINF	Inf	finden
49-16	4847-4848	.	_	_	_	_	_	_	_	_	$.	_	.

#Text=Wie kommt nun aber die Handlung voran ?
50-1	4851-4854	Wie	_	_	_	_	_	_	_	_	PWAV	_	wie
50-2	4855-4860	kommt	_	_	_	_	_	_	_	_	VVFIN	3.Sg.Pres.Ind	kommen
50-3	4861-4864	nun	_	_	_	_	_	_	_	_	ADV	_	nun
50-4	4865-4869	aber	_	_	_	_	_	_	_	_	ADV	_	aber
50-5	4870-4873	die	_	_	_	_	_	_	_	_	ART	Nom.Sg.Fem	der
50-6	4874-4882	Handlung	_	_	_	_	_	_	_	_	NN	Nom.Sg.Fem	Handlung
50-7	4883-4888	voran	_	_	_	_	_	_	_	_	PTKVZ	_	voran
50-8	4889-4890	?	_	_	_	_	_	_	_	_	$.	_	?

#Text=Die Antwort zu dieser Frage ist eigentlich ganz einfach .
51-1	4893-4896	Die	_	_	_	_	_	_	_	_	ART	Nom.Sg.Fem	der
51-2	4897-4904	Antwort	_	_	_	_	_	_	_	_	NN	Nom.Sg.Fem	Antwort
51-3	4905-4907	zu	_	_	_	_	_	_	_	_	APPR	_	zu
51-4	4908-4914	dieser	_	_	_	_	_	_	_	_	PDAT	Dat.Sg.Fem	dieser
51-5	4915-4920	Frage	_	_	_	_	_	_	_	_	NN	Dat.Sg.Fem	Frage
51-6	4921-4924	ist	_	_	_	_	_	_	_	_	VAFIN	3.Sg.Pres.Ind	sein
51-7	4925-4935	eigentlich	_	_	_	_	_	_	_	_	ADV	_	eigentlich
51-8	4936-4940	ganz	_	_	_	_	_	_	_	_	ADV	_	ganz
51-9	4941-4948	einfach	_	_	_	_	_	_	_	_	ADJD	Pos	einfach
51-10	4949-4950	.	_	_	_	_	_	_	_	_	$.	_	.

#Text=Durch die Charaktere .
52-1	4953-4958	Durch	_	_	_	_	_	_	_	_	APPR	_	durch
52-2	4959-4962	die	_	_	_	_	_	_	_	_	ART	Acc.Pl.Masc	der
52-3	4963-4973	Charaktere	_	_	_	_	_	_	_	_	NN	Acc.Pl.Masc	Charakter
52-4	4974-4975	.	_	_	_	_	_	_	_	_	$.	_	.

#Text=Durch die Erlebnisse ihrer Charaktere , deren Umwelt und deren Verhalten
53-1	4978-4983	Durch	_	_	_	_	_	_	_	_	APPR	_	durch
53-2	4984-4987	die	_	_	_	_	_	_	_	_	ART	Acc.Pl.Neut	der
53-3	4988-4998	Erlebnisse	_	_	_	_	_	_	_	_	NN	Acc.Pl.Neut	Erlebnis
53-4	4999-5004	ihrer	_	_	_	_	_	_	_	_	PPOSAT	Gen.Pl.Masc	ihr
53-5	5005-5015	Charaktere	_	_	_	_	_	_	_	_	NN	Gen.Pl.Masc	Charakter
53-6	5016-5017	,	_	_	_	_	_	_	_	_	$,	_	,
53-7	5018-5023	deren	_	_	_	_	_	_	_	_	PRELAT	Gen.Pl.Neut	der
53-8	5024-5030	Umwelt	_	_	_	_	_	_	_	_	NN	Nom.Sg.Fem	Umwelt
53-9	5031-5034	und	_	_	_	_	_	_	_	_	KON	_	und
53-10	5035-5040	deren	_	_	_	_	_	_	_	_	PDS	Gen.Sg.Fem	der
53-11	5041-5050	Verhalten	_	_	_	_	_	_	_	_	NN	Nom.Sg.Neut	verhalten

#Text=( Thomas hat sein Flugzeug verpasst , weil er wieder mal zu viel getrunken hatte .
54-1	5053-5054	(	_	_	_	_	_	_	_	_	$(	_	(
54-2	5055-5061	Thomas	_	_	_	_	_	_	_	_	NE	Nom.Sg.Masc	Thomas
54-3	5062-5065	hat	_	_	_	_	_	_	_	_	VAFIN	3.Sg.Pres.Ind	haben
54-4	5066-5070	sein	_	_	_	_	_	_	_	_	PPOSAT	Acc.Sg.Neut	sein
54-5	5071-5079	Flugzeug	_	_	_	_	_	_	_	_	NN	Acc.Sg.Neut	Flugzeug
54-6	5080-5088	verpasst	_	_	_	_	_	_	_	_	VVPP	Psp	verpassen
54-7	5089-5090	,	_	_	_	_	_	_	_	_	$,	_	,
54-8	5091-5095	weil	_	_	_	_	_	_	_	_	KOUS	_	weil
54-9	5096-5098	er	_	_	_	_	_	_	_	_	PPER	3.Nom.Sg.Masc	er
54-10	5099-5105	wieder	_	_	_	_	_	_	_	_	ADV	_	wieder
54-11	5106-5109	mal	_	_	_	_	_	_	_	_	ADV	_	mal
54-12	5110-5112	zu	_	_	_	_	_	_	_	_	PTKA	_	zu
54-13	5113-5117	viel	_	_	_	_	_	_	_	_	PIS	*.*.*	viel
54-14	5118-5127	getrunken	_	_	_	_	_	_	_	_	VVPP	Psp	trinken
54-15	5128-5133	hatte	_	_	_	_	_	_	_	_	VAFIN	3.Sg.Past.Ind	haben
54-16	5134-5135	.	_	_	_	_	_	_	_	_	$.	_	.

#Text=Deswegen muss er sich einfallen lassen , wie er nun nach ...). Hier kommen dann die sogenannten Plot Points ( Handlungswendepunkte ) ins Spiel .
55-1	5138-5146	Deswegen	_	_	_	_	_	_	_	_	PROAV	_	deswegen
55-2	5147-5151	muss	_	_	_	_	_	_	_	_	VMFIN	3.Sg.Pres.Ind	müssen
55-3	5152-5154	er	_	_	_	_	_	_	_	_	PPER	3.Nom.Sg.Masc	er
55-4	5155-5159	sich	_	_	_	_	_	_	_	_	PRF	3.Dat.Sg	sich
55-5	5160-5169	einfallen	_	_	_	_	_	_	_	_	VVINF	Inf	einfallen
55-6	5170-5176	lassen	_	_	_	_	_	_	_	_	VVINF	Inf	lassen
55-7	5177-5178	,	_	_	_	_	_	_	_	_	$,	_	,
55-8	5179-5182	wie	_	_	_	_	_	_	_	_	PWAV	_	wie
55-9	5183-5185	er	_	_	_	_	_	_	_	_	PPER	3.Nom.Sg.Masc	er
55-10	5186-5189	nun	_	_	_	_	_	_	_	_	ADV	_	nun
55-11	5190-5194	nach	_	_	_	_	_	_	_	_	APPR	_	nach
55-12	5195-5196	.	_	_	_	_	_	_	_	_	$(	_	.
55-13	5196-5197	.	_	_	_	_	_	_	_	_	$(	_	.
55-14	5197-5198	.	_	_	_	_	_	_	_	_	$(	_	.
55-15	5198-5199	)	_	_	_	_	_	_	_	_	$(	_	)
55-16	5199-5200	.	_	_	_	_	_	_	_	_	$.	_	.
55-17	5201-5205	Hier	_	_	_	_	_	_	_	_	ADV	_	hier
55-18	5206-5212	kommen	_	_	_	_	_	_	_	_	VVFIN	3.Pl.Pres.Ind	kommen
55-19	5213-5217	dann	_	_	_	_	_	_	_	_	ADV	_	dann
55-20	5218-5221	die	_	_	_	_	_	_	_	_	ART	Nom.Pl.Masc	der
55-21	5222-5233	sogenannten	_	_	_	_	_	_	_	_	ADJA	Pos.Nom.Pl.Masc	sogenannter
55-22	5234-5238	Plot	_	_	_	_	_	_	_	_	NE	*.*.*	Plot
55-23	5239-5245	Points	_	_	_	_	_	_	_	_	NE	*.*.*	Points
55-24	5246-5247	(	_	_	_	_	_	_	_	_	$(	_	(
55-25	5248-5268	Handlungswendepunkte	_	_	_	_	_	_	_	_	NN	Nom.Pl.Masc	Handlungswendepunkt
55-26	5269-5270	)	_	_	_	_	_	_	_	_	$(	_	)
55-27	5271-5274	ins	_	_	_	_	_	_	_	_	APPRART	Acc.Sg.Neut	in
55-28	5275-5280	Spiel	_	_	_	_	_	_	_	_	NN	Acc.Sg.Neut	Spiel
55-29	5281-5282	.	_	_	_	_	_	_	_	_	$.	_	.

#Text=Ein gutes Drehbuch kommt nicht ohne Spannung aus .
56-1	5285-5288	Ein	_	_	_	_	_	_	_	_	ART	Nom.Sg.Neut	ein
56-2	5289-5294	gutes	_	_	_	_	_	_	_	_	ADJA	Pos.Nom.Sg.Neut	gut
56-3	5295-5303	Drehbuch	_	_	_	_	_	_	_	_	NN	Nom.Sg.Neut	Drehbuch
56-4	5304-5309	kommt	_	_	_	_	_	_	_	_	VVFIN	3.Sg.Pres.Ind	kommen
56-5	5310-5315	nicht	_	_	_	_	_	_	_	_	PTKNEG	_	nicht
56-6	5316-5320	ohne	_	_	_	_	_	_	_	_	APPR	_	ohne
56-7	5321-5329	Spannung	_	_	_	_	_	_	_	_	NN	Acc.Sg.Fem	Spannung
56-8	5330-5333	aus	_	_	_	_	_	_	_	_	PTKVZ	_	aus
56-9	5334-5335	.	_	_	_	_	_	_	_	_	$.	_	.

#Text=Diese muss kontinuierlich aufgebaut werden .
57-1	5338-5343	Diese	_	_	_	_	_	_	_	_	PDS	Nom.Pl.*	dieser
57-2	5344-5348	muss	_	_	_	_	_	_	_	_	VMFIN	3.Pl.Pres.Ind	müssen
57-3	5349-5363	kontinuierlich	_	_	_	_	_	_	_	_	ADJD	Pos	kontinuierlich
57-4	5364-5373	aufgebaut	_	_	_	_	_	_	_	_	VVPP	Psp	aufbauen
57-5	5374-5380	werden	_	_	_	_	_	_	_	_	VAINF	Inf	werden
57-6	5381-5382	.	_	_	_	_	_	_	_	_	$.	_	.

#Text=Spannung treibt die Geschichte voran .
58-1	5385-5393	Spannung	_	_	_	_	_	_	_	_	NN	Acc.Sg.Fem	Spannung
58-2	5394-5400	treibt	_	_	_	_	_	_	_	_	VVFIN	3.Sg.Pres.Ind	treiben
58-3	5401-5404	die	_	_	_	_	_	_	_	_	ART	Acc.Sg.Fem	der
58-4	5405-5415	Geschichte	_	_	_	_	_	_	_	_	NN	Acc.Sg.Fem	Geschichte
58-5	5416-5421	voran	_	_	_	_	_	_	_	_	PTKVZ	_	voran
58-6	5422-5423	.	_	_	_	_	_	_	_	_	$.	_	.

#Text=Sie steigt meistens an bis zu den Plot Points .
59-1	5426-5429	Sie	_	_	_	_	_	_	_	_	PPER	3.Nom.Sg.Fem	sie
59-2	5430-5436	steigt	_	_	_	_	_	_	_	_	VVFIN	3.Sg.Pres.Ind	steigen
59-3	5437-5445	meistens	_	_	_	_	_	_	_	_	ADV	_	meistens
59-4	5446-5448	an	_	_	_	_	_	_	_	_	APPR	_	an
59-5	5449-5452	bis	_	_	_	_	_	_	_	_	APPR	_	bis
59-6	5453-5455	zu	_	_	_	_	_	_	_	_	ADV	_	zu
59-7	5456-5459	den	_	_	_	_	_	_	_	_	ART	Dat.Pl.*	der
59-8	5460-5464	Plot	_	_	_	_	_	_	_	_	NE	*.*.*	Plot
59-9	5465-5471	Points	_	_	_	_	_	_	_	_	NE	Dat.Pl.*	Points
59-10	5472-5473	.	_	_	_	_	_	_	_	_	$.	_	.

#Text=Normalerweise erreicht die Spannung kurz vor Ende des Filmes ihren Höhepunkt .
60-1	5476-5489	Normalerweise	_	_	_	_	_	_	_	_	ADV	_	normalerweise
60-2	5490-5498	erreicht	_	_	_	_	_	_	_	_	VVFIN	3.Sg.Pres.Ind	erreichen
60-3	5499-5502	die	_	_	_	_	_	_	_	_	ART	Nom.Sg.Fem	der
60-4	5503-5511	Spannung	_	_	_	_	_	_	_	_	NN	Nom.Sg.Fem	Spannung
60-5	5512-5516	kurz	_	_	_	_	_	_	_	_	ADJD	Pos	kurz
60-6	5517-5520	vor	_	_	_	_	_	_	_	_	APPR	_	vor
60-7	5521-5525	Ende	_	_	_	_	_	_	_	_	NN	Dat.Sg.Neut	Ende
60-8	5526-5529	des	_	_	_	_	_	_	_	_	ART	Gen.Sg.Masc	der
60-9	5530-5536	Filmes	_	_	_	_	_	_	_	_	NN	Gen.Sg.Masc	Film
60-10	5537-5542	ihren	_	_	_	_	_	_	_	_	PPOSAT	Acc.Sg.Masc	ihr
60-11	5543-5552	Höhepunkt	_	_	_	_	_	_	_	_	NN	Acc.Sg.Masc	Höhepunkt
60-12	5553-5554	.	_	_	_	_	_	_	_	_	$.	_	.

#Text=Es klären sich alle ungelösten Fragen , und der Film ist dann meistens zu Ende .
61-1	5557-5559	Es	_	_	_	_	_	_	_	_	PPER	3.Nom.Sg.Neut	es
61-2	5560-5566	klären	_	_	_	_	_	_	_	_	VVFIN	3.Pl.Pres.Ind	klären
61-3	5567-5571	sich	_	_	_	_	_	_	_	_	PRF	3.Acc.Pl	sich
61-4	5572-5576	alle	_	_	_	_	_	_	_	_	PIAT	Nom.Pl.Fem	aller
61-5	5577-5587	ungelösten	_	_	_	_	_	_	_	_	ADJA	Pos.Nom.Pl.Fem	ungelöst
61-6	5588-5594	Fragen	_	_	_	_	_	_	_	_	NN	Nom.Pl.Fem	Frage
61-7	5595-5596	,	_	_	_	_	_	_	_	_	$,	_	,
61-8	5597-5600	und	_	_	_	_	_	_	_	_	KON	_	und
61-9	5601-5604	der	_	_	_	_	_	_	_	_	ART	Nom.Sg.Masc	der
61-10	5605-5609	Film	_	_	_	_	_	_	_	_	NN	Nom.Sg.Masc	Film
61-11	5610-5613	ist	_	_	_	_	_	_	_	_	VAFIN	3.Sg.Pres.Ind	sein
61-12	5614-5618	dann	_	_	_	_	_	_	_	_	ADV	_	dann
61-13	5619-5627	meistens	_	_	_	_	_	_	_	_	ADV	_	meistens
61-14	5628-5630	zu	_	_	_	_	_	_	_	_	APPR	_	zu
61-15	5631-5635	Ende	_	_	_	_	_	_	_	_	NN	Dat.Sg.Neut	Ende
61-16	5636-5637	.	_	_	_	_	_	_	_	_	$.	_	.

#Text=Kurz : Am Anfang steht ein Problem , welches aufgebaut wird und sich immer weiter steigert , bis es am Ende gelöst wird .
62-1	5640-5644	Kurz	_	_	_	_	_	_	_	_	ADJD	Pos	kurz
62-2	5645-5646	:	_	_	_	_	_	_	_	_	$.	_	:
62-3	5647-5649	Am	_	_	_	_	_	_	_	_	APPRART	Dat.Sg.Masc	an
62-4	5650-5656	Anfang	_	_	_	_	_	_	_	_	NN	Dat.Sg.Masc	Anfang
62-5	5657-5662	steht	_	_	_	_	_	_	_	_	VVFIN	3.Sg.Pres.Ind	stehen
62-6	5663-5666	ein	_	_	_	_	_	_	_	_	ART	Nom.Sg.Neut	ein
62-7	5667-5674	Problem	_	_	_	_	_	_	_	_	NN	Nom.Sg.Neut	Problem
62-8	5675-5676	,	_	_	_	_	_	_	_	_	$,	_	,
62-9	5677-5684	welches	_	_	_	_	_	_	_	_	PRELS	Nom.Sg.Neut	welcher
62-10	5685-5694	aufgebaut	_	_	_	_	_	_	_	_	VVPP	Psp	aufbauen
62-11	5695-5699	wird	_	_	_	_	_	_	_	_	VAFIN	3.Sg.Pres.Ind	werden
62-12	5700-5703	und	_	_	_	_	_	_	_	_	KON	_	und
62-13	5704-5708	sich	_	_	_	_	_	_	_	_	PRF	3.Acc.Sg	sich
62-14	5709-5714	immer	_	_	_	_	_	_	_	_	ADV	_	immer
62-15	5715-5721	weiter	_	_	_	_	_	_	_	_	ADV	_	weiter
62-16	5722-5730	steigert	_	_	_	_	_	_	_	_	VVFIN	3.Sg.Pres.Ind	steigern
62-17	5731-5732	,	_	_	_	_	_	_	_	_	$,	_	,
62-18	5733-5736	bis	_	_	_	_	_	_	_	_	KOUS	_	bis
62-19	5737-5739	es	_	_	_	_	_	_	_	_	PPER	3.Nom.Sg.Neut	es
62-20	5740-5742	am	_	_	_	_	_	_	_	_	APPRART	Dat.Sg.Neut	an
62-21	5743-5747	Ende	_	_	_	_	_	_	_	_	NN	Dat.Sg.Neut	Ende
62-22	5748-5754	gelöst	_	_	_	_	_	_	_	_	VVPP	Psp	lösen
62-23	5755-5759	wird	_	_	_	_	_	_	_	_	VAFIN	3.Sg.Pres.Ind	werden
62-24	5760-5761	.	_	_	_	_	_	_	_	_	$.	_	.

#Text=Wenn all diese Punkte geklärt sind , können Sie sich an das Ausformulieren der Szenen machen .
63-1	5764-5768	Wenn	_	_	_	_	_	_	_	_	KOUS	_	wenn
63-2	5769-5772	all	_	_	_	_	_	_	_	_	PIAT	*.*.*	all
63-3	5773-5778	diese	_	_	_	_	_	_	_	_	PDAT	Nom.Pl.Masc	dieser
63-4	5779-5785	Punkte	_	_	_	_	_	_	_	_	NN	Nom.Pl.Masc	Punkt
63-5	5786-5793	geklärt	_	_	_	_	_	_	_	_	VVPP	Psp	klären
63-6	5794-5798	sind	_	_	_	_	_	_	_	_	VAFIN	3.Pl.Pres.Ind	sein
63-7	5799-5800	,	_	_	_	_	_	_	_	_	$,	_	,
63-8	5801-5807	können	_	_	_	_	_	_	_	_	VMFIN	3.Pl.Pres.Ind	können
63-9	5808-5811	Sie	_	_	_	_	_	_	_	_	PPER	3.Nom.Pl.*	sie
63-10	5812-5816	sich	_	_	_	_	_	_	_	_	PRF	3.Acc.Pl	sich
63-11	5817-5819	an	_	_	_	_	_	_	_	_	APPR	_	an
63-12	5820-5823	das	_	_	_	_	_	_	_	_	ART	Acc.Sg.Neut	der
63-13	5824-5838	Ausformulieren	_	_	_	_	_	_	_	_	NN	Acc.Sg.Neut	ausformulieren
63-14	5839-5842	der	_	_	_	_	_	_	_	_	ART	Gen.Pl.Fem	der
63-15	5843-5849	Szenen	_	_	_	_	_	_	_	_	NN	Gen.Pl.Fem	Szene
63-16	5850-5856	machen	_	_	_	_	_	_	_	_	VVINF	Inf	machen
63-17	5857-5858	.	_	_	_	_	_	_	_	_	$.	_	.

#Text=Hierbei ist zu beachten , dass Sie möglichst eine allgemeine , kurze Beschreibung der Örtlichkeit abgeben .
64-1	5861-5868	Hierbei	_	_	_	_	_	_	_	_	PROAV	_	hierbei
64-2	5869-5872	ist	_	_	_	_	_	_	_	_	VAFIN	3.Sg.Pres.Ind	sein
64-3	5873-5875	zu	_	_	_	_	_	_	_	_	PTKZU	_	zu
64-4	5876-5884	beachten	_	_	_	_	_	_	_	_	VVINF	Inf	beachten
64-5	5885-5886	,	_	_	_	_	_	_	_	_	$,	_	,
64-6	5887-5891	dass	_	_	_	_	_	_	_	_	KOUS	_	dass
64-7	5892-5895	Sie	_	_	_	_	_	_	_	_	PPER	3.Nom.Pl.*	sie
64-8	5896-5905	möglichst	_	_	_	_	_	_	_	_	ADV	_	möglichst
64-9	5906-5910	eine	_	_	_	_	_	_	_	_	ART	Acc.Sg.Fem	ein
64-10	5911-5921	allgemeine	_	_	_	_	_	_	_	_	ADJA	Pos.Acc.Sg.Fem	allgemein
64-11	5922-5923	,	_	_	_	_	_	_	_	_	$,	_	,
64-12	5924-5929	kurze	_	_	_	_	_	_	_	_	ADJA	Pos.Acc.Sg.Fem	kurz
64-13	5930-5942	Beschreibung	_	_	_	_	_	_	_	_	NN	Acc.Sg.Fem	Beschreibung
64-14	5943-5946	der	_	_	_	_	_	_	_	_	ART	Gen.Sg.Fem	der
64-15	5947-5958	Örtlichkeit	_	_	_	_	_	_	_	_	NN	Gen.Sg.Fem	Örtlichkeit
64-16	5959-5966	abgeben	_	_	_	_	_	_	_	_	VVFIN	3.Pl.Pres.Ind	abgeben
64-17	5967-5968	.	_	_	_	_	_	_	_	_	$.	_	.

#Text=( Café , Kneipe , Wohnzimmer … ) Versuchen Sie nicht , ganze Romane über die Örtlichkeit zu verschwenden .
65-1	5971-5972	(	_	_	_	_	_	_	_	_	$(	_	(
65-2	5973-5977	Café	_	_	_	_	_	_	_	_	NN	Nom.Sg.Neut	Café
65-3	5978-5979	,	_	_	_	_	_	_	_	_	$,	_	,
65-4	5980-5986	Kneipe	_	_	_	_	_	_	_	_	NN	Nom.Sg.Fem	Kneipe
65-5	5987-5988	,	_	_	_	_	_	_	_	_	$,	_	,
65-6	5989-5999	Wohnzimmer	_	_	_	_	_	_	_	_	NN	Nom.Pl.Neut	Wohnzimmer
65-7	6000-6001	…	_	_	_	_	_	_	_	_	XY	_	…
65-8	6002-6003	)	_	_	_	_	_	_	_	_	$(	_	)
65-9	6004-6013	Versuchen	_	_	_	_	_	_	_	_	VVFIN	3.Pl.Pres.Ind	versuchen
65-10	6014-6017	Sie	_	_	_	_	_	_	_	_	PPER	3.Acc.Sg.Fem	sie
65-11	6018-6023	nicht	_	_	_	_	_	_	_	_	PTKNEG	_	nicht
65-12	6024-6025	,	_	_	_	_	_	_	_	_	$,	_	,
65-13	6026-6031	ganze	_	_	_	_	_	_	_	_	ADJA	Pos.Acc.Pl.Masc	ganz
65-14	6032-6038	Romane	_	_	_	_	_	_	_	_	NN	Acc.Pl.Masc	Roman
65-15	6039-6043	über	_	_	_	_	_	_	_	_	APPR	_	über
65-16	6044-6047	die	_	_	_	_	_	_	_	_	ART	Acc.Sg.Fem	der
65-17	6048-6059	Örtlichkeit	_	_	_	_	_	_	_	_	NN	Acc.Sg.Fem	Örtlichkeit
65-18	6060-6062	zu	_	_	_	_	_	_	_	_	PTKZU	_	zu
65-19	6063-6075	verschwenden	_	_	_	_	_	_	_	_	VVINF	Inf	verschwenden
65-20	6076-6077	.	_	_	_	_	_	_	_	_	$.	_	.

#Text=Schreiben Sie kurz , wie es dort aussieht .
66-1	6080-6089	Schreiben	_	_	_	_	_	_	_	_	VVFIN	3.Pl.Pres.Ind	schreiben
66-2	6090-6093	Sie	_	_	_	_	_	_	_	_	PPER	3.Nom.Pl.*	sie
66-3	6094-6098	kurz	_	_	_	_	_	_	_	_	ADJD	Pos	kurz
66-4	6099-6100	,	_	_	_	_	_	_	_	_	$,	_	,
66-5	6101-6104	wie	_	_	_	_	_	_	_	_	PWAV	_	wie
66-6	6105-6107	es	_	_	_	_	_	_	_	_	PPER	3.Nom.Sg.Neut	es
66-7	6108-6112	dort	_	_	_	_	_	_	_	_	ADV	_	dort
66-8	6113-6121	aussieht	_	_	_	_	_	_	_	_	VVFIN	3.Sg.Pres.Ind	aussehen
66-9	6122-6123	.	_	_	_	_	_	_	_	_	$.	_	.

#Text=Zusätzliche Beschreibungen müssen nur aufgenommen werden , wenn diese Dinge für die Handlung von Bedeutung sind .
67-1	6126-6137	Zusätzliche	_	_	_	_	_	_	_	_	ADJA	Pos.Nom.Pl.Fem	zusätzlich
67-2	6138-6152	Beschreibungen	_	_	_	_	_	_	_	_	NN	Nom.Pl.Fem	Beschreibung
67-3	6153-6159	müssen	_	_	_	_	_	_	_	_	VMFIN	3.Pl.Pres.Ind	müssen
67-4	6160-6163	nur	_	_	_	_	_	_	_	_	ADV	_	nur
67-5	6164-6175	aufgenommen	_	_	_	_	_	_	_	_	VVPP	Psp	aufnehmen
67-6	6176-6182	werden	_	_	_	_	_	_	_	_	VAINF	Inf	werden
67-7	6183-6184	,	_	_	_	_	_	_	_	_	$,	_	,
67-8	6185-6189	wenn	_	_	_	_	_	_	_	_	KOUS	_	wenn
67-9	6190-6195	diese	_	_	_	_	_	_	_	_	PDAT	Nom.Pl.Neut	dieser
67-10	6196-6201	Dinge	_	_	_	_	_	_	_	_	NN	Nom.Pl.Neut	Ding
67-11	6202-6205	für	_	_	_	_	_	_	_	_	APPR	_	für
67-12	6206-6209	die	_	_	_	_	_	_	_	_	ART	Acc.Sg.Fem	der
67-13	6210-6218	Handlung	_	_	_	_	_	_	_	_	NN	Acc.Sg.Fem	Handlung
67-14	6219-6222	von	_	_	_	_	_	_	_	_	APPR	_	von
67-15	6223-6232	Bedeutung	_	_	_	_	_	_	_	_	NN	Dat.Sg.Fem	Bedeutung
67-16	6233-6237	sind	_	_	_	_	_	_	_	_	VAFIN	3.Pl.Pres.Ind	sein
67-17	6238-6239	.	_	_	_	_	_	_	_	_	$.	_	.

#Text=Versuchen Sie möglichst passende und interessante Orte für Geschehnisse zu verwenden .
68-1	6242-6251	Versuchen	_	_	_	_	_	_	_	_	VVFIN	3.Pl.Pres.Ind	versuchen
68-2	6252-6255	Sie	_	_	_	_	_	_	_	_	PPER	3.Nom.Sg.Fem	sie
68-3	6256-6265	möglichst	_	_	_	_	_	_	_	_	ADV	_	möglichst
68-4	6266-6274	passende	_	_	_	_	_	_	_	_	ADJA	Pos.Acc.Pl.Masc	passend
68-5	6275-6278	und	_	_	_	_	_	_	_	_	KON	_	und
68-6	6279-6291	interessante	_	_	_	_	_	_	_	_	ADJA	Pos.Acc.Pl.Masc	interessant
68-7	6292-6296	Orte	_	_	_	_	_	_	_	_	NN	Acc.Pl.Masc	Ort
68-8	6297-6300	für	_	_	_	_	_	_	_	_	APPR	_	für
68-9	6301-6313	Geschehnisse	_	_	_	_	_	_	_	_	NN	Acc.Pl.Neut	Geschehnis
68-10	6314-6316	zu	_	_	_	_	_	_	_	_	PTKZU	_	zu
68-11	6317-6326	verwenden	_	_	_	_	_	_	_	_	VVINF	Inf	verwenden
68-12	6327-6328	.	_	_	_	_	_	_	_	_	$.	_	.

#Text=Wenn Sie planen , einen Hobbyfilm/Lowbudget zu schreiben , sollten Sie auf Außenszenen weitestgehend verzichten , da dies mit geringen finanziellen Mitteln nur schwer gut/realistisch zu schaffen ist .
69-1	6331-6335	Wenn	_	_	_	_	_	_	_	_	KOUS	_	wenn
69-2	6336-6339	Sie	_	_	_	_	_	_	_	_	PPER	3.Nom.Pl.*	sie
69-3	6340-6346	planen	_	_	_	_	_	_	_	_	VVFIN	3.Pl.Pres.Ind	planen
69-4	6347-6348	,	_	_	_	_	_	_	_	_	$,	_	,
69-5	6349-6354	einen	_	_	_	_	_	_	_	_	ART	Acc.Sg.Masc	ein
69-6	6355-6364	Hobbyfilm	_	_	_	_	_	_	_	_	NN	Acc.Sg.Masc	Hobbyfilm
69-7	6364-6365	/	_	_	_	_	_	_	_	_	NN	Acc.Sg.Masc	/
69-8	6365-6374	Lowbudget	_	_	_	_	_	_	_	_	NN	Acc.Sg.Masc	Lowbudget
69-9	6375-6377	zu	_	_	_	_	_	_	_	_	PTKZU	_	zu
69-10	6378-6387	schreiben	_	_	_	_	_	_	_	_	VVINF	Inf	schreiben
69-11	6388-6389	,	_	_	_	_	_	_	_	_	$,	_	,
69-12	6390-6397	sollten	_	_	_	_	_	_	_	_	VMFIN	3.Pl.Past.Subj	sollen
69-13	6398-6401	Sie	_	_	_	_	_	_	_	_	PPER	3.Nom.Pl.*	sie
69-14	6402-6405	auf	_	_	_	_	_	_	_	_	APPR	_	auf
69-15	6406-6417	Außenszenen	_	_	_	_	_	_	_	_	NN	Dat.Pl.Fem	Außenszene
69-16	6418-6431	weitestgehend	_	_	_	_	_	_	_	_	ADJD	Pos	weitestgehend
69-17	6432-6442	verzichten	_	_	_	_	_	_	_	_	VVINF	Inf	verzichten
69-18	6443-6444	,	_	_	_	_	_	_	_	_	$,	_	,
69-19	6445-6447	da	_	_	_	_	_	_	_	_	KOUS	_	da
69-20	6448-6452	dies	_	_	_	_	_	_	_	_	PDS	Nom.Sg.Neut	dieser
69-21	6453-6456	mit	_	_	_	_	_	_	_	_	APPR	_	mit
69-22	6457-6465	geringen	_	_	_	_	_	_	_	_	ADJA	Pos.Dat.Pl.Neut	gering
69-23	6466-6478	finanziellen	_	_	_	_	_	_	_	_	ADJA	Pos.Dat.Pl.Neut	finanziell
69-24	6479-6486	Mitteln	_	_	_	_	_	_	_	_	NN	Dat.Pl.Neut	Mittel
69-25	6487-6490	nur	_	_	_	_	_	_	_	_	ADV	_	nur
69-26	6491-6497	schwer	_	_	_	_	_	_	_	_	ADJD	Pos	schwer
69-27	6498-6501	gut	_	_	_	_	_	_	_	_	ADJD	Pos	gut
69-28	6501-6502	/	_	_	_	_	_	_	_	_	ADJD	Pos	/
69-29	6502-6513	realistisch	_	_	_	_	_	_	_	_	ADJD	Pos	realistisch
69-30	6514-6516	zu	_	_	_	_	_	_	_	_	PTKZU	_	zu
69-31	6517-6525	schaffen	_	_	_	_	_	_	_	_	VVINF	Inf	schaffen
69-32	6526-6529	ist	_	_	_	_	_	_	_	_	VAFIN	3.Sg.Pres.Ind	sein
69-33	6530-6531	.	_	_	_	_	_	_	_	_	$.	_	.

#Text=Wenn die Handlung in einem Haus stattfindet , wird nur eine oder zwei Außenaufnahmen in der Totalen vom Haus und der Umgebung bei vielleicht Tag und Abend aus der gleichen Kameraposition geschossen .
70-1	6534-6538	Wenn	_	_	_	_	_	_	_	_	KOUS	_	wenn
70-2	6539-6542	die	_	_	_	_	_	_	_	_	ART	Nom.Sg.Fem	der
70-3	6543-6551	Handlung	_	_	_	_	_	_	_	_	NN	Nom.Sg.Fem	Handlung
70-4	6552-6554	in	_	_	_	_	_	_	_	_	APPR	_	in
70-5	6555-6560	einem	_	_	_	_	_	_	_	_	ART	Dat.Sg.Neut	ein
70-6	6561-6565	Haus	_	_	_	_	_	_	_	_	NN	Dat.Sg.Neut	Haus
70-7	6566-6577	stattfindet	_	_	_	_	_	_	_	_	VVFIN	3.Sg.Pres.Ind	stattfinden
70-8	6578-6579	,	_	_	_	_	_	_	_	_	$,	_	,
70-9	6580-6584	wird	_	_	_	_	_	_	_	_	VAFIN	3.Sg.Pres.Ind	werden
70-10	6585-6588	nur	_	_	_	_	_	_	_	_	ADV	_	nur
70-11	6589-6593	eine	_	_	_	_	_	_	_	_	CARD	_	eine
70-12	6594-6598	oder	_	_	_	_	_	_	_	_	KON	_	oder
70-13	6599-6603	zwei	_	_	_	_	_	_	_	_	CARD	_	zwei
70-14	6604-6618	Außenaufnahmen	_	_	_	_	_	_	_	_	NN	Acc.Pl.Fem	Außenaufnahme
70-15	6619-6621	in	_	_	_	_	_	_	_	_	APPR	_	in
70-16	6622-6625	der	_	_	_	_	_	_	_	_	ART	Dat.Sg.Fem	der
70-17	6626-6633	Totalen	_	_	_	_	_	_	_	_	NN	Dat.Pl.Fem	Totale
70-18	6634-6637	vom	_	_	_	_	_	_	_	_	APPRART	Dat.Sg.Neut	von
70-19	6638-6642	Haus	_	_	_	_	_	_	_	_	NN	Dat.Sg.Neut	Haus
70-20	6643-6646	und	_	_	_	_	_	_	_	_	KON	_	und
70-21	6647-6650	der	_	_	_	_	_	_	_	_	ART	Dat.Sg.Fem	der
70-22	6651-6659	Umgebung	_	_	_	_	_	_	_	_	NN	Dat.Sg.Fem	Umgebung
70-23	6660-6663	bei	_	_	_	_	_	_	_	_	APPR	_	bei
70-24	6664-6674	vielleicht	_	_	_	_	_	_	_	_	ADV	_	vielleicht
70-25	6675-6678	Tag	_	_	_	_	_	_	_	_	NN	Dat.Sg.Masc	Tag
70-26	6679-6682	und	_	_	_	_	_	_	_	_	KON	_	und
70-27	6683-6688	Abend	_	_	_	_	_	_	_	_	NN	Dat.Sg.Masc	Abend
70-28	6689-6692	aus	_	_	_	_	_	_	_	_	APPR	_	aus
70-29	6693-6696	der	_	_	_	_	_	_	_	_	ART	Dat.Sg.Fem	der
70-30	6697-6705	gleichen	_	_	_	_	_	_	_	_	ADJA	Pos.Dat.Sg.Fem	gleich
70-31	6706-6720	Kameraposition	_	_	_	_	_	_	_	_	NN	Dat.Sg.Fem	Kameraposition
70-32	6721-6731	geschossen	_	_	_	_	_	_	_	_	VVPP	Psp	schießen
70-33	6732-6733	.	_	_	_	_	_	_	_	_	$.	_	.

#Text=Dadurch wird dem Zuschauer vermittelt , dass die Personen gerade in diesem Haus sind .
71-1	6736-6743	Dadurch	_	_	_	_	_	_	_	_	PROAV	_	dadurch
71-2	6744-6748	wird	_	_	_	_	_	_	_	_	VAFIN	3.Sg.Pres.Ind	werden
71-3	6749-6752	dem	_	_	_	_	_	_	_	_	ART	Dat.Sg.Masc	der
71-4	6753-6762	Zuschauer	_	_	_	_	_	_	_	_	NN	Dat.Sg.Masc	Zuschauer
71-5	6763-6773	vermittelt	_	_	_	_	_	_	_	_	VVPP	Psp	vermitteln
71-6	6774-6775	,	_	_	_	_	_	_	_	_	$,	_	,
71-7	6776-6780	dass	_	_	_	_	_	_	_	_	KOUS	_	dass
71-8	6781-6784	die	_	_	_	_	_	_	_	_	ART	Nom.Pl.Fem	der
71-9	6785-6793	Personen	_	_	_	_	_	_	_	_	NN	Nom.Pl.Fem	Person
71-10	6794-6800	gerade	_	_	_	_	_	_	_	_	ADV	_	gerade
71-11	6801-6803	in	_	_	_	_	_	_	_	_	APPR	_	in
71-12	6804-6810	diesem	_	_	_	_	_	_	_	_	PDAT	Dat.Sg.Neut	dieser
71-13	6811-6815	Haus	_	_	_	_	_	_	_	_	NN	Dat.Sg.Neut	Haus
71-14	6816-6820	sind	_	_	_	_	_	_	_	_	VAFIN	3.Pl.Pres.Ind	sein
71-15	6821-6822	.	_	_	_	_	_	_	_	_	$.	_	.

#Text=Ganz generell kann man zwei Tipps geben , um sich dem Drehbuchschreiben anzunähern : - Lesen Sie !
72-1	6825-6829	Ganz	_	_	_	_	_	_	_	_	ADV	_	ganz
72-2	6830-6838	generell	_	_	_	_	_	_	_	_	ADJD	Pos	generell
72-3	6839-6843	kann	_	_	_	_	_	_	_	_	VMFIN	3.Sg.Pres.Ind	können
72-4	6844-6847	man	_	_	_	_	_	_	_	_	PIS	Nom.Sg.*	man
72-5	6848-6852	zwei	_	_	_	_	_	_	_	_	CARD	_	zwei
72-6	6853-6858	Tipps	_	_	_	_	_	_	_	_	NN	Acc.Pl.Masc	Tipp
72-7	6859-6864	geben	_	_	_	_	_	_	_	_	VVINF	Inf	geben
72-8	6865-6866	,	_	_	_	_	_	_	_	_	$,	_	,
72-9	6867-6869	um	_	_	_	_	_	_	_	_	KOUI	_	um
72-10	6870-6874	sich	_	_	_	_	_	_	_	_	PRF	3.Acc.Sg	sich
72-11	6875-6878	dem	_	_	_	_	_	_	_	_	ART	Dat.Sg.Neut	der
72-12	6879-6896	Drehbuchschreiben	_	_	_	_	_	_	_	_	NN	Dat.Sg.Neut	Drehbuchschreiben
72-13	6897-6907	anzunähern	_	_	_	_	_	_	_	_	VVIZU	Infzu	annähern
72-14	6908-6909	:	_	_	_	_	_	_	_	_	$.	_	:
72-15	6910-6911	-	_	_	_	_	_	_	_	_	$(	_	-
72-16	6912-6917	Lesen	_	_	_	_	_	_	_	_	VVFIN	3.Pl.Pres.Ind	lesen
72-17	6918-6921	Sie	_	_	_	_	_	_	_	_	PPER	3.Nom.Pl.*	sie
72-18	6922-6923	!	_	_	_	_	_	_	_	_	$.	_	!

#Text=Lesen Sie Drehbücher .
73-1	6926-6931	Lesen	_	_	_	_	_	_	_	_	VVFIN	3.Pl.Pres.Ind	lesen
73-2	6932-6935	Sie	_	_	_	_	_	_	_	_	PPER	3.Nom.Pl.*	sie
73-3	6936-6946	Drehbücher	_	_	_	_	_	_	_	_	NN	Acc.Pl.Neut	Drehbuch
73-4	6947-6948	.	_	_	_	_	_	_	_	_	$.	_	.

#Text=Am besten von Filmen , die Sie interessant finden !
74-1	6951-6953	Am	_	_	_	_	_	_	_	_	PTKA	_	am
74-2	6954-6960	besten	_	_	_	_	_	_	_	_	ADJD	Sup	gut
74-3	6961-6964	von	_	_	_	_	_	_	_	_	APPR	_	von
74-4	6965-6971	Filmen	_	_	_	_	_	_	_	_	NN	Dat.Pl.Masc	Film
74-5	6972-6973	,	_	_	_	_	_	_	_	_	$,	_	,
74-6	6974-6977	die	_	_	_	_	_	_	_	_	PRELS	Acc.Pl.Masc	der
74-7	6978-6981	Sie	_	_	_	_	_	_	_	_	PPER	3.Nom.Pl.*	sie
74-8	6982-6993	interessant	_	_	_	_	_	_	_	_	ADJD	Pos	interessant
74-9	6994-7000	finden	_	_	_	_	_	_	_	_	VVFIN	3.Pl.Pres.Ind	finden
74-10	7001-7002	!	_	_	_	_	_	_	_	_	$.	_	!

#Text=Im Internet gibt es einige Drehbücher von Hollywoodfilmen , die dort kostenlos zu Lehrzwecken in PDF Form , allerdings in englischer Sprache , angeboten werden .
75-1	7005-7007	Im	_	_	_	_	_	_	_	_	APPRART	Dat.Sg.Neut	in
75-2	7008-7016	Internet	_	_	_	_	_	_	_	_	NN	Dat.Sg.Neut	Internet
75-3	7017-7021	gibt	_	_	_	_	_	_	_	_	VVFIN	3.Sg.Pres.Ind	geben
75-4	7022-7024	es	_	_	_	_	_	_	_	_	PPER	3.Nom.Sg.Neut	es
75-5	7025-7031	einige	_	_	_	_	_	_	_	_	PIAT	Acc.Pl.Neut	einiger
75-6	7032-7042	Drehbücher	_	_	_	_	_	_	_	_	NN	Acc.Pl.Neut	Drehbuch
75-7	7043-7046	von	_	_	_	_	_	_	_	_	APPR	_	von
75-8	7047-7062	Hollywoodfilmen	_	_	_	_	_	_	_	_	NN	Dat.Pl.Masc	Hollywoodfilm
75-9	7063-7064	,	_	_	_	_	_	_	_	_	$,	_	,
75-10	7065-7068	die	_	_	_	_	_	_	_	_	PRELS	Nom.Pl.Neut	der
75-11	7069-7073	dort	_	_	_	_	_	_	_	_	ADV	_	dort
75-12	7074-7083	kostenlos	_	_	_	_	_	_	_	_	ADJD	Pos	kostenlos
75-13	7084-7086	zu	_	_	_	_	_	_	_	_	APPR	_	zu
75-14	7087-7098	Lehrzwecken	_	_	_	_	_	_	_	_	NN	Dat.Pl.Masc	Lehrzweck
75-15	7099-7101	in	_	_	_	_	_	_	_	_	APPR	_	in
75-16	7102-7105	PDF	_	_	_	_	_	_	_	_	NE	Dat.Sg.Neut	PDF
75-17	7106-7110	Form	_	_	_	_	_	_	_	_	NN	Dat.Sg.Fem	Form
75-18	7111-7112	,	_	_	_	_	_	_	_	_	$,	_	,
75-19	7113-7123	allerdings	_	_	_	_	_	_	_	_	ADV	_	allerdings
75-20	7124-7126	in	_	_	_	_	_	_	_	_	APPR	_	in
75-21	7127-7137	englischer	_	_	_	_	_	_	_	_	ADJA	Pos.Dat.Sg.Fem	englisch
75-22	7138-7145	Sprache	_	_	_	_	_	_	_	_	NN	Dat.Sg.Fem	Sprache
75-23	7146-7147	,	_	_	_	_	_	_	_	_	$,	_	,
75-24	7148-7157	angeboten	_	_	_	_	_	_	_	_	VVPP	Psp	anbieten
75-25	7158-7164	werden	_	_	_	_	_	_	_	_	VAFIN	3.Pl.Pres.Ind	werden
75-26	7165-7166	.	_	_	_	_	_	_	_	_	$.	_	.

#Text=Die Eingabe von Stichworten wie „ Storybook “ oder „ Drehbuch “ sollte einige Treffer bei den Suchmaschinen ergeben , da es im englischen Sprachraum sehr viele Menschen gibt , die gerne Drehbücher lesen , um daraus zu lernen .
76-1	7169-7172	Die	_	_	_	_	_	_	_	_	ART	Nom.Sg.Fem	der
76-2	7173-7180	Eingabe	_	_	_	_	_	_	_	_	NN	Nom.Sg.Fem	Eingabe
76-3	7181-7184	von	_	_	_	_	_	_	_	_	APPR	_	von
76-4	7185-7196	Stichworten	_	_	_	_	_	_	_	_	NN	Dat.Pl.Neut	Stichwort
76-5	7197-7200	wie	_	_	_	_	_	_	_	_	KOKOM	_	wie
76-6	7201-7202	„	_	_	_	_	_	_	_	_	XY	_	„
76-7	7203-7212	Storybook	_	_	_	_	_	_	_	_	NE	Nom.Sg.Neut	Storybook
76-8	7213-7214	“	_	_	_	_	_	_	_	_	XY	_	“
76-9	7215-7219	oder	_	_	_	_	_	_	_	_	KON	_	oder
76-10	7220-7221	„	_	_	_	_	_	_	_	_	NE	*.*.*	„
76-11	7222-7230	Drehbuch	_	_	_	_	_	_	_	_	NN	Nom.Sg.Neut	Drehbuch
76-12	7231-7232	“	_	_	_	_	_	_	_	_	$(	_	“
76-13	7233-7239	sollte	_	_	_	_	_	_	_	_	VMFIN	3.Sg.Past.Ind	sollen
76-14	7240-7246	einige	_	_	_	_	_	_	_	_	PIAT	Acc.Pl.Masc	einiger
76-15	7247-7254	Treffer	_	_	_	_	_	_	_	_	NN	Acc.Pl.Masc	Treffer
76-16	7255-7258	bei	_	_	_	_	_	_	_	_	APPR	_	bei
76-17	7259-7262	den	_	_	_	_	_	_	_	_	ART	Dat.Pl.Fem	der
76-18	7263-7276	Suchmaschinen	_	_	_	_	_	_	_	_	NN	Dat.Pl.Fem	Suchmaschine
76-19	7277-7284	ergeben	_	_	_	_	_	_	_	_	VVINF	Inf	ergeben
76-20	7285-7286	,	_	_	_	_	_	_	_	_	$,	_	,
76-21	7287-7289	da	_	_	_	_	_	_	_	_	KOUS	_	da
76-22	7290-7292	es	_	_	_	_	_	_	_	_	PPER	3.Nom.Sg.Neut	es
76-23	7293-7295	im	_	_	_	_	_	_	_	_	APPRART	Dat.Sg.Masc	in
76-24	7296-7306	englischen	_	_	_	_	_	_	_	_	ADJA	Pos.Dat.Sg.Masc	englisch
76-25	7307-7317	Sprachraum	_	_	_	_	_	_	_	_	NN	Dat.Sg.Masc	Sprachraum
76-26	7318-7322	sehr	_	_	_	_	_	_	_	_	ADV	_	sehr
76-27	7323-7328	viele	_	_	_	_	_	_	_	_	PIAT	Acc.Pl.Masc	vieler
76-28	7329-7337	Menschen	_	_	_	_	_	_	_	_	NN	Acc.Pl.Masc	Mensch
76-29	7338-7342	gibt	_	_	_	_	_	_	_	_	VVFIN	3.Sg.Pres.Ind	geben
76-30	7343-7344	,	_	_	_	_	_	_	_	_	$,	_	,
76-31	7345-7348	die	_	_	_	_	_	_	_	_	PRELS	Nom.Pl.Masc	der
76-32	7349-7354	gerne	_	_	_	_	_	_	_	_	ADV	_	gerne
76-33	7355-7365	Drehbücher	_	_	_	_	_	_	_	_	NN	Acc.Pl.Neut	Drehbuch
76-34	7366-7371	lesen	_	_	_	_	_	_	_	_	VVFIN	3.Pl.Pres.Ind	lesen
76-35	7372-7373	,	_	_	_	_	_	_	_	_	$,	_	,
76-36	7374-7376	um	_	_	_	_	_	_	_	_	KOUI	_	um
76-37	7377-7383	daraus	_	_	_	_	_	_	_	_	PROAV	_	daraus
76-38	7384-7386	zu	_	_	_	_	_	_	_	_	PTKZU	_	zu
76-39	7387-7393	lernen	_	_	_	_	_	_	_	_	VVINF	Inf	lernen
76-40	7394-7395	.	_	_	_	_	_	_	_	_	$.	_	.

#Text=Es gibt mittlerweile auch Drehbücher von bereits gelaufenen Hollywoodfilmen in deutscher Sprache im Buchhandel zu kaufen .
77-1	7398-7400	Es	_	_	_	_	_	_	_	_	PPER	3.Nom.Sg.Neut	es
77-2	7401-7405	gibt	_	_	_	_	_	_	_	_	VVFIN	3.Sg.Pres.Ind	geben
77-3	7406-7418	mittlerweile	_	_	_	_	_	_	_	_	ADV	_	mittlerweile
77-4	7419-7423	auch	_	_	_	_	_	_	_	_	ADV	_	auch
77-5	7424-7434	Drehbücher	_	_	_	_	_	_	_	_	NN	Acc.Pl.Neut	Drehbuch
77-6	7435-7438	von	_	_	_	_	_	_	_	_	APPR	_	von
77-7	7439-7446	bereits	_	_	_	_	_	_	_	_	ADV	_	bereits
77-8	7447-7457	gelaufenen	_	_	_	_	_	_	_	_	ADJA	Pos.Dat.Pl.Masc	gelaufen
77-9	7458-7473	Hollywoodfilmen	_	_	_	_	_	_	_	_	NN	Dat.Pl.Masc	Hollywoodfilm
77-10	7474-7476	in	_	_	_	_	_	_	_	_	APPR	_	in
77-11	7477-7486	deutscher	_	_	_	_	_	_	_	_	ADJA	Pos.Dat.Sg.Fem	deutsch
77-12	7487-7494	Sprache	_	_	_	_	_	_	_	_	NN	Dat.Sg.Fem	Sprache
77-13	7495-7497	im	_	_	_	_	_	_	_	_	APPRART	Dat.Sg.Masc	in
77-14	7498-7508	Buchhandel	_	_	_	_	_	_	_	_	NN	Dat.Sg.Masc	Buchhandel
77-15	7509-7511	zu	_	_	_	_	_	_	_	_	PTKZU	_	zu
77-16	7512-7518	kaufen	_	_	_	_	_	_	_	_	VVINF	Inf	kaufen
77-17	7519-7520	.	_	_	_	_	_	_	_	_	$.	_	.

#Text=- Schreiben Sie !
78-1	7523-7524	-	_	_	_	_	_	_	_	_	$(	_	-
78-2	7525-7534	Schreiben	_	_	_	_	_	_	_	_	VVFIN	3.Pl.Pres.Ind	schreiben
78-3	7535-7538	Sie	_	_	_	_	_	_	_	_	PPER	3.Nom.Pl.*	sie
78-4	7539-7540	!	_	_	_	_	_	_	_	_	$.	_	!

#Text=Zur Übung kann mit dem Drehbuch für einen Sketch oder einen Werbefilm für ein Phantasieprodukt begonnen werden .
79-1	7543-7546	Zur	_	_	_	_	_	_	_	_	APPRART	Dat.Sg.Fem	zu
79-2	7547-7552	Übung	_	_	_	_	_	_	_	_	NN	Dat.Sg.Fem	Übung
79-3	7553-7557	kann	_	_	_	_	_	_	_	_	VMFIN	3.Sg.Pres.Ind	können
79-4	7558-7561	mit	_	_	_	_	_	_	_	_	APPR	_	mit
79-5	7562-7565	dem	_	_	_	_	_	_	_	_	ART	Dat.Sg.Neut	der
79-6	7566-7574	Drehbuch	_	_	_	_	_	_	_	_	NN	Dat.Sg.Neut	Drehbuch
79-7	7575-7578	für	_	_	_	_	_	_	_	_	APPR	_	für
79-8	7579-7584	einen	_	_	_	_	_	_	_	_	ART	Acc.Sg.Masc	ein
79-9	7585-7591	Sketch	_	_	_	_	_	_	_	_	NN	Acc.Sg.Masc	Sketch
79-10	7592-7596	oder	_	_	_	_	_	_	_	_	KON	_	oder
79-11	7597-7602	einen	_	_	_	_	_	_	_	_	ART	Acc.Sg.Masc	ein
79-12	7603-7612	Werbefilm	_	_	_	_	_	_	_	_	NN	Acc.Sg.Masc	Werbefilm
79-13	7613-7616	für	_	_	_	_	_	_	_	_	APPR	_	für
79-14	7617-7620	ein	_	_	_	_	_	_	_	_	ART	Acc.Sg.Neut	ein
79-15	7621-7637	Phantasieprodukt	_	_	_	_	_	_	_	_	NN	Acc.Sg.Neut	Phantasieprodukt
79-16	7638-7646	begonnen	_	_	_	_	_	_	_	_	VVPP	Psp	beginnen
79-17	7647-7653	werden	_	_	_	_	_	_	_	_	VAINF	Inf	werden
79-18	7654-7655	.	_	_	_	_	_	_	_	_	$.	_	.

#Text=Dies sollte erheblich leichter fallen , als ein Drehbuch für einen kompletten Spielfilm auszuarbeiten .
80-1	7658-7662	Dies	_	_	_	_	_	_	_	_	PDS	Nom.Sg.Neut	dieser
80-2	7663-7669	sollte	_	_	_	_	_	_	_	_	VMFIN	3.Sg.Past.Subj	sollen
80-3	7670-7679	erheblich	_	_	_	_	_	_	_	_	ADJD	Pos	erheblich
80-4	7680-7688	leichter	_	_	_	_	_	_	_	_	ADJD	Comp	leicht
80-5	7689-7695	fallen	_	_	_	_	_	_	_	_	VVINF	Inf	fallen
80-6	7696-7697	,	_	_	_	_	_	_	_	_	$,	_	,
80-7	7698-7701	als	_	_	_	_	_	_	_	_	KOKOM	_	als
80-8	7702-7705	ein	_	_	_	_	_	_	_	_	ART	Acc.Sg.Neut	ein
80-9	7706-7714	Drehbuch	_	_	_	_	_	_	_	_	NN	Acc.Sg.Neut	Drehbuch
80-10	7715-7718	für	_	_	_	_	_	_	_	_	APPR	_	für
80-11	7719-7724	einen	_	_	_	_	_	_	_	_	ART	Acc.Sg.Masc	ein
80-12	7725-7735	kompletten	_	_	_	_	_	_	_	_	ADJA	Pos.Acc.Sg.Masc	komplett
80-13	7736-7745	Spielfilm	_	_	_	_	_	_	_	_	NN	Acc.Sg.Masc	Spielfilm
80-14	7746-7759	auszuarbeiten	_	_	_	_	_	_	_	_	VVIZU	Infzu	ausarbeiten
80-15	7760-7761	.	_	_	_	_	_	_	_	_	$.	_	.

#Text=Später kann dann versucht werden , einen guten Roman als Grundlage für das Drehbuch zu benutzen .
81-1	7764-7770	Später	_	_	_	_	_	_	_	_	ADJD	Comp	spät
81-2	7771-7775	kann	_	_	_	_	_	_	_	_	VMFIN	3.Sg.Pres.Ind	können
81-3	7776-7780	dann	_	_	_	_	_	_	_	_	ADV	_	dann
81-4	7781-7789	versucht	_	_	_	_	_	_	_	_	VVPP	Psp	versuchen
81-5	7790-7796	werden	_	_	_	_	_	_	_	_	VAINF	Inf	werden
81-6	7797-7798	,	_	_	_	_	_	_	_	_	$,	_	,
81-7	7799-7804	einen	_	_	_	_	_	_	_	_	ART	Acc.Sg.Masc	ein
81-8	7805-7810	guten	_	_	_	_	_	_	_	_	ADJA	Pos.Acc.Sg.Masc	gut
81-9	7811-7816	Roman	_	_	_	_	_	_	_	_	NN	Acc.Sg.Masc	Roman
81-10	7817-7820	als	_	_	_	_	_	_	_	_	APPR	_	als
81-11	7821-7830	Grundlage	_	_	_	_	_	_	_	_	NN	Acc.Sg.Fem	Grundlage
81-12	7831-7834	für	_	_	_	_	_	_	_	_	APPR	_	für
81-13	7835-7838	das	_	_	_	_	_	_	_	_	ART	Acc.Sg.Neut	der
81-14	7839-7847	Drehbuch	_	_	_	_	_	_	_	_	NN	Acc.Sg.Neut	Drehbuch
81-15	7848-7850	zu	_	_	_	_	_	_	_	_	PTKZU	_	zu
81-16	7851-7859	benutzen	_	_	_	_	_	_	_	_	VVINF	Inf	benutzen
81-17	7860-7861	.	_	_	_	_	_	_	_	_	$.	_	.

#Text=Wenn dies aber nicht nur eine Übung sein soll , ist es ratsam , sich vorher mit dem Autor des Romans abzusprechen , wieviel die Filmrechte dafür kosten würden .
82-1	7864-7868	Wenn	_	_	_	_	_	_	_	_	KOUS	_	wenn
82-2	7869-7873	dies	_	_	_	_	_	_	_	_	PDS	Nom.Sg.Neut	dieser
82-3	7874-7878	aber	_	_	_	_	_	_	_	_	ADV	_	aber
82-4	7879-7884	nicht	_	_	_	_	_	_	_	_	PTKNEG	_	nicht
82-5	7885-7888	nur	_	_	_	_	_	_	_	_	ADV	_	nur
82-6	7889-7893	eine	_	_	_	_	_	_	_	_	ART	Nom.Sg.Fem	ein
82-7	7894-7899	Übung	_	_	_	_	_	_	_	_	NN	Nom.Sg.Fem	Übung
82-8	7900-7904	sein	_	_	_	_	_	_	_	_	VAINF	Inf	sein
82-9	7905-7909	soll	_	_	_	_	_	_	_	_	VMFIN	3.Sg.Pres.Ind	sollen
82-10	7910-7911	,	_	_	_	_	_	_	_	_	$,	_	,
82-11	7912-7915	ist	_	_	_	_	_	_	_	_	VAFIN	3.Sg.Pres.Ind	sein
82-12	7916-7918	es	_	_	_	_	_	_	_	_	PPER	3.Nom.Sg.Neut	es
82-13	7919-7925	ratsam	_	_	_	_	_	_	_	_	ADJD	Pos	ratsam
82-14	7926-7927	,	_	_	_	_	_	_	_	_	$,	_	,
82-15	7928-7932	sich	_	_	_	_	_	_	_	_	PRF	3.Acc.Sg	sich
82-16	7933-7939	vorher	_	_	_	_	_	_	_	_	ADV	_	vorher
82-17	7940-7943	mit	_	_	_	_	_	_	_	_	APPR	_	mit
82-18	7944-7947	dem	_	_	_	_	_	_	_	_	ART	Dat.Sg.Masc	der
82-19	7948-7953	Autor	_	_	_	_	_	_	_	_	NN	Dat.Sg.Masc	Autor
82-20	7954-7957	des	_	_	_	_	_	_	_	_	ART	Gen.Sg.Masc	der
82-21	7958-7964	Romans	_	_	_	_	_	_	_	_	NN	Gen.Sg.Masc	Roman
82-22	7965-7977	abzusprechen	_	_	_	_	_	_	_	_	VVIZU	Infzu	absprechen
82-23	7978-7979	,	_	_	_	_	_	_	_	_	$,	_	,
82-24	7980-7987	wieviel	_	_	_	_	_	_	_	_	PRELS	Nom.Pl.Masc	wieviel
82-25	7988-7991	die	_	_	_	_	_	_	_	_	ART	Nom.Pl.Neut	der
82-26	7992-8002	Filmrechte	_	_	_	_	_	_	_	_	NN	Nom.Pl.Neut	Filmrecht
82-27	8003-8008	dafür	_	_	_	_	_	_	_	_	PROAV	_	dafür
82-28	8009-8015	kosten	_	_	_	_	_	_	_	_	VVINF	Inf	kosten
82-29	8016-8022	würden	_	_	_	_	_	_	_	_	VAFIN	3.Pl.Past.Subj	werden
82-30	8023-8024	.	_	_	_	_	_	_	_	_	$.	_	.

#Text=Sonst hat man zwar ein tolles Drehbuch , aber man darf es nicht umsetzen , weil die Filmrechte zu teuer sind .
83-1	8027-8032	Sonst	_	_	_	_	_	_	_	_	ADV	_	sonst
83-2	8033-8036	hat	_	_	_	_	_	_	_	_	VAFIN	3.Sg.Pres.Ind	haben
83-3	8037-8040	man	_	_	_	_	_	_	_	_	PIS	Nom.Sg.*	man
83-4	8041-8045	zwar	_	_	_	_	_	_	_	_	ADV	_	zwar
83-5	8046-8049	ein	_	_	_	_	_	_	_	_	ART	Acc.Sg.Neut	ein
83-6	8050-8056	tolles	_	_	_	_	_	_	_	_	ADJA	Pos.Acc.Sg.Neut	toll
83-7	8057-8065	Drehbuch	_	_	_	_	_	_	_	_	NN	Acc.Sg.Neut	Drehbuch
83-8	8066-8067	,	_	_	_	_	_	_	_	_	$,	_	,
83-9	8068-8072	aber	_	_	_	_	_	_	_	_	KON	_	aber
83-10	8073-8076	man	_	_	_	_	_	_	_	_	PIS	Nom.Sg.*	man
83-11	8077-8081	darf	_	_	_	_	_	_	_	_	VMFIN	3.Sg.Pres.Ind	dürfen
83-12	8082-8084	es	_	_	_	_	_	_	_	_	PPER	3.Acc.Sg.Neut	es
83-13	8085-8090	nicht	_	_	_	_	_	_	_	_	PTKNEG	_	nicht
83-14	8091-8099	umsetzen	_	_	_	_	_	_	_	_	VVINF	Inf	umsetzen
83-15	8100-8101	,	_	_	_	_	_	_	_	_	$,	_	,
83-16	8102-8106	weil	_	_	_	_	_	_	_	_	KOUS	_	weil
83-17	8107-8110	die	_	_	_	_	_	_	_	_	ART	Nom.Pl.Neut	der
83-18	8111-8121	Filmrechte	_	_	_	_	_	_	_	_	NN	Nom.Pl.Neut	Filmrecht
83-19	8122-8124	zu	_	_	_	_	_	_	_	_	PTKA	_	zu
83-20	8125-8130	teuer	_	_	_	_	_	_	_	_	ADJD	Pos	teuer
83-21	8131-8135	sind	_	_	_	_	_	_	_	_	VAFIN	3.Pl.Pres.Ind	sein
83-22	8136-8137	.	_	_	_	_	_	_	_	_	$.	_	.

#Text=Lassen Sie es von mehreren Leuten in Ihrer nächsten Umgebung lesen .
84-1	8140-8146	Lassen	_	_	_	_	_	_	_	_	VVIMP	3.Pl.Pres.Ind	lassen
84-2	8147-8150	Sie	_	_	_	_	_	_	_	_	PPER	3.Nom.Pl.*	sie
84-3	8151-8153	es	_	_	_	_	_	_	_	_	PPER	3.Acc.Sg.Neut	es
84-4	8154-8157	von	_	_	_	_	_	_	_	_	APPR	_	von
84-5	8158-8166	mehreren	_	_	_	_	_	_	_	_	PIAT	Dat.Pl.*	mehrere
84-6	8167-8173	Leuten	_	_	_	_	_	_	_	_	NN	Dat.Pl.*	Leute
84-7	8174-8176	in	_	_	_	_	_	_	_	_	APPR	_	in
84-8	8177-8182	Ihrer	_	_	_	_	_	_	_	_	PPOSAT	Dat.Sg.Fem	ihr
84-9	8183-8191	nächsten	_	_	_	_	_	_	_	_	ADJA	Pos.Dat.Sg.Fem	nächster
84-10	8192-8200	Umgebung	_	_	_	_	_	_	_	_	NN	Dat.Sg.Fem	Umgebung
84-11	8201-8206	lesen	_	_	_	_	_	_	_	_	VVINF	Inf	lesen
84-12	8207-8208	.	_	_	_	_	_	_	_	_	$.	_	.

#Text=Nun können Sie anfangen .
85-1	8211-8214	Nun	_	_	_	_	_	_	_	_	ADV	_	nun
85-2	8215-8221	können	_	_	_	_	_	_	_	_	VMFIN	3.Pl.Pres.Ind	können
85-3	8222-8225	Sie	_	_	_	_	_	_	_	_	PPER	3.Nom.Pl.*	sie
85-4	8226-8234	anfangen	_	_	_	_	_	_	_	_	VVINF	Inf	anfangen
85-5	8235-8236	.	_	_	_	_	_	_	_	_	$.	_	.

#Text=Viel Glück !
86-1	8239-8243	Viel	_	_	_	_	_	_	_	_	PIAT	*.*.*	viel
86-2	8244-8249	Glück	_	_	_	_	_	_	_	_	NN	Nom.Sg.Neut	Glück
86-3	8250-8251	!	_	_	_	_	_	_	_	_	$.	_	!
