#ID_SENT-ID_TOKEN	#CHAR_OFFSET	#TOKEN	#MET_A|MFlag	#MET_A|Rolle	#MET_B|basic	#MET_B|c_mark	#MET_B2|b_Lex	#MET_D|a_Par	#SATELLITES	#POS	#MORPH	#LEMMA	#METAPHORICAL_FUNC_WORD	#METAPHORICAL_FUNC_VERB_PHRASE
1-1	0-2	Da	_	_	_	_	_	_	_	_	KOUS	_	da	_	_
1-2	3-6	Sie	_	_	_	_	_	_	_	_	PPER	3.Nom.Pl.*	sie	_	_
1-3	7-10	nun	_	_	_	_	_	_	_	_	ADV	_	nun	_	_
1-4	11-15	über	_	_	_	_	_	_	_	_	APPR	_	über	_	_
1-5	16-22	einige	_	_	_	_	_	_	_	_	PIAT	Acc.Pl.Fem	einiger	_	_
1-6	23-36	grundlegenden	_	_	_	_	_	_	_	_	ADJA	Pos.Acc.Pl.Fem	grundlegend	_	_
1-7	37-50	Informationen	_	_	_	_	_	_	_	_	NN	Acc.Pl.Fem	Information	_	_
1-8	51-55	über	_	_	_	_	_	_	_	_	APPR	_	über	_	_
1-9	56-59	das	_	_	_	_	_	_	_	_	ART	Acc.Sg.Neut	der	_	_
1-10	60-77	Drehbuchschreiben	_	_	_	_	_	_	_	_	NN	Acc.Sg.Neut	Drehbuchschreiben	_	_
1-11	78-86	verfügen	_	_	_	_	_	_	_	_	VVFIN	3.Pl.Pres.Ind	verfagen	_	_
1-12	87-88	,	_	_	_	_	_	_	_	_	$,	_	,	_	_
1-13	89-95	können	_	_	_	_	_	_	_	_	VMFIN	3.Pl.Pres.Ind	können	_	_
1-14	96-99	Sie	_	_	_	_	_	_	_	_	PPER	3.Nom.Pl.*	sie	_	_
1-15	100-108	loslegen	_	_	_	_	_	_	_	_	VVINF	Inf	loslegen	_	_
1-16	109-110	.	_	_	_	_	_	_	_	_	$.	_	.	_	_
2-1	113-123	Überprüfen	_	_	_	_	_	_	_	_	NN	Dat.Pl.Masc	Überpruf	_	_
2-2	124-127	sie	_	_	_	_	_	_	_	_	PPER	3.Nom.Pl.*	sie	_	_
2-3	128-132	aber	_	_	_	_	_	_	_	_	ADV	_	aber	_	_
2-4	133-138	bitte	_	_	_	_	_	_	_	_	ADV	_	bitte	_	_
2-5	139-140	,	_	_	_	_	_	_	_	_	$,	_	,	_	_
2-6	141-143	ob	_	_	_	_	_	_	_	_	KOUS	_	ob	_	_
2-7	144-147	Sie	_	_	_	_	_	_	_	_	PPER	3.Nom.Pl.*	sie	_	_
2-8	148-152	sich	_	_	_	_	_	_	_	_	PRF	3.Acc.Pl	sich	_	_
2-9	153-163	sorgfältig	_	_	_	_	_	_	_	_	ADJD	Pos	sorgfältig	_	_
2-10	164-169	genug	_	_	_	_	_	_	_	_	ADV	_	genug	_	_
2-11	170-181	vorbereitet	_	_	_	_	_	_	_	_	VVPP	Psp	vorbereiten	_	_
2-12	182-187	haben	_	_	_	_	_	_	_	_	VAFIN	3.Pl.Pres.Ind	haben	_	_
2-13	188-189	(	_	_	_	_	_	_	_	_	$(	_	(	_	_
2-14	190-195	siehe	_	_	_	_	_	_	_	_	VVIMP	2.Sg.Imp	sehen	_	_
2-15	196-203	Kapitel	_	_	_	_	_	_	_	_	NN	Acc.Sg.Neut	Kapitel	_	_
2-16	204-213	Vorarbeit	_	_	_	_	_	_	_	_	NN	Acc.Sg.Fem	Vorarbeit	_	_
2-17	214-215	)	_	_	_	_	_	_	_	_	$(	_	)	_	_
2-18	216-217	.	_	_	_	_	_	_	_	_	$.	_	.	_	_
3-1	220-224	Wenn	_	_	_	_	_	_	_	_	KOUS	_	wenn	_	_
3-2	225-228	Sie	_	_	_	_	_	_	_	_	PPER	3.Nom.Pl.*	sie	_	_
3-3	229-233	sich	_	_	_	_	_	_	_	_	PRF	3.Dat.Pl	sich	_	_
3-4	234-237	nun	_	_	_	_	_	_	_	_	ADV	_	nun	_	_
3-5	238-244	sicher	_	_	_	_	_	_	_	_	ADJD	Pos	sicher	_	_
3-6	245-249	sind	_	_	_	_	_	_	_	_	VAFIN	3.Pl.Pres.Ind	sein	_	_
3-7	250-251	,	_	_	_	_	_	_	_	_	$,	_	,	_	_
3-8	252-255	was	_	_	_	_	_	_	_	_	PWS	Acc.Sg.Neut	was	_	_
3-9	256-259	für	_	_	_	_	_	_	_	_	APPR	_	für	_	_
3-10	260-264	eine	_	_	_	_	_	_	_	_	ART	Acc.Sg.Fem	ein	_	_
3-11	265-270	Story	_	_	_	_	_	_	_	_	NN	Acc.Sg.Fem	Story	_	_
3-12	271-274	Sie	_	_	_	_	_	_	_	_	PPER	3.Nom.Pl.*	sie	_	_
3-13	275-284	schreiben	_	_	_	_	_	_	_	_	VVINF	Inf	schreiben	_	_
3-14	285-292	möchten	_	_	_	_	_	_	_	_	VMFIN	3.Pl.Pres.Ind	möchten	_	_
3-15	293-294	,	_	_	_	_	_	_	_	_	$,	_	,	_	_
3-16	295-298	ist	_	_	_	_	_	_	_	_	VAFIN	3.Sg.Pres.Ind	sein	_	_
3-17	299-308	Folgendes	_	_	_	_	_	_	_	_	NN	Nom.Sg.Neut	folgend	_	_
3-18	309-312	von	_	_	_	_	_	_	_	_	APPR	_	von	_	_
3-19	313-323	besonderer	_	_	_	_	_	_	_	_	ADJA	Pos.Dat.Sg.Fem	besonderer	_	_
3-20	324-333	Bedeutung	_	_	_	_	_	_	_	_	NN	Dat.Sg.Fem	Bedeutung	_	_
3-21	334-335	:	_	_	_	_	_	_	_	_	$.	_	:	_	_
3-22	336-339	Die	_	_	_	_	_	_	_	_	ART	Nom.Pl.Masc	der	_	_
3-23	340-350	Charaktere	_	_	_	_	_	_	_	_	NN	Nom.Pl.Masc	Charakter	_	_
3-24	351-356	Ihres	_	_	_	_	_	_	_	_	PPOSAT	Gen.Sg.Masc	ihr	_	_
3-25	357-363	Filmes	_	_	_	_	_	_	_	_	NN	Gen.Sg.Masc	Film	_	_
3-26	364-365	!	_	_	_	_	_	_	_	_	$.	_	!	_	_
4-1	368-374	Zuerst	_	_	_	_	_	_	_	_	ADV	_	zuerst	_	_
4-2	375-381	stellt	_	_	_	_	_	_	_	_	VVFIN	3.Sg.Pres.Ind	stellen	_	_
4-3	382-386	sich	_	_	_	_	_	_	_	_	PRF	3.Acc.Sg	sich	_	_
4-4	387-390	die	_	_	_	_	_	_	_	_	ART	Nom.Sg.Fem	der	_	_
4-5	391-396	Frage	_	_	_	_	_	_	_	_	NN	Nom.Sg.Fem	Frage	_	_
4-6	397-401	nach	_	_	_	_	_	_	_	_	APPR	_	nach	_	_
4-7	402-413	Protagonist	_	_	_	_	_	_	_	_	NN	Dat.Sg.Masc	Protagonist	_	_
4-8	414-417	und	_	_	_	_	_	_	_	_	KON	_	und	_	_
4-9	418-428	Antagonist	_	_	_	_	_	_	_	_	NN	Dat.Sg.Masc	Antagonist	_	_
4-10	429-430	.	_	_	_	_	_	_	_	_	$.	_	.	_	_
5-1	433-437	Jede	_	_	_	_	_	_	_	_	PIAT	Nom.Sg.Fem	jeder	_	_
5-2	438-448	Geschichte	_	_	_	_	_	_	_	_	NN	Nom.Sg.Fem	Geschichte	_	_
5-3	449-456	braucht	_	_	_	_	_	_	_	_	VVFIN	3.Sg.Pres.Ind	brauchen	_	_
5-4	457-462	einen	_	_	_	_	_	_	_	_	ART	Acc.Sg.Masc	ein	_	_
5-5	463-464	(	_	_	_	_	_	_	_	_	$(	_	(	_	_
5-6	465-469	oder	_	_	_	_	_	_	_	_	KON	_	oder	_	_
5-7	470-477	mehrere	_	_	_	_	_	_	_	_	PIAT	Acc.Pl.Masc	mehrere	_	_
5-8	478-479	)	_	_	_	_	_	_	_	_	$(	_	)	_	_
5-9	480-486	Helden	_	_	_	_	_	_	_	_	NN	Acc.Pl.Masc	Held	_	_
5-10	487-488	,	_	_	_	_	_	_	_	_	$,	_	,	_	_
5-11	489-492	den	_	_	_	_	_	_	_	_	ART	Acc.Sg.Masc	der	_	_
5-12	493-506	Protagonisten	_	_	_	_	_	_	_	_	NN	Acc.Sg.Masc	Protagonist	_	_
5-13	507-508	,	_	_	_	_	_	_	_	_	$,	_	,	_	_
5-14	509-512	dem	_	_	_	_	_	_	_	_	PRELS	Dat.Sg.Masc	der	_	_
5-15	513-516	der	_	_	_	_	_	_	_	_	ART	Nom.Sg.Masc	der	_	_
5-16	517-526	Zuschauer	_	_	_	_	_	_	_	_	NN	Nom.Sg.Masc	Zuschauer	_	_
5-17	527-532	folgt	_	_	_	_	_	_	_	_	VVFIN	3.Sg.Pres.Ind	folgen	_	_
5-18	533-536	und	_	_	_	_	_	_	_	_	KON	_	und	_	_
5-19	537-540	der	_	_	_	_	_	_	_	_	PRELS	Nom.Sg.Masc	der	_	_
5-20	541-544	die	_	_	_	_	_	_	_	_	ART	Acc.Sg.Fem	der	_	_
5-21	545-555	Geschichte	_	_	_	_	_	_	_	_	NN	Acc.Sg.Fem	Geschichte	_	_
5-22	556-562	erlebt	_	_	_	_	_	_	_	_	VVFIN	3.Sg.Pres.Ind	erleben	_	_
5-23	563-564	.	_	_	_	_	_	_	_	_	$.	_	.	_	_
6-1	567-570	Der	_	_	_	_	_	_	_	_	ART	Nom.Sg.Masc	der	_	_
6-2	571-582	Protagonist	_	_	_	_	_	_	_	_	NN	Nom.Sg.Masc	Protagonist	_	_
6-3	583-587	muss	_	_	_	_	_	_	_	_	VMFIN	3.Sg.Pres.Ind	müssen	_	_
6-4	588-592	kein	_	_	_	_	_	_	_	_	PIAT	Nom.Sg.Masc	kein	_	_
6-5	593-597	Held	_	_	_	_	_	_	_	_	NN	Nom.Sg.Masc	Held	_	_
6-6	598-602	sein	_	_	_	_	_	_	_	_	VAINF	Inf	sein	_	_
6-7	603-604	.	_	_	_	_	_	_	_	_	$.	_	.	_	_
7-1	607-609	Er	_	_	_	_	_	_	_	_	PPER	3.Nom.Sg.Masc	er	_	_
7-2	610-614	kann	_	_	_	_	_	_	_	_	VMFIN	3.Sg.Pres.Ind	können	_	_
7-3	615-619	auch	_	_	_	_	_	_	_	_	ADV	_	auch	_	_
7-4	620-625	einen	_	_	_	_	_	_	_	_	ART	Acc.Sg.Masc	ein	_	_
7-5	626-636	Antihelden	_	_	_	_	_	_	_	_	NN	Acc.Sg.Masc	Antiheld	_	_
7-6	637-647	verkörpern	_	_	_	_	_	_	_	_	VVINF	Inf	verkörpern	_	_
7-7	648-649	.	_	_	_	_	_	_	_	_	$.	_	.	_	_
8-1	652-655	Der	_	_	_	_	_	_	_	_	ART	Nom.Sg.Masc	der	_	_
8-2	656-667	Unterschied	_	_	_	_	_	_	_	_	NN	Nom.Sg.Masc	Unterschied	_	_
8-3	668-671	der	_	_	_	_	_	_	_	_	ART	Gen.Pl.*	der	_	_
8-4	672-678	beiden	_	_	_	_	_	_	_	_	PIS	Gen.Pl.*	beide	_	_
8-5	679-682	ist	_	_	_	_	_	_	_	_	VAFIN	3.Sg.Pres.Ind	sein	_	_
8-6	683-684	,	_	_	_	_	_	_	_	_	$,	_	,	_	_
8-7	685-689	dass	_	_	_	_	_	_	_	_	KOUS	_	dass	_	_
8-8	690-693	der	_	_	_	_	_	_	_	_	ART	Nom.Sg.Masc	der	_	_
8-9	694-698	Held	_	_	_	_	_	_	_	_	NN	Nom.Sg.Masc	Held	_	_
8-10	699-702	ein	_	_	_	_	_	_	_	_	ART	Acc.Sg.Neut	ein	_	_
8-11	703-707	Ziel	_	_	_	_	_	_	_	_	NN	Acc.Sg.Neut	Ziel	_	_
8-12	708-711	hat	_	_	_	_	_	_	_	_	VAFIN	3.Sg.Pres.Ind	haben	_	_
8-13	712-713	,	_	_	_	_	_	_	_	_	$,	_	,	_	_
8-14	714-717	das	_	_	_	_	_	_	_	_	PRELS	Acc.Sg.Neut	der	_	_
8-15	718-720	er	_	_	_	_	_	_	_	_	PPER	3.Nom.Sg.Masc	er	_	_
8-16	721-730	erreichen	_	_	_	_	_	_	_	_	VVINF	Inf	erreichen	_	_
8-17	731-735	will	_	_	_	_	_	_	_	_	VMFIN	3.Sg.Pres.Ind	wollen	_	_
8-18	736-739	und	_	_	_	_	_	_	_	_	KON	_	und	_	_
8-19	740-743	für	_	_	_	_	_	_	_	_	APPR	_	für	_	_
8-20	744-747	das	_	_	_	_	_	_	_	_	PRELS	Acc.Sg.Neut	der	_	_
8-21	748-750	er	_	_	_	_	_	_	_	_	PPER	3.Nom.Sg.Masc	er	_	_
8-22	751-755	sich	_	_	_	_	_	_	_	_	PRF	3.Acc.Sg	sich	_	_
8-23	756-761	aktiv	_	_	_	_	_	_	_	_	ADJD	Pos	aktiv	_	_
8-24	762-770	einsetzt	_	_	_	_	_	_	_	_	VVFIN	3.Sg.Pres.Ind	einsetzen	_	_
8-25	771-772	.	_	_	_	_	_	_	_	_	$.	_	.	_	_
9-1	775-778	Der	_	_	_	_	_	_	_	_	ART	Nom.Sg.Masc	der	_	_
9-2	779-787	Antiheld	_	_	_	_	_	_	_	_	NN	Nom.Sg.Masc	Antiheld	_	_
9-3	788-792	will	_	_	_	_	_	_	_	_	VMFIN	3.Sg.Pres.Ind	wollen	_	_
9-4	793-803	eigentlich	_	_	_	_	_	_	_	_	ADV	_	eigentlich	_	_
9-5	804-806	in	_	_	_	_	_	_	_	_	APPR	_	in	_	_
9-6	807-810	gar	_	_	_	_	_	_	_	_	ADV	_	gar	_	_
9-7	811-817	keiner	_	_	_	_	_	_	_	_	PIAT	Dat.Sg.Fem	kein	_	_
9-8	818-828	Geschichte	_	_	_	_	_	_	_	_	NN	Dat.Sg.Fem	Geschichte	_	_
9-9	829-838	vorkommen	_	_	_	_	_	_	_	_	VVINF	Inf	vorkommen	_	_
9-10	839-840	,	_	_	_	_	_	_	_	_	$,	_	,	_	_
9-11	841-843	er	_	_	_	_	_	_	_	_	PPER	3.Nom.Sg.Masc	er	_	_
9-12	844-848	will	_	_	_	_	_	_	_	_	VMFIN	3.Sg.Pres.Ind	wollen	_	_
9-13	849-853	sein	_	_	_	_	_	_	_	_	PPOSAT	Acc.Sg.Neut	sein	_	_
9-14	854-863	gewohntes	_	_	_	_	_	_	_	_	ADJA	Pos.Acc.Sg.Neut	gewohnt	_	_
9-15	864-870	Dasein	_	_	_	_	_	_	_	_	NN	Acc.Sg.Neut	Dasein	_	_
9-16	871-877	führen	_	_	_	_	_	_	_	_	VVINF	Inf	führen	_	_
9-17	878-879	,	_	_	_	_	_	_	_	_	$,	_	,	_	_
9-18	880-884	wird	_	_	_	_	_	_	_	_	VAFIN	3.Sg.Pres.Ind	werden	_	_
9-19	885-889	aber	_	_	_	_	_	_	_	_	ADV	_	aber	_	_
9-20	890-895	durch	_	_	_	_	_	_	_	_	APPR	_	durch	_	_
9-21	896-900	eine	_	_	_	_	_	_	_	_	ART	Acc.Sg.Fem	ein	_	_
9-22	901-907	Person	_	_	_	_	_	_	_	_	NN	Acc.Sg.Fem	Person	_	_
9-23	908-912	oder	_	_	_	_	_	_	_	_	KON	_	oder	_	_
9-24	913-916	ein	_	_	_	_	_	_	_	_	ART	Acc.Sg.Neut	ein	_	_
9-25	917-925	Ereignis	_	_	_	_	_	_	_	_	NN	Acc.Sg.Neut	Ereignis	_	_
9-26	926-929	zum	_	_	_	_	_	_	_	_	APPRART	Dat.Sg.Neut	zu	_	_
9-27	930-937	Handeln	_	_	_	_	_	_	_	_	NN	Dat.Sg.Neut	handeln	_	_
9-28	938-947	gezwungen	_	_	_	_	_	_	_	_	VVPP	Psp	zwingen	_	_
9-29	948-949	.	_	_	_	_	_	_	_	_	$.	_	.	_	_
10-1	952-955	Ihm	_	_	_	_	_	_	_	_	PPER	3.Dat.Sg.Masc	ihm	_	_
10-2	956-960	geht	_	_	_	_	_	_	_	_	VVFIN	3.Sg.Pres.Ind	gehen	_	_
10-3	961-963	es	_	_	_	_	_	_	_	_	PPER	3.Nom.Sg.Neut	es	_	_
10-4	964-965	(	_	_	_	_	_	_	_	_	$(	_	(	_	_
10-5	966-975	zumindest	_	_	_	_	_	_	_	_	ADV	_	zumindest	_	_
10-6	976-978	am	_	_	_	_	_	_	_	_	APPRART	Dat.Sg.Masc	an	_	_
10-7	979-985	Anfang	_	_	_	_	_	_	_	_	NN	Dat.Sg.Masc	Anfang	_	_
10-8	986-987	)	_	_	_	_	_	_	_	_	$(	_	)	_	_
10-9	988-993	nicht	_	_	_	_	_	_	_	_	PTKNEG	_	nicht	_	_
10-10	994-999	darum	_	_	_	_	_	_	_	_	PROAV	_	darum	_	_
10-11	1000-1001	,	_	_	_	_	_	_	_	_	$,	_	,	_	_
10-12	1002-1005	ein	_	_	_	_	_	_	_	_	ART	Acc.Sg.Neut	ein	_	_
10-13	1006-1010	Ziel	_	_	_	_	_	_	_	_	NN	Acc.Sg.Neut	Ziel	_	_
10-14	1011-1013	zu	_	_	_	_	_	_	_	_	PTKZU	_	zu	_	_
10-15	1014-1023	erreichen	_	_	_	_	_	_	_	_	VVINF	Inf	erreichen	_	_
10-16	1024-1025	,	_	_	_	_	_	_	_	_	$,	_	,	_	_
10-17	1026-1033	sondern	_	_	_	_	_	_	_	_	KON	_	sondern	_	_
10-18	1034-1039	darum	_	_	_	_	_	_	_	_	PROAV	_	darum	_	_
10-19	1040-1041	,	_	_	_	_	_	_	_	_	$,	_	,	_	_
10-20	1042-1049	endlich	_	_	_	_	_	_	_	_	ADV	_	endlich	_	_
10-21	1050-1056	wieder	_	_	_	_	_	_	_	_	ADV	_	wieder	_	_
10-22	1057-1062	seine	_	_	_	_	_	_	_	_	PPOSAT	Acc.Sg.Fem	sein	_	_
10-23	1063-1067	Ruhe	_	_	_	_	_	_	_	_	NN	Acc.Sg.Fem	Ruhe	_	_
10-24	1068-1070	zu	_	_	_	_	_	_	_	_	PTKZU	_	zu	_	_
10-25	1071-1076	haben	_	_	_	_	_	_	_	_	VAINF	Inf	haben	_	_
10-26	1077-1078	.	_	_	_	_	_	_	_	_	$.	_	.	_	_
11-1	1081-1089	Außerdem	_	_	_	_	_	_	_	_	PROAV	_	außerdem	_	_
11-2	1090-1097	braucht	_	_	_	_	_	_	_	_	VVFIN	3.Sg.Pres.Ind	brauchen	_	_
11-3	1098-1100	es	_	_	_	_	_	_	_	_	PPER	3.Nom.Sg.Neut	es	_	_
11-4	1101-1106	einen	_	_	_	_	_	_	_	_	ART	Acc.Sg.Masc	ein	_	_
11-5	1107-1119	Antagonisten	_	_	_	_	_	_	_	_	NN	Acc.Sg.Masc	Antagonist	_	_
11-6	1120-1121	,	_	_	_	_	_	_	_	_	$,	_	,	_	_
11-7	1122-1125	der	_	_	_	_	_	_	_	_	PRELS	Nom.Sg.Masc	der	_	_
11-8	1126-1130	sich	_	_	_	_	_	_	_	_	PRF	3.Acc.Sg	sich	_	_
11-9	1131-1134	dem	_	_	_	_	_	_	_	_	ART	Dat.Sg.Masc	der	_	_
11-10	1135-1148	Protagonisten	_	_	_	_	_	_	_	_	NN	Dat.Sg.Masc	Protagonist	_	_
11-11	1149-1163	entgegenstellt	_	_	_	_	_	_	_	_	VVFIN	3.Sg.Pres.Ind	entgegenstellen	_	_
11-12	1164-1165	.	_	_	_	_	_	_	_	_	$.	_	.	_	_
12-1	1168-1173	Dabei	_	_	_	_	_	_	_	_	PROAV	_	dabei	_	_
12-2	1174-1178	muss	_	_	_	_	_	_	_	_	VMFIN	3.Sg.Pres.Ind	müssen	_	_
12-3	1179-1181	es	_	_	_	_	_	_	_	_	PPER	3.Nom.Sg.Neut	es	_	_
12-4	1182-1186	sich	_	_	_	_	_	_	_	_	PRF	3.Acc.Sg	sich	_	_
12-5	1187-1192	nicht	_	_	_	_	_	_	_	_	PTKNEG	_	nicht	_	_
12-6	1193-1202	unbedingt	_	_	_	_	_	_	_	_	ADV	_	unbedingt	_	_
12-7	1203-1205	um	_	_	_	_	_	_	_	_	APPR	_	um	_	_
12-8	1206-1211	einen	_	_	_	_	_	_	_	_	ART	Acc.Sg.Masc	ein	_	_
12-9	1212-1221	Charakter	_	_	_	_	_	_	_	_	NN	Acc.Sg.Masc	Charakter	_	_
12-10	1222-1225	wie	_	_	_	_	_	_	_	_	KOKOM	_	wie	_	_
12-11	1226-1227	z	_	_	_	_	_	_	_	_	CARD	_	z	_	_
12-12	1228-1229	.	_	_	_	_	_	_	_	_	$.	_	.	_	_
13-1	1232-1233	B	_	_	_	_	_	_	_	_	XY	_	B	_	_
13-2	1234-1235	.	_	_	_	_	_	_	_	_	$.	_	.	_	_
13-3	1236-1237	"	_	_	_	_	_	_	_	_	$(	_	"	_	_
13-4	1238-1240	Dr	_	_	_	_	_	_	_	_	NE	Nom.Sg.*	Dr	_	_
13-5	1241-1242	.	_	_	_	_	_	_	_	_	$.	_	.	_	_
14-1	1245-1247	No	_	_	_	_	_	_	_	_	FM	_	No	_	_
14-2	1248-1249	"	_	_	_	_	_	_	_	_	FM	_	"	_	_
14-3	1250-1251	,	_	_	_	_	_	_	_	_	$,	_	,	_	_
14-4	1252-1253	"	_	_	_	_	_	_	_	_	$(	_	"	_	_
14-5	1254-1259	Agent	_	_	_	_	_	_	_	_	FM	_	Agent	_	_
14-6	1260-1265	Smith	_	_	_	_	_	_	_	_	FM	_	Smith	_	_
14-7	1266-1267	"	_	_	_	_	_	_	_	_	$(	_	"	_	_
14-8	1268-1269	,	_	_	_	_	_	_	_	_	$,	_	,	_	_
14-9	1270-1271	"	_	_	_	_	_	_	_	_	$(	_	"	_	_
14-10	1272-1279	Cruella	_	_	_	_	_	_	_	_	NE	*.*.*	Cruella	_	_
14-11	1280-1282	de	_	_	_	_	_	_	_	_	NE	*.*.*	de	_	_
14-12	1283-1288	Ville	_	_	_	_	_	_	_	_	FM	_	Ville	_	_
14-13	1289-1290	"	_	_	_	_	_	_	_	_	$(	_	"	_	_
14-14	1291-1295	oder	_	_	_	_	_	_	_	_	KON	_	oder	_	_
14-15	1296-1301	einen	_	_	_	_	_	_	_	_	ART	Acc.Sg.Masc	ein	_	_
14-16	1302-1309	anderen	_	_	_	_	_	_	_	_	ADJA	Pos.Acc.Sg.Masc	anderer	_	_
14-17	1310-1319	Bösewicht	_	_	_	_	_	_	_	_	NN	Acc.Sg.Masc	Bösewicht	_	_
14-18	1320-1327	handeln	_	_	_	_	_	_	_	_	VVFIN	3.Pl.Pres.Ind	handeln	_	_
14-19	1328-1329	.	_	_	_	_	_	_	_	_	$.	_	.	_	_
15-1	1332-1334	Es	_	_	_	_	_	_	_	_	PPER	3.Nom.Sg.Neut	es	_	_
15-2	1335-1339	kann	_	_	_	_	_	_	_	_	VMFIN	3.Sg.Pres.Ind	können	_	_
15-3	1340-1344	auch	_	_	_	_	_	_	_	_	ADV	_	auch	_	_
15-4	1345-1348	die	_	_	_	_	_	_	_	_	ART	Nom.Sg.Fem	der	_	_
15-5	1349-1363	Schüchternheit	_	_	_	_	_	_	_	_	NN	Nom.Sg.Fem	Schüchternheit	_	_
15-6	1364-1367	des	_	_	_	_	_	_	_	_	ART	Gen.Sg.Masc	der	_	_
15-7	1368-1374	Helden	_	_	_	_	_	_	_	_	NN	Gen.Sg.Masc	Held	_	_
15-8	1375-1376	,	_	_	_	_	_	_	_	_	$,	_	,	_	_
15-9	1377-1382	seine	_	_	_	_	_	_	_	_	PPOSAT	Nom.Sg.Fem	sein	_	_
15-10	1383-1393	vielleicht	_	_	_	_	_	_	_	_	ADV	_	vielleicht	_	_
15-11	1394-1402	tödliche	_	_	_	_	_	_	_	_	ADJA	Pos.Nom.Sg.Fem	tödlich	_	_
15-12	1403-1412	Krankheit	_	_	_	_	_	_	_	_	NN	Nom.Sg.Fem	Krankheit	_	_
15-13	1413-1417	oder	_	_	_	_	_	_	_	_	KON	_	oder	_	_
15-14	1418-1423	seine	_	_	_	_	_	_	_	_	PPOSAT	Nom.Sg.Fem	sein	_	_
15-15	1424-1436	Abhängigkeit	_	_	_	_	_	_	_	_	NN	Nom.Sg.Fem	Abhängigkeit	_	_
15-16	1437-1440	von	_	_	_	_	_	_	_	_	APPR	_	von	_	_
15-17	1441-1447	seiner	_	_	_	_	_	_	_	_	PPOSAT	Dat.Sg.Fem	sein	_	_
15-18	1448-1454	Mutter	_	_	_	_	_	_	_	_	NN	Dat.Sg.Fem	Mutter	_	_
15-19	1455-1459	sein	_	_	_	_	_	_	_	_	VAINF	Inf	sein	_	_
15-20	1460-1461	.	_	_	_	_	_	_	_	_	$.	_	.	_	_
16-1	1464-1469	Jeder	_	_	_	_	_	_	_	_	PIAT	Nom.Sg.Masc	jeder	_	_
16-2	1470-1474	gute	_	_	_	_	_	_	_	_	ADJA	Pos.Nom.Sg.Masc	gut	_	_
16-3	1475-1479	Film	_	_	_	_	_	_	_	_	NN	Nom.Sg.Masc	Film	_	_
16-4	1480-1484	lebt	_	_	_	_	_	_	_	_	VVFIN	3.Sg.Pres.Ind	leben	_	_
16-5	1485-1488	von	_	_	_	_	_	_	_	_	APPR	_	von	_	_
16-6	1489-1492	den	_	_	_	_	_	_	_	_	ART	Dat.Pl.Fem	der	_	_
16-7	1493-1504	Charakteren	_	_	_	_	_	_	_	_	NN	Dat.Pl.Fem	Charaktere	_	_
16-8	1505-1506	,	_	_	_	_	_	_	_	_	$,	_	,	_	_
16-9	1507-1512	nicht	_	_	_	_	_	_	_	_	PTKNEG	_	nicht	_	_
16-10	1513-1516	von	_	_	_	_	_	_	_	_	APPR	_	von	_	_
16-11	1517-1523	bloßen	_	_	_	_	_	_	_	_	ADJA	Pos.Dat.Pl.Fem	bloß	_	_
16-12	1524-1532	Personen	_	_	_	_	_	_	_	_	NN	Dat.Pl.Fem	Person	_	_
16-13	1533-1534	(	_	_	_	_	_	_	_	_	$(	_	(	_	_
16-14	1535-1536	z	_	_	_	_	_	_	_	_	CARD	_	z	_	_
16-15	1537-1538	.	_	_	_	_	_	_	_	_	$.	_	.	_	_
16-16	1539-1540	B	_	_	_	_	_	_	_	_	XY	_	B	_	_
16-17	1541-1542	.	_	_	_	_	_	_	_	_	$.	_	.	_	_
16-18	1543-1548	Bruce	_	_	_	_	_	_	_	_	NE	Nom.Sg.Masc	Bruce	_	_
16-19	1549-1555	Willis	_	_	_	_	_	_	_	_	NE	Nom.Sg.Masc	Willis	_	_
16-20	1556-1558	in	_	_	_	_	_	_	_	_	APPR	_	in	_	_
16-21	1559-1560	"	_	_	_	_	_	_	_	_	$(	_	"	_	_
16-22	1561-1564	Die	_	_	_	_	_	_	_	_	ART	Nom.Sg.Fem	der	_	_
16-23	1565-1569	Hard	_	_	_	_	_	_	_	_	NN	Nom.Sg.Fem	Hard	_	_
16-24	1570-1571	"	_	_	_	_	_	_	_	_	$(	_	"	_	_
16-25	1572-1573	)	_	_	_	_	_	_	_	_	$(	_	)	_	_
16-26	1574-1575	.	_	_	_	_	_	_	_	_	$.	_	.	_	_
17-1	1578-1581	Wie	_	_	_	_	_	_	_	_	PWAV	_	wie	_	_
17-2	1582-1586	wird	_	_	_	_	_	_	_	_	VAFIN	3.Sg.Pres.Ind	werden	_	_
17-3	1587-1591	aber	_	_	_	_	_	_	_	_	ADV	_	aber	_	_
17-4	1592-1596	eine	_	_	_	_	_	_	_	_	ART	Nom.Sg.Fem	ein	_	_
17-5	1597-1603	Person	_	_	_	_	_	_	_	_	NN	Nom.Sg.Fem	Person	_	_
17-6	1604-1606	zu	_	_	_	_	_	_	_	_	APPR	_	zu	_	_
17-7	1607-1612	einem	_	_	_	_	_	_	_	_	ART	Dat.Sg.Masc	ein	_	_
17-8	1613-1623	besonderen	_	_	_	_	_	_	_	_	ADJA	Pos.Dat.Sg.Masc	besonderer	_	_
17-9	1624-1633	Charakter	_	_	_	_	_	_	_	_	NN	Dat.Sg.Masc	Charakter	_	_
17-10	1634-1635	?	_	_	_	_	_	_	_	_	$.	_	?	_	_
18-1	1638-1648	Charaktere	_	_	_	_	_	_	_	_	NN	Nom.Pl.Masc	Charakter	_	_
18-2	1649-1657	zeichnen	_	_	_	_	_	_	_	_	VVFIN	3.Pl.Pres.Ind	zeichnen	_	_
18-3	1658-1662	sich	_	_	_	_	_	_	_	_	PRF	3.Acc.Pl	sich	_	_
18-4	1663-1668	durch	_	_	_	_	_	_	_	_	APPR	_	durch	_	_
18-5	1669-1677	markante	_	_	_	_	_	_	_	_	ADJA	Pos.Acc.Pl.Fem	markant	_	_
18-6	1678-1691	Eigenschaften	_	_	_	_	_	_	_	_	NN	Acc.Pl.Fem	Eigenschaft	_	_
18-7	1692-1693	,	_	_	_	_	_	_	_	_	$,	_	,	_	_
18-8	1694-1704	Erlebnisse	_	_	_	_	_	_	_	_	NN	Acc.Pl.Neut	Erlebnis	_	_
18-9	1705-1709	oder	_	_	_	_	_	_	_	_	KON	_	oder	_	_
18-10	1710-1726	Verhaltensweisen	_	_	_	_	_	_	_	_	NN	Acc.Pl.Fem	Verhaltensweise	_	_
18-11	1727-1730	aus	_	_	_	_	_	_	_	_	PTKVZ	_	aus	_	_
18-12	1731-1732	(	_	_	_	_	_	_	_	_	$(	_	(	_	_
18-13	1733-1737	egal	_	_	_	_	_	_	_	_	ADV	_	egal	_	_
18-14	1738-1740	ob	_	_	_	_	_	_	_	_	KOUS	_	ob	_	_
18-15	1741-1749	positive	_	_	_	_	_	_	_	_	ADJA	Pos.Nom.Pl.Masc	positiv	_	_
18-16	1750-1754	oder	_	_	_	_	_	_	_	_	KON	_	oder	_	_
18-17	1755-1763	negative	_	_	_	_	_	_	_	_	ADJA	Pos.Nom.Pl.Masc	negativ	_	_
18-18	1764-1765	)	_	_	_	_	_	_	_	_	$(	_	)	_	_
18-19	1766-1767	.	_	_	_	_	_	_	_	_	$.	_	.	_	_
19-1	1770-1775	Diese	_	_	_	_	_	_	_	_	PDS	Nom.Sg.Fem	dieser	_	_
19-2	1776-1778	in	_	_	_	_	_	_	_	_	APPR	_	in	_	_
19-3	1779-1785	Szenen	_	_	_	_	_	_	_	_	NN	Dat.Pl.Fem	Szene	_	_
19-4	1786-1789	dem	_	_	_	_	_	_	_	_	ART	Dat.Sg.Masc	der	_	_
19-5	1790-1799	Zuschauer	_	_	_	_	_	_	_	_	NN	Dat.Sg.Masc	Zuschauer	_	_
19-6	1800-1805	näher	_	_	_	_	_	_	_	_	ADJD	Comp	nah	_	_
19-7	1806-1808	zu	_	_	_	_	_	_	_	_	PTKZU	_	zu	_	_
19-8	1809-1816	bringen	_	_	_	_	_	_	_	_	VVINF	Inf	bringen	_	_
19-9	1817-1818	,	_	_	_	_	_	_	_	_	$,	_	,	_	_
19-10	1819-1822	ist	_	_	_	_	_	_	_	_	VAFIN	3.Sg.Pres.Ind	sein	_	_
19-11	1823-1826	die	_	_	_	_	_	_	_	_	ART	Nom.Sg.Fem	der	_	_
19-12	1827-1834	Aufgabe	_	_	_	_	_	_	_	_	NN	Nom.Sg.Fem	Aufgabe	_	_
19-13	1835-1840	eines	_	_	_	_	_	_	_	_	ART	Gen.Sg.Masc	ein	_	_
19-14	1841-1855	Drehbuchautors	_	_	_	_	_	_	_	_	NN	Gen.Sg.Masc	Drehbuchautor	_	_
19-15	1856-1857	.	_	_	_	_	_	_	_	_	$.	_	.	_	_
20-1	1860-1862	Er	_	_	_	_	_	_	_	_	PPER	3.Nom.Sg.Masc	er	_	_
20-2	1863-1867	muss	_	_	_	_	_	_	_	_	VMFIN	3.Sg.Pres.Ind	müssen	_	_
20-3	1868-1877	versuchen	_	_	_	_	_	_	_	_	VVINF	Inf	versuchen	_	_
20-4	1878-1879	,	_	_	_	_	_	_	_	_	$,	_	,	_	_
20-5	1880-1884	über	_	_	_	_	_	_	_	_	APPR	_	über	_	_
20-6	1885-1888	die	_	_	_	_	_	_	_	_	ART	Acc.Sg.Fem	der	_	_
20-7	1889-1896	gesamte	_	_	_	_	_	_	_	_	ADJA	Pos.Acc.Sg.Fem	gesamt	_	_
20-8	1897-1902	Dauer	_	_	_	_	_	_	_	_	NN	Acc.Sg.Fem	Dauer	_	_
20-9	1903-1906	des	_	_	_	_	_	_	_	_	ART	Gen.Sg.Masc	der	_	_
20-10	1907-1913	Filmes	_	_	_	_	_	_	_	_	NN	Gen.Sg.Masc	Film	_	_
20-11	1914-1917	aus	_	_	_	_	_	_	_	_	APPR	_	aus	_	_
20-12	1918-1923	einer	_	_	_	_	_	_	_	_	ART	Dat.Sg.Fem	ein	_	_
20-13	1924-1936	gewöhnlichen	_	_	_	_	_	_	_	_	ADJA	Pos.Dat.Sg.Fem	gewöhnlich	_	_
20-14	1937-1943	Person	_	_	_	_	_	_	_	_	NN	Dat.Sg.Fem	Person	_	_
20-15	1944-1949	einen	_	_	_	_	_	_	_	_	ART	Acc.Sg.Masc	ein	_	_
20-16	1950-1960	wirklichen	_	_	_	_	_	_	_	_	ADJA	Pos.Acc.Sg.Masc	wirklich	_	_
20-17	1961-1970	Charakter	_	_	_	_	_	_	_	_	NN	Acc.Sg.Masc	Charakter	_	_
20-18	1971-1973	zu	_	_	_	_	_	_	_	_	PTKZU	_	zu	_	_
20-19	1974-1982	schaffen	_	_	_	_	_	_	_	_	VVINF	Inf	schaffen	_	_
20-20	1983-1984	.	_	_	_	_	_	_	_	_	$.	_	.	_	_
21-1	1987-1992	Etwas	_	_	_	_	_	_	_	_	PIAT	*.*.*	etwas	_	_
21-2	1993-2006	Einzigartiges	_	_	_	_	_	_	_	_	NN	Nom.Sg.Neut	einzigartige	_	_
21-3	2007-2008	.	_	_	_	_	_	_	_	_	$.	_	.	_	_
22-1	2011-2015	Dies	_	_	_	_	_	_	_	_	PDS	Acc.Sg.Neut	dieser	_	_
22-2	2016-2024	erreicht	_	_	_	_	_	_	_	_	VVFIN	3.Sg.Pres.Ind	erreichen	_	_
22-3	2025-2027	er	_	_	_	_	_	_	_	_	PPER	3.Nom.Sg.Masc	er	_	_
22-4	2028-2029	,	_	_	_	_	_	_	_	_	$,	_	,	_	_
22-5	2030-2035	indem	_	_	_	_	_	_	_	_	KOUS	_	indem	_	_
22-6	2036-2038	er	_	_	_	_	_	_	_	_	PPER	3.Nom.Sg.Masc	er	_	_
22-7	2039-2043	sich	_	_	_	_	_	_	_	_	PRF	3.Dat.Sg	sich	_	_
22-8	2044-2050	Szenen	_	_	_	_	_	_	_	_	NN	Acc.Pl.Fem	Szene	_	_
22-9	2051-2052	,	_	_	_	_	_	_	_	_	$,	_	,	_	_
22-10	2053-2060	Dialoge	_	_	_	_	_	_	_	_	NN	Acc.Pl.Masc	Dialog	_	_
22-11	2061-2065	oder	_	_	_	_	_	_	_	_	KON	_	oder	_	_
22-12	2066-2076	Ereignisse	_	_	_	_	_	_	_	_	NN	Acc.Pl.Neut	Ereignis	_	_
22-13	2077-2079	in	_	_	_	_	_	_	_	_	APPR	_	in	_	_
22-14	2080-2086	seiner	_	_	_	_	_	_	_	_	PPOSAT	Dat.Sg.Fem	sein	_	_
22-15	2087-2097	Geschichte	_	_	_	_	_	_	_	_	NN	Dat.Sg.Fem	Geschichte	_	_
22-16	2098-2107	einfallen	_	_	_	_	_	_	_	_	VVINF	Inf	einfallen	_	_
22-17	2108-2113	lässt	_	_	_	_	_	_	_	_	VVFIN	3.Sg.Pres.Ind	lassen	_	_
22-18	2114-2115	,	_	_	_	_	_	_	_	_	$,	_	,	_	_
22-19	2116-2119	die	_	_	_	_	_	_	_	_	PRELS	Nom.Pl.Fem	der	_	_
22-20	2120-2126	seinen	_	_	_	_	_	_	_	_	PPOSAT	Acc.Sg.Masc	sein	_	_
22-21	2127-2136	Charakter	_	_	_	_	_	_	_	_	NN	Acc.Sg.Masc	Charakter	_	_
22-22	2137-2140	dem	_	_	_	_	_	_	_	_	ART	Dat.Sg.Masc	der	_	_
22-23	2141-2150	Zuschauer	_	_	_	_	_	_	_	_	NN	Dat.Sg.Masc	Zuschauer	_	_
22-24	2151-2161	vermitteln	_	_	_	_	_	_	_	_	VVFIN	3.Pl.Pres.Ind	vermitteln	_	_
22-25	2162-2163	.	_	_	_	_	_	_	_	_	$.	_	.	_	_
23-1	2166-2171	Dabei	_	_	_	_	_	_	_	_	PROAV	_	dabei	_	_
23-2	2172-2178	sollte	_	_	_	_	_	_	_	_	VMFIN	3.Sg.Past.Ind	sollen	_	_
23-3	2179-2182	für	_	_	_	_	_	_	_	_	APPR	_	für	_	_
23-4	2183-2186	den	_	_	_	_	_	_	_	_	ART	Acc.Sg.Masc	der	_	_
23-5	2187-2200	Drehbuchautor	_	_	_	_	_	_	_	_	NN	Acc.Sg.Masc	Drehbuchautor	_	_
23-6	2201-2204	die	_	_	_	_	_	_	_	_	ART	Nom.Sg.Fem	der	_	_
23-7	2205-2212	oberste	_	_	_	_	_	_	_	_	ADJA	Sup.Nom.Sg.Fem	oberer	_	_
23-8	2213-2221	Prämisse	_	_	_	_	_	_	_	_	NN	Nom.Sg.Fem	Prämisse	_	_
23-9	2222-2225	die	_	_	_	_	_	_	_	_	ART	Nom.Sg.Fem	der	_	_
23-10	2226-2241	Glaubwürdigkeit	_	_	_	_	_	_	_	_	NN	Nom.Sg.Fem	Glaubwürdigkeit	_	_
23-11	2242-2245	des	_	_	_	_	_	_	_	_	ART	Gen.Sg.Masc	der	_	_
23-12	2246-2256	Charakters	_	_	_	_	_	_	_	_	NN	Gen.Sg.Masc	Charakter	_	_
23-13	2257-2263	seiner	_	_	_	_	_	_	_	_	PPOSAT	Gen.Sg.Fem	sein	_	_
23-14	2264-2269	Figur	_	_	_	_	_	_	_	_	NN	Gen.Sg.Fem	Figur	_	_
23-15	2270-2274	sein	_	_	_	_	_	_	_	_	VAINF	Inf	sein	_	_
23-16	2275-2276	.	_	_	_	_	_	_	_	_	$.	_	.	_	_
24-1	2279-2285	Nichts	_	_	_	_	_	_	_	_	PIS	*.*.Neut	nichts	_	_
24-2	2286-2289	ist	_	_	_	_	_	_	_	_	VAFIN	3.Sg.Pres.Ind	sein	_	_
24-3	2290-2301	schädlicher	_	_	_	_	_	_	_	_	ADJD	Comp	schädlich	_	_
24-4	2302-2305	für	_	_	_	_	_	_	_	_	APPR	_	für	_	_
24-5	2306-2311	einen	_	_	_	_	_	_	_	_	ART	Acc.Sg.Masc	ein	_	_
24-6	2312-2316	Film	_	_	_	_	_	_	_	_	NN	Acc.Sg.Masc	Film	_	_
24-7	2317-2320	als	_	_	_	_	_	_	_	_	KOKOM	_	als	_	_
24-8	2321-2335	unglaubwürdige	_	_	_	_	_	_	_	_	ADJA	Pos.Nom.Pl.Masc	unglaubwürdig	_	_
24-9	2336-2346	Charaktere	_	_	_	_	_	_	_	_	NN	Nom.Pl.Masc	Charakter	_	_
24-10	2347-2348	.	_	_	_	_	_	_	_	_	$.	_	.	_	_
25-1	2351-2356	Dabei	_	_	_	_	_	_	_	_	PROAV	_	dabei	_	_
25-2	2357-2364	sollten	_	_	_	_	_	_	_	_	VMFIN	3.Pl.Past.Subj	sollen	_	_
25-3	2365-2368	Sie	_	_	_	_	_	_	_	_	PPER	3.Nom.Pl.*	sie	_	_
25-4	2369-2373	aber	_	_	_	_	_	_	_	_	ADV	_	aber	_	_
25-5	2374-2382	beachten	_	_	_	_	_	_	_	_	VVINF	Inf	beachten	_	_
25-6	2383-2384	,	_	_	_	_	_	_	_	_	$,	_	,	_	_
25-7	2385-2389	dass	_	_	_	_	_	_	_	_	KOUS	_	dass	_	_
25-8	2390-2393	die	_	_	_	_	_	_	_	_	ART	Nom.Pl.Masc	der	_	_
25-9	2394-2401	meisten	_	_	_	_	_	_	_	_	PIAT	Nom.Pl.Masc	meister	_	_
25-10	2402-2417	anspruchsvollen	_	_	_	_	_	_	_	_	ADJA	Pos.Nom.Pl.Masc	anspruchsvoll	_	_
25-11	2418-2427	Cineasten	_	_	_	_	_	_	_	_	NN	Nom.Pl.Masc	Cineast	_	_
25-12	2428-2433	nicht	_	_	_	_	_	_	_	_	PTKNEG	_	nicht	_	_
25-13	2434-2437	die	_	_	_	_	_	_	_	_	ART	Acc.Pl.Masc	der	_	_
25-14	2438-2449	stereotypen	_	_	_	_	_	_	_	_	ADJA	Pos.Acc.Pl.Masc	stereotyp	_	_
25-15	2450-2456	Helden	_	_	_	_	_	_	_	_	NN	Acc.Pl.Masc	Held	_	_
25-16	2457-2460	und	_	_	_	_	_	_	_	_	KON	_	und	_	_
25-17	2461-2472	Bösewichter	_	_	_	_	_	_	_	_	NN	Acc.Pl.Masc	Bösewichter	_	_
25-18	2473-2478	mögen	_	_	_	_	_	_	_	_	VMFIN	3.Pl.Pres.Ind	mögen	_	_
25-19	2479-2480	.	_	_	_	_	_	_	_	_	$.	_	.	_	_
26-1	2483-2486	Sie	_	_	_	_	_	_	_	_	PPER	3.Nom.Pl.*	sie	_	_
26-2	2487-2494	sollten	_	_	_	_	_	_	_	_	VMFIN	3.Pl.Past.Ind	sollen	_	_
26-3	2495-2500	immer	_	_	_	_	_	_	_	_	ADV	_	immer	_	_
26-4	2501-2510	versuchen	_	_	_	_	_	_	_	_	VVINF	Inf	versuchen	_	_
26-5	2511-2512	,	_	_	_	_	_	_	_	_	$,	_	,	_	_
26-6	2513-2522	besondere	_	_	_	_	_	_	_	_	ADJA	Pos.Acc.Pl.Masc	besonderer	_	_
26-7	2523-2533	Charaktere	_	_	_	_	_	_	_	_	NN	Acc.Pl.Masc	Charakter	_	_
26-8	2534-2536	zu	_	_	_	_	_	_	_	_	PTKZU	_	zu	_	_
26-9	2537-2545	schaffen	_	_	_	_	_	_	_	_	VVINF	Inf	schaffen	_	_
26-10	2546-2547	,	_	_	_	_	_	_	_	_	$,	_	,	_	_
26-11	2548-2551	die	_	_	_	_	_	_	_	_	PRELS	Nom.Pl.Masc	der	_	_
26-12	2552-2556	alle	_	_	_	_	_	_	_	_	PIS	Nom.Pl.*	alle	_	_
26-13	2557-2560	auf	_	_	_	_	_	_	_	_	APPR	_	auf	_	_
26-14	2561-2565	ihre	_	_	_	_	_	_	_	_	PPOSAT	Acc.Sg.Fem	ihr	_	_
26-15	2566-2569	Art	_	_	_	_	_	_	_	_	NN	Acc.Sg.Fem	Art	_	_
26-16	2570-2573	und	_	_	_	_	_	_	_	_	KON	_	und	_	_
26-17	2574-2579	Weise	_	_	_	_	_	_	_	_	NN	Acc.Sg.Fem	Weise	_	_
26-18	2580-2591	einzigartig	_	_	_	_	_	_	_	_	ADJD	Pos	einzigartig	_	_
26-19	2592-2596	sind	_	_	_	_	_	_	_	_	VAFIN	3.Pl.Pres.Ind	sein	_	_
26-20	2597-2598	(	_	_	_	_	_	_	_	_	$(	_	(	_	_
26-21	2599-2601	so	_	_	_	_	_	_	_	_	ADV	_	so	_	_
26-22	2602-2605	wie	_	_	_	_	_	_	_	_	KOKOM	_	wie	_	_
26-23	2606-2609	Ihr	_	_	_	_	_	_	_	_	PPOSAT	Nom.Sg.Neut	ihr	_	_
26-24	2610-2618	Drehbuch	_	_	_	_	_	_	_	_	NN	Nom.Sg.Neut	Drehbuch	_	_
26-25	2619-2620	)	_	_	_	_	_	_	_	_	$(	_	)	_	_
26-26	2621-2622	.	_	_	_	_	_	_	_	_	$.	_	.	_	_
27-1	2625-2630	Warum	_	_	_	_	_	_	_	_	PWAV	_	warum	_	_
27-2	2631-2634	ist	_	_	_	_	_	_	_	_	VAFIN	3.Sg.Pres.Ind	sein	_	_
27-3	2635-2639	dies	_	_	_	_	_	_	_	_	PDS	Nom.Sg.Neut	dieser	_	_
27-4	2640-2647	wichtig	_	_	_	_	_	_	_	_	ADJD	Pos	wichtig	_	_
27-5	2648-2649	?	_	_	_	_	_	_	_	_	$.	_	?	_	_
28-1	2652-2655	Die	_	_	_	_	_	_	_	_	ART	Nom.Pl.Masc	der	_	_
28-2	2656-2663	meisten	_	_	_	_	_	_	_	_	PIAT	Nom.Pl.Masc	meister	_	_
28-3	2664-2672	Menschen	_	_	_	_	_	_	_	_	NN	Nom.Pl.Masc	Mensch	_	_
28-4	2673-2680	schauen	_	_	_	_	_	_	_	_	VVFIN	3.Pl.Pres.Ind	schauen	_	_
28-5	2681-2685	sich	_	_	_	_	_	_	_	_	PRF	3.Acc.Pl	sich	_	_
28-6	2686-2691	Filme	_	_	_	_	_	_	_	_	NN	Acc.Pl.Masc	Film	_	_
28-7	2692-2694	in	_	_	_	_	_	_	_	_	APPR	_	in	_	_
28-8	2695-2700	Kinos	_	_	_	_	_	_	_	_	NN	Dat.Pl.Neut	Kino	_	_
28-9	2701-2705	oder	_	_	_	_	_	_	_	_	KON	_	oder	_	_
28-10	2706-2708	im	_	_	_	_	_	_	_	_	APPRART	Dat.Sg.Neut	in	_	_
28-11	2709-2718	Fernsehen	_	_	_	_	_	_	_	_	NN	Dat.Sg.Neut	Fernsehen	_	_
28-12	2719-2723	zwar	_	_	_	_	_	_	_	_	ADV	_	zwar	_	_
28-13	2724-2726	an	_	_	_	_	_	_	_	_	PTKVZ	_	an	_	_
28-14	2727-2728	,	_	_	_	_	_	_	_	_	$,	_	,	_	_
28-15	2729-2733	weil	_	_	_	_	_	_	_	_	KOUS	_	weil	_	_
28-16	2734-2737	sie	_	_	_	_	_	_	_	_	PPER	3.Nom.Pl.Masc	sie	_	_
28-17	2738-2749	unterhalten	_	_	_	_	_	_	_	_	VVPP	Psp	unterhalten	_	_
28-18	2750-2756	werden	_	_	_	_	_	_	_	_	VAINF	Inf	werden	_	_
28-19	2757-2764	möchten	_	_	_	_	_	_	_	_	VMFIN	3.Pl.Pres.Ind	möchten	_	_
28-20	2765-2766	,	_	_	_	_	_	_	_	_	$,	_	,	_	_
28-21	2767-2771	aber	_	_	_	_	_	_	_	_	KON	_	aber	_	_
28-22	2772-2776	sehr	_	_	_	_	_	_	_	_	ADV	_	sehr	_	_
28-23	2777-2782	viele	_	_	_	_	_	_	_	_	PIS	Nom.Pl.*	viele	_	_
28-24	2783-2790	möchten	_	_	_	_	_	_	_	_	VMFIN	3.Pl.Pres.Ind	möchten	_	_
28-25	2791-2795	sich	_	_	_	_	_	_	_	_	PRF	3.Acc.Pl	sich	_	_
28-26	2796-2797	,	_	_	_	_	_	_	_	_	$,	_	,	_	_
28-27	2798-2802	wenn	_	_	_	_	_	_	_	_	KOUS	_	wenn	_	_
28-28	2803-2807	auch	_	_	_	_	_	_	_	_	ADV	_	auch	_	_
28-29	2808-2816	meistens	_	_	_	_	_	_	_	_	ADV	_	meistens	_	_
28-30	2817-2829	unterbewusst	_	_	_	_	_	_	_	_	VVPP	Psp	unterbewussen	_	_
28-31	2830-2831	,	_	_	_	_	_	_	_	_	$,	_	,	_	_
28-32	2832-2836	auch	_	_	_	_	_	_	_	_	ADV	_	auch	_	_
28-33	2837-2840	mit	_	_	_	_	_	_	_	_	APPR	_	mit	_	_
28-34	2841-2844	den	_	_	_	_	_	_	_	_	ART	Dat.Pl.Fem	der	_	_
28-35	2845-2856	Charakteren	_	_	_	_	_	_	_	_	NN	Dat.Pl.Fem	Charaktere	_	_
28-36	2857-2860	des	_	_	_	_	_	_	_	_	ART	Gen.Sg.Masc	der	_	_
28-37	2861-2867	Filmes	_	_	_	_	_	_	_	_	NN	Gen.Sg.Masc	Film	_	_
28-38	2868-2882	identifizieren	_	_	_	_	_	_	_	_	VVINF	Inf	identifizieren	_	_
28-39	2883-2884	.	_	_	_	_	_	_	_	_	$.	_	.	_	_
29-1	2887-2891	Wenn	_	_	_	_	_	_	_	_	KOUS	_	wenn	_	_
29-2	2892-2895	Sie	_	_	_	_	_	_	_	_	PPER	3.Nom.Pl.*	sie	_	_
29-3	2896-2904	schaffen	_	_	_	_	_	_	_	_	VVFIN	3.Pl.Pres.Ind	schaffen	_	_
29-4	2905-2906	,	_	_	_	_	_	_	_	_	$,	_	,	_	_
29-5	2907-2911	dies	_	_	_	_	_	_	_	_	PDS	Acc.Sg.Neut	dieser	_	_
29-6	2912-2914	in	_	_	_	_	_	_	_	_	APPR	_	in	_	_
29-7	2915-2920	einem	_	_	_	_	_	_	_	_	ART	Dat.Sg.Neut	ein	_	_
29-8	2921-2929	Drehbuch	_	_	_	_	_	_	_	_	NN	Dat.Sg.Neut	Drehbuch	_	_
29-9	2930-2940	umzusetzen	_	_	_	_	_	_	_	_	VVIZU	Infzu	umsetzen	_	_
29-10	2941-2942	,	_	_	_	_	_	_	_	_	$,	_	,	_	_
29-11	2943-2948	haben	_	_	_	_	_	_	_	_	VAFIN	3.Pl.Pres.Ind	haben	_	_
29-12	2949-2952	Sie	_	_	_	_	_	_	_	_	PPER	3.Nom.Pl.*	sie	_	_
29-13	2953-2958	schon	_	_	_	_	_	_	_	_	ADV	_	schon	_	_
29-14	2959-2962	die	_	_	_	_	_	_	_	_	ART	Acc.Sg.Fem	der	_	_
29-15	2963-2969	Hälfte	_	_	_	_	_	_	_	_	NN	Acc.Sg.Fem	Hälfte	_	_
29-16	2970-2979	geschafft	_	_	_	_	_	_	_	_	VVPP	Psp	schaffen	_	_
29-17	2980-2981	.	_	_	_	_	_	_	_	_	$.	_	.	_	_
30-1	2984-2987	Sie	_	_	_	_	_	_	_	_	PPER	3.Nom.Pl.*	sie	_	_
30-2	2988-2995	sollten	_	_	_	_	_	_	_	_	VMFIN	3.Pl.Past.Ind	sollen	_	_
30-3	2996-3004	deswegen	_	_	_	_	_	_	_	_	PROAV	_	deswegen	_	_
30-4	3005-3009	auch	_	_	_	_	_	_	_	_	ADV	_	auch	_	_
30-5	3010-3013	auf	_	_	_	_	_	_	_	_	APPR	_	auf	_	_
30-6	3014-3024	stereotype	_	_	_	_	_	_	_	_	ADJA	Pos.Acc.Pl.Masc	stereotyp	_	_
30-7	3025-3031	Helden	_	_	_	_	_	_	_	_	NN	Acc.Pl.Masc	Held	_	_
30-8	3032-3035	und	_	_	_	_	_	_	_	_	KON	_	und	_	_
30-9	3036-3046	Bösewichte	_	_	_	_	_	_	_	_	NN	Acc.Pl.Masc	Bösewicht	_	_
30-10	3047-3051	oder	_	_	_	_	_	_	_	_	KON	_	oder	_	_
30-11	3052-3061	Ähnliches	_	_	_	_	_	_	_	_	NN	Acc.Sg.Neut	ähnliche	_	_
30-12	3062-3072	verzichten	_	_	_	_	_	_	_	_	VVINF	Inf	verzichten	_	_
30-13	3073-3074	.	_	_	_	_	_	_	_	_	$.	_	.	_	_
31-1	3077-3083	Lassen	_	_	_	_	_	_	_	_	VVFIN	3.Pl.Pres.Ind	lassen	_	_
31-2	3084-3087	Sie	_	_	_	_	_	_	_	_	PPER	3.Nom.Pl.*	sie	_	_
31-3	3088-3092	ihre	_	_	_	_	_	_	_	_	PPOSAT	Acc.Pl.Masc	ihr	_	_
31-4	3093-3103	Charaktere	_	_	_	_	_	_	_	_	NN	Acc.Pl.Masc	Charakter	_	_
31-5	3104-3109	etwas	_	_	_	_	_	_	_	_	PIAT	*.*.*	etwas	_	_
31-6	3110-3120	Besonderes	_	_	_	_	_	_	_	_	NN	Nom.Sg.Neut	besondere	_	_
31-7	3121-3125	sein	_	_	_	_	_	_	_	_	VAINF	Inf	sein	_	_
31-8	3126-3127	.	_	_	_	_	_	_	_	_	$.	_	.	_	_
32-1	3130-3133	Die	_	_	_	_	_	_	_	_	ART	Nom.Sg.Fem	der	_	_
32-2	3134-3146	Originalität	_	_	_	_	_	_	_	_	NN	Nom.Sg.Fem	Originalität	_	_
32-3	3147-3152	ihrer	_	_	_	_	_	_	_	_	PPOSAT	Gen.Pl.Masc	ihr	_	_
32-4	3153-3163	Charaktere	_	_	_	_	_	_	_	_	NN	Gen.Pl.Masc	Charakter	_	_
32-5	3164-3169	macht	_	_	_	_	_	_	_	_	VVFIN	3.Sg.Pres.Ind	machen	_	_
32-6	3170-3175	einen	_	_	_	_	_	_	_	_	ART	Acc.Sg.Masc	ein	_	_
32-7	3176-3182	großen	_	_	_	_	_	_	_	_	ADJA	Pos.Acc.Sg.Masc	groß	_	_
32-8	3183-3187	Teil	_	_	_	_	_	_	_	_	NN	Acc.Sg.Masc	Teil	_	_
32-9	3188-3191	der	_	_	_	_	_	_	_	_	ART	Gen.Sg.Fem	der	_	_
32-10	3192-3201	Vitalität	false	0Kern	true	true	Lebenskraft, -freude	true	*	Strahlkraft	NN	Gen.Sg.Fem	Vitalität	_	_
32-11	3202-3207	ihres	_	_	_	_	_	_	_	_	PPOSAT	Gen.Sg.Masc	ihr	_	_
32-12	3208-3214	Filmes	_	_	_	_	_	_	_	_	NN	Gen.Sg.Masc	Film	_	_
32-13	3215-3218	aus	_	_	_	_	_	_	_	_	PTKVZ	_	aus	_	_
32-14	3219-3220	(	_	_	_	_	_	_	_	_	$(	_	(	_	_
32-15	3221-3230	Beispiele	_	_	_	_	_	_	_	_	NN	Acc.Pl.Neut	Beispiel	_	_
32-16	3231-3235	gibt	_	_	_	_	_	_	_	_	VVFIN	3.Sg.Pres.Ind	geben	_	_
32-17	3236-3238	es	_	_	_	_	_	_	_	_	PPER	3.Nom.Sg.Neut	es	_	_
32-18	3239-3247	genügend	_	_	_	_	_	_	_	_	ADJD	Pos	genügend	_	_
32-19	3248-3250	in	_	_	_	_	_	_	_	_	APPR	_	in	_	_
32-20	3251-3254	der	_	_	_	_	_	_	_	_	ART	Dat.Sg.Fem	der	_	_
32-21	3255-3263	Filmwelt	_	_	_	_	_	_	_	_	NN	Dat.Sg.Fem	Filmwelt	_	_
32-22	3264-3265	(	_	_	_	_	_	_	_	_	$(	_	(	_	_
32-23	3266-3273	Captain	_	_	_	_	_	_	_	_	NN	Nom.Sg.Masc	Captain	_	_
32-24	3274-3278	Jack	_	_	_	_	_	_	_	_	NE	Nom.Sg.Masc	Jack	_	_
32-25	3279-3286	Sparrow	_	_	_	_	_	_	_	_	NE	Nom.Sg.Masc	Sparrow	_	_
32-26	3287-3288	-	_	_	_	_	_	_	_	_	$(	_	-	_	_
32-27	3289-3296	Pirates	_	_	_	_	_	_	_	_	NE	*.*.*	Pirates	_	_
32-28	3297-3299	Of	_	_	_	_	_	_	_	_	NE	*.*.*	Of	_	_
32-29	3300-3303	The	_	_	_	_	_	_	_	_	NE	*.*.*	The	_	_
32-30	3304-3313	Caribbean	_	_	_	_	_	_	_	_	NE	Nom.Sg.*	Caribbean	_	_
32-31	3314-3315	)	_	_	_	_	_	_	_	_	$(	_	)	_	_
32-32	3316-3317	)	_	_	_	_	_	_	_	_	$(	_	)	_	_
32-33	3318-3319	.	_	_	_	_	_	_	_	_	$.	_	.	_	_
33-1	3322-3330	Außerdem	_	_	_	_	_	_	_	_	PROAV	_	außerdem	_	_
33-2	3331-3335	muss	_	_	_	_	_	_	_	_	VMFIN	3.Sg.Pres.Ind	müssen	_	_
33-3	3336-3339	der	_	_	_	_	_	_	_	_	ART	Nom.Sg.Masc	der	_	_
33-4	3340-3351	Protagonist	_	_	_	_	_	_	_	_	NN	Nom.Sg.Masc	Protagonist	_	_
33-5	3352-3354	im	_	_	_	_	_	_	_	_	APPRART	Dat.Sg.Masc	in	_	_
33-6	3355-3360	Laufe	_	_	_	_	_	_	_	_	NN	Dat.Sg.Masc	Lauf	_	_
33-7	3361-3366	ihrer	_	_	_	_	_	_	_	_	PPOSAT	Gen.Sg.Fem	ihr	_	_
33-8	3367-3377	Geschichte	_	_	_	_	_	_	_	_	NN	Gen.Sg.Fem	Geschichte	_	_
33-9	3378-3382	eine	_	_	_	_	_	_	_	_	ART	Acc.Sg.Fem	ein	_	_
33-10	3383-3391	Wandlung	_	_	_	_	_	_	_	_	NN	Acc.Sg.Fem	Wandlung	_	_
33-11	3392-3403	durchlaufen	_	_	_	_	_	_	_	_	VVINF	Inf	durchlaufen	_	_
33-12	3404-3405	,	_	_	_	_	_	_	_	_	$,	_	,	_	_
33-13	3406-3408	zu	_	_	_	_	_	_	_	_	APPR	_	zu	_	_
33-14	3409-3414	einer	_	_	_	_	_	_	_	_	ART	Dat.Sg.Fem	ein	_	_
33-15	3415-3425	Erkenntnis	_	_	_	_	_	_	_	_	NN	Dat.Sg.Fem	Erkenntnis	_	_
33-16	3426-3434	gelangen	_	_	_	_	_	_	_	_	VVINF	Inf	gelangen	_	_
33-17	3435-3436	,	_	_	_	_	_	_	_	_	$,	_	,	_	_
33-18	3437-3440	etc	_	_	_	_	_	_	_	_	ADV	_	etc	_	_
33-19	3441-3442	.	_	_	_	_	_	_	_	_	$.	_	.	_	_
33-20	3443-3449	Bleibt	_	_	_	_	_	_	_	_	VVFIN	3.Sg.Pres.Ind	bleiben	_	_
33-21	3450-3452	er	_	_	_	_	_	_	_	_	PPER	3.Nom.Sg.Masc	er	_	_
33-22	3453-3456	von	_	_	_	_	_	_	_	_	APPR	_	von	_	_
33-23	3457-3462	allen	_	_	_	_	_	_	_	_	PIAT	Dat.Pl.Neut	aller	_	_
33-24	3463-3476	Vorkommnissen	_	_	_	_	_	_	_	_	NN	Dat.Pl.Neut	Vorkommnis	_	_
33-25	3477-3490	unbeeindruckt	_	_	_	_	_	_	_	_	ADJD	Pos	unbeeindruckt	_	_
33-26	3491-3492	,	_	_	_	_	_	_	_	_	$,	_	,	_	_
33-27	3493-3502	erscheint	_	_	_	_	_	_	_	_	VVFIN	3.Sg.Pres.Ind	erscheinen	_	_
33-28	3503-3505	er	_	_	_	_	_	_	_	_	PPER	3.Nom.Sg.Masc	er	_	_
33-29	3506-3513	schnell	_	_	_	_	_	_	_	_	ADJD	Pos	schnell	_	_
33-30	3514-3521	hölzern	_	_	_	_	_	_	_	_	VVINF	Inf	hölzern	_	_
33-31	3522-3525	und	_	_	_	_	_	_	_	_	KON	_	und	_	_
33-32	3526-3539	unrealistisch	_	_	_	_	_	_	_	_	ADJD	Pos	unrealistisch	_	_
33-33	3540-3541	.	_	_	_	_	_	_	_	_	$.	_	.	_	_
34-1	3544-3547	Ein	_	_	_	_	_	_	_	_	ART	Nom.Sg.Neut	ein	_	_
34-2	3548-3556	Werkzeug	_	_	_	_	_	_	_	_	NN	Nom.Sg.Neut	Werkzeug	_	_
34-3	3557-3560	zur	_	_	_	_	_	_	_	_	APPRART	Dat.Sg.Fem	zu	_	_
34-4	3561-3570	Schaffung	_	_	_	_	_	_	_	_	NN	Dat.Sg.Fem	Schaffung	_	_
34-5	3571-3576	einer	_	_	_	_	_	_	_	_	ART	Gen.Sg.Fem	ein	_	_
34-6	3577-3590	interessanten	_	_	_	_	_	_	_	_	ADJA	Pos.Gen.Sg.Fem	interessant	_	_
34-7	3591-3594	und	_	_	_	_	_	_	_	_	KON	_	und	_	_
34-8	3595-3611	wandlungsfähigen	_	_	_	_	_	_	_	_	ADJA	Pos.Gen.Sg.Fem	wandlungsfähig	_	_
34-9	3612-3617	Figur	_	_	_	_	_	_	_	_	NN	Gen.Sg.Fem	Figur	_	_
34-10	3618-3621	ist	_	_	_	_	_	_	_	_	VAFIN	3.Sg.Pres.Ind	sein	_	_
34-11	3622-3623	z	_	_	_	_	_	_	_	_	CARD	_	z	_	_
34-12	3624-3625	.	_	_	_	_	_	_	_	_	$.	_	.	_	_
35-1	3628-3629	B	_	_	_	_	_	_	_	_	XY	_	B	_	_
35-2	3630-3631	.	_	_	_	_	_	_	_	_	$.	_	.	_	_
35-3	3632-3635	das	_	_	_	_	_	_	_	_	ART	Nom.Sg.Neut	der	_	_
35-4	3636-3640	Must	_	_	_	_	_	_	_	_	NN	Nom.Sg.Neut	Must	_	_
35-5	3641-3645	need	_	_	_	_	_	_	_	_	APPR	_	need	_	_
35-6	3646-3653	Konzept	_	_	_	_	_	_	_	_	NN	Acc.Sg.Neut	Konzept	_	_
35-7	3654-3655	.	_	_	_	_	_	_	_	_	$.	_	.	_	_
36-1	3658-3662	Eine	_	_	_	_	_	_	_	_	ART	Nom.Sg.Fem	ein	_	_
36-2	3663-3668	Figur	_	_	_	_	_	_	_	_	NN	Nom.Sg.Fem	Figur	_	_
36-3	3669-3670	,	_	_	_	_	_	_	_	_	$,	_	,	_	_
36-4	3671-3674	vor	_	_	_	_	_	_	_	_	APPR	_	vor	_	_
36-5	3675-3680	allem	_	_	_	_	_	_	_	_	PIS	Dat.Sg.Neut	alle	_	_
36-6	3681-3684	der	_	_	_	_	_	_	_	_	ART	Nom.Sg.Masc	der	_	_
36-7	3685-3696	Protagonist	_	_	_	_	_	_	_	_	NN	Nom.Sg.Masc	Protagonist	_	_
36-8	3697-3698	,	_	_	_	_	_	_	_	_	$,	_	,	_	_
36-9	3699-3706	braucht	_	_	_	_	_	_	_	_	VVFIN	3.Sg.Pres.Ind	brauchen	_	_
36-10	3707-3710	ein	_	_	_	_	_	_	_	_	ART	Acc.Sg.Neut	ein	_	_
36-11	3711-3723	dramatisches	_	_	_	_	_	_	_	_	ADJA	Pos.Acc.Sg.Neut	dramatisch	_	_
36-12	3724-3728	Ziel	_	_	_	_	_	_	_	_	NN	Acc.Sg.Neut	Ziel	_	_
36-13	3729-3730	,	_	_	_	_	_	_	_	_	$,	_	,	_	_
36-14	3731-3734	das	_	_	_	_	_	_	_	_	PRELS	Nom.Sg.Neut	der	_	_
36-15	3735-3736	"	_	_	_	_	_	_	_	_	$(	_	"	_	_
36-16	3737-3741	must	_	_	_	_	_	_	_	_	VVFIN	3.Sg.Pres.Ind	musen	_	_
36-17	3742-3743	"	_	_	_	_	_	_	_	_	$(	_	"	_	_
36-18	3744-3745	.	_	_	_	_	_	_	_	_	$.	_	.	_	_
37-1	3748-3750	Er	_	_	_	_	_	_	_	_	PPER	3.Nom.Sg.Masc	er	_	_
37-2	3751-3754	hat	_	_	_	_	_	_	_	_	VAFIN	3.Sg.Pres.Ind	haben	_	_
37-3	3755-3759	aber	_	_	_	_	_	_	_	_	ADV	_	aber	_	_
37-4	3760-3764	auch	_	_	_	_	_	_	_	_	ADV	_	auch	_	_
37-5	3765-3769	eine	_	_	_	_	_	_	_	_	ART	Acc.Sg.Fem	ein	_	_
37-6	3770-3780	unbewusste	_	_	_	_	_	_	_	_	ADJA	Pos.Acc.Sg.Fem	unbewuß	_	_
37-7	3781-3792	Eigenschaft	_	_	_	_	_	_	_	_	NN	Acc.Sg.Fem	Eigenschaft	_	_
37-8	3793-3794	,	_	_	_	_	_	_	_	_	$,	_	,	_	_
37-9	3795-3798	das	_	_	_	_	_	_	_	_	PRELS	Nom.Sg.Neut	der	_	_
37-10	3799-3800	"	_	_	_	_	_	_	_	_	$(	_	"	_	_
37-11	3801-3805	need	_	_	_	_	_	_	_	_	XY	_	need	_	_
37-12	3806-3807	"	_	_	_	_	_	_	_	_	$(	_	"	_	_
37-13	3808-3809	,	_	_	_	_	_	_	_	_	$,	_	,	_	_
37-14	3810-3813	das	_	_	_	_	_	_	_	_	PRELS	Nom.Sg.Neut	der	_	_
37-15	3814-3820	diesem	_	_	_	_	_	_	_	_	PDAT	Dat.Sg.Neut	dieser	_	_
37-16	3821-3825	Ziel	_	_	_	_	_	_	_	_	NN	Dat.Sg.Neut	Ziel	_	_
37-17	3826-3839	entgegensteht	_	_	_	_	_	_	_	_	VVFIN	3.Sg.Pres.Ind	entgegenstehen	_	_
37-18	3840-3841	.	_	_	_	_	_	_	_	_	$.	_	.	_	_
38-1	3844-3846	Im	_	_	_	_	_	_	_	_	APPRART	Dat.Sg.Masc	in	_	_
38-2	3847-3854	Verlauf	_	_	_	_	_	_	_	_	NN	Dat.Sg.Masc	Verlauf	_	_
38-3	3855-3858	der	_	_	_	_	_	_	_	_	ART	Gen.Sg.Fem	der	_	_
38-4	3859-3869	Geschichte	_	_	_	_	_	_	_	_	NN	Gen.Sg.Fem	Geschichte	_	_
38-5	3870-3874	wird	_	_	_	_	_	_	_	_	VAFIN	3.Sg.Pres.Ind	werden	_	_
38-6	3875-3880	immer	_	_	_	_	_	_	_	_	ADV	_	immer	_	_
38-7	3881-3887	wieder	_	_	_	_	_	_	_	_	ADV	_	wieder	_	_
38-8	3888-3891	auf	_	_	_	_	_	_	_	_	APPR	_	auf	_	_
38-9	3892-3897	diese	_	_	_	_	_	_	_	_	PDAT	Acc.Sg.Fem	dieser	_	_
38-10	3898-3906	Schwäche	_	_	_	_	_	_	_	_	NN	Acc.Sg.Fem	Schwäche	_	_
38-11	3907-3916	abgezielt	_	_	_	_	_	_	_	_	VVPP	Psp	abzielen	_	_
38-12	3917-3918	(	_	_	_	_	_	_	_	_	$(	_	(	_	_
38-13	3919-3920	"	_	_	_	_	_	_	_	_	$(	_	"	_	_
38-14	3921-3929	wounding	_	_	_	_	_	_	_	_	FM	_	wounding	_	_
38-15	3930-3931	"	_	_	_	_	_	_	_	_	NE	Nom.Sg.*	"	_	_
38-16	3932-3933	)	_	_	_	_	_	_	_	_	$(	_	)	_	_
38-17	3934-3935	.	_	_	_	_	_	_	_	_	$.	_	.	_	_
39-1	3938-3940	So	_	_	_	_	_	_	_	_	ADV	_	so	_	_
39-2	3941-3945	muss	_	_	_	_	_	_	_	_	VMFIN	3.Sg.Pres.Ind	müssen	_	_
39-3	3946-3950	sich	_	_	_	_	_	_	_	_	PRF	3.Acc.Sg	sich	_	_
39-4	3951-3954	die	_	_	_	_	_	_	_	_	ART	Nom.Sg.Fem	der	_	_
39-5	3955-3960	Figur	_	_	_	_	_	_	_	_	NN	Nom.Sg.Fem	Figur	_	_
39-6	3961-3968	wandeln	_	_	_	_	_	_	_	_	VVINF	Inf	wandeln	_	_
39-7	3969-3970	,	_	_	_	_	_	_	_	_	$,	_	,	_	_
39-8	3971-3973	um	_	_	_	_	_	_	_	_	KOUI	_	um	_	_
39-9	3974-3976	am	_	_	_	_	_	_	_	_	APPRART	Dat.Sg.Neut	an	_	_
39-10	3977-3981	Ende	_	_	_	_	_	_	_	_	NN	Dat.Sg.Neut	Ende	_	_
39-11	3982-3985	ihr	_	_	_	_	_	_	_	_	PPOSAT	Acc.Sg.Neut	ihr	_	_
39-12	3986-3990	Ziel	_	_	_	_	_	_	_	_	NN	Acc.Sg.Neut	Ziel	_	_
39-13	3991-4000	erreichen	_	_	_	_	_	_	_	_	VVINF	Inf	erreichen	_	_
39-14	4001-4003	zu	_	_	_	_	_	_	_	_	PTKZU	_	zu	_	_
39-15	4004-4010	können	_	_	_	_	_	_	_	_	VMINF	Inf	können	_	_
39-16	4011-4012	.	_	_	_	_	_	_	_	_	$.	_	.	_	_
40-1	4015-4018	Die	_	_	_	_	_	_	_	_	ART	Nom.Sg.Fem	der	_	_
40-2	4019-4027	Handlung	_	_	_	_	_	_	_	_	NN	Nom.Sg.Fem	Handlung	_	_
40-3	4028-4031	ist	_	_	_	_	_	_	_	_	VAFIN	3.Sg.Pres.Ind	sein	_	_
40-4	4032-4038	ebenso	_	_	_	_	_	_	_	_	ADV	_	ebenso	_	_
40-5	4039-4046	wichtig	_	_	_	_	_	_	_	_	ADJD	Pos	wichtig	_	_
40-6	4047-4050	wie	_	_	_	_	_	_	_	_	KOKOM	_	wie	_	_
40-7	4051-4054	der	_	_	_	_	_	_	_	_	ART	Nom.Sg.Masc	der	_	_
40-8	4055-4061	Aufbau	_	_	_	_	_	_	_	_	NN	Nom.Sg.Masc	Aufbau	_	_
40-9	4062-4065	des	_	_	_	_	_	_	_	_	ART	Gen.Sg.Masc	der	_	_
40-10	4066-4076	Charakters	_	_	_	_	_	_	_	_	NN	Gen.Sg.Masc	Charakter	_	_
40-11	4077-4078	.	_	_	_	_	_	_	_	_	$.	_	.	_	_
41-1	4081-4088	Hierbei	_	_	_	_	_	_	_	_	PROAV	_	hierbei	_	_
41-2	4089-4092	ist	_	_	_	_	_	_	_	_	VAFIN	3.Sg.Pres.Ind	sein	_	_
41-3	4093-4095	es	_	_	_	_	_	_	_	_	PPER	3.Nom.Sg.Neut	es	_	_
41-4	4096-4105	besonders	_	_	_	_	_	_	_	_	ADV	_	besonders	_	_
41-5	4106-4113	wichtig	_	_	_	_	_	_	_	_	ADJD	Pos	wichtig	_	_
41-6	4114-4115	,	_	_	_	_	_	_	_	_	$,	_	,	_	_
41-7	4116-4120	dass	_	_	_	_	_	_	_	_	KOUS	_	dass	_	_
41-8	4121-4124	die	_	_	_	_	_	_	_	_	ART	Nom.Sg.Fem	der	_	_
41-9	4125-4133	Handlung	_	_	_	_	_	_	_	_	NN	Nom.Sg.Fem	Handlung	_	_
41-10	4134-4141	LOGISCH	_	_	_	_	_	_	_	_	ADJD	Pos	logisch	_	_
41-11	4142-4149	korrekt	_	_	_	_	_	_	_	_	ADJD	Pos	korrekt	_	_
41-12	4150-4153	ist	_	_	_	_	_	_	_	_	VAFIN	3.Sg.Pres.Ind	sein	_	_
41-13	4154-4155	(	_	_	_	_	_	_	_	_	$(	_	(	_	_
41-14	4156-4160	auch	_	_	_	_	_	_	_	_	ADV	_	auch	_	_
41-15	4161-4165	wenn	_	_	_	_	_	_	_	_	KOUS	_	wenn	_	_
41-16	4166-4170	sich	_	_	_	_	_	_	_	_	PRF	3.Acc.Sg	sich	_	_
41-17	4171-4175	erst	_	_	_	_	_	_	_	_	ADV	_	erst	_	_
41-18	4176-4178	am	_	_	_	_	_	_	_	_	APPRART	Dat.Sg.Neut	an	_	_
41-19	4179-4183	Ende	_	_	_	_	_	_	_	_	NN	Dat.Sg.Neut	Ende	_	_
41-20	4184-4189	alles	_	_	_	_	_	_	_	_	PIS	Nom.Sg.Neut	alle	_	_
41-21	4190-4198	aufklärt	_	_	_	_	_	_	_	_	VVFIN	3.Sg.Pres.Ind	aufklären	_	_
41-22	4199-4200	)	_	_	_	_	_	_	_	_	$(	_	)	_	_
41-23	4201-4202	.	_	_	_	_	_	_	_	_	$.	_	.	_	_
42-1	4205-4211	Nichts	_	_	_	_	_	_	_	_	PIS	*.*.Neut	nichts	_	_
42-2	4212-4221	vergrault	_	_	_	_	_	_	_	_	VVFIN	3.Sg.Pres.Ind	vergraulen	_	_
42-3	4222-4227	einen	_	_	_	_	_	_	_	_	ART	Acc.Sg.Masc	ein	_	_
42-4	4228-4237	Zuschauer	_	_	_	_	_	_	_	_	NN	Acc.Sg.Masc	Zuschauer	_	_
42-5	4238-4242	mehr	_	_	_	_	_	_	_	_	PIS	*.*.*	mehr	_	_
42-6	4243-4246	als	_	_	_	_	_	_	_	_	KOKOM	_	als	_	_
42-7	4247-4251	eine	_	_	_	_	_	_	_	_	ART	Acc.Sg.Fem	ein	_	_
42-8	4252-4262	unlogische	_	_	_	_	_	_	_	_	ADJA	Pos.Acc.Sg.Fem	unlogisch	_	_
42-9	4263-4271	Handlung	_	_	_	_	_	_	_	_	NN	Acc.Sg.Fem	Handlung	_	_
42-10	4272-4273	.	_	_	_	_	_	_	_	_	$.	_	.	_	_
43-1	4276-4278	Er	_	_	_	_	_	_	_	_	PPER	3.Nom.Sg.Masc	er	_	_
43-2	4279-4287	verliert	_	_	_	_	_	_	_	_	VVFIN	3.Sg.Pres.Ind	verlieren	_	_
43-3	4288-4292	dann	_	_	_	_	_	_	_	_	ADV	_	dann	_	_
43-4	4293-4300	schnell	_	_	_	_	_	_	_	_	ADJD	Pos	schnell	_	_
43-5	4301-4304	die	_	_	_	_	_	_	_	_	ART	Acc.Sg.Fem	der	_	_
43-6	4305-4309	Lust	_	_	_	_	_	_	_	_	NN	Acc.Sg.Fem	Lust	_	_
43-7	4310-4312	am	_	_	_	_	_	_	_	_	APPRART	Dat.Sg.Masc	an	_	_
43-8	4313-4317	Rest	_	_	_	_	_	_	_	_	NN	Dat.Sg.Masc	Rest	_	_
43-9	4318-4321	des	_	_	_	_	_	_	_	_	ART	Gen.Sg.Masc	der	_	_
43-10	4322-4328	Filmes	_	_	_	_	_	_	_	_	NN	Gen.Sg.Masc	Film	_	_
43-11	4329-4332	und	_	_	_	_	_	_	_	_	KON	_	und	_	_
43-12	4333-4337	wird	_	_	_	_	_	_	_	_	VAFIN	3.Sg.Pres.Ind	werden	_	_
43-13	4338-4352	wahrscheinlich	_	_	_	_	_	_	_	_	ADJD	Pos	wahrscheinlich	_	_
43-14	4353-4358	nicht	_	_	_	_	_	_	_	_	PTKNEG	_	nicht	_	_
43-15	4359-4363	sehr	_	_	_	_	_	_	_	_	ADV	_	sehr	_	_
43-16	4364-4371	positiv	_	_	_	_	_	_	_	_	ADJD	Pos	positiv	_	_
43-17	4372-4376	über	_	_	_	_	_	_	_	_	APPR	_	über	_	_
43-18	4377-4382	Ihren	_	_	_	_	_	_	_	_	PPOSAT	Acc.Sg.Masc	ihr	_	_
43-19	4383-4387	Film	_	_	_	_	_	_	_	_	NN	Acc.Sg.Masc	Film	_	_
43-20	4388-4396	sprechen	_	_	_	_	_	_	_	_	VVINF	Inf	sprechen	_	_
43-21	4397-4398	.	_	_	_	_	_	_	_	_	$.	_	.	_	_
44-1	4401-4409	Deswegen	_	_	_	_	_	_	_	_	PROAV	_	deswegen	_	_
44-2	4410-4417	sollten	_	_	_	_	_	_	_	_	VMFIN	3.Pl.Past.Subj	sollen	_	_
44-3	4418-4421	Sie	_	_	_	_	_	_	_	_	PPER	3.Nom.Pl.*	sie	_	_
44-4	4422-4431	versuchen	_	_	_	_	_	_	_	_	VVINF	Inf	versuchen	_	_
44-5	4432-4433	,	_	_	_	_	_	_	_	_	$,	_	,	_	_
44-6	4434-4438	alle	_	_	_	_	_	_	_	_	PIAT	Acc.Pl.Neut	aller	_	_
44-7	4439-4451	Geschehnisse	_	_	_	_	_	_	_	_	NN	Acc.Pl.Neut	Geschehnis	_	_
44-8	4452-4454	in	_	_	_	_	_	_	_	_	APPR	_	in	_	_
44-9	4455-4466	irgendeiner	_	_	_	_	_	_	_	_	PIAT	Dat.Sg.Fem	irgendeiner	_	_
44-10	4467-4472	Weise	_	_	_	_	_	_	_	_	NN	Dat.Sg.Fem	Weise	_	_
44-11	4473-4475	zu	_	_	_	_	_	_	_	_	PTKZU	_	zu	_	_
44-12	4476-4484	erklären	_	_	_	_	_	_	_	_	VVINF	Inf	erklären	_	_
44-13	4485-4486	.	_	_	_	_	_	_	_	_	$.	_	.	_	_
45-1	4489-4495	Nehmen	_	_	_	_	_	_	_	_	VVFIN	3.Pl.Pres.Ind	nehmen	_	_
45-2	4496-4499	Sie	_	_	_	_	_	_	_	_	PPER	3.Nom.Pl.*	sie	_	_
45-3	4500-4504	dies	_	_	_	_	_	_	_	_	PDS	Acc.Sg.Neut	dieser	_	_
45-4	4505-4509	aber	_	_	_	_	_	_	_	_	ADV	_	aber	_	_
45-5	4510-4515	nicht	_	_	_	_	_	_	_	_	PTKNEG	_	nicht	_	_
45-6	4516-4519	zum	_	_	_	_	_	_	_	_	APPRART	Dat.Sg.Masc	zu	_	_
45-7	4520-4526	Anlass	_	_	_	_	_	_	_	_	NN	Dat.Sg.Masc	Anlass	_	_
45-8	4527-4528	,	_	_	_	_	_	_	_	_	$,	_	,	_	_
45-9	4529-4535	leicht	_	_	_	_	_	_	_	_	ADJD	Pos	leicht	_	_
45-10	4536-4549	vorhersehbare	_	_	_	_	_	_	_	_	ADJA	Pos.Acc.Pl.Fem	vorhersehbar	_	_
45-11	4550-4561	Geschichten	_	_	_	_	_	_	_	_	NN	Acc.Pl.Fem	Geschichte	_	_
45-12	4562-4564	zu	_	_	_	_	_	_	_	_	PTKZU	_	zu	_	_
45-13	4565-4573	erzählen	_	_	_	_	_	_	_	_	VVINF	Inf	erzählen	_	_
45-14	4574-4575	.	_	_	_	_	_	_	_	_	$.	_	.	_	_
46-1	4578-4587	Natürlich	_	_	_	_	_	_	_	_	ADV	_	natürlich	_	_
46-2	4588-4592	lebt	_	_	_	_	_	_	_	_	VVFIN	3.Sg.Pres.Ind	leben	_	_
46-3	4593-4596	ein	_	_	_	_	_	_	_	_	ART	Nom.Sg.Masc	ein	_	_
46-4	4597-4601	Film	_	_	_	_	_	_	_	_	NN	Nom.Sg.Masc	Film	_	_
46-5	4602-4606	auch	_	_	_	_	_	_	_	_	ADV	_	auch	_	_
46-6	4607-4610	von	_	_	_	_	_	_	_	_	APPR	_	von	_	_
46-7	4611-4615	erst	_	_	_	_	_	_	_	_	ADV	_	erst	_	_
46-8	4616-4625	unlogisch	_	_	_	_	_	_	_	_	ADJD	Pos	unlogisch	_	_
46-9	4626-4635	wirkenden	_	_	_	_	_	_	_	_	ADJA	Pos.Dat.Pl.Neut	wirkend	_	_
46-10	4636-4647	Ereignissen	_	_	_	_	_	_	_	_	NN	Dat.Pl.Neut	Ereignis	_	_
46-11	4648-4649	.	_	_	_	_	_	_	_	_	$.	_	.	_	_
47-1	4652-4655	Der	_	_	_	_	_	_	_	_	ART	Nom.Sg.Masc	der	_	_
47-2	4656-4665	Zuschauer	_	_	_	_	_	_	_	_	NN	Nom.Sg.Masc	Zuschauer	_	_
47-3	4666-4674	erwartet	_	_	_	_	_	_	_	_	VVFIN	3.Sg.Pres.Ind	erwarten	_	_
47-4	4675-4679	aber	_	_	_	_	_	_	_	_	ADV	_	aber	_	_
47-5	4680-4684	dann	_	_	_	_	_	_	_	_	ADV	_	dann	_	_
47-6	4685-4690	immer	_	_	_	_	_	_	_	_	ADV	_	immer	_	_
47-7	4691-4695	eine	_	_	_	_	_	_	_	_	ART	Acc.Sg.Fem	ein	_	_
47-8	4696-4705	Erklärung	_	_	_	_	_	_	_	_	NN	Acc.Sg.Fem	Erklärung	_	_
47-9	4706-4707	.	_	_	_	_	_	_	_	_	$.	_	.	_	_
48-1	4710-4717	Bleiben	_	_	_	_	_	_	_	_	VVFIN	3.Pl.Pres.Ind	bleiben	_	_
48-2	4718-4721	Sie	_	_	_	_	_	_	_	_	PPER	3.Nom.Pl.*	sie	_	_
48-3	4722-4725	ihm	_	_	_	_	_	_	_	_	PPER	3.Dat.Sg.*	ihm	_	_
48-4	4726-4731	diese	_	_	_	_	_	_	_	_	PDS	Acc.Pl.*	dieser	_	_
48-5	4732-4735	nie	_	_	_	_	_	_	_	_	ADV	_	nie	_	_
48-6	4736-4744	schuldig	_	_	_	_	_	_	_	_	ADJD	Pos	schuldig	_	_
48-7	4745-4746	!	_	_	_	_	_	_	_	_	$.	_	!	_	_
49-1	4749-4758	Versuchen	_	_	_	_	_	_	_	_	VVFIN	3.Pl.Pres.Ind	versuchen	_	_
49-2	4759-4762	Sie	_	_	_	_	_	_	_	_	PPER	3.Nom.Pl.*	sie	_	_
49-3	4763-4767	also	_	_	_	_	_	_	_	_	ADV	_	also	_	_
49-4	4768-4773	immer	_	_	_	_	_	_	_	_	ADV	_	immer	_	_
49-5	4774-4777	das	_	_	_	_	_	_	_	_	ART	Acc.Sg.Neut	der	_	_
49-6	4778-4786	richtige	_	_	_	_	_	_	_	_	ADJA	Pos.Acc.Sg.Neut	richtig	_	_
49-7	4787-4790	Maß	_	_	_	_	_	_	_	_	NN	Acc.Sg.Neut	Maß	_	_
49-8	4791-4793	an	_	_	_	_	_	_	_	_	APPR	_	an	_	_
49-9	4794-4806	Originalität	_	_	_	_	_	_	_	_	NN	Dat.Sg.Fem	Originalität	_	_
49-10	4807-4808	,	_	_	_	_	_	_	_	_	$,	_	,	_	_
49-11	4809-4818	Logischem	_	_	_	_	_	_	_	_	NN	Dat.Sg.Neut	logisch	_	_
49-12	4819-4820	&	_	_	_	_	_	_	_	_	KON	_	&	_	_
49-13	4821-4836	Unvorhergesehen	_	_	_	_	_	_	_	_	NN	Dat.Sg.Neut	Unvorhergesehen	_	_
49-14	4837-4839	zu	_	_	_	_	_	_	_	_	PTKZU	_	zu	_	_
49-15	4840-4846	finden	_	_	_	_	_	_	_	_	VVINF	Inf	finden	_	_
49-16	4847-4848	.	_	_	_	_	_	_	_	_	$.	_	.	_	_
50-1	4851-4854	Wie	_	_	_	_	_	_	_	_	PWAV	_	wie	_	_
50-2	4855-4860	kommt	_	_	_	_	_	_	_	_	VVFIN	3.Sg.Pres.Ind	kommen	_	_
50-3	4861-4864	nun	_	_	_	_	_	_	_	_	ADV	_	nun	_	_
50-4	4865-4869	aber	_	_	_	_	_	_	_	_	ADV	_	aber	_	_
50-5	4870-4873	die	_	_	_	_	_	_	_	_	ART	Nom.Sg.Fem	der	_	_
50-6	4874-4882	Handlung	_	_	_	_	_	_	_	_	NN	Nom.Sg.Fem	Handlung	_	_
50-7	4883-4888	voran	_	_	_	_	_	_	_	_	PTKVZ	_	voran	_	_
50-8	4889-4890	?	_	_	_	_	_	_	_	_	$.	_	?	_	_
51-1	4893-4896	Die	_	_	_	_	_	_	_	_	ART	Nom.Sg.Fem	der	_	_
51-2	4897-4904	Antwort	_	_	_	_	_	_	_	_	NN	Nom.Sg.Fem	Antwort	_	_
51-3	4905-4907	zu	_	_	_	_	_	_	_	_	APPR	_	zu	_	_
51-4	4908-4914	dieser	_	_	_	_	_	_	_	_	PDAT	Dat.Sg.Fem	dieser	_	_
51-5	4915-4920	Frage	_	_	_	_	_	_	_	_	NN	Dat.Sg.Fem	Frage	_	_
51-6	4921-4924	ist	_	_	_	_	_	_	_	_	VAFIN	3.Sg.Pres.Ind	sein	_	_
51-7	4925-4935	eigentlich	_	_	_	_	_	_	_	_	ADV	_	eigentlich	_	_
51-8	4936-4940	ganz	_	_	_	_	_	_	_	_	ADV	_	ganz	_	_
51-9	4941-4948	einfach	_	_	_	_	_	_	_	_	ADJD	Pos	einfach	_	_
51-10	4949-4950	.	_	_	_	_	_	_	_	_	$.	_	.	_	_
52-1	4953-4958	Durch	_	_	_	_	_	_	_	_	APPR	_	durch	_	_
52-2	4959-4962	die	_	_	_	_	_	_	_	_	ART	Acc.Pl.Masc	der	_	_
52-3	4963-4973	Charaktere	_	_	_	_	_	_	_	_	NN	Acc.Pl.Masc	Charakter	_	_
52-4	4974-4975	.	_	_	_	_	_	_	_	_	$.	_	.	_	_
53-1	4978-4983	Durch	_	_	_	_	_	_	_	_	APPR	_	durch	_	_
53-2	4984-4987	die	_	_	_	_	_	_	_	_	ART	Acc.Pl.Neut	der	_	_
53-3	4988-4998	Erlebnisse	_	_	_	_	_	_	_	_	NN	Acc.Pl.Neut	Erlebnis	_	_
53-4	4999-5004	ihrer	_	_	_	_	_	_	_	_	PPOSAT	Gen.Pl.Masc	ihr	_	_
53-5	5005-5015	Charaktere	_	_	_	_	_	_	_	_	NN	Gen.Pl.Masc	Charakter	_	_
53-6	5016-5017	,	_	_	_	_	_	_	_	_	$,	_	,	_	_
53-7	5018-5023	deren	_	_	_	_	_	_	_	_	PRELAT	Gen.Pl.Neut	der	_	_
53-8	5024-5030	Umwelt	_	_	_	_	_	_	_	_	NN	Nom.Sg.Fem	Umwelt	_	_
53-9	5031-5034	und	_	_	_	_	_	_	_	_	KON	_	und	_	_
53-10	5035-5040	deren	_	_	_	_	_	_	_	_	PDS	Gen.Sg.Fem	der	_	_
53-11	5041-5050	Verhalten	_	_	_	_	_	_	_	_	NN	Nom.Sg.Neut	verhalten	_	_
54-1	5053-5054	(	_	_	_	_	_	_	_	_	$(	_	(	_	_
54-2	5055-5061	Thomas	_	_	_	_	_	_	_	_	NE	Nom.Sg.Masc	Thomas	_	_
54-3	5062-5065	hat	_	_	_	_	_	_	_	_	VAFIN	3.Sg.Pres.Ind	haben	_	_
54-4	5066-5070	sein	_	_	_	_	_	_	_	_	PPOSAT	Acc.Sg.Neut	sein	_	_
54-5	5071-5079	Flugzeug	_	_	_	_	_	_	_	_	NN	Acc.Sg.Neut	Flugzeug	_	_
54-6	5080-5088	verpasst	_	_	_	_	_	_	_	_	VVPP	Psp	verpassen	_	_
54-7	5089-5090	,	_	_	_	_	_	_	_	_	$,	_	,	_	_
54-8	5091-5095	weil	_	_	_	_	_	_	_	_	KOUS	_	weil	_	_
54-9	5096-5098	er	_	_	_	_	_	_	_	_	PPER	3.Nom.Sg.Masc	er	_	_
54-10	5099-5105	wieder	_	_	_	_	_	_	_	_	ADV	_	wieder	_	_
54-11	5106-5109	mal	_	_	_	_	_	_	_	_	ADV	_	mal	_	_
54-12	5110-5112	zu	_	_	_	_	_	_	_	_	PTKA	_	zu	_	_
54-13	5113-5117	viel	_	_	_	_	_	_	_	_	PIS	*.*.*	viel	_	_
54-14	5118-5127	getrunken	_	_	_	_	_	_	_	_	VVPP	Psp	trinken	_	_
54-15	5128-5133	hatte	_	_	_	_	_	_	_	_	VAFIN	3.Sg.Past.Ind	haben	_	_
54-16	5134-5135	.	_	_	_	_	_	_	_	_	$.	_	.	_	_
55-1	5138-5146	Deswegen	_	_	_	_	_	_	_	_	PROAV	_	deswegen	_	_
55-2	5147-5151	muss	_	_	_	_	_	_	_	_	VMFIN	3.Sg.Pres.Ind	müssen	_	_
55-3	5152-5154	er	_	_	_	_	_	_	_	_	PPER	3.Nom.Sg.Masc	er	_	_
55-4	5155-5159	sich	_	_	_	_	_	_	_	_	PRF	3.Dat.Sg	sich	_	_
55-5	5160-5169	einfallen	_	_	_	_	_	_	_	_	VVINF	Inf	einfallen	_	_
55-6	5170-5176	lassen	_	_	_	_	_	_	_	_	VVINF	Inf	lassen	_	_
55-7	5177-5178	,	_	_	_	_	_	_	_	_	$,	_	,	_	_
55-8	5179-5182	wie	_	_	_	_	_	_	_	_	PWAV	_	wie	_	_
55-9	5183-5185	er	_	_	_	_	_	_	_	_	PPER	3.Nom.Sg.Masc	er	_	_
55-10	5186-5189	nun	_	_	_	_	_	_	_	_	ADV	_	nun	_	_
55-11	5190-5194	nach	_	_	_	_	_	_	_	_	APPR	_	nach	_	_
55-12	5195-5196	.	_	_	_	_	_	_	_	_	$(	_	.	_	_
55-13	5196-5197	.	_	_	_	_	_	_	_	_	$(	_	.	_	_
55-14	5197-5198	.	_	_	_	_	_	_	_	_	$(	_	.	_	_
55-15	5198-5199	)	_	_	_	_	_	_	_	_	$(	_	)	_	_
55-16	5199-5200	.	_	_	_	_	_	_	_	_	$.	_	.	_	_
55-17	5201-5205	Hier	_	_	_	_	_	_	_	_	ADV	_	hier	_	_
55-18	5206-5212	kommen	_	_	_	_	_	_	_	_	VVFIN	3.Pl.Pres.Ind	kommen	_	_
55-19	5213-5217	dann	_	_	_	_	_	_	_	_	ADV	_	dann	_	_
55-20	5218-5221	die	_	_	_	_	_	_	_	_	ART	Nom.Pl.Masc	der	_	_
55-21	5222-5233	sogenannten	_	_	_	_	_	_	_	_	ADJA	Pos.Nom.Pl.Masc	sogenannter	_	_
55-22	5234-5238	Plot	_	_	_	_	_	_	_	_	NE	*.*.*	Plot	_	_
55-23	5239-5245	Points	_	_	_	_	_	_	_	_	NE	*.*.*	Points	_	_
55-24	5246-5247	(	_	_	_	_	_	_	_	_	$(	_	(	_	_
55-25	5248-5268	Handlungswendepunkte	_	_	_	_	_	_	_	_	NN	Nom.Pl.Masc	Handlungswendepunkt	_	_
55-26	5269-5270	)	_	_	_	_	_	_	_	_	$(	_	)	_	_
55-27	5271-5274	ins	_	_	_	_	_	_	_	_	APPRART	Acc.Sg.Neut	in	_	_
55-28	5275-5280	Spiel	_	_	_	_	_	_	_	_	NN	Acc.Sg.Neut	Spiel	_	_
55-29	5281-5282	.	_	_	_	_	_	_	_	_	$.	_	.	_	_
56-1	5285-5288	Ein	_	_	_	_	_	_	_	_	ART	Nom.Sg.Neut	ein	_	_
56-2	5289-5294	gutes	_	_	_	_	_	_	_	_	ADJA	Pos.Nom.Sg.Neut	gut	_	_
56-3	5295-5303	Drehbuch	_	_	_	_	_	_	_	_	NN	Nom.Sg.Neut	Drehbuch	_	_
56-4	5304-5309	kommt	_	_	_	_	_	_	_	_	VVFIN	3.Sg.Pres.Ind	kommen	_	_
56-5	5310-5315	nicht	_	_	_	_	_	_	_	_	PTKNEG	_	nicht	_	_
56-6	5316-5320	ohne	_	_	_	_	_	_	_	_	APPR	_	ohne	_	_
56-7	5321-5329	Spannung	_	_	_	_	_	_	_	_	NN	Acc.Sg.Fem	Spannung	_	_
56-8	5330-5333	aus	_	_	_	_	_	_	_	_	PTKVZ	_	aus	_	_
56-9	5334-5335	.	_	_	_	_	_	_	_	_	$.	_	.	_	_
57-1	5338-5343	Diese	_	_	_	_	_	_	_	_	PDS	Nom.Pl.*	dieser	_	_
57-2	5344-5348	muss	_	_	_	_	_	_	_	_	VMFIN	3.Pl.Pres.Ind	müssen	_	_
57-3	5349-5363	kontinuierlich	_	_	_	_	_	_	_	_	ADJD	Pos	kontinuierlich	_	_
57-4	5364-5373	aufgebaut	_	_	_	_	_	_	_	_	VVPP	Psp	aufbauen	_	_
57-5	5374-5380	werden	_	_	_	_	_	_	_	_	VAINF	Inf	werden	_	_
57-6	5381-5382	.	_	_	_	_	_	_	_	_	$.	_	.	_	_
58-1	5385-5393	Spannung	_	_	_	_	_	_	_	_	NN	Acc.Sg.Fem	Spannung	_	_
58-2	5394-5400	treibt	_	_	_	_	_	_	_	_	VVFIN	3.Sg.Pres.Ind	treiben	_	_
58-3	5401-5404	die	_	_	_	_	_	_	_	_	ART	Acc.Sg.Fem	der	_	_
58-4	5405-5415	Geschichte	_	_	_	_	_	_	_	_	NN	Acc.Sg.Fem	Geschichte	_	_
58-5	5416-5421	voran	_	_	_	_	_	_	_	_	PTKVZ	_	voran	_	_
58-6	5422-5423	.	_	_	_	_	_	_	_	_	$.	_	.	_	_
59-1	5426-5429	Sie	_	_	_	_	_	_	_	_	PPER	3.Nom.Sg.Fem	sie	_	_
59-2	5430-5436	steigt	_	_	_	_	_	_	_	_	VVFIN	3.Sg.Pres.Ind	steigen	_	_
59-3	5437-5445	meistens	_	_	_	_	_	_	_	_	ADV	_	meistens	_	_
59-4	5446-5448	an	_	_	_	_	_	_	_	_	APPR	_	an	_	_
59-5	5449-5452	bis	_	_	_	_	_	_	_	_	APPR	_	bis	_	_
59-6	5453-5455	zu	_	_	_	_	_	_	_	_	ADV	_	zu	_	_
59-7	5456-5459	den	_	_	_	_	_	_	_	_	ART	Dat.Pl.*	der	_	_
59-8	5460-5464	Plot	_	_	_	_	_	_	_	_	NE	*.*.*	Plot	_	_
59-9	5465-5471	Points	_	_	_	_	_	_	_	_	NE	Dat.Pl.*	Points	_	_
59-10	5472-5473	.	_	_	_	_	_	_	_	_	$.	_	.	_	_
60-1	5476-5489	Normalerweise	_	_	_	_	_	_	_	_	ADV	_	normalerweise	_	_
60-2	5490-5498	erreicht	_	_	_	_	_	_	_	_	VVFIN	3.Sg.Pres.Ind	erreichen	_	_
60-3	5499-5502	die	_	_	_	_	_	_	_	_	ART	Nom.Sg.Fem	der	_	_
60-4	5503-5511	Spannung	_	_	_	_	_	_	_	_	NN	Nom.Sg.Fem	Spannung	_	_
60-5	5512-5516	kurz	_	_	_	_	_	_	_	_	ADJD	Pos	kurz	_	_
60-6	5517-5520	vor	_	_	_	_	_	_	_	_	APPR	_	vor	_	_
60-7	5521-5525	Ende	_	_	_	_	_	_	_	_	NN	Dat.Sg.Neut	Ende	_	_
60-8	5526-5529	des	_	_	_	_	_	_	_	_	ART	Gen.Sg.Masc	der	_	_
60-9	5530-5536	Filmes	_	_	_	_	_	_	_	_	NN	Gen.Sg.Masc	Film	_	_
60-10	5537-5542	ihren	_	_	_	_	_	_	_	_	PPOSAT	Acc.Sg.Masc	ihr	_	_
60-11	5543-5552	Höhepunkt	_	_	_	_	_	_	_	_	NN	Acc.Sg.Masc	Höhepunkt	_	_
60-12	5553-5554	.	_	_	_	_	_	_	_	_	$.	_	.	_	_
61-1	5557-5559	Es	_	_	_	_	_	_	_	_	PPER	3.Nom.Sg.Neut	es	_	_
61-2	5560-5566	klären	_	_	_	_	_	_	_	_	VVFIN	3.Pl.Pres.Ind	klären	_	_
61-3	5567-5571	sich	_	_	_	_	_	_	_	_	PRF	3.Acc.Pl	sich	_	_
61-4	5572-5576	alle	_	_	_	_	_	_	_	_	PIAT	Nom.Pl.Fem	aller	_	_
61-5	5577-5587	ungelösten	_	_	_	_	_	_	_	_	ADJA	Pos.Nom.Pl.Fem	ungelöst	_	_
61-6	5588-5594	Fragen	_	_	_	_	_	_	_	_	NN	Nom.Pl.Fem	Frage	_	_
61-7	5595-5596	,	_	_	_	_	_	_	_	_	$,	_	,	_	_
61-8	5597-5600	und	_	_	_	_	_	_	_	_	KON	_	und	_	_
61-9	5601-5604	der	_	_	_	_	_	_	_	_	ART	Nom.Sg.Masc	der	_	_
61-10	5605-5609	Film	_	_	_	_	_	_	_	_	NN	Nom.Sg.Masc	Film	_	_
61-11	5610-5613	ist	_	_	_	_	_	_	_	_	VAFIN	3.Sg.Pres.Ind	sein	_	_
61-12	5614-5618	dann	_	_	_	_	_	_	_	_	ADV	_	dann	_	_
61-13	5619-5627	meistens	_	_	_	_	_	_	_	_	ADV	_	meistens	_	_
61-14	5628-5630	zu	_	_	_	_	_	_	_	_	APPR	_	zu	_	_
61-15	5631-5635	Ende	_	_	_	_	_	_	_	_	NN	Dat.Sg.Neut	Ende	_	_
61-16	5636-5637	.	_	_	_	_	_	_	_	_	$.	_	.	_	_
62-1	5640-5644	Kurz	_	_	_	_	_	_	_	_	ADJD	Pos	kurz	_	_
62-2	5645-5646	:	_	_	_	_	_	_	_	_	$.	_	:	_	_
62-3	5647-5649	Am	_	_	_	_	_	_	_	_	APPRART	Dat.Sg.Masc	an	_	_
62-4	5650-5656	Anfang	_	_	_	_	_	_	_	_	NN	Dat.Sg.Masc	Anfang	_	_
62-5	5657-5662	steht	_	_	_	_	_	_	_	_	VVFIN	3.Sg.Pres.Ind	stehen	_	_
62-6	5663-5666	ein	_	_	_	_	_	_	_	_	ART	Nom.Sg.Neut	ein	_	_
62-7	5667-5674	Problem	_	_	_	_	_	_	_	_	NN	Nom.Sg.Neut	Problem	_	_
62-8	5675-5676	,	_	_	_	_	_	_	_	_	$,	_	,	_	_
62-9	5677-5684	welches	_	_	_	_	_	_	_	_	PRELS	Nom.Sg.Neut	welcher	_	_
62-10	5685-5694	aufgebaut	_	_	_	_	_	_	_	_	VVPP	Psp	aufbauen	_	_
62-11	5695-5699	wird	_	_	_	_	_	_	_	_	VAFIN	3.Sg.Pres.Ind	werden	_	_
62-12	5700-5703	und	_	_	_	_	_	_	_	_	KON	_	und	_	_
62-13	5704-5708	sich	_	_	_	_	_	_	_	_	PRF	3.Acc.Sg	sich	_	_
62-14	5709-5714	immer	_	_	_	_	_	_	_	_	ADV	_	immer	_	_
62-15	5715-5721	weiter	_	_	_	_	_	_	_	_	ADV	_	weiter	_	_
62-16	5722-5730	steigert	_	_	_	_	_	_	_	_	VVFIN	3.Sg.Pres.Ind	steigern	_	_
62-17	5731-5732	,	_	_	_	_	_	_	_	_	$,	_	,	_	_
62-18	5733-5736	bis	_	_	_	_	_	_	_	_	KOUS	_	bis	_	_
62-19	5737-5739	es	_	_	_	_	_	_	_	_	PPER	3.Nom.Sg.Neut	es	_	_
62-20	5740-5742	am	_	_	_	_	_	_	_	_	APPRART	Dat.Sg.Neut	an	_	_
62-21	5743-5747	Ende	_	_	_	_	_	_	_	_	NN	Dat.Sg.Neut	Ende	_	_
62-22	5748-5754	gelöst	_	_	_	_	_	_	_	_	VVPP	Psp	lösen	_	_
62-23	5755-5759	wird	_	_	_	_	_	_	_	_	VAFIN	3.Sg.Pres.Ind	werden	_	_
62-24	5760-5761	.	_	_	_	_	_	_	_	_	$.	_	.	_	_
63-1	5764-5768	Wenn	_	_	_	_	_	_	_	_	KOUS	_	wenn	_	_
63-2	5769-5772	all	_	_	_	_	_	_	_	_	PIAT	*.*.*	all	_	_
63-3	5773-5778	diese	_	_	_	_	_	_	_	_	PDAT	Nom.Pl.Masc	dieser	_	_
63-4	5779-5785	Punkte	_	_	_	_	_	_	_	_	NN	Nom.Pl.Masc	Punkt	_	_
63-5	5786-5793	geklärt	_	_	_	_	_	_	_	_	VVPP	Psp	klären	_	_
63-6	5794-5798	sind	_	_	_	_	_	_	_	_	VAFIN	3.Pl.Pres.Ind	sein	_	_
63-7	5799-5800	,	_	_	_	_	_	_	_	_	$,	_	,	_	_
63-8	5801-5807	können	_	_	_	_	_	_	_	_	VMFIN	3.Pl.Pres.Ind	können	_	_
63-9	5808-5811	Sie	_	_	_	_	_	_	_	_	PPER	3.Nom.Pl.*	sie	_	_
63-10	5812-5816	sich	_	_	_	_	_	_	_	_	PRF	3.Acc.Pl	sich	_	_
63-11	5817-5819	an	_	_	_	_	_	_	_	_	APPR	_	an	_	_
63-12	5820-5823	das	_	_	_	_	_	_	_	_	ART	Acc.Sg.Neut	der	_	_
63-13	5824-5838	Ausformulieren	_	_	_	_	_	_	_	_	NN	Acc.Sg.Neut	ausformulieren	_	_
63-14	5839-5842	der	_	_	_	_	_	_	_	_	ART	Gen.Pl.Fem	der	_	_
63-15	5843-5849	Szenen	_	_	_	_	_	_	_	_	NN	Gen.Pl.Fem	Szene	_	_
63-16	5850-5856	machen	_	_	_	_	_	_	_	_	VVINF	Inf	machen	_	_
63-17	5857-5858	.	_	_	_	_	_	_	_	_	$.	_	.	_	_
64-1	5861-5868	Hierbei	_	_	_	_	_	_	_	_	PROAV	_	hierbei	_	_
64-2	5869-5872	ist	_	_	_	_	_	_	_	_	VAFIN	3.Sg.Pres.Ind	sein	_	_
64-3	5873-5875	zu	_	_	_	_	_	_	_	_	PTKZU	_	zu	_	_
64-4	5876-5884	beachten	_	_	_	_	_	_	_	_	VVINF	Inf	beachten	_	_
64-5	5885-5886	,	_	_	_	_	_	_	_	_	$,	_	,	_	_
64-6	5887-5891	dass	_	_	_	_	_	_	_	_	KOUS	_	dass	_	_
64-7	5892-5895	Sie	_	_	_	_	_	_	_	_	PPER	3.Nom.Pl.*	sie	_	_
64-8	5896-5905	möglichst	_	_	_	_	_	_	_	_	ADV	_	möglichst	_	_
64-9	5906-5910	eine	_	_	_	_	_	_	_	_	ART	Acc.Sg.Fem	ein	_	_
64-10	5911-5921	allgemeine	_	_	_	_	_	_	_	_	ADJA	Pos.Acc.Sg.Fem	allgemein	_	_
64-11	5922-5923	,	_	_	_	_	_	_	_	_	$,	_	,	_	_
64-12	5924-5929	kurze	_	_	_	_	_	_	_	_	ADJA	Pos.Acc.Sg.Fem	kurz	_	_
64-13	5930-5942	Beschreibung	_	_	_	_	_	_	_	_	NN	Acc.Sg.Fem	Beschreibung	_	_
64-14	5943-5946	der	_	_	_	_	_	_	_	_	ART	Gen.Sg.Fem	der	_	_
64-15	5947-5958	Örtlichkeit	_	_	_	_	_	_	_	_	NN	Gen.Sg.Fem	Örtlichkeit	_	_
64-16	5959-5966	abgeben	_	_	_	_	_	_	_	_	VVFIN	3.Pl.Pres.Ind	abgeben	_	_
64-17	5967-5968	.	_	_	_	_	_	_	_	_	$.	_	.	_	_
65-1	5971-5972	(	_	_	_	_	_	_	_	_	$(	_	(	_	_
65-2	5973-5977	Café	_	_	_	_	_	_	_	_	NN	Nom.Sg.Neut	Café	_	_
65-3	5978-5979	,	_	_	_	_	_	_	_	_	$,	_	,	_	_
65-4	5980-5986	Kneipe	_	_	_	_	_	_	_	_	NN	Nom.Sg.Fem	Kneipe	_	_
65-5	5987-5988	,	_	_	_	_	_	_	_	_	$,	_	,	_	_
65-6	5989-5999	Wohnzimmer	_	_	_	_	_	_	_	_	NN	Nom.Pl.Neut	Wohnzimmer	_	_
65-7	6000-6001	…	_	_	_	_	_	_	_	_	XY	_	…	_	_
65-8	6002-6003	)	_	_	_	_	_	_	_	_	$(	_	)	_	_
65-9	6004-6013	Versuchen	_	_	_	_	_	_	_	_	VVFIN	3.Pl.Pres.Ind	versuchen	_	_
65-10	6014-6017	Sie	_	_	_	_	_	_	_	_	PPER	3.Acc.Sg.Fem	sie	_	_
65-11	6018-6023	nicht	_	_	_	_	_	_	_	_	PTKNEG	_	nicht	_	_
65-12	6024-6025	,	_	_	_	_	_	_	_	_	$,	_	,	_	_
65-13	6026-6031	ganze	_	_	_	_	_	_	_	_	ADJA	Pos.Acc.Pl.Masc	ganz	_	_
65-14	6032-6038	Romane	_	_	_	_	_	_	_	_	NN	Acc.Pl.Masc	Roman	_	_
65-15	6039-6043	über	_	_	_	_	_	_	_	_	APPR	_	über	_	_
65-16	6044-6047	die	_	_	_	_	_	_	_	_	ART	Acc.Sg.Fem	der	_	_
65-17	6048-6059	Örtlichkeit	_	_	_	_	_	_	_	_	NN	Acc.Sg.Fem	Örtlichkeit	_	_
65-18	6060-6062	zu	_	_	_	_	_	_	_	_	PTKZU	_	zu	_	_
65-19	6063-6075	verschwenden	_	_	_	_	_	_	_	_	VVINF	Inf	verschwenden	_	_
65-20	6076-6077	.	_	_	_	_	_	_	_	_	$.	_	.	_	_
66-1	6080-6089	Schreiben	_	_	_	_	_	_	_	_	VVFIN	3.Pl.Pres.Ind	schreiben	_	_
66-2	6090-6093	Sie	_	_	_	_	_	_	_	_	PPER	3.Nom.Pl.*	sie	_	_
66-3	6094-6098	kurz	_	_	_	_	_	_	_	_	ADJD	Pos	kurz	_	_
66-4	6099-6100	,	_	_	_	_	_	_	_	_	$,	_	,	_	_
66-5	6101-6104	wie	_	_	_	_	_	_	_	_	PWAV	_	wie	_	_
66-6	6105-6107	es	_	_	_	_	_	_	_	_	PPER	3.Nom.Sg.Neut	es	_	_
66-7	6108-6112	dort	_	_	_	_	_	_	_	_	ADV	_	dort	_	_
66-8	6113-6121	aussieht	_	_	_	_	_	_	_	_	VVFIN	3.Sg.Pres.Ind	aussehen	_	_
66-9	6122-6123	.	_	_	_	_	_	_	_	_	$.	_	.	_	_
67-1	6126-6137	Zusätzliche	_	_	_	_	_	_	_	_	ADJA	Pos.Nom.Pl.Fem	zusätzlich	_	_
67-2	6138-6152	Beschreibungen	_	_	_	_	_	_	_	_	NN	Nom.Pl.Fem	Beschreibung	_	_
67-3	6153-6159	müssen	_	_	_	_	_	_	_	_	VMFIN	3.Pl.Pres.Ind	müssen	_	_
67-4	6160-6163	nur	_	_	_	_	_	_	_	_	ADV	_	nur	_	_
67-5	6164-6175	aufgenommen	_	_	_	_	_	_	_	_	VVPP	Psp	aufnehmen	_	_
67-6	6176-6182	werden	_	_	_	_	_	_	_	_	VAINF	Inf	werden	_	_
67-7	6183-6184	,	_	_	_	_	_	_	_	_	$,	_	,	_	_
67-8	6185-6189	wenn	_	_	_	_	_	_	_	_	KOUS	_	wenn	_	_
67-9	6190-6195	diese	_	_	_	_	_	_	_	_	PDAT	Nom.Pl.Neut	dieser	_	_
67-10	6196-6201	Dinge	_	_	_	_	_	_	_	_	NN	Nom.Pl.Neut	Ding	_	_
67-11	6202-6205	für	_	_	_	_	_	_	_	_	APPR	_	für	_	_
67-12	6206-6209	die	_	_	_	_	_	_	_	_	ART	Acc.Sg.Fem	der	_	_
67-13	6210-6218	Handlung	_	_	_	_	_	_	_	_	NN	Acc.Sg.Fem	Handlung	_	_
67-14	6219-6222	von	_	_	_	_	_	_	_	_	APPR	_	von	_	_
67-15	6223-6232	Bedeutung	_	_	_	_	_	_	_	_	NN	Dat.Sg.Fem	Bedeutung	_	_
67-16	6233-6237	sind	_	_	_	_	_	_	_	_	VAFIN	3.Pl.Pres.Ind	sein	_	_
67-17	6238-6239	.	_	_	_	_	_	_	_	_	$.	_	.	_	_
68-1	6242-6251	Versuchen	_	_	_	_	_	_	_	_	VVFIN	3.Pl.Pres.Ind	versuchen	_	_
68-2	6252-6255	Sie	_	_	_	_	_	_	_	_	PPER	3.Nom.Sg.Fem	sie	_	_
68-3	6256-6265	möglichst	_	_	_	_	_	_	_	_	ADV	_	möglichst	_	_
68-4	6266-6274	passende	_	_	_	_	_	_	_	_	ADJA	Pos.Acc.Pl.Masc	passend	_	_
68-5	6275-6278	und	_	_	_	_	_	_	_	_	KON	_	und	_	_
68-6	6279-6291	interessante	_	_	_	_	_	_	_	_	ADJA	Pos.Acc.Pl.Masc	interessant	_	_
68-7	6292-6296	Orte	_	_	_	_	_	_	_	_	NN	Acc.Pl.Masc	Ort	_	_
68-8	6297-6300	für	_	_	_	_	_	_	_	_	APPR	_	für	_	_
68-9	6301-6313	Geschehnisse	_	_	_	_	_	_	_	_	NN	Acc.Pl.Neut	Geschehnis	_	_
68-10	6314-6316	zu	_	_	_	_	_	_	_	_	PTKZU	_	zu	_	_
68-11	6317-6326	verwenden	_	_	_	_	_	_	_	_	VVINF	Inf	verwenden	_	_
68-12	6327-6328	.	_	_	_	_	_	_	_	_	$.	_	.	_	_
69-1	6331-6335	Wenn	_	_	_	_	_	_	_	_	KOUS	_	wenn	_	_
69-2	6336-6339	Sie	_	_	_	_	_	_	_	_	PPER	3.Nom.Pl.*	sie	_	_
69-3	6340-6346	planen	_	_	_	_	_	_	_	_	VVFIN	3.Pl.Pres.Ind	planen	_	_
69-4	6347-6348	,	_	_	_	_	_	_	_	_	$,	_	,	_	_
69-5	6349-6354	einen	_	_	_	_	_	_	_	_	ART	Acc.Sg.Masc	ein	_	_
69-6	6355-6364	Hobbyfilm	_	_	_	_	_	_	_	_	NN	Acc.Sg.Masc	Hobbyfilm	_	_
69-7	6364-6365	/	_	_	_	_	_	_	_	_	NN	Acc.Sg.Masc	/	_	_
69-8	6365-6374	Lowbudget	_	_	_	_	_	_	_	_	NN	Acc.Sg.Masc	Lowbudget	_	_
69-9	6375-6377	zu	_	_	_	_	_	_	_	_	PTKZU	_	zu	_	_
69-10	6378-6387	schreiben	_	_	_	_	_	_	_	_	VVINF	Inf	schreiben	_	_
69-11	6388-6389	,	_	_	_	_	_	_	_	_	$,	_	,	_	_
69-12	6390-6397	sollten	_	_	_	_	_	_	_	_	VMFIN	3.Pl.Past.Subj	sollen	_	_
69-13	6398-6401	Sie	_	_	_	_	_	_	_	_	PPER	3.Nom.Pl.*	sie	_	_
69-14	6402-6405	auf	_	_	_	_	_	_	_	_	APPR	_	auf	_	_
69-15	6406-6417	Außenszenen	_	_	_	_	_	_	_	_	NN	Dat.Pl.Fem	Außenszene	_	_
69-16	6418-6431	weitestgehend	_	_	_	_	_	_	_	_	ADJD	Pos	weitestgehend	_	_
69-17	6432-6442	verzichten	_	_	_	_	_	_	_	_	VVINF	Inf	verzichten	_	_
69-18	6443-6444	,	_	_	_	_	_	_	_	_	$,	_	,	_	_
69-19	6445-6447	da	_	_	_	_	_	_	_	_	KOUS	_	da	_	_
69-20	6448-6452	dies	_	_	_	_	_	_	_	_	PDS	Nom.Sg.Neut	dieser	_	_
69-21	6453-6456	mit	_	_	_	_	_	_	_	_	APPR	_	mit	_	_
69-22	6457-6465	geringen	_	_	_	_	_	_	_	_	ADJA	Pos.Dat.Pl.Neut	gering	_	_
69-23	6466-6478	finanziellen	_	_	_	_	_	_	_	_	ADJA	Pos.Dat.Pl.Neut	finanziell	_	_
69-24	6479-6486	Mitteln	_	_	_	_	_	_	_	_	NN	Dat.Pl.Neut	Mittel	_	_
69-25	6487-6490	nur	_	_	_	_	_	_	_	_	ADV	_	nur	_	_
69-26	6491-6497	schwer	_	_	_	_	_	_	_	_	ADJD	Pos	schwer	_	_
69-27	6498-6501	gut	_	_	_	_	_	_	_	_	ADJD	Pos	gut	_	_
69-28	6501-6502	/	_	_	_	_	_	_	_	_	ADJD	Pos	/	_	_
69-29	6502-6513	realistisch	_	_	_	_	_	_	_	_	ADJD	Pos	realistisch	_	_
69-30	6514-6516	zu	_	_	_	_	_	_	_	_	PTKZU	_	zu	_	_
69-31	6517-6525	schaffen	_	_	_	_	_	_	_	_	VVINF	Inf	schaffen	_	_
69-32	6526-6529	ist	_	_	_	_	_	_	_	_	VAFIN	3.Sg.Pres.Ind	sein	_	_
69-33	6530-6531	.	_	_	_	_	_	_	_	_	$.	_	.	_	_
70-1	6534-6538	Wenn	_	_	_	_	_	_	_	_	KOUS	_	wenn	_	_
70-2	6539-6542	die	_	_	_	_	_	_	_	_	ART	Nom.Sg.Fem	der	_	_
70-3	6543-6551	Handlung	_	_	_	_	_	_	_	_	NN	Nom.Sg.Fem	Handlung	_	_
70-4	6552-6554	in	_	_	_	_	_	_	_	_	APPR	_	in	_	_
70-5	6555-6560	einem	_	_	_	_	_	_	_	_	ART	Dat.Sg.Neut	ein	_	_
70-6	6561-6565	Haus	_	_	_	_	_	_	_	_	NN	Dat.Sg.Neut	Haus	_	_
70-7	6566-6577	stattfindet	_	_	_	_	_	_	_	_	VVFIN	3.Sg.Pres.Ind	stattfinden	_	_
70-8	6578-6579	,	_	_	_	_	_	_	_	_	$,	_	,	_	_
70-9	6580-6584	wird	_	_	_	_	_	_	_	_	VAFIN	3.Sg.Pres.Ind	werden	_	_
70-10	6585-6588	nur	_	_	_	_	_	_	_	_	ADV	_	nur	_	_
70-11	6589-6593	eine	_	_	_	_	_	_	_	_	CARD	_	eine	_	_
70-12	6594-6598	oder	_	_	_	_	_	_	_	_	KON	_	oder	_	_
70-13	6599-6603	zwei	_	_	_	_	_	_	_	_	CARD	_	zwei	_	_
70-14	6604-6618	Außenaufnahmen	_	_	_	_	_	_	_	_	NN	Acc.Pl.Fem	Außenaufnahme	_	_
70-15	6619-6621	in	_	_	_	_	_	_	_	_	APPR	_	in	_	_
70-16	6622-6625	der	_	_	_	_	_	_	_	_	ART	Dat.Sg.Fem	der	_	_
70-17	6626-6633	Totalen	_	_	_	_	_	_	_	_	NN	Dat.Pl.Fem	Totale	_	_
70-18	6634-6637	vom	_	_	_	_	_	_	_	_	APPRART	Dat.Sg.Neut	von	_	_
70-19	6638-6642	Haus	_	_	_	_	_	_	_	_	NN	Dat.Sg.Neut	Haus	_	_
70-20	6643-6646	und	_	_	_	_	_	_	_	_	KON	_	und	_	_
70-21	6647-6650	der	_	_	_	_	_	_	_	_	ART	Dat.Sg.Fem	der	_	_
70-22	6651-6659	Umgebung	_	_	_	_	_	_	_	_	NN	Dat.Sg.Fem	Umgebung	_	_
70-23	6660-6663	bei	_	_	_	_	_	_	_	_	APPR	_	bei	_	_
70-24	6664-6674	vielleicht	_	_	_	_	_	_	_	_	ADV	_	vielleicht	_	_
70-25	6675-6678	Tag	_	_	_	_	_	_	_	_	NN	Dat.Sg.Masc	Tag	_	_
70-26	6679-6682	und	_	_	_	_	_	_	_	_	KON	_	und	_	_
70-27	6683-6688	Abend	_	_	_	_	_	_	_	_	NN	Dat.Sg.Masc	Abend	_	_
70-28	6689-6692	aus	_	_	_	_	_	_	_	_	APPR	_	aus	_	_
70-29	6693-6696	der	_	_	_	_	_	_	_	_	ART	Dat.Sg.Fem	der	_	_
70-30	6697-6705	gleichen	_	_	_	_	_	_	_	_	ADJA	Pos.Dat.Sg.Fem	gleich	_	_
70-31	6706-6720	Kameraposition	_	_	_	_	_	_	_	_	NN	Dat.Sg.Fem	Kameraposition	_	_
70-32	6721-6731	geschossen	_	_	_	_	_	_	_	_	VVPP	Psp	schießen	_	_
70-33	6732-6733	.	_	_	_	_	_	_	_	_	$.	_	.	_	_
71-1	6736-6743	Dadurch	_	_	_	_	_	_	_	_	PROAV	_	dadurch	_	_
71-2	6744-6748	wird	_	_	_	_	_	_	_	_	VAFIN	3.Sg.Pres.Ind	werden	_	_
71-3	6749-6752	dem	_	_	_	_	_	_	_	_	ART	Dat.Sg.Masc	der	_	_
71-4	6753-6762	Zuschauer	_	_	_	_	_	_	_	_	NN	Dat.Sg.Masc	Zuschauer	_	_
71-5	6763-6773	vermittelt	_	_	_	_	_	_	_	_	VVPP	Psp	vermitteln	_	_
71-6	6774-6775	,	_	_	_	_	_	_	_	_	$,	_	,	_	_
71-7	6776-6780	dass	_	_	_	_	_	_	_	_	KOUS	_	dass	_	_
71-8	6781-6784	die	_	_	_	_	_	_	_	_	ART	Nom.Pl.Fem	der	_	_
71-9	6785-6793	Personen	_	_	_	_	_	_	_	_	NN	Nom.Pl.Fem	Person	_	_
71-10	6794-6800	gerade	_	_	_	_	_	_	_	_	ADV	_	gerade	_	_
71-11	6801-6803	in	_	_	_	_	_	_	_	_	APPR	_	in	_	_
71-12	6804-6810	diesem	_	_	_	_	_	_	_	_	PDAT	Dat.Sg.Neut	dieser	_	_
71-13	6811-6815	Haus	_	_	_	_	_	_	_	_	NN	Dat.Sg.Neut	Haus	_	_
71-14	6816-6820	sind	_	_	_	_	_	_	_	_	VAFIN	3.Pl.Pres.Ind	sein	_	_
71-15	6821-6822	.	_	_	_	_	_	_	_	_	$.	_	.	_	_
72-1	6825-6829	Ganz	_	_	_	_	_	_	_	_	ADV	_	ganz	_	_
72-2	6830-6838	generell	_	_	_	_	_	_	_	_	ADJD	Pos	generell	_	_
72-3	6839-6843	kann	_	_	_	_	_	_	_	_	VMFIN	3.Sg.Pres.Ind	können	_	_
72-4	6844-6847	man	_	_	_	_	_	_	_	_	PIS	Nom.Sg.*	man	_	_
72-5	6848-6852	zwei	_	_	_	_	_	_	_	_	CARD	_	zwei	_	_
72-6	6853-6858	Tipps	_	_	_	_	_	_	_	_	NN	Acc.Pl.Masc	Tipp	_	_
72-7	6859-6864	geben	_	_	_	_	_	_	_	_	VVINF	Inf	geben	_	_
72-8	6865-6866	,	_	_	_	_	_	_	_	_	$,	_	,	_	_
72-9	6867-6869	um	_	_	_	_	_	_	_	_	KOUI	_	um	_	_
72-10	6870-6874	sich	_	_	_	_	_	_	_	_	PRF	3.Acc.Sg	sich	_	_
72-11	6875-6878	dem	_	_	_	_	_	_	_	_	ART	Dat.Sg.Neut	der	_	_
72-12	6879-6896	Drehbuchschreiben	_	_	_	_	_	_	_	_	NN	Dat.Sg.Neut	Drehbuchschreiben	_	_
72-13	6897-6907	anzunähern	_	_	_	_	_	_	_	_	VVIZU	Infzu	annähern	_	_
72-14	6908-6909	:	_	_	_	_	_	_	_	_	$.	_	:	_	_
72-15	6910-6911	-	_	_	_	_	_	_	_	_	$(	_	-	_	_
72-16	6912-6917	Lesen	_	_	_	_	_	_	_	_	VVFIN	3.Pl.Pres.Ind	lesen	_	_
72-17	6918-6921	Sie	_	_	_	_	_	_	_	_	PPER	3.Nom.Pl.*	sie	_	_
72-18	6922-6923	!	_	_	_	_	_	_	_	_	$.	_	!	_	_
73-1	6926-6931	Lesen	_	_	_	_	_	_	_	_	VVFIN	3.Pl.Pres.Ind	lesen	_	_
73-2	6932-6935	Sie	_	_	_	_	_	_	_	_	PPER	3.Nom.Pl.*	sie	_	_
73-3	6936-6946	Drehbücher	_	_	_	_	_	_	_	_	NN	Acc.Pl.Neut	Drehbuch	_	_
73-4	6947-6948	.	_	_	_	_	_	_	_	_	$.	_	.	_	_
74-1	6951-6953	Am	_	_	_	_	_	_	_	_	PTKA	_	am	_	_
74-2	6954-6960	besten	_	_	_	_	_	_	_	_	ADJD	Sup	gut	_	_
74-3	6961-6964	von	_	_	_	_	_	_	_	_	APPR	_	von	_	_
74-4	6965-6971	Filmen	_	_	_	_	_	_	_	_	NN	Dat.Pl.Masc	Film	_	_
74-5	6972-6973	,	_	_	_	_	_	_	_	_	$,	_	,	_	_
74-6	6974-6977	die	_	_	_	_	_	_	_	_	PRELS	Acc.Pl.Masc	der	_	_
74-7	6978-6981	Sie	_	_	_	_	_	_	_	_	PPER	3.Nom.Pl.*	sie	_	_
74-8	6982-6993	interessant	_	_	_	_	_	_	_	_	ADJD	Pos	interessant	_	_
74-9	6994-7000	finden	_	_	_	_	_	_	_	_	VVFIN	3.Pl.Pres.Ind	finden	_	_
74-10	7001-7002	!	_	_	_	_	_	_	_	_	$.	_	!	_	_
75-1	7005-7007	Im	_	_	_	_	_	_	_	_	APPRART	Dat.Sg.Neut	in	_	_
75-2	7008-7016	Internet	_	_	_	_	_	_	_	_	NN	Dat.Sg.Neut	Internet	_	_
75-3	7017-7021	gibt	_	_	_	_	_	_	_	_	VVFIN	3.Sg.Pres.Ind	geben	_	_
75-4	7022-7024	es	_	_	_	_	_	_	_	_	PPER	3.Nom.Sg.Neut	es	_	_
75-5	7025-7031	einige	_	_	_	_	_	_	_	_	PIAT	Acc.Pl.Neut	einiger	_	_
75-6	7032-7042	Drehbücher	_	_	_	_	_	_	_	_	NN	Acc.Pl.Neut	Drehbuch	_	_
75-7	7043-7046	von	_	_	_	_	_	_	_	_	APPR	_	von	_	_
75-8	7047-7062	Hollywoodfilmen	_	_	_	_	_	_	_	_	NN	Dat.Pl.Masc	Hollywoodfilm	_	_
75-9	7063-7064	,	_	_	_	_	_	_	_	_	$,	_	,	_	_
75-10	7065-7068	die	_	_	_	_	_	_	_	_	PRELS	Nom.Pl.Neut	der	_	_
75-11	7069-7073	dort	_	_	_	_	_	_	_	_	ADV	_	dort	_	_
75-12	7074-7083	kostenlos	_	_	_	_	_	_	_	_	ADJD	Pos	kostenlos	_	_
75-13	7084-7086	zu	_	_	_	_	_	_	_	_	APPR	_	zu	_	_
75-14	7087-7098	Lehrzwecken	_	_	_	_	_	_	_	_	NN	Dat.Pl.Masc	Lehrzweck	_	_
75-15	7099-7101	in	_	_	_	_	_	_	_	_	APPR	_	in	_	_
75-16	7102-7105	PDF	_	_	_	_	_	_	_	_	NE	Dat.Sg.Neut	PDF	_	_
75-17	7106-7110	Form	_	_	_	_	_	_	_	_	NN	Dat.Sg.Fem	Form	_	_
75-18	7111-7112	,	_	_	_	_	_	_	_	_	$,	_	,	_	_
75-19	7113-7123	allerdings	_	_	_	_	_	_	_	_	ADV	_	allerdings	_	_
75-20	7124-7126	in	_	_	_	_	_	_	_	_	APPR	_	in	_	_
75-21	7127-7137	englischer	_	_	_	_	_	_	_	_	ADJA	Pos.Dat.Sg.Fem	englisch	_	_
75-22	7138-7145	Sprache	_	_	_	_	_	_	_	_	NN	Dat.Sg.Fem	Sprache	_	_
75-23	7146-7147	,	_	_	_	_	_	_	_	_	$,	_	,	_	_
75-24	7148-7157	angeboten	_	_	_	_	_	_	_	_	VVPP	Psp	anbieten	_	_
75-25	7158-7164	werden	_	_	_	_	_	_	_	_	VAFIN	3.Pl.Pres.Ind	werden	_	_
75-26	7165-7166	.	_	_	_	_	_	_	_	_	$.	_	.	_	_
76-1	7169-7172	Die	_	_	_	_	_	_	_	_	ART	Nom.Sg.Fem	der	_	_
76-2	7173-7180	Eingabe	_	_	_	_	_	_	_	_	NN	Nom.Sg.Fem	Eingabe	_	_
76-3	7181-7184	von	_	_	_	_	_	_	_	_	APPR	_	von	_	_
76-4	7185-7196	Stichworten	_	_	_	_	_	_	_	_	NN	Dat.Pl.Neut	Stichwort	_	_
76-5	7197-7200	wie	_	_	_	_	_	_	_	_	KOKOM	_	wie	_	_
76-6	7201-7202	„	_	_	_	_	_	_	_	_	XY	_	„	_	_
76-7	7203-7212	Storybook	_	_	_	_	_	_	_	_	NE	Nom.Sg.Neut	Storybook	_	_
76-8	7213-7214	“	_	_	_	_	_	_	_	_	XY	_	“	_	_
76-9	7215-7219	oder	_	_	_	_	_	_	_	_	KON	_	oder	_	_
76-10	7220-7221	„	_	_	_	_	_	_	_	_	NE	*.*.*	„	_	_
76-11	7222-7230	Drehbuch	_	_	_	_	_	_	_	_	NN	Nom.Sg.Neut	Drehbuch	_	_
76-12	7231-7232	“	_	_	_	_	_	_	_	_	$(	_	“	_	_
76-13	7233-7239	sollte	_	_	_	_	_	_	_	_	VMFIN	3.Sg.Past.Ind	sollen	_	_
76-14	7240-7246	einige	_	_	_	_	_	_	_	_	PIAT	Acc.Pl.Masc	einiger	_	_
76-15	7247-7254	Treffer	_	_	_	_	_	_	_	_	NN	Acc.Pl.Masc	Treffer	_	_
76-16	7255-7258	bei	_	_	_	_	_	_	_	_	APPR	_	bei	_	_
76-17	7259-7262	den	_	_	_	_	_	_	_	_	ART	Dat.Pl.Fem	der	_	_
76-18	7263-7276	Suchmaschinen	_	_	_	_	_	_	_	_	NN	Dat.Pl.Fem	Suchmaschine	_	_
76-19	7277-7284	ergeben	_	_	_	_	_	_	_	_	VVINF	Inf	ergeben	_	_
76-20	7285-7286	,	_	_	_	_	_	_	_	_	$,	_	,	_	_
76-21	7287-7289	da	_	_	_	_	_	_	_	_	KOUS	_	da	_	_
76-22	7290-7292	es	_	_	_	_	_	_	_	_	PPER	3.Nom.Sg.Neut	es	_	_
76-23	7293-7295	im	_	_	_	_	_	_	_	_	APPRART	Dat.Sg.Masc	in	_	_
76-24	7296-7306	englischen	_	_	_	_	_	_	_	_	ADJA	Pos.Dat.Sg.Masc	englisch	_	_
76-25	7307-7317	Sprachraum	_	_	_	_	_	_	_	_	NN	Dat.Sg.Masc	Sprachraum	_	_
76-26	7318-7322	sehr	_	_	_	_	_	_	_	_	ADV	_	sehr	_	_
76-27	7323-7328	viele	_	_	_	_	_	_	_	_	PIAT	Acc.Pl.Masc	vieler	_	_
76-28	7329-7337	Menschen	_	_	_	_	_	_	_	_	NN	Acc.Pl.Masc	Mensch	_	_
76-29	7338-7342	gibt	_	_	_	_	_	_	_	_	VVFIN	3.Sg.Pres.Ind	geben	_	_
76-30	7343-7344	,	_	_	_	_	_	_	_	_	$,	_	,	_	_
76-31	7345-7348	die	_	_	_	_	_	_	_	_	PRELS	Nom.Pl.Masc	der	_	_
76-32	7349-7354	gerne	_	_	_	_	_	_	_	_	ADV	_	gerne	_	_
76-33	7355-7365	Drehbücher	_	_	_	_	_	_	_	_	NN	Acc.Pl.Neut	Drehbuch	_	_
76-34	7366-7371	lesen	_	_	_	_	_	_	_	_	VVFIN	3.Pl.Pres.Ind	lesen	_	_
76-35	7372-7373	,	_	_	_	_	_	_	_	_	$,	_	,	_	_
76-36	7374-7376	um	_	_	_	_	_	_	_	_	KOUI	_	um	_	_
76-37	7377-7383	daraus	_	_	_	_	_	_	_	_	PROAV	_	daraus	_	_
76-38	7384-7386	zu	_	_	_	_	_	_	_	_	PTKZU	_	zu	_	_
76-39	7387-7393	lernen	_	_	_	_	_	_	_	_	VVINF	Inf	lernen	_	_
76-40	7394-7395	.	_	_	_	_	_	_	_	_	$.	_	.	_	_
77-1	7398-7400	Es	_	_	_	_	_	_	_	_	PPER	3.Nom.Sg.Neut	es	_	_
77-2	7401-7405	gibt	_	_	_	_	_	_	_	_	VVFIN	3.Sg.Pres.Ind	geben	_	_
77-3	7406-7418	mittlerweile	_	_	_	_	_	_	_	_	ADV	_	mittlerweile	_	_
77-4	7419-7423	auch	_	_	_	_	_	_	_	_	ADV	_	auch	_	_
77-5	7424-7434	Drehbücher	_	_	_	_	_	_	_	_	NN	Acc.Pl.Neut	Drehbuch	_	_
77-6	7435-7438	von	_	_	_	_	_	_	_	_	APPR	_	von	_	_
77-7	7439-7446	bereits	_	_	_	_	_	_	_	_	ADV	_	bereits	_	_
77-8	7447-7457	gelaufenen	_	_	_	_	_	_	_	_	ADJA	Pos.Dat.Pl.Masc	gelaufen	_	_
77-9	7458-7473	Hollywoodfilmen	_	_	_	_	_	_	_	_	NN	Dat.Pl.Masc	Hollywoodfilm	_	_
77-10	7474-7476	in	_	_	_	_	_	_	_	_	APPR	_	in	_	_
77-11	7477-7486	deutscher	_	_	_	_	_	_	_	_	ADJA	Pos.Dat.Sg.Fem	deutsch	_	_
77-12	7487-7494	Sprache	_	_	_	_	_	_	_	_	NN	Dat.Sg.Fem	Sprache	_	_
77-13	7495-7497	im	_	_	_	_	_	_	_	_	APPRART	Dat.Sg.Masc	in	_	_
77-14	7498-7508	Buchhandel	_	_	_	_	_	_	_	_	NN	Dat.Sg.Masc	Buchhandel	_	_
77-15	7509-7511	zu	_	_	_	_	_	_	_	_	PTKZU	_	zu	_	_
77-16	7512-7518	kaufen	_	_	_	_	_	_	_	_	VVINF	Inf	kaufen	_	_
77-17	7519-7520	.	_	_	_	_	_	_	_	_	$.	_	.	_	_
78-1	7523-7524	-	_	_	_	_	_	_	_	_	$(	_	-	_	_
78-2	7525-7534	Schreiben	_	_	_	_	_	_	_	_	VVFIN	3.Pl.Pres.Ind	schreiben	_	_
78-3	7535-7538	Sie	_	_	_	_	_	_	_	_	PPER	3.Nom.Pl.*	sie	_	_
78-4	7539-7540	!	_	_	_	_	_	_	_	_	$.	_	!	_	_
79-1	7543-7546	Zur	_	_	_	_	_	_	_	_	APPRART	Dat.Sg.Fem	zu	_	_
79-2	7547-7552	Übung	_	_	_	_	_	_	_	_	NN	Dat.Sg.Fem	Übung	_	_
79-3	7553-7557	kann	_	_	_	_	_	_	_	_	VMFIN	3.Sg.Pres.Ind	können	_	_
79-4	7558-7561	mit	_	_	_	_	_	_	_	_	APPR	_	mit	_	_
79-5	7562-7565	dem	_	_	_	_	_	_	_	_	ART	Dat.Sg.Neut	der	_	_
79-6	7566-7574	Drehbuch	_	_	_	_	_	_	_	_	NN	Dat.Sg.Neut	Drehbuch	_	_
79-7	7575-7578	für	_	_	_	_	_	_	_	_	APPR	_	für	_	_
79-8	7579-7584	einen	_	_	_	_	_	_	_	_	ART	Acc.Sg.Masc	ein	_	_
79-9	7585-7591	Sketch	_	_	_	_	_	_	_	_	NN	Acc.Sg.Masc	Sketch	_	_
79-10	7592-7596	oder	_	_	_	_	_	_	_	_	KON	_	oder	_	_
79-11	7597-7602	einen	_	_	_	_	_	_	_	_	ART	Acc.Sg.Masc	ein	_	_
79-12	7603-7612	Werbefilm	_	_	_	_	_	_	_	_	NN	Acc.Sg.Masc	Werbefilm	_	_
79-13	7613-7616	für	_	_	_	_	_	_	_	_	APPR	_	für	_	_
79-14	7617-7620	ein	_	_	_	_	_	_	_	_	ART	Acc.Sg.Neut	ein	_	_
79-15	7621-7637	Phantasieprodukt	_	_	_	_	_	_	_	_	NN	Acc.Sg.Neut	Phantasieprodukt	_	_
79-16	7638-7646	begonnen	_	_	_	_	_	_	_	_	VVPP	Psp	beginnen	_	_
79-17	7647-7653	werden	_	_	_	_	_	_	_	_	VAINF	Inf	werden	_	_
79-18	7654-7655	.	_	_	_	_	_	_	_	_	$.	_	.	_	_
80-1	7658-7662	Dies	_	_	_	_	_	_	_	_	PDS	Nom.Sg.Neut	dieser	_	_
80-2	7663-7669	sollte	_	_	_	_	_	_	_	_	VMFIN	3.Sg.Past.Subj	sollen	_	_
80-3	7670-7679	erheblich	_	_	_	_	_	_	_	_	ADJD	Pos	erheblich	_	_
80-4	7680-7688	leichter	_	_	_	_	_	_	_	_	ADJD	Comp	leicht	_	_
80-5	7689-7695	fallen	_	_	_	_	_	_	_	_	VVINF	Inf	fallen	_	_
80-6	7696-7697	,	_	_	_	_	_	_	_	_	$,	_	,	_	_
80-7	7698-7701	als	_	_	_	_	_	_	_	_	KOKOM	_	als	_	_
80-8	7702-7705	ein	_	_	_	_	_	_	_	_	ART	Acc.Sg.Neut	ein	_	_
80-9	7706-7714	Drehbuch	_	_	_	_	_	_	_	_	NN	Acc.Sg.Neut	Drehbuch	_	_
80-10	7715-7718	für	_	_	_	_	_	_	_	_	APPR	_	für	_	_
80-11	7719-7724	einen	_	_	_	_	_	_	_	_	ART	Acc.Sg.Masc	ein	_	_
80-12	7725-7735	kompletten	_	_	_	_	_	_	_	_	ADJA	Pos.Acc.Sg.Masc	komplett	_	_
80-13	7736-7745	Spielfilm	_	_	_	_	_	_	_	_	NN	Acc.Sg.Masc	Spielfilm	_	_
80-14	7746-7759	auszuarbeiten	_	_	_	_	_	_	_	_	VVIZU	Infzu	ausarbeiten	_	_
80-15	7760-7761	.	_	_	_	_	_	_	_	_	$.	_	.	_	_
81-1	7764-7770	Später	_	_	_	_	_	_	_	_	ADJD	Comp	spät	_	_
81-2	7771-7775	kann	_	_	_	_	_	_	_	_	VMFIN	3.Sg.Pres.Ind	können	_	_
81-3	7776-7780	dann	_	_	_	_	_	_	_	_	ADV	_	dann	_	_
81-4	7781-7789	versucht	_	_	_	_	_	_	_	_	VVPP	Psp	versuchen	_	_
81-5	7790-7796	werden	_	_	_	_	_	_	_	_	VAINF	Inf	werden	_	_
81-6	7797-7798	,	_	_	_	_	_	_	_	_	$,	_	,	_	_
81-7	7799-7804	einen	_	_	_	_	_	_	_	_	ART	Acc.Sg.Masc	ein	_	_
81-8	7805-7810	guten	_	_	_	_	_	_	_	_	ADJA	Pos.Acc.Sg.Masc	gut	_	_
81-9	7811-7816	Roman	_	_	_	_	_	_	_	_	NN	Acc.Sg.Masc	Roman	_	_
81-10	7817-7820	als	_	_	_	_	_	_	_	_	APPR	_	als	_	_
81-11	7821-7830	Grundlage	_	_	_	_	_	_	_	_	NN	Acc.Sg.Fem	Grundlage	_	_
81-12	7831-7834	für	_	_	_	_	_	_	_	_	APPR	_	für	_	_
81-13	7835-7838	das	_	_	_	_	_	_	_	_	ART	Acc.Sg.Neut	der	_	_
81-14	7839-7847	Drehbuch	_	_	_	_	_	_	_	_	NN	Acc.Sg.Neut	Drehbuch	_	_
81-15	7848-7850	zu	_	_	_	_	_	_	_	_	PTKZU	_	zu	_	_
81-16	7851-7859	benutzen	_	_	_	_	_	_	_	_	VVINF	Inf	benutzen	_	_
81-17	7860-7861	.	_	_	_	_	_	_	_	_	$.	_	.	_	_
82-1	7864-7868	Wenn	_	_	_	_	_	_	_	_	KOUS	_	wenn	_	_
82-2	7869-7873	dies	_	_	_	_	_	_	_	_	PDS	Nom.Sg.Neut	dieser	_	_
82-3	7874-7878	aber	_	_	_	_	_	_	_	_	ADV	_	aber	_	_
82-4	7879-7884	nicht	_	_	_	_	_	_	_	_	PTKNEG	_	nicht	_	_
82-5	7885-7888	nur	_	_	_	_	_	_	_	_	ADV	_	nur	_	_
82-6	7889-7893	eine	_	_	_	_	_	_	_	_	ART	Nom.Sg.Fem	ein	_	_
82-7	7894-7899	Übung	_	_	_	_	_	_	_	_	NN	Nom.Sg.Fem	Übung	_	_
82-8	7900-7904	sein	_	_	_	_	_	_	_	_	VAINF	Inf	sein	_	_
82-9	7905-7909	soll	_	_	_	_	_	_	_	_	VMFIN	3.Sg.Pres.Ind	sollen	_	_
82-10	7910-7911	,	_	_	_	_	_	_	_	_	$,	_	,	_	_
82-11	7912-7915	ist	_	_	_	_	_	_	_	_	VAFIN	3.Sg.Pres.Ind	sein	_	_
82-12	7916-7918	es	_	_	_	_	_	_	_	_	PPER	3.Nom.Sg.Neut	es	_	_
82-13	7919-7925	ratsam	_	_	_	_	_	_	_	_	ADJD	Pos	ratsam	_	_
82-14	7926-7927	,	_	_	_	_	_	_	_	_	$,	_	,	_	_
82-15	7928-7932	sich	_	_	_	_	_	_	_	_	PRF	3.Acc.Sg	sich	_	_
82-16	7933-7939	vorher	_	_	_	_	_	_	_	_	ADV	_	vorher	_	_
82-17	7940-7943	mit	_	_	_	_	_	_	_	_	APPR	_	mit	_	_
82-18	7944-7947	dem	_	_	_	_	_	_	_	_	ART	Dat.Sg.Masc	der	_	_
82-19	7948-7953	Autor	_	_	_	_	_	_	_	_	NN	Dat.Sg.Masc	Autor	_	_
82-20	7954-7957	des	_	_	_	_	_	_	_	_	ART	Gen.Sg.Masc	der	_	_
82-21	7958-7964	Romans	_	_	_	_	_	_	_	_	NN	Gen.Sg.Masc	Roman	_	_
82-22	7965-7977	abzusprechen	_	_	_	_	_	_	_	_	VVIZU	Infzu	absprechen	_	_
82-23	7978-7979	,	_	_	_	_	_	_	_	_	$,	_	,	_	_
82-24	7980-7987	wieviel	_	_	_	_	_	_	_	_	PRELS	Nom.Pl.Masc	wieviel	_	_
82-25	7988-7991	die	_	_	_	_	_	_	_	_	ART	Nom.Pl.Neut	der	_	_
82-26	7992-8002	Filmrechte	_	_	_	_	_	_	_	_	NN	Nom.Pl.Neut	Filmrecht	_	_
82-27	8003-8008	dafür	_	_	_	_	_	_	_	_	PROAV	_	dafür	_	_
82-28	8009-8015	kosten	_	_	_	_	_	_	_	_	VVINF	Inf	kosten	_	_
82-29	8016-8022	würden	_	_	_	_	_	_	_	_	VAFIN	3.Pl.Past.Subj	werden	_	_
82-30	8023-8024	.	_	_	_	_	_	_	_	_	$.	_	.	_	_
83-1	8027-8032	Sonst	_	_	_	_	_	_	_	_	ADV	_	sonst	_	_
83-2	8033-8036	hat	_	_	_	_	_	_	_	_	VAFIN	3.Sg.Pres.Ind	haben	_	_
83-3	8037-8040	man	_	_	_	_	_	_	_	_	PIS	Nom.Sg.*	man	_	_
83-4	8041-8045	zwar	_	_	_	_	_	_	_	_	ADV	_	zwar	_	_
83-5	8046-8049	ein	_	_	_	_	_	_	_	_	ART	Acc.Sg.Neut	ein	_	_
83-6	8050-8056	tolles	_	_	_	_	_	_	_	_	ADJA	Pos.Acc.Sg.Neut	toll	_	_
83-7	8057-8065	Drehbuch	_	_	_	_	_	_	_	_	NN	Acc.Sg.Neut	Drehbuch	_	_
83-8	8066-8067	,	_	_	_	_	_	_	_	_	$,	_	,	_	_
83-9	8068-8072	aber	_	_	_	_	_	_	_	_	KON	_	aber	_	_
83-10	8073-8076	man	_	_	_	_	_	_	_	_	PIS	Nom.Sg.*	man	_	_
83-11	8077-8081	darf	_	_	_	_	_	_	_	_	VMFIN	3.Sg.Pres.Ind	dürfen	_	_
83-12	8082-8084	es	_	_	_	_	_	_	_	_	PPER	3.Acc.Sg.Neut	es	_	_
83-13	8085-8090	nicht	_	_	_	_	_	_	_	_	PTKNEG	_	nicht	_	_
83-14	8091-8099	umsetzen	_	_	_	_	_	_	_	_	VVINF	Inf	umsetzen	_	_
83-15	8100-8101	,	_	_	_	_	_	_	_	_	$,	_	,	_	_
83-16	8102-8106	weil	_	_	_	_	_	_	_	_	KOUS	_	weil	_	_
83-17	8107-8110	die	_	_	_	_	_	_	_	_	ART	Nom.Pl.Neut	der	_	_
83-18	8111-8121	Filmrechte	_	_	_	_	_	_	_	_	NN	Nom.Pl.Neut	Filmrecht	_	_
83-19	8122-8124	zu	_	_	_	_	_	_	_	_	PTKA	_	zu	_	_
83-20	8125-8130	teuer	_	_	_	_	_	_	_	_	ADJD	Pos	teuer	_	_
83-21	8131-8135	sind	_	_	_	_	_	_	_	_	VAFIN	3.Pl.Pres.Ind	sein	_	_
83-22	8136-8137	.	_	_	_	_	_	_	_	_	$.	_	.	_	_
84-1	8140-8146	Lassen	_	_	_	_	_	_	_	_	VVIMP	3.Pl.Pres.Ind	lassen	_	_
84-2	8147-8150	Sie	_	_	_	_	_	_	_	_	PPER	3.Nom.Pl.*	sie	_	_
84-3	8151-8153	es	_	_	_	_	_	_	_	_	PPER	3.Acc.Sg.Neut	es	_	_
84-4	8154-8157	von	_	_	_	_	_	_	_	_	APPR	_	von	_	_
84-5	8158-8166	mehreren	_	_	_	_	_	_	_	_	PIAT	Dat.Pl.*	mehrere	_	_
84-6	8167-8173	Leuten	_	_	_	_	_	_	_	_	NN	Dat.Pl.*	Leute	_	_
84-7	8174-8176	in	_	_	_	_	_	_	_	_	APPR	_	in	_	_
84-8	8177-8182	Ihrer	_	_	_	_	_	_	_	_	PPOSAT	Dat.Sg.Fem	ihr	_	_
84-9	8183-8191	nächsten	_	_	_	_	_	_	_	_	ADJA	Pos.Dat.Sg.Fem	nächster	_	_
84-10	8192-8200	Umgebung	_	_	_	_	_	_	_	_	NN	Dat.Sg.Fem	Umgebung	_	_
84-11	8201-8206	lesen	_	_	_	_	_	_	_	_	VVINF	Inf	lesen	_	_
84-12	8207-8208	.	_	_	_	_	_	_	_	_	$.	_	.	_	_
85-1	8211-8214	Nun	_	_	_	_	_	_	_	_	ADV	_	nun	_	_
85-2	8215-8221	können	_	_	_	_	_	_	_	_	VMFIN	3.Pl.Pres.Ind	können	_	_
85-3	8222-8225	Sie	_	_	_	_	_	_	_	_	PPER	3.Nom.Pl.*	sie	_	_
85-4	8226-8234	anfangen	_	_	_	_	_	_	_	_	VVINF	Inf	anfangen	_	_
85-5	8235-8236	.	_	_	_	_	_	_	_	_	$.	_	.	_	_
86-1	8239-8243	Viel	_	_	_	_	_	_	_	_	PIAT	*.*.*	viel	_	_
86-2	8244-8249	Glück	_	_	_	_	_	_	_	_	NN	Nom.Sg.Neut	Glück	_	_
