#FORMAT=WebAnno TSV 3.3
#T_SP=webanno.custom.MET_A|MFlag|Rolle
#T_SP=webanno.custom.MET_B|basic|c_mark
#T_SP=webanno.custom.MET_B2|b_Lex
#T_SP=webanno.custom.MET_D|a_Par
#T_RL=webanno.custom.METD|BT_webanno.custom.MET_A


#Text=Undine Kurth ( Quedlinburg ) ( BÜNDNIS 90/DIE GRÜNEN ) : Im " Living Planet Report 2004 " hat der WWF festgestellt , dass die Artenvielfalt in den letzten 30 Jahren um 30 Prozent gesunken ist .
1-1	0-6	Undine	_	_	_	_	_	_	_	
1-2	7-12	Kurth	_	_	_	_	_	_	_	
1-3	13-14	(	_	_	_	_	_	_	_	
1-4	15-26	Quedlinburg	_	_	_	_	_	_	_	
1-5	27-28	)	_	_	_	_	_	_	_	
1-6	29-30	(	_	_	_	_	_	_	_	
1-7	31-38	BÜNDNIS	_	_	_	_	_	_	_	
1-8	39-41	90	_	_	_	_	_	_	_	
1-9	41-42	/	_	_	_	_	_	_	_	
1-10	42-45	DIE	_	_	_	_	_	_	_	
1-11	46-52	GRÜNEN	_	_	_	_	_	_	_	
1-12	53-54	)	_	_	_	_	_	_	_	
1-13	55-56	:	_	_	_	_	_	_	_	
1-14	57-59	Im	_	_	_	_	_	_	_	
1-15	60-61	"	_	_	_	_	_	_	_	
1-16	62-68	Living	_	_	_	_	_	_	_	
1-17	69-75	Planet	_	_	_	_	_	_	_	
1-18	76-82	Report	_	_	_	_	_	_	_	
1-19	83-87	2004	_	_	_	_	_	_	_	
1-20	88-89	"	_	_	_	_	_	_	_	
1-21	90-93	hat	_	_	_	_	_	_	_	
1-22	94-97	der	_	_	_	_	_	_	_	
1-23	98-101	WWF	_	_	_	_	_	_	_	
1-24	102-114	festgestellt	_	_	_	_	_	_	_	
1-25	115-116	,	_	_	_	_	_	_	_	
1-26	117-121	dass	_	_	_	_	_	_	_	
1-27	122-125	die	_	_	_	_	_	_	_	
1-28	126-139	Artenvielfalt	_	_	_	_	_	_	_	
1-29	140-142	in	_	_	_	_	_	_	_	
1-30	143-146	den	_	_	_	_	_	_	_	
1-31	147-154	letzten	_	_	_	_	_	_	_	
1-32	155-157	30	_	_	_	_	_	_	_	
1-33	158-164	Jahren	_	_	_	_	_	_	_	
1-34	165-167	um	_	_	_	_	_	_	_	
1-35	168-170	30	_	_	_	_	_	_	_	
1-36	171-178	Prozent	_	_	_	_	_	_	_	
1-37	179-187	gesunken	_	_	_	_	_	_	_	
1-38	188-191	ist	_	_	_	_	_	_	_	
1-39	192-193	.	_	_	_	_	_	_	_	

#Text=Vor dem Hintergrund derartig gravierender Veränderungen in der Natur diskutieren wir heute abschließen den Antrag von CDU / CSU .
2-1	196-199	Vor	_	_	_	_	_	_	_	
2-2	200-203	dem	_	_	_	_	_	_	_	
2-3	204-215	Hintergrund	_	_	_	_	_	_	_	
2-4	216-224	derartig	_	_	_	_	_	_	_	
2-5	225-237	gravierender	_	_	_	_	_	_	_	
2-6	238-251	Veränderungen	_	_	_	_	_	_	_	
2-7	252-254	in	_	_	_	_	_	_	_	
2-8	255-258	der	_	_	_	_	_	_	_	
2-9	259-264	Natur	_	_	_	_	_	_	_	
2-10	265-276	diskutieren	_	_	_	_	_	_	_	
2-11	277-280	wir	_	_	_	_	_	_	_	
2-12	281-286	heute	_	_	_	_	_	_	_	
2-13	287-298	abschließen	_	_	_	_	_	_	_	
2-14	299-302	den	_	_	_	_	_	_	_	
2-15	303-309	Antrag	_	_	_	_	_	_	_	
2-16	310-313	von	_	_	_	_	_	_	_	
2-17	314-317	CDU	_	_	_	_	_	_	_	
2-18	318-319	/	_	_	_	_	_	_	_	
2-19	320-323	CSU	_	_	_	_	_	_	_	
2-20	324-325	.	_	_	_	_	_	_	_	

#Text=Uns allen sollte es wichtig sein , dass wir nicht dabei stehen bleiben , derartige Zahlen achelzuckend zur Kenntnis zu nehmen .
3-1	328-331	Uns	_	_	_	_	_	_	_	
3-2	332-337	allen	_	_	_	_	_	_	_	
3-3	338-344	sollte	_	_	_	_	_	_	_	
3-4	345-347	es	_	_	_	_	_	_	_	
3-5	348-355	wichtig	_	_	_	_	_	_	_	
3-6	356-360	sein	_	_	_	_	_	_	_	
3-7	361-362	,	_	_	_	_	_	_	_	
3-8	363-367	dass	_	_	_	_	_	_	_	
3-9	368-371	wir	_	_	_	_	_	_	_	
3-10	372-377	nicht	_	_	_	_	_	_	_	
3-11	378-383	dabei	_	_	_	_	_	_	_	
3-12	384-390	stehen	false	0Kern	true	true	in aufrechter Körperhaltung an einer Stelle verharren	aufhören	3-13	
3-13	391-398	bleiben	false	2sem	_	_	_	_	_	
3-14	399-400	,	_	_	_	_	_	_	_	
3-15	401-410	derartige	_	_	_	_	_	_	_	
3-16	411-417	Zahlen	_	_	_	_	_	_	_	
3-17	418-430	achelzuckend	false	0Kern	true	true	mit den Achseln zuckend	unberührt, nicht betroffen, gleichgültig	_	
3-18	431-434	zur	false	2sem	_	_	_	_	_	
3-19	435-443	Kenntnis	false	0Kern	true	false	die Gesamtheit des Wissens um etw.	wahrnehmen	3-21|3-18	
3-20	444-446	zu	_	_	_	_	_	_	_	
3-21	447-453	nehmen	false	2sem	_	_	_	_	_	
3-22	454-455	.	_	_	_	_	_	_	_	

#Text=Vielmehr muss es uns allen darum gehen , sie als Abbild von Prozessen zu verstehen , die mit uns unmittelbar zu tun haben , die nicht nur " irgendwo da draußen " passieren , sondern die wirkliche Veränderungen unserer Lebensgrundlagen bedeuten .
4-1	458-466	Vielmehr	_	_	_	_	_	_	_	
4-2	467-471	muss	_	_	_	_	_	_	_	
4-3	472-474	es	_	_	_	_	_	_	_	
4-4	475-478	uns	_	_	_	_	_	_	_	
4-5	479-484	allen	_	_	_	_	_	_	_	
4-6	485-490	darum	_	_	_	_	_	_	_	
4-7	491-496	gehen	_	_	_	_	_	_	_	
4-8	497-498	,	_	_	_	_	_	_	_	
4-9	499-502	sie	_	_	_	_	_	_	_	
4-10	503-506	als	_	_	_	_	_	_	_	
4-11	507-513	Abbild	_	_	_	_	_	_	_	
4-12	514-517	von	_	_	_	_	_	_	_	
4-13	518-527	Prozessen	_	_	_	_	_	_	_	
4-14	528-530	zu	_	_	_	_	_	_	_	
4-15	531-540	verstehen	_	_	_	_	_	_	_	
4-16	541-542	,	_	_	_	_	_	_	_	
4-17	543-546	die	_	_	_	_	_	_	_	
4-18	547-550	mit	_	_	_	_	_	_	_	
4-19	551-554	uns	_	_	_	_	_	_	_	
4-20	555-566	unmittelbar	_	_	_	_	_	_	_	
4-21	567-569	zu	_	_	_	_	_	_	_	
4-22	570-573	tun	_	_	_	_	_	_	_	
4-23	574-579	haben	_	_	_	_	_	_	_	
4-24	580-581	,	_	_	_	_	_	_	_	
4-25	582-585	die	_	_	_	_	_	_	_	
4-26	586-591	nicht	_	_	_	_	_	_	_	
4-27	592-595	nur	_	_	_	_	_	_	_	
4-28	596-597	"	_	_	_	_	_	_	_	
4-29	598-606	irgendwo	_	_	_	_	_	_	_	
4-30	607-609	da	_	_	_	_	_	_	_	
4-31	610-617	draußen	_	_	_	_	_	_	_	
4-32	618-619	"	_	_	_	_	_	_	_	
4-33	620-629	passieren	_	_	_	_	_	_	_	
4-34	630-631	,	_	_	_	_	_	_	_	
4-35	632-639	sondern	_	_	_	_	_	_	_	
4-36	640-643	die	_	_	_	_	_	_	_	
4-37	644-653	wirkliche	_	_	_	_	_	_	_	
4-38	654-667	Veränderungen	_	_	_	_	_	_	_	
4-39	668-675	unserer	_	_	_	_	_	_	_	
4-40	676-692	Lebensgrundlagen	_	_	_	_	_	_	_	
4-41	693-701	bedeuten	_	_	_	_	_	_	_	
4-42	702-703	.	_	_	_	_	_	_	_	

#Text=Verlust an Leistungsfähigkeit des Naturhaushaltes ist Verlust an unseren ureigenen Lebensgrundlagen .
5-1	706-713	Verlust	_	_	_	_	_	_	_	
5-2	714-716	an	_	_	_	_	_	_	_	
5-3	717-735	Leistungsfähigkeit	_	_	_	_	_	_	_	
5-4	736-739	des	_	_	_	_	_	_	_	
5-5	740-755	Naturhaushaltes	_	_	_	_	_	_	_	
5-5.1	745-755	haushaltes	false	0Kern	true	true	gemeinsame Wirtschaft der in einer Wohnung lebenden Personen	Ressourcen der Natur	_	
5-6	756-759	ist	_	_	_	_	_	_	_	
5-7	760-767	Verlust	_	_	_	_	_	_	_	
5-8	768-770	an	_	_	_	_	_	_	_	
5-9	771-778	unseren	_	_	_	_	_	_	_	
5-10	779-788	ureigenen	_	_	_	_	_	_	_	
5-11	789-805	Lebensgrundlagen	_	_	_	_	_	_	_	
5-12	806-807	.	_	_	_	_	_	_	_	

#Text=Wir wissen heute noch nicht , von welcher Verlustrate an diese Prozesse für den Menschen direkt gefährlich werden .
6-1	810-813	Wir	_	_	_	_	_	_	_	
6-2	814-820	wissen	_	_	_	_	_	_	_	
6-3	821-826	heute	_	_	_	_	_	_	_	
6-4	827-831	noch	_	_	_	_	_	_	_	
6-5	832-837	nicht	_	_	_	_	_	_	_	
6-6	838-839	,	_	_	_	_	_	_	_	
6-7	840-843	von	_	_	_	_	_	_	_	
6-8	844-851	welcher	_	_	_	_	_	_	_	
6-9	852-863	Verlustrate	_	_	_	_	_	_	_	
6-10	864-866	an	_	_	_	_	_	_	_	
6-11	867-872	diese	_	_	_	_	_	_	_	
6-12	873-881	Prozesse	_	_	_	_	_	_	_	
6-13	882-885	für	_	_	_	_	_	_	_	
6-14	886-889	den	_	_	_	_	_	_	_	
6-15	890-898	Menschen	_	_	_	_	_	_	_	
6-16	899-905	direkt	_	_	_	_	_	_	_	
6-17	906-916	gefährlich	_	_	_	_	_	_	_	
6-18	917-923	werden	_	_	_	_	_	_	_	
6-19	924-925	.	_	_	_	_	_	_	_	

#Text=Wir sind aber sicher gut beraten , nicht auf jenen Punkt zu warten , ab dem wir das Rad nicht mehr zurückdrehen können .
7-1	928-931	Wir	_	_	_	_	_	_	_	
7-2	932-936	sind	_	_	_	_	_	_	_	
7-3	937-941	aber	_	_	_	_	_	_	_	
7-4	942-948	sicher	_	_	_	_	_	_	_	
7-5	949-952	gut	_	_	_	_	_	_	_	
7-6	953-960	beraten	_	_	_	_	_	_	_	
7-7	961-962	,	_	_	_	_	_	_	_	
7-8	963-968	nicht	_	_	_	_	_	_	_	
7-9	969-972	auf	_	_	_	_	_	_	_	
7-10	973-978	jenen	_	_	_	_	_	_	_	
7-11	979-984	Punkt	_	_	_	_	_	_	_	
7-12	985-987	zu	_	_	_	_	_	_	_	
7-13	988-994	warten	_	_	_	_	_	_	_	
7-14	995-996	,	_	_	_	_	_	_	_	
7-15	997-999	ab	_	_	_	_	_	_	_	
7-16	1000-1003	dem	_	_	_	_	_	_	_	
7-17	1004-1007	wir	_	_	_	_	_	_	_	
7-18	1008-1011	das	_	_	_	_	_	_	_	
7-19	1012-1015	Rad	false	0Kern	true	true	kreisrundes \[...\] Teil eines Fahrzeugs, auf dem sich dieses rollend fortbewegen kann	Zeit	7-22	
7-20	1016-1021	nicht	_	_	_	_	_	_	_	
7-21	1022-1026	mehr	_	_	_	_	_	_	_	
7-22	1027-1039	zurückdrehen	false	2sem	_	_	_	_	_	
7-23	1040-1046	können	_	_	_	_	_	_	_	
7-24	1047-1048	.	_	_	_	_	_	_	_	

#Text=Ihr Antrag stellt zwar fest , dass der Schutz der natürlichen Lebensgrundlagen national und international eine zentrale Aufgabe darstelle und dass es in den 90er Jahren hier nennenswerte Erfolge gegeben habe .
8-1	1051-1054	Ihr	_	_	_	_	_	_	_	
8-2	1055-1061	Antrag	_	_	_	_	_	_	_	
8-3	1062-1068	stellt	_	_	_	_	_	_	_	
8-4	1069-1073	zwar	_	_	_	_	_	_	_	
8-5	1074-1078	fest	_	_	_	_	_	_	_	
8-6	1079-1080	,	_	_	_	_	_	_	_	
8-7	1081-1085	dass	_	_	_	_	_	_	_	
8-8	1086-1089	der	_	_	_	_	_	_	_	
8-9	1090-1096	Schutz	_	_	_	_	_	_	_	
8-10	1097-1100	der	_	_	_	_	_	_	_	
8-11	1101-1112	natürlichen	_	_	_	_	_	_	_	
8-12	1113-1129	Lebensgrundlagen	_	_	_	_	_	_	_	
8-13	1130-1138	national	_	_	_	_	_	_	_	
8-14	1139-1142	und	_	_	_	_	_	_	_	
8-15	1143-1156	international	_	_	_	_	_	_	_	
8-16	1157-1161	eine	_	_	_	_	_	_	_	
8-17	1162-1170	zentrale	_	_	_	_	_	_	_	
8-18	1171-1178	Aufgabe	_	_	_	_	_	_	_	
8-19	1179-1188	darstelle	_	_	_	_	_	_	_	
8-20	1189-1192	und	_	_	_	_	_	_	_	
8-21	1193-1197	dass	_	_	_	_	_	_	_	
8-22	1198-1200	es	_	_	_	_	_	_	_	
8-23	1201-1203	in	_	_	_	_	_	_	_	
8-24	1204-1207	den	_	_	_	_	_	_	_	
8-25	1208-1212	90er	_	_	_	_	_	_	_	
8-26	1213-1219	Jahren	_	_	_	_	_	_	_	
8-27	1220-1224	hier	_	_	_	_	_	_	_	
8-28	1225-1237	nennenswerte	_	_	_	_	_	_	_	
8-29	1238-1245	Erfolge	_	_	_	_	_	_	_	
8-30	1246-1253	gegeben	_	_	_	_	_	_	_	
8-31	1254-1258	habe	_	_	_	_	_	_	_	
8-32	1259-1260	.	_	_	_	_	_	_	_	

#Text=Leiser sei diese positive Entwicklung - man staunt und hält den Atem an - justament im Jahre 1998 , also mit der Regierungsübernahme von Rot Grün , zum Erliegen gekommen .
9-1	1263-1269	Leiser	_	_	_	_	_	_	_	
9-2	1270-1273	sei	_	_	_	_	_	_	_	
9-3	1274-1279	diese	_	_	_	_	_	_	_	
9-4	1280-1288	positive	_	_	_	_	_	_	_	
9-5	1289-1300	Entwicklung	_	_	_	_	_	_	_	
9-6	1301-1302	-	_	_	_	_	_	_	_	
9-7	1303-1306	man	_	_	_	_	_	_	_	
9-8	1307-1313	staunt	_	_	_	_	_	_	_	
9-9	1314-1317	und	_	_	_	_	_	_	_	
9-10	1318-1322	hält	false	0Kern	true	true	nicht mehr atmen	gespannt sein	9-12|9-13	
9-11	1323-1326	den	_	_	_	_	_	_	_	
9-12	1327-1331	Atem	false	3idiom	_	_	_	_	_	
9-13	1332-1334	an	false	1synt	_	_	_	_	_	
9-14	1335-1336	-	_	_	_	_	_	_	_	
9-15	1337-1346	justament	_	_	_	_	_	_	_	
9-16	1347-1349	im	_	_	_	_	_	_	_	
9-17	1350-1355	Jahre	_	_	_	_	_	_	_	
9-18	1356-1360	1998	_	_	_	_	_	_	_	
9-19	1361-1362	,	_	_	_	_	_	_	_	
9-20	1363-1367	also	_	_	_	_	_	_	_	
9-21	1368-1371	mit	_	_	_	_	_	_	_	
9-22	1372-1375	der	_	_	_	_	_	_	_	
9-23	1376-1395	Regierungsübernahme	_	_	_	_	_	_	_	
9-24	1396-1399	von	_	_	_	_	_	_	_	
9-25	1400-1403	Rot	_	_	_	_	_	_	_	
9-26	1404-1408	Grün	_	_	_	_	_	_	_	
9-27	1409-1410	,	_	_	_	_	_	_	_	
9-28	1411-1414	zum	false	2sem	_	_	_	_	_	
9-29	1415-1423	Erliegen	false	0Kern	true	false	auf Ziel gerichtete Bewegung	aufhören, nicht weitergeführt werden	9-30|9-28	
9-30	1424-1432	gekommen	false	2sem	_	_	_	_	_	
9-31	1433-1434	.	_	_	_	_	_	_	_	

#Text=- So viel dann zu dem von Ihnen immer weder beschworenen unideologischen Herangehen an die wichtigen Fragen des Naturschutzes .
10-1	1437-1438	-	_	_	_	_	_	_	_	
10-2	1439-1441	So	_	_	_	_	_	_	_	
10-3	1442-1446	viel	_	_	_	_	_	_	_	
10-4	1447-1451	dann	_	_	_	_	_	_	_	
10-5	1452-1454	zu	_	_	_	_	_	_	_	
10-6	1455-1458	dem	_	_	_	_	_	_	_	
10-7	1459-1462	von	_	_	_	_	_	_	_	
10-8	1463-1468	Ihnen	_	_	_	_	_	_	_	
10-9	1469-1474	immer	_	_	_	_	_	_	_	
10-10	1475-1480	weder	_	_	_	_	_	_	_	
10-11	1481-1493	beschworenen	false	0Kern	true	true	durch einen Schwur bekräftigen	eindringlich mahnenden	_	
10-12	1494-1509	unideologischen	_	_	_	_	_	_	_	
10-13	1510-1520	Herangehen	_	_	_	_	_	_	_	
10-14	1521-1523	an	_	_	_	_	_	_	_	
10-15	1524-1527	die	_	_	_	_	_	_	_	
10-16	1528-1537	wichtigen	_	_	_	_	_	_	_	
10-17	1538-1544	Fragen	_	_	_	_	_	_	_	
10-18	1545-1548	des	_	_	_	_	_	_	_	
10-19	1549-1562	Naturschutzes	_	_	_	_	_	_	_	
10-20	1563-1564	.	_	_	_	_	_	_	_	

#Text=Auch Ihr Credo zur Lösung der Probleme des Naturschutzes ist übersichtlich : Weniger Staat , weniger Bürokratie und mehr marktwirtschaftliche Instrumente werden sich positiv auf den Umweltschutz auswirken .
11-1	1567-1571	Auch	_	_	_	_	_	_	_	
11-2	1572-1575	Ihr	_	_	_	_	_	_	_	
11-3	1576-1581	Credo	false	0Kern	true	true	Glaubensbekenntnis	sich wiederholende Vorschläge	_	
11-4	1582-1585	zur	_	_	_	_	_	_	_	
11-5	1586-1592	Lösung	_	_	_	_	_	_	_	
11-6	1593-1596	der	_	_	_	_	_	_	_	
11-7	1597-1605	Probleme	_	_	_	_	_	_	_	
11-8	1606-1609	des	_	_	_	_	_	_	_	
11-9	1610-1623	Naturschutzes	_	_	_	_	_	_	_	
11-10	1624-1627	ist	_	_	_	_	_	_	_	
11-11	1628-1641	übersichtlich	false	0Kern	true	true	gut zu überblicken	nicht umfassend, zu gering	_	
11-12	1642-1643	:	_	_	_	_	_	_	_	
11-13	1644-1651	Weniger	_	_	_	_	_	_	_	
11-14	1652-1657	Staat	_	_	_	_	_	_	_	
11-15	1658-1659	,	_	_	_	_	_	_	_	
11-16	1660-1667	weniger	_	_	_	_	_	_	_	
11-17	1668-1678	Bürokratie	_	_	_	_	_	_	_	
11-18	1679-1682	und	_	_	_	_	_	_	_	
11-19	1683-1687	mehr	_	_	_	_	_	_	_	
11-20	1688-1708	marktwirtschaftliche	_	_	_	_	_	_	_	
11-21	1709-1720	Instrumente	_	_	_	_	_	_	_	
11-22	1721-1727	werden	_	_	_	_	_	_	_	
11-23	1728-1732	sich	_	_	_	_	_	_	_	
11-24	1733-1740	positiv	_	_	_	_	_	_	_	
11-25	1741-1744	auf	_	_	_	_	_	_	_	
11-26	1745-1748	den	_	_	_	_	_	_	_	
11-27	1749-1761	Umweltschutz	_	_	_	_	_	_	_	
11-28	1762-1771	auswirken	_	_	_	_	_	_	_	
11-29	1772-1773	.	_	_	_	_	_	_	_	

#Text=Amen .
12-1	1776-1780	Amen	false	0Kern	true	true	bekräftigende Schlussformel nach Gebet, Predigt	ironischer Ausdruck von Zustimmung	_	
12-2	1781-1782	.	_	_	_	_	_	_	_	

#Text=- Wenn es doch so einfach wäre , liebe Kolleginnen und Kollegen : mehr vertragliche Vereinbarungen , weniger staatliche Vorschriften und Aktivitäten im Naturschutz - und schon ist alles wieder im Lot .
13-1	1785-1786	-	_	_	_	_	_	_	_	
13-2	1787-1791	Wenn	_	_	_	_	_	_	_	
13-3	1792-1794	es	_	_	_	_	_	_	_	
13-4	1795-1799	doch	_	_	_	_	_	_	_	
13-5	1800-1802	so	_	_	_	_	_	_	_	
13-6	1803-1810	einfach	_	_	_	_	_	_	_	
13-7	1811-1815	wäre	_	_	_	_	_	_	_	
13-8	1816-1817	,	_	_	_	_	_	_	_	
13-9	1818-1823	liebe	_	_	_	_	_	_	_	
13-10	1824-1835	Kolleginnen	_	_	_	_	_	_	_	
13-11	1836-1839	und	_	_	_	_	_	_	_	
13-12	1840-1848	Kollegen	_	_	_	_	_	_	_	
13-13	1849-1850	:	_	_	_	_	_	_	_	
13-14	1851-1855	mehr	_	_	_	_	_	_	_	
13-15	1856-1868	vertragliche	_	_	_	_	_	_	_	
13-16	1869-1883	Vereinbarungen	_	_	_	_	_	_	_	
13-17	1884-1885	,	_	_	_	_	_	_	_	
13-18	1886-1893	weniger	_	_	_	_	_	_	_	
13-19	1894-1904	staatliche	_	_	_	_	_	_	_	
13-20	1905-1917	Vorschriften	_	_	_	_	_	_	_	
13-21	1918-1921	und	_	_	_	_	_	_	_	
13-22	1922-1933	Aktivitäten	_	_	_	_	_	_	_	
13-23	1934-1936	im	_	_	_	_	_	_	_	
13-24	1937-1948	Naturschutz	_	_	_	_	_	_	_	
13-25	1949-1950	-	_	_	_	_	_	_	_	
13-26	1951-1954	und	_	_	_	_	_	_	_	
13-27	1955-1960	schon	_	_	_	_	_	_	_	
13-28	1961-1964	ist	_	_	_	_	_	_	_	
13-29	1965-1970	alles	false	3idiom	_	_	_	_	_	
13-30	1971-1977	wieder	false	3idiom	_	_	_	_	_	
13-31	1978-1980	im	false	3idiom	_	_	_	_	_	
13-32	1981-1984	Lot	false	0Kern	true	true	gerade ausgerichtet sein	in Ordnung sein	13-29|13-30|13-31	
13-33	1985-1986	.	_	_	_	_	_	_	_	

#Text=Vertragliche Vereinbarungen sind nicht die einzig richtige Lösung für den Naturschutz ; überall dort , wo sie die zweitbeste Lösung sind , sind sie eben nicht die beste Lösung .
14-1	1989-2001	Vertragliche	_	_	_	_	_	_	_	
14-2	2002-2016	Vereinbarungen	_	_	_	_	_	_	_	
14-3	2017-2021	sind	_	_	_	_	_	_	_	
14-4	2022-2027	nicht	_	_	_	_	_	_	_	
14-5	2028-2031	die	_	_	_	_	_	_	_	
14-6	2032-2038	einzig	_	_	_	_	_	_	_	
14-7	2039-2047	richtige	_	_	_	_	_	_	_	
14-8	2048-2054	Lösung	_	_	_	_	_	_	_	
14-9	2055-2058	für	_	_	_	_	_	_	_	
14-10	2059-2062	den	_	_	_	_	_	_	_	
14-11	2063-2074	Naturschutz	_	_	_	_	_	_	_	
14-12	2075-2076	;	_	_	_	_	_	_	_	
14-13	2077-2084	überall	_	_	_	_	_	_	_	
14-14	2085-2089	dort	_	_	_	_	_	_	_	
14-15	2090-2091	,	_	_	_	_	_	_	_	
14-16	2092-2094	wo	_	_	_	_	_	_	_	
14-17	2095-2098	sie	_	_	_	_	_	_	_	
14-18	2099-2102	die	_	_	_	_	_	_	_	
14-19	2103-2113	zweitbeste	_	_	_	_	_	_	_	
14-20	2114-2120	Lösung	_	_	_	_	_	_	_	
14-21	2121-2125	sind	_	_	_	_	_	_	_	
14-22	2126-2127	,	_	_	_	_	_	_	_	
14-23	2128-2132	sind	_	_	_	_	_	_	_	
14-24	2133-2136	sie	_	_	_	_	_	_	_	
14-25	2137-2141	eben	_	_	_	_	_	_	_	
14-26	2142-2147	nicht	_	_	_	_	_	_	_	
14-27	2148-2151	die	_	_	_	_	_	_	_	
14-28	2152-2157	beste	_	_	_	_	_	_	_	
14-29	2158-2164	Lösung	_	_	_	_	_	_	_	
14-30	2165-2166	.	_	_	_	_	_	_	_	

#Text=Vertragliche Vereinbarungen zum Dogma zu erheben bringt uns nicht weiter und wird auch der Komplexität der Probleme im Natur - und Artenschutz nicht annähernd gerecht .
15-1	2169-2181	Vertragliche	_	_	_	_	_	_	_	
15-2	2182-2196	Vereinbarungen	_	_	_	_	_	_	_	
15-3	2197-2200	zum	_	_	_	_	_	_	_	
15-4	2201-2206	Dogma	false	0Kern	true	true	starre Lehrmeinung mit unanfechtbarer Gültigkeit	bestmögliche Lösung	15-6	
15-5	2207-2209	zu	_	_	_	_	_	_	_	
15-6	2210-2217	erheben	false	2sem	_	_	_	_	_	
15-7	2218-2224	bringt	_	_	_	_	_	_	_	
15-8	2225-2228	uns	_	_	_	_	_	_	_	
15-9	2229-2234	nicht	_	_	_	_	_	_	_	
15-10	2235-2241	weiter	_	_	_	_	_	_	_	
15-11	2242-2245	und	_	_	_	_	_	_	_	
15-12	2246-2250	wird	_	_	_	_	_	_	_	
15-13	2251-2255	auch	_	_	_	_	_	_	_	
15-14	2256-2259	der	_	_	_	_	_	_	_	
15-15	2260-2271	Komplexität	_	_	_	_	_	_	_	
15-16	2272-2275	der	_	_	_	_	_	_	_	
15-17	2276-2284	Probleme	_	_	_	_	_	_	_	
15-18	2285-2287	im	_	_	_	_	_	_	_	
15-19	2288-2293	Natur	_	_	_	_	_	_	_	
15-20	2294-2295	-	_	_	_	_	_	_	_	
15-21	2296-2299	und	_	_	_	_	_	_	_	
15-22	2300-2311	Artenschutz	_	_	_	_	_	_	_	
15-23	2312-2317	nicht	_	_	_	_	_	_	_	
15-24	2318-2327	annähernd	_	_	_	_	_	_	_	
15-25	2328-2335	gerecht	_	_	_	_	_	_	_	
15-26	2336-2337	.	_	_	_	_	_	_	_	

#Text=Dass wir Ihren Antrag ablehnen müssen , haben die Beratungen in den Ausschüssen noch einmal untermauert .
16-1	2340-2344	Dass	_	_	_	_	_	_	_	
16-2	2345-2348	wir	_	_	_	_	_	_	_	
16-3	2349-2354	Ihren	_	_	_	_	_	_	_	
16-4	2355-2361	Antrag	_	_	_	_	_	_	_	
16-5	2362-2370	ablehnen	_	_	_	_	_	_	_	
16-6	2371-2377	müssen	_	_	_	_	_	_	_	
16-7	2378-2379	,	_	_	_	_	_	_	_	
16-8	2380-2385	haben	_	_	_	_	_	_	_	
16-9	2386-2389	die	_	_	_	_	_	_	_	
16-10	2390-2400	Beratungen	_	_	_	_	_	_	_	
16-11	2401-2403	in	_	_	_	_	_	_	_	
16-12	2404-2407	den	_	_	_	_	_	_	_	
16-13	2408-2419	Ausschüssen	_	_	_	_	_	_	_	
16-14	2420-2424	noch	_	_	_	_	_	_	_	
16-15	2425-2431	einmal	_	_	_	_	_	_	_	
16-16	2432-2443	untermauert	false	0Kern	true	true	mit Grundmauern versehen	etwas mit überzeugenden Argumenten stützen	_	
16-17	2444-2445	.	_	_	_	_	_	_	_	

#Text=Bei Ihnen ist leider kein konzeptioneller Ansatz zu erkennen .
17-1	2448-2451	Bei	_	_	_	_	_	_	_	
17-2	2452-2457	Ihnen	_	_	_	_	_	_	_	
17-3	2458-2461	ist	_	_	_	_	_	_	_	
17-4	2462-2468	leider	_	_	_	_	_	_	_	
17-5	2469-2473	kein	_	_	_	_	_	_	_	
17-6	2474-2489	konzeptioneller	_	_	_	_	_	_	_	
17-7	2490-2496	Ansatz	_	_	_	_	_	_	_	
17-8	2497-2499	zu	_	_	_	_	_	_	_	
17-9	2500-2508	erkennen	_	_	_	_	_	_	_	
17-10	2509-2510	.	_	_	_	_	_	_	_	

#Text=Sie binden einen großen Strauß bunter Forderungen , ohne dass eins zum anderen passt .
18-1	2513-2516	Sie	_	_	_	_	_	_	_	
18-2	2517-2523	binden	false	2sem	_	_	_	_	_	
18-3	2524-2529	einen	_	_	_	_	_	_	_	
18-4	2530-2536	großen	_	_	_	_	_	_	_	
18-5	2537-2543	Strauß	false	0Kern	true	true	zu Buschel zusammengestellte abgeschnittene Blumen, Gräser oder Zweige	eine vielfältige Menge unterschiedlicher Forderungen	18-2|18-6	
18-6	2544-2550	bunter	false	2sem	_	_	_	_	_	
18-7	2551-2562	Forderungen	_	_	_	_	_	_	_	
18-8	2563-2564	,	_	_	_	_	_	_	_	
18-9	2565-2569	ohne	_	_	_	_	_	_	_	
18-10	2570-2574	dass	_	_	_	_	_	_	_	
18-11	2575-2579	eins	_	_	_	_	_	_	_	
18-12	2580-2583	zum	_	_	_	_	_	_	_	
18-13	2584-2591	anderen	_	_	_	_	_	_	_	
18-14	2592-2597	passt	_	_	_	_	_	_	_	
18-15	2598-2599	.	_	_	_	_	_	_	_	

#Text=Ich möchte an dieser Stelle lobend die Arbeit im Parlamentarischen Beirat für Nachhaltigkeit erwähnen , wo es gelungen ist , sich mit allen Fraktionen auf wichtige Grundsätze der Natur - und Artenschutzpolitik zu verständigen : Erstens die Erkenntnis : Natur - und Artenschutz geht alle an .
19-1	2602-2605	Ich	_	_	_	_	_	_	_	
19-2	2606-2612	möchte	_	_	_	_	_	_	_	
19-3	2613-2615	an	_	_	_	_	_	_	_	
19-4	2616-2622	dieser	_	_	_	_	_	_	_	
19-5	2623-2629	Stelle	_	_	_	_	_	_	_	
19-6	2630-2636	lobend	_	_	_	_	_	_	_	
19-7	2637-2640	die	_	_	_	_	_	_	_	
19-8	2641-2647	Arbeit	_	_	_	_	_	_	_	
19-9	2648-2650	im	_	_	_	_	_	_	_	
19-10	2651-2668	Parlamentarischen	_	_	_	_	_	_	_	
19-11	2669-2675	Beirat	_	_	_	_	_	_	_	
19-12	2676-2679	für	_	_	_	_	_	_	_	
19-13	2680-2694	Nachhaltigkeit	_	_	_	_	_	_	_	
19-14	2695-2703	erwähnen	_	_	_	_	_	_	_	
19-15	2704-2705	,	_	_	_	_	_	_	_	
19-16	2706-2708	wo	_	_	_	_	_	_	_	
19-17	2709-2711	es	_	_	_	_	_	_	_	
19-18	2712-2720	gelungen	_	_	_	_	_	_	_	
19-19	2721-2724	ist	_	_	_	_	_	_	_	
19-20	2725-2726	,	_	_	_	_	_	_	_	
19-21	2727-2731	sich	_	_	_	_	_	_	_	
19-22	2732-2735	mit	_	_	_	_	_	_	_	
19-23	2736-2741	allen	_	_	_	_	_	_	_	
19-24	2742-2752	Fraktionen	_	_	_	_	_	_	_	
19-25	2753-2756	auf	_	_	_	_	_	_	_	
19-26	2757-2765	wichtige	_	_	_	_	_	_	_	
19-27	2766-2776	Grundsätze	_	_	_	_	_	_	_	
19-28	2777-2780	der	_	_	_	_	_	_	_	
19-29	2781-2786	Natur	_	_	_	_	_	_	_	
19-30	2787-2788	-	_	_	_	_	_	_	_	
19-31	2789-2792	und	_	_	_	_	_	_	_	
19-32	2793-2811	Artenschutzpolitik	_	_	_	_	_	_	_	
19-33	2812-2814	zu	_	_	_	_	_	_	_	
19-34	2815-2827	verständigen	_	_	_	_	_	_	_	
19-35	2828-2829	:	_	_	_	_	_	_	_	
19-36	2830-2837	Erstens	_	_	_	_	_	_	_	
19-37	2838-2841	die	_	_	_	_	_	_	_	
19-38	2842-2852	Erkenntnis	_	_	_	_	_	_	_	
19-39	2853-2854	:	_	_	_	_	_	_	_	
19-40	2855-2860	Natur	_	_	_	_	_	_	_	
19-41	2861-2862	-	_	_	_	_	_	_	_	
19-42	2863-2866	und	_	_	_	_	_	_	_	
19-43	2867-2878	Artenschutz	_	_	_	_	_	_	_	
19-44	2879-2883	geht	false	0Kern	true	false	angreifen, gegen etw. ankämpfen	betreffen	19-46	
19-45	2884-2888	alle	_	_	_	_	_	_	_	
19-46	2889-2891	an	false	1synt	_	_	_	_	_	
19-47	2892-2893	.	_	_	_	_	_	_	_	

#Text=Er muss als kontinuierliche Querschnittsaufgabe aller Ressorts betrieben werden .
20-1	2896-2898	Er	_	_	_	_	_	_	_	
20-2	2899-2903	muss	_	_	_	_	_	_	_	
20-3	2904-2907	als	_	_	_	_	_	_	_	
20-4	2908-2923	kontinuierliche	_	_	_	_	_	_	_	
20-5	2924-2943	Querschnittsaufgabe	_	_	_	_	_	_	_	
20-5.1	2924-2935	Querschnitt	false	0Kern	true	false	ebener Schnitt senkrecht zur Längsachse eines Körpers	übergreifend über getrennte Bereiche, in Kooperation mit anderen Bereichen	_	
20-6	2944-2949	aller	_	_	_	_	_	_	_	
20-7	2950-2958	Ressorts	_	_	_	_	_	_	_	
20-8	2959-2968	betrieben	_	_	_	_	_	_	_	
20-9	2969-2975	werden	_	_	_	_	_	_	_	
20-10	2976-2977	.	_	_	_	_	_	_	_	

#Text=Das Ziel ist der Erhalt der natürlichen Vielfalt und der Aufnahme - und Regenerationsfähigkeit der Umwelt .
21-1	2980-2983	Das	_	_	_	_	_	_	_	
21-2	2984-2988	Ziel	_	_	_	_	_	_	_	
21-3	2989-2992	ist	_	_	_	_	_	_	_	
21-4	2993-2996	der	_	_	_	_	_	_	_	
21-5	2997-3003	Erhalt	_	_	_	_	_	_	_	
21-6	3004-3007	der	_	_	_	_	_	_	_	
21-7	3008-3019	natürlichen	_	_	_	_	_	_	_	
21-8	3020-3028	Vielfalt	_	_	_	_	_	_	_	
21-9	3029-3032	und	_	_	_	_	_	_	_	
21-10	3033-3036	der	_	_	_	_	_	_	_	
21-11	3037-3045	Aufnahme	_	_	_	_	_	_	_	
21-12	3046-3047	-	_	_	_	_	_	_	_	
21-13	3048-3051	und	_	_	_	_	_	_	_	
21-14	3052-3074	Regenerationsfähigkeit	_	_	_	_	_	_	_	
21-15	3075-3078	der	_	_	_	_	_	_	_	
21-16	3079-3085	Umwelt	_	_	_	_	_	_	_	
21-17	3086-3087	.	_	_	_	_	_	_	_	

#Text=Dies ist Voraussetzung für nachhaltiges Wirtschaften .
22-1	3090-3094	Dies	_	_	_	_	_	_	_	
22-2	3095-3098	ist	_	_	_	_	_	_	_	
22-3	3099-3112	Voraussetzung	_	_	_	_	_	_	_	
22-4	3113-3116	für	_	_	_	_	_	_	_	
22-5	3117-3129	nachhaltiges	_	_	_	_	_	_	_	
22-6	3130-3142	Wirtschaften	_	_	_	_	_	_	_	
22-7	3143-3144	.	_	_	_	_	_	_	_	

#Text=Zudem : Intakte Landschaften sind ein wichtiger Standortfaktor geworden .
23-1	3147-3152	Zudem	_	_	_	_	_	_	_	
23-2	3153-3154	:	_	_	_	_	_	_	_	
23-3	3155-3162	Intakte	_	_	_	_	_	_	_	
23-4	3163-3175	Landschaften	_	_	_	_	_	_	_	
23-5	3176-3180	sind	_	_	_	_	_	_	_	
23-6	3181-3184	ein	_	_	_	_	_	_	_	
23-7	3185-3194	wichtiger	_	_	_	_	_	_	_	
23-8	3195-3209	Standortfaktor	_	_	_	_	_	_	_	
23-9	3210-3218	geworden	_	_	_	_	_	_	_	
23-10	3219-3220	.	_	_	_	_	_	_	_	

#Text=Zweitens die Feststellung : Wichtiges Aufgabenfeld des Naturschutzes ist der Arten - und Biotopschutz , wie er in Naturschutzgebieten , Flora Fauna Habitat Gebieten und durch Einrichtung des nationalen Biotopverbundes , Biotopkartierungen und Erarbeitung Roter Listen realisiert wird .
24-1	3223-3231	Zweitens	_	_	_	_	_	_	_	
24-2	3232-3235	die	_	_	_	_	_	_	_	
24-3	3236-3248	Feststellung	_	_	_	_	_	_	_	
24-4	3249-3250	:	_	_	_	_	_	_	_	
24-5	3251-3260	Wichtiges	_	_	_	_	_	_	_	
24-6	3261-3273	Aufgabenfeld	_	_	_	_	_	_	_	
24-7	3274-3277	des	_	_	_	_	_	_	_	
24-8	3278-3291	Naturschutzes	_	_	_	_	_	_	_	
24-9	3292-3295	ist	_	_	_	_	_	_	_	
24-10	3296-3299	der	_	_	_	_	_	_	_	
24-11	3300-3305	Arten	_	_	_	_	_	_	_	
24-12	3306-3307	-	_	_	_	_	_	_	_	
24-13	3308-3311	und	_	_	_	_	_	_	_	
24-14	3312-3324	Biotopschutz	_	_	_	_	_	_	_	
24-15	3325-3326	,	_	_	_	_	_	_	_	
24-16	3327-3330	wie	_	_	_	_	_	_	_	
24-17	3331-3333	er	_	_	_	_	_	_	_	
24-18	3334-3336	in	_	_	_	_	_	_	_	
24-19	3337-3356	Naturschutzgebieten	_	_	_	_	_	_	_	
24-20	3357-3358	,	_	_	_	_	_	_	_	
24-21	3359-3364	Flora	_	_	_	_	_	_	_	
24-22	3365-3370	Fauna	_	_	_	_	_	_	_	
24-23	3371-3378	Habitat	_	_	_	_	_	_	_	
24-24	3379-3387	Gebieten	_	_	_	_	_	_	_	
24-25	3388-3391	und	_	_	_	_	_	_	_	
24-26	3392-3397	durch	_	_	_	_	_	_	_	
24-27	3398-3409	Einrichtung	_	_	_	_	_	_	_	
24-28	3410-3413	des	_	_	_	_	_	_	_	
24-29	3414-3424	nationalen	_	_	_	_	_	_	_	
24-30	3425-3440	Biotopverbundes	_	_	_	_	_	_	_	
24-31	3441-3442	,	_	_	_	_	_	_	_	
24-32	3443-3461	Biotopkartierungen	_	_	_	_	_	_	_	
24-33	3462-3465	und	_	_	_	_	_	_	_	
24-34	3466-3477	Erarbeitung	_	_	_	_	_	_	_	
24-35	3478-3483	Roter	_	_	_	_	_	_	_	
24-36	3484-3490	Listen	_	_	_	_	_	_	_	
24-37	3491-3501	realisiert	_	_	_	_	_	_	_	
24-38	3502-3506	wird	_	_	_	_	_	_	_	
24-39	3507-3508	.	_	_	_	_	_	_	_	

#Text=Drittens die Erfahrung : Zunehmend finden menschliche Nutzungsinteressen Berücksichtigung .
25-1	3511-3519	Drittens	_	_	_	_	_	_	_	
25-2	3520-3523	die	_	_	_	_	_	_	_	
25-3	3524-3533	Erfahrung	_	_	_	_	_	_	_	
25-4	3534-3535	:	_	_	_	_	_	_	_	
25-5	3536-3545	Zunehmend	_	_	_	_	_	_	_	
25-6	3546-3552	finden	false	0Kern	true	false	zufällig auf etw. stoßen	werden berücksichtigt, gelangen zu Beachtung	25-9	
25-7	3553-3564	menschliche	_	_	_	_	_	_	_	
25-8	3565-3583	Nutzungsinteressen	_	_	_	_	_	_	_	
25-9	3584-3600	Berücksichtigung	false	2sem	_	_	_	_	_	
25-10	3601-3602	.	_	_	_	_	_	_	_	

#Text=Der kooperative Naturschutz soll weiter gestärkt werden .
26-1	3605-3608	Der	_	_	_	_	_	_	_	
26-2	3609-3620	kooperative	_	_	_	_	_	_	_	
26-3	3621-3632	Naturschutz	_	_	_	_	_	_	_	
26-4	3633-3637	soll	_	_	_	_	_	_	_	
26-5	3638-3644	weiter	_	_	_	_	_	_	_	
26-6	3645-3653	gestärkt	_	_	_	_	_	_	_	
26-7	3654-3660	werden	_	_	_	_	_	_	_	
26-8	3661-3662	.	_	_	_	_	_	_	_	

#Text=Beispiele dafür sind der Vertragsnaturschutz und die Arbeit der Landschaftspflegeverbände .
27-1	3665-3674	Beispiele	_	_	_	_	_	_	_	
27-2	3675-3680	dafür	_	_	_	_	_	_	_	
27-3	3681-3685	sind	_	_	_	_	_	_	_	
27-4	3686-3689	der	_	_	_	_	_	_	_	
27-5	3690-3709	Vertragsnaturschutz	_	_	_	_	_	_	_	
27-6	3710-3713	und	_	_	_	_	_	_	_	
27-7	3714-3717	die	_	_	_	_	_	_	_	
27-8	3718-3724	Arbeit	_	_	_	_	_	_	_	
27-9	3725-3728	der	_	_	_	_	_	_	_	
27-10	3729-3754	Landschaftspflegeverbände	_	_	_	_	_	_	_	
27-11	3755-3756	.	_	_	_	_	_	_	_	

#Text=Auf dieser Grundlage ist eine Verständigung möglich .
28-1	3759-3762	Auf	_	_	_	_	_	_	_	
28-2	3763-3769	dieser	_	_	_	_	_	_	_	
28-3	3770-3779	Grundlage	_	_	_	_	_	_	_	
28-4	3780-3783	ist	_	_	_	_	_	_	_	
28-5	3784-3788	eine	_	_	_	_	_	_	_	
28-6	3789-3802	Verständigung	false	0Kern	true	false	von etw. in Kenntnis setzen, unterrichten	Einigung	_	
28-7	3803-3810	möglich	_	_	_	_	_	_	_	
28-8	3811-3812	.	_	_	_	_	_	_	_	

#Text=Erfreulich in der Diskussion zu Ihrem Antrag ist das große Interesse aller Fraktionen an einer Weiterentwicklung des Grünen Bandes entlang der früheren innerdeutschen Grenze .
29-1	3815-3825	Erfreulich	_	_	_	_	_	_	_	
29-2	3826-3828	in	_	_	_	_	_	_	_	
29-3	3829-3832	der	_	_	_	_	_	_	_	
29-4	3833-3843	Diskussion	_	_	_	_	_	_	_	
29-5	3844-3846	zu	_	_	_	_	_	_	_	
29-6	3847-3852	Ihrem	_	_	_	_	_	_	_	
29-7	3853-3859	Antrag	_	_	_	_	_	_	_	
29-8	3860-3863	ist	_	_	_	_	_	_	_	
29-9	3864-3867	das	_	_	_	_	_	_	_	
29-10	3868-3873	große	_	_	_	_	_	_	_	
29-11	3874-3883	Interesse	_	_	_	_	_	_	_	
29-12	3884-3889	aller	_	_	_	_	_	_	_	
29-13	3890-3900	Fraktionen	_	_	_	_	_	_	_	
29-14	3901-3903	an	_	_	_	_	_	_	_	
29-15	3904-3909	einer	_	_	_	_	_	_	_	
29-16	3910-3927	Weiterentwicklung	_	_	_	_	_	_	_	
29-17	3928-3931	des	_	_	_	_	_	_	_	
29-18	3932-3938	Grünen	_	_	_	_	_	_	_	
29-19	3939-3945	Bandes	_	_	_	_	_	_	_	
29-20	3946-3953	entlang	_	_	_	_	_	_	_	
29-21	3954-3957	der	_	_	_	_	_	_	_	
29-22	3958-3966	früheren	_	_	_	_	_	_	_	
29-23	3967-3981	innerdeutschen	_	_	_	_	_	_	_	
29-24	3982-3988	Grenze	_	_	_	_	_	_	_	
29-25	3989-3990	.	_	_	_	_	_	_	_	

#Text=Die Verhandlungen zur kostenlosen Übertragung von Bundesflächen im Grünen Band an die Länder sind weit fortgeschritten und wir appellieren noch einmal an alle Seiten , hier zügig zu einem Ergebnis zu kommen , sodass im Zusammenwirken von Bund und Ländern das Grüne Band als ökologisches Denkmal und als Erinnerungsstätte an die Teilung Deutschlands gesichert werden kann .
30-1	3993-3996	Die	_	_	_	_	_	_	_	
30-2	3997-4010	Verhandlungen	_	_	_	_	_	_	_	
30-3	4011-4014	zur	_	_	_	_	_	_	_	
30-4	4015-4026	kostenlosen	_	_	_	_	_	_	_	
30-5	4027-4038	Übertragung	_	_	_	_	_	_	_	
30-6	4039-4042	von	_	_	_	_	_	_	_	
30-7	4043-4056	Bundesflächen	_	_	_	_	_	_	_	
30-8	4057-4059	im	_	_	_	_	_	_	_	
30-9	4060-4066	Grünen	_	_	_	_	_	_	_	
30-10	4067-4071	Band	_	_	_	_	_	_	_	
30-11	4072-4074	an	_	_	_	_	_	_	_	
30-12	4075-4078	die	_	_	_	_	_	_	_	
30-13	4079-4085	Länder	_	_	_	_	_	_	_	
30-14	4086-4090	sind	_	_	_	_	_	_	_	
30-15	4091-4095	weit	_	_	_	_	_	_	_	
30-16	4096-4111	fortgeschritten	_	_	_	_	_	_	_	
30-17	4112-4115	und	_	_	_	_	_	_	_	
30-18	4116-4119	wir	_	_	_	_	_	_	_	
30-19	4120-4131	appellieren	_	_	_	_	_	_	_	
30-20	4132-4136	noch	_	_	_	_	_	_	_	
30-21	4137-4143	einmal	_	_	_	_	_	_	_	
30-22	4144-4146	an	_	_	_	_	_	_	_	
30-23	4147-4151	alle	_	_	_	_	_	_	_	
30-24	4152-4158	Seiten	_	_	_	_	_	_	_	
30-25	4159-4160	,	_	_	_	_	_	_	_	
30-26	4161-4165	hier	_	_	_	_	_	_	_	
30-27	4166-4171	zügig	_	_	_	_	_	_	_	
30-28	4172-4174	zu	_	_	_	_	_	_	_	
30-29	4175-4180	einem	_	_	_	_	_	_	_	
30-30	4181-4189	Ergebnis	_	_	_	_	_	_	_	
30-31	4190-4192	zu	_	_	_	_	_	_	_	
30-32	4193-4199	kommen	_	_	_	_	_	_	_	
30-33	4200-4201	,	_	_	_	_	_	_	_	
30-34	4202-4208	sodass	_	_	_	_	_	_	_	
30-35	4209-4211	im	_	_	_	_	_	_	_	
30-36	4212-4226	Zusammenwirken	_	_	_	_	_	_	_	
30-37	4227-4230	von	_	_	_	_	_	_	_	
30-38	4231-4235	Bund	_	_	_	_	_	_	_	
30-39	4236-4239	und	_	_	_	_	_	_	_	
30-40	4240-4247	Ländern	_	_	_	_	_	_	_	
30-41	4248-4251	das	_	_	_	_	_	_	_	
30-42	4252-4257	Grüne	_	_	_	_	_	_	_	
30-43	4258-4262	Band	_	_	_	_	_	_	_	
30-44	4263-4266	als	_	_	_	_	_	_	_	
30-45	4267-4279	ökologisches	_	_	_	_	_	_	_	
30-46	4280-4287	Denkmal	_	_	_	_	_	_	_	
30-47	4288-4291	und	_	_	_	_	_	_	_	
30-48	4292-4295	als	_	_	_	_	_	_	_	
30-49	4296-4313	Erinnerungsstätte	_	_	_	_	_	_	_	
30-50	4314-4316	an	_	_	_	_	_	_	_	
30-51	4317-4320	die	_	_	_	_	_	_	_	
30-52	4321-4328	Teilung	_	_	_	_	_	_	_	
30-53	4329-4341	Deutschlands	_	_	_	_	_	_	_	
30-54	4342-4351	gesichert	_	_	_	_	_	_	_	
30-55	4352-4358	werden	_	_	_	_	_	_	_	
30-56	4359-4363	kann	_	_	_	_	_	_	_	
30-57	4364-4365	.	_	_	_	_	_	_	_	

#Text=Wichtig für einen erfolgreichen Naturschutz ist die richtige Verteilung der Zuständigkeiten zwischen Bund , Ländern und Kommunen , also das , was die Beratungen zur Neuordnung unserer bundesstaatlichen Ordnung hierzu als Ergebnis zeitigen werden .
31-1	4368-4375	Wichtig	_	_	_	_	_	_	_	
31-2	4376-4379	für	_	_	_	_	_	_	_	
31-3	4380-4385	einen	_	_	_	_	_	_	_	
31-4	4386-4399	erfolgreichen	_	_	_	_	_	_	_	
31-5	4400-4411	Naturschutz	_	_	_	_	_	_	_	
31-6	4412-4415	ist	_	_	_	_	_	_	_	
31-7	4416-4419	die	_	_	_	_	_	_	_	
31-8	4420-4428	richtige	_	_	_	_	_	_	_	
31-9	4429-4439	Verteilung	_	_	_	_	_	_	_	
31-10	4440-4443	der	_	_	_	_	_	_	_	
31-11	4444-4459	Zuständigkeiten	_	_	_	_	_	_	_	
31-12	4460-4468	zwischen	_	_	_	_	_	_	_	
31-13	4469-4473	Bund	_	_	_	_	_	_	_	
31-14	4474-4475	,	_	_	_	_	_	_	_	
31-15	4476-4483	Ländern	_	_	_	_	_	_	_	
31-16	4484-4487	und	_	_	_	_	_	_	_	
31-17	4488-4496	Kommunen	_	_	_	_	_	_	_	
31-18	4497-4498	,	_	_	_	_	_	_	_	
31-19	4499-4503	also	_	_	_	_	_	_	_	
31-20	4504-4507	das	_	_	_	_	_	_	_	
31-21	4508-4509	,	_	_	_	_	_	_	_	
31-22	4510-4513	was	_	_	_	_	_	_	_	
31-23	4514-4517	die	_	_	_	_	_	_	_	
31-24	4518-4528	Beratungen	_	_	_	_	_	_	_	
31-25	4529-4532	zur	_	_	_	_	_	_	_	
31-26	4533-4543	Neuordnung	_	_	_	_	_	_	_	
31-27	4544-4551	unserer	_	_	_	_	_	_	_	
31-28	4552-4569	bundesstaatlichen	_	_	_	_	_	_	_	
31-29	4570-4577	Ordnung	_	_	_	_	_	_	_	
31-30	4578-4584	hierzu	_	_	_	_	_	_	_	
31-31	4585-4588	als	_	_	_	_	_	_	_	
31-32	4589-4597	Ergebnis	_	_	_	_	_	_	_	
31-33	4598-4606	zeitigen	_	_	_	_	_	_	_	
31-34	4607-4613	werden	_	_	_	_	_	_	_	
31-35	4614-4615	.	_	_	_	_	_	_	_	

#Text=Dass Natur - und Artenschutz nur länderübergreifend funktionieren kann , bedarf eigentlich keiner näheren Begründung .
32-1	4618-4622	Dass	_	_	_	_	_	_	_	
32-2	4623-4628	Natur	_	_	_	_	_	_	_	
32-3	4629-4630	-	_	_	_	_	_	_	_	
32-4	4631-4634	und	_	_	_	_	_	_	_	
32-5	4635-4646	Artenschutz	_	_	_	_	_	_	_	
32-6	4647-4650	nur	_	_	_	_	_	_	_	
32-7	4651-4669	länderübergreifend	_	_	_	_	_	_	_	
32-8	4670-4683	funktionieren	_	_	_	_	_	_	_	
32-9	4684-4688	kann	_	_	_	_	_	_	_	
32-10	4689-4690	,	_	_	_	_	_	_	_	
32-11	4691-4697	bedarf	_	_	_	_	_	_	_	
32-12	4698-4708	eigentlich	_	_	_	_	_	_	_	
32-13	4709-4715	keiner	_	_	_	_	_	_	_	
32-14	4716-4723	näheren	_	_	_	_	_	_	_	
32-15	4724-4734	Begründung	_	_	_	_	_	_	_	
32-16	4735-4736	.	_	_	_	_	_	_	_	

#Text=Ökologische Probleme sind schließlich nur in bio geographischen Grenzen lösbar ; denn Pflanzen und Tiere kennen keine administrativen Grenzen .
33-1	4739-4750	Ökologische	_	_	_	_	_	_	_	
33-2	4751-4759	Probleme	_	_	_	_	_	_	_	
33-3	4760-4764	sind	_	_	_	_	_	_	_	
33-4	4765-4776	schließlich	_	_	_	_	_	_	_	
33-5	4777-4780	nur	_	_	_	_	_	_	_	
33-6	4781-4783	in	_	_	_	_	_	_	_	
33-7	4784-4787	bio	false	0Kern	true	true	die Biologie betreffend	naturgegeben	33-8	
33-8	4788-4802	geographischen	false	2sem	_	_	_	_	_	
33-9	4803-4810	Grenzen	_	_	_	_	_	_	_	
33-10	4811-4817	lösbar	_	_	_	_	_	_	_	
33-11	4818-4819	;	_	_	_	_	_	_	_	
33-12	4820-4824	denn	_	_	_	_	_	_	_	
33-13	4825-4833	Pflanzen	_	_	_	_	_	_	_	
33-14	4834-4837	und	_	_	_	_	_	_	_	
33-15	4838-4843	Tiere	_	_	_	_	_	_	_	
33-16	4844-4850	kennen	_	_	_	_	_	_	_	
33-17	4851-4856	keine	_	_	_	_	_	_	_	
33-18	4857-4872	administrativen	_	_	_	_	_	_	_	
33-19	4873-4880	Grenzen	_	_	_	_	_	_	_	
33-20	4881-4882	.	_	_	_	_	_	_	_	

#Text=Renommierte Umweltrechtler verweisen auf die enorme Schwächung des Naturschutzes , wenn die Gesetzgebungskompetenz des Bundes in diesem Bereich nicht gestärkt , sondern geschwächt würde .
34-1	4885-4896	Renommierte	_	_	_	_	_	_	_	
34-2	4897-4911	Umweltrechtler	_	_	_	_	_	_	_	
34-3	4912-4921	verweisen	_	_	_	_	_	_	_	
34-4	4922-4925	auf	_	_	_	_	_	_	_	
34-5	4926-4929	die	_	_	_	_	_	_	_	
34-6	4930-4936	enorme	_	_	_	_	_	_	_	
34-7	4937-4947	Schwächung	_	_	_	_	_	_	_	
34-8	4948-4951	des	_	_	_	_	_	_	_	
34-9	4952-4965	Naturschutzes	_	_	_	_	_	_	_	
34-10	4966-4967	,	_	_	_	_	_	_	_	
34-11	4968-4972	wenn	_	_	_	_	_	_	_	
34-12	4973-4976	die	_	_	_	_	_	_	_	
34-13	4977-4999	Gesetzgebungskompetenz	_	_	_	_	_	_	_	
34-14	5000-5003	des	_	_	_	_	_	_	_	
34-15	5004-5010	Bundes	_	_	_	_	_	_	_	
34-16	5011-5013	in	_	_	_	_	_	_	_	
34-17	5014-5020	diesem	_	_	_	_	_	_	_	
34-18	5021-5028	Bereich	_	_	_	_	_	_	_	
34-19	5029-5034	nicht	_	_	_	_	_	_	_	
34-20	5035-5043	gestärkt	_	_	_	_	_	_	_	
34-21	5044-5045	,	_	_	_	_	_	_	_	
34-22	5046-5053	sondern	_	_	_	_	_	_	_	
34-23	5054-5064	geschwächt	_	_	_	_	_	_	_	
34-24	5065-5070	würde	_	_	_	_	_	_	_	
34-25	5071-5072	.	_	_	_	_	_	_	_	

#Text=Gerade bei irreversiblen Gemeinschaftsgütern sollten wir nicht Gefahr laufen , Zugriffsrechte der Länder zu definieren , die einen Wettkampf um das schwächste Naturschutzrecht fördern .
35-1	5075-5081	Gerade	_	_	_	_	_	_	_	
35-2	5082-5085	bei	_	_	_	_	_	_	_	
35-3	5086-5099	irreversiblen	false	0Kern	true	true	nicht umkehrbaren	nicht wiederherstellbar	_	
35-4	5100-5119	Gemeinschaftsgütern	_	_	_	_	_	_	_	
35-5	5120-5127	sollten	_	_	_	_	_	_	_	
35-6	5128-5131	wir	_	_	_	_	_	_	_	
35-7	5132-5137	nicht	_	_	_	_	_	_	_	
35-8	5138-5144	Gefahr	false	0Kern	true	true	in Gefahr geraten	in Versuchung kommen	35-9	
35-9	5145-5151	laufen	false	3idiom	_	_	_	_	_	
35-10	5152-5153	,	_	_	_	_	_	_	_	
35-11	5154-5168	Zugriffsrechte	_	_	_	_	_	_	_	
35-12	5169-5172	der	_	_	_	_	_	_	_	
35-13	5173-5179	Länder	_	_	_	_	_	_	_	
35-14	5180-5182	zu	_	_	_	_	_	_	_	
35-15	5183-5193	definieren	_	_	_	_	_	_	_	
35-16	5194-5195	,	_	_	_	_	_	_	_	
35-17	5196-5199	die	_	_	_	_	_	_	_	
35-18	5200-5205	einen	_	_	_	_	_	_	_	
35-19	5206-5215	Wettkampf	_	_	_	_	_	_	_	
35-20	5216-5218	um	_	_	_	_	_	_	_	
35-21	5219-5222	das	_	_	_	_	_	_	_	
35-22	5223-5233	schwächste	_	_	_	_	_	_	_	
35-23	5234-5250	Naturschutzrecht	_	_	_	_	_	_	_	
35-24	5251-5258	fördern	_	_	_	_	_	_	_	
35-25	5259-5260	.	_	_	_	_	_	_	_	

#Text=Auch die EU rechtlichen Entwicklungen erfordern immer häufiger eine ganzheitliche , bundesweite Betrachtung und Erfüllung von Aufgaben .
36-1	5263-5267	Auch	_	_	_	_	_	_	_	
36-2	5268-5271	die	_	_	_	_	_	_	_	
36-3	5272-5274	EU	_	_	_	_	_	_	_	
36-4	5275-5286	rechtlichen	_	_	_	_	_	_	_	
36-5	5287-5300	Entwicklungen	_	_	_	_	_	_	_	
36-6	5301-5310	erfordern	_	_	_	_	_	_	_	
36-7	5311-5316	immer	_	_	_	_	_	_	_	
36-8	5317-5325	häufiger	_	_	_	_	_	_	_	
36-9	5326-5330	eine	_	_	_	_	_	_	_	
36-10	5331-5344	ganzheitliche	_	_	_	_	_	_	_	
36-11	5345-5346	,	_	_	_	_	_	_	_	
36-12	5347-5358	bundesweite	_	_	_	_	_	_	_	
36-13	5359-5370	Betrachtung	_	_	_	_	_	_	_	
36-14	5371-5374	und	_	_	_	_	_	_	_	
36-15	5375-5384	Erfüllung	_	_	_	_	_	_	_	
36-16	5385-5388	von	_	_	_	_	_	_	_	
36-17	5389-5397	Aufgaben	_	_	_	_	_	_	_	
36-18	5398-5399	.	_	_	_	_	_	_	_	

#Text=Dies zeigt exemplarisch der bundesweite und europaweite Vernetzungsbedarf hinsichtlich des europäischen Biotopverbundes Natura 2000 .
37-1	5402-5406	Dies	_	_	_	_	_	_	_	
37-2	5407-5412	zeigt	_	_	_	_	_	_	_	
37-3	5413-5425	exemplarisch	_	_	_	_	_	_	_	
37-4	5426-5429	der	_	_	_	_	_	_	_	
37-5	5430-5441	bundesweite	_	_	_	_	_	_	_	
37-6	5442-5445	und	_	_	_	_	_	_	_	
37-7	5446-5457	europaweite	_	_	_	_	_	_	_	
37-8	5458-5475	Vernetzungsbedarf	_	_	_	_	_	_	_	
37-8.1	5458-5468	Vernetzung	false	0Kern	true	false	Verbindung, Verknüpfung	fachliche Kooperation	_	
37-9	5476-5488	hinsichtlich	_	_	_	_	_	_	_	
37-10	5489-5492	des	_	_	_	_	_	_	_	
37-11	5493-5505	europäischen	_	_	_	_	_	_	_	
37-12	5506-5521	Biotopverbundes	_	_	_	_	_	_	_	
37-13	5522-5528	Natura	_	_	_	_	_	_	_	
37-14	5529-5533	2000	_	_	_	_	_	_	_	
37-15	5534-5535	.	_	_	_	_	_	_	_	

#Text=Bundeseinheitliche Regelungen würden die Länder auch hinsichtlich der deutlich zugenommenen Verwaltungsaufgaben entlasten .
38-1	5538-5556	Bundeseinheitliche	_	_	_	_	_	_	_	
38-2	5557-5567	Regelungen	_	_	_	_	_	_	_	
38-3	5568-5574	würden	_	_	_	_	_	_	_	
38-4	5575-5578	die	_	_	_	_	_	_	_	
38-5	5579-5585	Länder	_	_	_	_	_	_	_	
38-6	5586-5590	auch	_	_	_	_	_	_	_	
38-7	5591-5603	hinsichtlich	_	_	_	_	_	_	_	
38-8	5604-5607	der	_	_	_	_	_	_	_	
38-9	5608-5616	deutlich	_	_	_	_	_	_	_	
38-10	5617-5629	zugenommenen	_	_	_	_	_	_	_	
38-11	5630-5649	Verwaltungsaufgaben	_	_	_	_	_	_	_	
38-12	5650-5659	entlasten	_	_	_	_	_	_	_	
38-13	5660-5661	.	_	_	_	_	_	_	_	

#Text=Damit wäre auch die Einsparung von Kosten verbunden .
39-1	5664-5669	Damit	_	_	_	_	_	_	_	
39-2	5670-5674	wäre	_	_	_	_	_	_	_	
39-3	5675-5679	auch	_	_	_	_	_	_	_	
39-4	5680-5683	die	_	_	_	_	_	_	_	
39-5	5684-5694	Einsparung	_	_	_	_	_	_	_	
39-6	5695-5698	von	_	_	_	_	_	_	_	
39-7	5699-5705	Kosten	_	_	_	_	_	_	_	
39-8	5706-5715	verbunden	false	0Kern	true	false	zusammenbringen, zusammenfügen	einhergehen mit, Konsequenz von etw. sein	_	
39-9	5716-5717	.	_	_	_	_	_	_	_	

#Text=Schließlich ist zu bedenken , dass durch die derzeit unübersichtliche Rechtslage aufgrund der verflochtenen Bund/Länder Zuständigkeiten Investoren von der Vornahme von wichtigen , landesübergreifenden Investitionen abgehalten werden .
40-1	5720-5731	Schließlich	_	_	_	_	_	_	_	
40-2	5732-5735	ist	_	_	_	_	_	_	_	
40-3	5736-5738	zu	_	_	_	_	_	_	_	
40-4	5739-5747	bedenken	_	_	_	_	_	_	_	
40-5	5748-5749	,	_	_	_	_	_	_	_	
40-6	5750-5754	dass	_	_	_	_	_	_	_	
40-7	5755-5760	durch	_	_	_	_	_	_	_	
40-8	5761-5764	die	_	_	_	_	_	_	_	
40-9	5765-5772	derzeit	_	_	_	_	_	_	_	
40-10	5773-5789	unübersichtliche	_	_	_	_	_	_	_	
40-11	5790-5800	Rechtslage	_	_	_	_	_	_	_	
40-12	5801-5809	aufgrund	_	_	_	_	_	_	_	
40-13	5810-5813	der	_	_	_	_	_	_	_	
40-14	5814-5827	verflochtenen	false	0Kern	true	true	durch Flechten eng verbunden	kompliziert, undurchsichtlich	_	
40-15	5828-5832	Bund	_	_	_	_	_	_	_	
40-16	5832-5833	/	_	_	_	_	_	_	_	
40-17	5833-5839	Länder	_	_	_	_	_	_	_	
40-18	5840-5855	Zuständigkeiten	_	_	_	_	_	_	_	
40-19	5856-5866	Investoren	_	_	_	_	_	_	_	
40-20	5867-5870	von	_	_	_	_	_	_	_	
40-21	5871-5874	der	_	_	_	_	_	_	_	
40-22	5875-5883	Vornahme	_	_	_	_	_	_	_	
40-23	5884-5887	von	_	_	_	_	_	_	_	
40-24	5888-5897	wichtigen	_	_	_	_	_	_	_	
40-25	5898-5899	,	_	_	_	_	_	_	_	
40-26	5900-5920	landesübergreifenden	_	_	_	_	_	_	_	
40-27	5921-5934	Investitionen	_	_	_	_	_	_	_	
40-28	5935-5945	abgehalten	_	_	_	_	_	_	_	
40-29	5946-5952	werden	_	_	_	_	_	_	_	
40-30	5953-5954	.	_	_	_	_	_	_	_	

#Text=Bundeseinheitliche Regelungen sorgen demgemäß für die Erleichterung der Durchführung von Investitionsvorhaben .
41-1	5957-5975	Bundeseinheitliche	_	_	_	_	_	_	_	
41-2	5976-5986	Regelungen	_	_	_	_	_	_	_	
41-3	5987-5993	sorgen	_	_	_	_	_	_	_	
41-4	5994-6002	demgemäß	_	_	_	_	_	_	_	
41-5	6003-6006	für	_	_	_	_	_	_	_	
41-6	6007-6010	die	_	_	_	_	_	_	_	
41-7	6011-6024	Erleichterung	_	_	_	_	_	_	_	
41-8	6025-6028	der	_	_	_	_	_	_	_	
41-9	6029-6041	Durchführung	_	_	_	_	_	_	_	
41-10	6042-6045	von	_	_	_	_	_	_	_	
41-11	6046-6066	Investitionsvorhaben	_	_	_	_	_	_	_	
41-12	6067-6068	.	_	_	_	_	_	_	_	

#Text=Wir setzen deshalb darauf , dass mit der möglichen Neuordnung der bundesstaatlichen Ordnung bessere Möglichkeiten geschaffen werden , die Grundprobleme bei der Sicherung unseres nationalen Naturerbes zu lösen und die möglichen Vorteile optimal zu nutzen .
42-1	6071-6074	Wir	_	_	_	_	_	_	_	
42-2	6075-6081	setzen	_	_	_	_	_	_	_	
42-3	6082-6089	deshalb	_	_	_	_	_	_	_	
42-4	6090-6096	darauf	_	_	_	_	_	_	_	
42-5	6097-6098	,	_	_	_	_	_	_	_	
42-6	6099-6103	dass	_	_	_	_	_	_	_	
42-7	6104-6107	mit	_	_	_	_	_	_	_	
42-8	6108-6111	der	_	_	_	_	_	_	_	
42-9	6112-6121	möglichen	_	_	_	_	_	_	_	
42-10	6122-6132	Neuordnung	_	_	_	_	_	_	_	
42-11	6133-6136	der	_	_	_	_	_	_	_	
42-12	6137-6154	bundesstaatlichen	_	_	_	_	_	_	_	
42-13	6155-6162	Ordnung	_	_	_	_	_	_	_	
42-14	6163-6170	bessere	_	_	_	_	_	_	_	
42-15	6171-6184	Möglichkeiten	_	_	_	_	_	_	_	
42-16	6185-6195	geschaffen	_	_	_	_	_	_	_	
42-17	6196-6202	werden	_	_	_	_	_	_	_	
42-18	6203-6204	,	_	_	_	_	_	_	_	
42-19	6205-6208	die	_	_	_	_	_	_	_	
42-20	6209-6222	Grundprobleme	_	_	_	_	_	_	_	
42-21	6223-6226	bei	_	_	_	_	_	_	_	
42-22	6227-6230	der	_	_	_	_	_	_	_	
42-23	6231-6240	Sicherung	_	_	_	_	_	_	_	
42-24	6241-6248	unseres	_	_	_	_	_	_	_	
42-25	6249-6259	nationalen	_	_	_	_	_	_	_	
42-26	6260-6270	Naturerbes	_	_	_	_	_	_	_	
42-26.1	6265-6270	erbes	false	0Kern	true	true	von Verstorbenem erhaltenes Eigentum	übergebene Verantwortung zum Erhalt der Natur	_	
42-27	6271-6273	zu	_	_	_	_	_	_	_	
42-28	6274-6279	lösen	_	_	_	_	_	_	_	
42-29	6280-6283	und	_	_	_	_	_	_	_	
42-30	6284-6287	die	_	_	_	_	_	_	_	
42-31	6288-6297	möglichen	_	_	_	_	_	_	_	
42-32	6298-6306	Vorteile	_	_	_	_	_	_	_	
42-33	6307-6314	optimal	_	_	_	_	_	_	_	
42-34	6315-6317	zu	_	_	_	_	_	_	_	
42-35	6318-6324	nutzen	_	_	_	_	_	_	_	
42-36	6325-6326	.	_	_	_	_	_	_	_	
