#FORMAT=WebAnno TSV 3.3
#T_SP=webanno.custom.MET_A|MFlag|Rolle
#T_SP=webanno.custom.MET_B|basic|c_mark
#T_SP=webanno.custom.MET_B2|b_Lex
#T_SP=webanno.custom.MET_C|a_Ref|b_Art
#T_SP=webanno.custom.MET_D|a_Par
#T_RL=webanno.custom.METD|BT_webanno.custom.MET_A


#Text=Vizepräsidentin Petra Bläss : Das Wort für die Fraktion des Bündnisses 90/Die Grünen hat die Kollegin Grietje Bettin .
1-1	0-15	Vizepräsidentin	_	_	_	_	_	_	_	_	_	NN	Nom.Sg.Fem	Vizepräsidentin
1-2	16-21	Petra	_	_	_	_	_	_	_	_	_	NE	Nom.Sg.Fem	Petra
1-3	22-27	Bläss	_	_	_	_	_	_	_	_	_	NE	Nom.Sg.Fem	Bläss
1-4	28-29	:	_	_	_	_	_	_	_	_	_	$.	_	:
1-5	30-33	Das	_	_	_	_	_	_	_	_	_	ART	Acc.Sg.Neut	der
1-6	34-38	Wort	_	_	_	_	_	true	*	_	_	NN	Acc.Sg.Neut	Wort
1-7	39-42	für	_	_	_	_	_	_	_	_	_	APPR	_	für
1-8	43-46	die	_	_	_	_	_	_	_	_	_	ART	Acc.Sg.Fem	der
1-9	47-55	Fraktion	_	_	_	_	_	_	_	_	_	NN	Acc.Sg.Fem	Fraktion
1-10	56-59	des	_	_	_	_	_	_	_	_	_	ART	Gen.Sg.Neut	der
1-11	60-70	Bündnisses	_	_	_	_	_	_	_	_	_	NN	Gen.Sg.Neut	Bündnis
1-12	71-73	90	_	_	_	_	_	_	_	_	_	NE	*.*.*	90
1-13	73-74	/	_	_	_	_	_	_	_	_	_	NE	*.*.*	/
1-14	74-77	Die	_	_	_	_	_	_	_	_	_	NE	*.*.*	Die
1-15	78-84	Grünen	_	_	_	_	_	_	_	_	_	NN	Nom.Pl.*	grüne
1-16	85-88	hat	_	_	_	_	_	_	_	_	_	VAFIN	3.Sg.Pres.Ind	haben
1-17	89-92	die	_	_	_	_	_	_	_	_	_	ART	Acc.Sg.Fem	der
1-18	93-101	Kollegin	_	_	_	_	_	_	_	_	_	NN	Acc.Sg.Fem	Kollegin
1-19	102-109	Grietje	_	_	_	_	_	_	_	_	_	NE	Nom.Sg.Fem	Grietje
1-20	110-116	Bettin	_	_	_	_	_	_	_	_	_	NE	Nom.Sg.Fem	Bettin
1-21	117-118	.	_	_	_	_	_	_	_	_	_	$.	_	.

#Text=Grietje Bettin ( BÜNDNIS 90/DIE GRÜNEN ) : Frau Präsidentin !
2-1	121-128	Grietje	_	_	_	_	_	_	_	_	_	NE	Nom.Sg.Fem	Grietje
2-2	129-135	Bettin	_	_	_	_	_	_	_	_	_	NE	Nom.Sg.Fem	Bettin
2-3	136-137	(	_	_	_	_	_	_	_	_	_	$(	_	(
2-4	138-145	BÜNDNIS	_	_	_	_	_	_	_	_	_	NE	Nom.Sg.Neut	Bündnis
2-5	146-148	90	_	_	_	_	_	_	_	_	_	NE	*.*.*	90
2-6	148-149	/	_	_	_	_	_	_	_	_	_	NE	*.*.*	/
2-7	149-152	DIE	_	_	_	_	_	_	_	_	_	NE	*.*.*	DIE
2-8	153-159	GRÜNEN	_	_	_	_	_	_	_	_	_	NE	Nom.Sg.Neut	Grünen
2-9	160-161	)	_	_	_	_	_	_	_	_	_	$(	_	)
2-10	162-163	:	_	_	_	_	_	_	_	_	_	$.	_	:
2-11	164-168	Frau	_	_	_	_	_	_	_	_	_	NN	Nom.Sg.Fem	Frau
2-12	169-180	Präsidentin	_	_	_	_	_	_	_	_	_	NN	Nom.Sg.Fem	Präsidentin
2-13	181-182	!	_	_	_	_	_	_	_	_	_	$.	_	!

#Text=Liebe Kolleginnen und Kollegen !
3-1	185-190	Liebe	_	_	_	_	_	_	_	_	_	ADJA	Pos.Nom.Pl.*	lieb
3-2	191-202	Kolleginnen	_	_	_	_	_	_	_	_	_	NN	Nom.Pl.Fem	Kollegin
3-3	203-206	und	_	_	_	_	_	_	_	_	_	KON	_	und
3-4	207-215	Kollegen	_	_	_	_	_	_	_	_	_	NN	Nom.Pl.Masc	Kollege
3-5	216-217	!	_	_	_	_	_	_	_	_	_	$.	_	!

#Text=Eigentlich dürfte die Kirch Pleite niemanden wirklich überrascht haben .
4-1	220-230	Eigentlich	_	_	_	_	_	_	_	_	_	ADV	_	eigentlich
4-2	231-237	dürfte	_	_	_	_	_	_	_	_	_	VMFIN	3.Sg.Past.Subj	dürfen
4-3	238-241	die	_	_	_	_	_	_	_	_	_	ART	Nom.Sg.Fem	der
4-4	242-247	Kirch	_	_	_	_	_	_	_	_	_	NN	Nom.Sg.Fem	Kirch
4-5	248-254	Pleite	_	_	_	_	_	true	Assoziation von Erfolglosigkeit	_	_	NN	Nom.Sg.Fem	Pleite
4-6	255-264	niemanden	_	_	_	_	_	_	_	_	_	PIS	Acc.Sg.Masc	niemand
4-7	265-273	wirklich	_	_	_	_	_	_	_	_	_	ADJD	Pos	wirklich
4-8	274-284	überrascht	_	_	_	_	_	_	_	_	_	VVPP	Psp	überraschen
4-9	285-290	haben	_	_	_	_	_	_	_	_	_	VAINF	Inf	haben
4-10	291-292	.	_	_	_	_	_	_	_	_	_	$.	_	.

#Text=Denn wer sich in den letzten Jahren nur ein wenig mit dieser Materie befasst hat , hätte wissen müssen , dass allein der Pay TV Sender Premiere World täglich - wohlgemerkt : täglich - rund 2 Millionen Euro Verlust eingefahren hat .
5-1	295-299	Denn	_	_	_	_	_	_	_	_	_	KON	_	denn
5-2	300-303	wer	_	_	_	_	_	_	_	_	_	PWS	Nom.Sg.Masc	wer
5-3	304-308	sich	_	_	_	_	_	_	_	_	_	PRF	3.Acc.Sg	sich
5-4	309-311	in	_	_	_	_	_	_	_	_	_	APPR	_	in
5-5	312-315	den	_	_	_	_	_	_	_	_	_	ART	Dat.Pl.Neut	der
5-6	316-323	letzten	_	_	_	_	_	_	_	_	_	ADJA	Pos.Dat.Pl.Neut	letzter
5-7	324-330	Jahren	_	_	_	_	_	_	_	_	_	NN	Dat.Pl.Neut	Jahr
5-8	331-334	nur	_	_	_	_	_	_	_	_	_	ADV	_	nur
5-9	335-338	ein	_	_	_	_	_	_	_	_	_	ART	*.*.*	ein
5-10	339-344	wenig	_	_	_	_	_	_	_	_	_	PIS	*.*.*	wenig
5-11	345-348	mit	_	_	_	_	_	_	_	_	_	APPR	_	mit
5-12	349-355	dieser	_	_	_	_	_	_	_	_	_	PDAT	Dat.Sg.Fem	dieser
5-13	356-363	Materie	_	_	_	_	_	_	_	_	_	NN	Dat.Sg.Fem	Materie
5-14	364-371	befasst	_	_	_	_	_	_	_	_	_	VVPP	Psp	befassen
5-15	372-375	hat	_	_	_	_	_	_	_	_	_	VAFIN	3.Sg.Pres.Ind	haben
5-16	376-377	,	_	_	_	_	_	_	_	_	_	$,	_	,
5-17	378-383	hätte	_	_	_	_	_	_	_	_	_	VAFIN	3.Sg.Past.Subj	haben
5-18	384-390	wissen	_	_	_	_	_	_	_	_	_	VVINF	Inf	wissen
5-19	391-397	müssen	_	_	_	_	_	_	_	_	_	VMINF	Inf	müssen
5-20	398-399	,	_	_	_	_	_	_	_	_	_	$,	_	,
5-21	400-404	dass	_	_	_	_	_	_	_	_	_	KOUS	_	dass
5-22	405-411	allein	_	_	_	_	_	_	_	_	_	ADV	_	allein
5-23	412-415	der	_	_	_	_	_	_	_	_	_	ART	Nom.Sg.Masc	der
5-24	416-419	Pay	_	_	_	_	_	_	_	_	_	NE	*.*.*	Pay
5-25	420-422	TV	_	_	_	_	_	_	_	_	_	NE	*.*.*	TV
5-26	423-429	Sender	_	_	_	_	_	_	_	_	_	NN	Nom.Sg.Masc	Sender
5-27	430-438	Premiere	_	_	_	_	_	_	_	_	_	NE	*.*.*	Premiere
5-28	439-444	World	_	_	_	_	_	_	_	_	_	NE	Nom.Sg.*	World
5-29	445-452	täglich	_	_	_	_	_	_	_	_	_	ADJD	Pos	täglich
5-30	453-454	-	_	_	_	_	_	_	_	_	_	$(	_	-
5-31	455-466	wohlgemerkt	_	_	_	_	_	_	_	_	_	ADJD	Pos	wohlgemerkt
5-32	467-468	:	_	_	_	_	_	_	_	_	_	$(	_	:
5-33	469-476	täglich	_	_	_	_	_	_	_	_	_	ADJD	Pos	täglich
5-34	477-478	-	_	_	_	_	_	_	_	_	_	$(	_	-
5-35	479-483	rund	_	_	_	_	_	_	_	_	_	ADJD	Pos	rund
5-36	484-485	2	_	_	_	_	_	_	_	_	_	CARD	_	2
5-37	486-495	Millionen	_	_	_	_	_	_	_	_	_	NN	Acc.Pl.Fem	Million
5-38	496-500	Euro	_	_	_	_	_	_	_	_	_	NE	*.*.*	Euro
5-39	501-508	Verlust	_	_	_	_	_	_	_	_	_	NN	Acc.Sg.Masc	Verlust
5-40	509-520	eingefahren	_	_	_	_	_	_	_	_	_	VVPP	Psp	einfahren
5-41	521-524	hat	_	_	_	_	_	_	_	_	_	VAFIN	3.Sg.Pres.Ind	haben
5-42	525-526	.	_	_	_	_	_	_	_	_	_	$.	_	.

#Text=Das entspricht einem Minus von mehr als 700 Millionen Euro pro Jahr , von den anderen defizitären Sendern wie Sat 1 , Kabel 1 , N 24 und DSF ganz zu schweigen .
6-1	529-532	Das	_	_	_	_	_	_	_	_	_	PDS	Nom.Sg.Neut	der
6-2	533-543	entspricht	_	_	_	_	_	_	_	_	_	VVFIN	3.Sg.Pres.Ind	entsprechen
6-3	544-549	einem	_	_	_	_	_	_	_	_	_	ART	Dat.Sg.Neut	ein
6-4	550-555	Minus	_	_	_	_	_	true	Assoziation von negativem Wert	_	_	NN	Dat.Sg.Neut	Minus
6-5	556-559	von	_	_	_	_	_	_	_	_	_	APPR	_	von
6-6	560-564	mehr	_	_	_	_	_	_	_	_	_	PIAT	*.*.*	mehr
6-7	565-568	als	_	_	_	_	_	_	_	_	_	KOKOM	_	als
6-8	569-572	700	_	_	_	_	_	_	_	_	_	CARD	_	700
6-9	573-582	Millionen	_	_	_	_	_	_	_	_	_	NN	Dat.Pl.Fem	Million
6-10	583-587	Euro	_	_	_	_	_	_	_	_	_	NN	*.*.Masc	Euro
6-11	588-591	pro	_	_	_	_	_	_	_	_	_	APPR	_	pro
6-12	592-596	Jahr	_	_	_	_	_	_	_	_	_	NN	Dat.Sg.Neut	Jahr
6-13	597-598	,	_	_	_	_	_	_	_	_	_	$,	_	,
6-14	599-602	von	_	_	_	_	_	_	_	_	_	APPR	_	von
6-15	603-606	den	_	_	_	_	_	_	_	_	_	ART	Dat.Pl.Masc	der
6-16	607-614	anderen	_	_	_	_	_	_	_	_	_	ADJA	Pos.Dat.Pl.Masc	anderer
6-17	615-626	defizitären	_	_	_	_	_	_	_	_	_	ADJA	Pos.Dat.Pl.Masc	defizitär
6-18	627-634	Sendern	_	_	_	_	_	_	_	_	_	NN	Dat.Pl.Masc	Sender
6-19	635-638	wie	_	_	_	_	_	_	_	_	_	KOKOM	_	wie
6-20	639-642	Sat	_	_	_	_	_	_	_	_	_	NE	*.*.*	Sat
6-21	643-644	1	_	_	_	_	_	_	_	_	_	CARD	_	1
6-22	645-646	,	_	_	_	_	_	_	_	_	_	$,	_	,
6-23	647-652	Kabel	_	_	_	_	_	_	_	_	_	NN	Nom.Sg.Neut	Kabel
6-24	653-654	1	_	_	_	_	_	_	_	_	_	CARD	_	1
6-25	655-656	,	_	_	_	_	_	_	_	_	_	$,	_	,
6-26	657-658	N	_	_	_	_	_	_	_	_	_	XY	_	N
6-27	659-661	24	_	_	_	_	_	_	_	_	_	CARD	_	24
6-28	662-665	und	_	_	_	_	_	_	_	_	_	KON	_	und
6-29	666-669	DSF	_	_	_	_	_	_	_	_	_	NE	Dat.Sg.Fem	DSF
6-30	670-674	ganz	false	3idiom	_	_	_	_	_	_	_	ADV	_	ganz
6-31	675-677	zu	false	3idiom	_	_	_	_	_	_	_	PTKZU	_	zu
6-32	678-687	schweigen	false	0Kern	true	true	nicht \[mehr\] reden\; nicht antworten\; kein Wort sagen	true	"schweigen" wie in "nicht darüber reden"	nicht mehr nötig zu erwähnen aufgrund von Ähnlichkeit	6-30|6-31	VVINF	Inf	schweigen
6-33	688-689	.	_	_	_	_	_	_	_	_	_	$.	_	.

#Text=Nein , die Pleite von Kirch Media kam wirklich nicht überraschend .
7-1	692-696	Nein	_	_	_	_	_	_	_	_	_	PTKANT	_	nein
7-2	697-698	,	_	_	_	_	_	_	_	_	_	$,	_	,
7-3	699-702	die	_	_	_	_	_	_	_	_	_	ART	Nom.Sg.Fem	der
7-4	703-709	Pleite	_	_	_	_	_	true	Assoziation von Erfolglosigkeit	_	_	NN	Nom.Sg.Fem	Pleite
7-5	710-713	von	_	_	_	_	_	_	_	_	_	APPR	_	von
7-6	714-719	Kirch	_	_	_	_	_	_	_	_	_	NE	Nom.Sg.Masc	Kirch
7-7	720-725	Media	_	_	_	_	_	_	_	_	_	NE	Dat.Sg.Masc	Media
7-8	726-729	kam	_	_	_	_	_	_	_	_	_	VVFIN	3.Sg.Past.Ind	kommen
7-9	730-738	wirklich	_	_	_	_	_	_	_	_	_	ADJD	Pos	wirklich
7-10	739-744	nicht	_	_	_	_	_	_	_	_	_	PTKNEG	_	nicht
7-11	745-757	überraschend	_	_	_	_	_	_	_	_	_	ADJD	Pos	überraschend
7-12	758-759	.	_	_	_	_	_	_	_	_	_	$.	_	.

#Text=Dieser Kollaps war vorprogrammiert .
8-1	762-768	Dieser	_	_	_	_	_	_	_	_	_	PDAT	Nom.Sg.Masc	dieser
8-2	769-776	Kollaps	_	_	_	_	_	_	_	_	_	NN	Nom.Sg.Masc	Kollaps
8-3	777-780	war	_	_	_	_	_	_	_	_	_	VAFIN	3.Sg.Past.Ind	sein
8-4	781-796	vorprogrammiert	_	_	_	_	_	true	Assoziation von Vorplanung	_	_	VVPP	Psp	vorprogrammieren
8-5	797-798	.	_	_	_	_	_	_	_	_	_	$.	_	.

#Text=Als Außenstehende fragt man sich allerdings schon , welchen bayerischen oder außer bayerischen Amigo Freundschaften Leo Kirch immer wieder Bankkredite zu verdanken hatte .
9-1	801-804	Als	_	_	_	_	_	_	_	_	_	APPR	_	als
9-2	805-818	Außenstehende	_	_	_	_	_	_	_	_	_	NN	Acc.Pl.*	außenstehend
9-3	819-824	fragt	_	_	_	_	_	_	_	_	_	VVFIN	3.Sg.Pres.Ind	fragen
9-4	825-828	man	_	_	_	_	_	_	_	_	_	PIS	Nom.Sg.*	man
9-5	829-833	sich	_	_	_	_	_	_	_	_	_	PRF	3.Acc.Sg	sich
9-6	834-844	allerdings	_	_	_	_	_	_	_	_	_	ADV	_	allerdings
9-7	845-850	schon	_	_	_	_	_	_	_	_	_	ADV	_	schon
9-8	851-852	,	_	_	_	_	_	_	_	_	_	$,	_	,
9-9	853-860	welchen	_	_	_	_	_	_	_	_	_	PWAT	Acc.Sg.Masc	welcher
9-10	861-872	bayerischen	_	_	_	_	_	_	_	_	_	ADJA	Pos.Acc.Sg.Masc	bayerisch
9-11	873-877	oder	_	_	_	_	_	_	_	_	_	KON	_	oder
9-12	878-883	außer	_	_	_	_	_	_	_	_	_	APPR	_	außer
9-13	884-895	bayerischen	_	_	_	_	_	_	_	_	_	ADJA	Pos.Dat.Sg.Fem	bayerisch
9-14	896-901	Amigo	_	_	_	_	_	_	_	_	_	NE	Nom.Sg.Masc	Amigo
9-15	902-916	Freundschaften	_	_	_	_	_	_	_	_	_	NN	Dat.Pl.Fem	Freundschaft
9-16	917-920	Leo	_	_	_	_	_	_	_	_	_	NE	Nom.Sg.Masc	Leo
9-17	921-926	Kirch	_	_	_	_	_	_	_	_	_	NE	Nom.Sg.Masc	Kirch
9-18	927-932	immer	_	_	_	_	_	_	_	_	_	ADV	_	immer
9-19	933-939	wieder	_	_	_	_	_	_	_	_	_	ADV	_	wieder
9-20	940-951	Bankkredite	_	_	_	_	_	_	_	_	_	NN	Acc.Pl.Masc	Bankkredit
9-21	952-954	zu	_	_	_	_	_	_	_	_	_	PTKZU	_	zu
9-22	955-964	verdanken	_	_	_	_	_	_	_	_	_	VVINF	Inf	verdanken
9-23	965-970	hatte	_	_	_	_	_	_	_	_	_	VAFIN	3.Sg.Past.Ind	haben
9-24	971-972	.	_	_	_	_	_	_	_	_	_	$.	_	.

#Text=Wer konnte oder wollte dort das drohende finanzielle Fiasko nicht sehen oder wahrhaben ?
10-1	975-978	Wer	_	_	_	_	_	_	_	_	_	PWS	Nom.Sg.Masc	wer
10-2	979-985	konnte	_	_	_	_	_	_	_	_	_	VMFIN	3.Sg.Past.Ind	können
10-3	986-990	oder	_	_	_	_	_	_	_	_	_	KON	_	oder
10-4	991-997	wollte	_	_	_	_	_	_	_	_	_	VMFIN	3.Sg.Past.Ind	wollen
10-5	998-1002	dort	_	_	_	_	_	_	_	_	_	ADV	_	dort
10-6	1003-1006	das	_	_	_	_	_	_	_	_	_	ART	Acc.Sg.Neut	der
10-7	1007-1015	drohende	_	_	_	_	_	_	_	_	_	ADJA	Pos.Acc.Sg.Neut	drohend
10-8	1016-1027	finanzielle	_	_	_	_	_	_	_	_	_	ADJA	Pos.Acc.Sg.Neut	finanziell
10-9	1028-1034	Fiasko	_	_	_	_	_	_	_	_	_	NN	Acc.Sg.Neut	Fiasko
10-10	1035-1040	nicht	_	_	_	_	_	_	_	_	_	PTKNEG	_	nicht
10-11	1041-1046	sehen	_	_	_	_	_	_	_	_	_	VVINF	Inf	sehen
10-12	1047-1051	oder	_	_	_	_	_	_	_	_	_	KON	_	oder
10-13	1052-1061	wahrhaben	_	_	_	_	_	_	_	_	_	VVINF	Inf	wahrhaben
10-14	1062-1063	?	_	_	_	_	_	_	_	_	_	$.	_	?

#Text=Die Frage , die sich fast schon automatisch stellt , ist : Hat es möglicherweise erhebliche Unwägbarkeiten im Kreditgeschäft der beteiligten Banken gegeben ?
11-1	1066-1069	Die	_	_	_	_	_	_	_	_	_	ART	Nom.Sg.Fem	der
11-2	1070-1075	Frage	_	_	_	_	_	_	_	_	_	NN	Nom.Sg.Fem	Frage
11-3	1076-1077	,	_	_	_	_	_	_	_	_	_	$,	_	,
11-4	1078-1081	die	_	_	_	_	_	_	_	_	_	PRELS	Nom.Sg.Fem	der
11-5	1082-1086	sich	_	_	_	_	_	_	_	_	_	PRF	3.Acc.Sg	sich
11-6	1087-1091	fast	_	_	_	_	_	_	_	_	_	ADV	_	fast
11-7	1092-1097	schon	_	_	_	_	_	_	_	_	_	ADV	_	schon
11-8	1098-1109	automatisch	_	_	_	_	_	_	_	_	_	ADJD	Pos	automatisch
11-9	1110-1116	stellt	_	_	_	_	_	_	_	_	_	VVFIN	3.Sg.Pres.Ind	stellen
11-10	1117-1118	,	_	_	_	_	_	_	_	_	_	$,	_	,
11-11	1119-1122	ist	_	_	_	_	_	_	_	_	_	VAFIN	3.Sg.Pres.Ind	sein
11-12	1123-1124	:	_	_	_	_	_	_	_	_	_	$.	_	:
11-13	1125-1128	Hat	_	_	_	_	_	_	_	_	_	VAFIN	3.Sg.Pres.Ind	haben
11-14	1129-1131	es	_	_	_	_	_	_	_	_	_	PPER	3.Nom.Sg.Neut	es
11-15	1132-1146	möglicherweise	_	_	_	_	_	_	_	_	_	ADV	_	möglicherweise
11-16	1147-1157	erhebliche	_	_	_	_	_	_	_	_	_	ADJA	Pos.Acc.Pl.Fem	erheblich
11-17	1158-1172	Unwägbarkeiten	_	_	_	_	_	_	_	_	_	NN	Acc.Pl.Fem	Unwägbarkeit
11-18	1173-1175	im	_	_	_	_	_	_	_	_	_	APPRART	Dat.Sg.Neut	in
11-19	1176-1190	Kreditgeschäft	_	_	_	_	_	_	_	_	_	NN	Dat.Sg.Neut	Kreditgeschäft
11-20	1191-1194	der	_	_	_	_	_	_	_	_	_	ART	Gen.Pl.Fem	der
11-21	1195-1206	beteiligten	_	_	_	_	_	_	_	_	_	ADJA	Pos.Gen.Pl.Fem	beteiligt
11-22	1207-1213	Banken	_	_	_	_	_	_	_	_	_	NN	Gen.Pl.Fem	Bank
11-23	1214-1221	gegeben	_	_	_	_	_	_	_	_	_	VVPP	Psp	geben
11-24	1222-1223	?	_	_	_	_	_	_	_	_	_	$.	_	?

#Text=Eine Sonderprüfung durch das Bundesaufsichtsamt für das Kreditwesen bei den größeren Kreditgebern ist hier sicherlich geboten .
12-1	1226-1230	Eine	_	_	_	_	_	_	_	_	_	ART	Nom.Sg.Fem	ein
12-2	1231-1244	Sonderprüfung	_	_	_	_	_	_	_	_	_	NN	Nom.Sg.Fem	Sonderprüfung
12-3	1245-1250	durch	_	_	_	_	_	_	_	_	_	APPR	_	durch
12-4	1251-1254	das	_	_	_	_	_	_	_	_	_	ART	Acc.Sg.Neut	der
12-5	1255-1273	Bundesaufsichtsamt	_	_	_	_	_	_	_	_	_	NN	Dat.Sg.Neut	Bundesaufsichtsamt
12-6	1274-1277	für	_	_	_	_	_	_	_	_	_	APPR	_	für
12-7	1278-1281	das	_	_	_	_	_	_	_	_	_	ART	Acc.Sg.Neut	der
12-8	1282-1293	Kreditwesen	_	_	_	_	_	_	_	_	_	NN	Acc.Sg.Neut	Kreditwesen
12-9	1294-1297	bei	_	_	_	_	_	_	_	_	_	APPR	_	bei
12-10	1298-1301	den	_	_	_	_	_	_	_	_	_	ART	Dat.Pl.Masc	der
12-11	1302-1310	größeren	_	_	_	_	_	_	_	_	_	ADJA	Comp.Dat.Pl.Masc	groß
12-12	1311-1323	Kreditgebern	_	_	_	_	_	_	_	_	_	NN	Dat.Pl.Masc	Kreditgeber
12-13	1324-1327	ist	_	_	_	_	_	_	_	_	_	VAFIN	3.Sg.Pres.Ind	sein
12-14	1328-1332	hier	_	_	_	_	_	_	_	_	_	ADV	_	hier
12-15	1333-1343	sicherlich	_	_	_	_	_	_	_	_	_	ADV	_	sicherlich
12-16	1344-1351	geboten	_	_	_	_	_	_	_	_	_	VVPP	Psp	bieten
12-17	1352-1353	.	_	_	_	_	_	_	_	_	_	$.	_	.

#Text=Inzwischen ist wohl jedem klar : Der Kirch Konzern ist in seiner bisherigen Form nicht mehr zu retten .
13-1	1356-1366	Inzwischen	_	_	_	_	_	_	_	_	_	ADV	_	inzwischen
13-2	1367-1370	ist	_	_	_	_	_	_	_	_	_	VAFIN	3.Sg.Pres.Ind	sein
13-3	1371-1375	wohl	_	_	_	_	_	_	_	_	_	ADV	_	wohl
13-4	1376-1381	jedem	_	_	_	_	_	_	_	_	_	PIS	Dat.Sg.*	jeder
13-5	1382-1386	klar	_	_	_	_	_	_	_	_	_	ADJD	Pos	klar
13-6	1387-1388	:	_	_	_	_	_	_	_	_	_	$.	_	:
13-7	1389-1392	Der	_	_	_	_	_	_	_	_	_	ART	Nom.Sg.Masc	der
13-8	1393-1398	Kirch	_	_	_	_	_	_	_	_	_	NE	Nom.Sg.Masc	Kirch
13-9	1399-1406	Konzern	_	_	_	_	_	_	_	_	_	NN	Nom.Sg.Masc	Konzern
13-10	1407-1410	ist	_	_	_	_	_	_	_	_	_	VAFIN	3.Sg.Pres.Ind	sein
13-11	1411-1413	in	_	_	_	_	_	_	_	_	_	APPR	_	in
13-12	1414-1420	seiner	_	_	_	_	_	_	_	_	_	PPOSAT	Dat.Sg.Fem	sein
13-13	1421-1431	bisherigen	_	_	_	_	_	_	_	_	_	ADJA	Pos.Dat.Sg.Fem	bisherig
13-14	1432-1436	Form	_	_	_	_	_	_	_	_	_	NN	Dat.Sg.Fem	Form
13-15	1437-1442	nicht	_	_	_	_	_	_	_	_	_	PTKNEG	_	nicht
13-16	1443-1447	mehr	_	_	_	_	_	_	_	_	_	ADV	_	mehr
13-17	1448-1450	zu	_	_	_	_	_	_	_	_	_	PTKZU	_	zu
13-18	1451-1457	retten	_	_	_	_	_	_	_	_	_	VVINF	Inf	retten
13-19	1458-1459	.	_	_	_	_	_	_	_	_	_	$.	_	.

#Text=Jetzt steht für uns die Sorge um die deutsche Medienlandschaft und die Arbeitsplätze im Vordergrund .
14-1	1462-1467	Jetzt	_	_	_	_	_	_	_	_	_	ADV	_	jetzt
14-2	1468-1473	steht	_	_	_	_	_	_	_	_	_	VVFIN	3.Sg.Pres.Ind	stehen
14-3	1474-1477	für	_	_	_	_	_	_	_	_	_	APPR	_	für
14-4	1478-1481	uns	_	_	_	_	_	_	_	_	_	PPER	1.Acc.Pl.*	uns
14-5	1482-1485	die	_	_	_	_	_	_	_	_	_	ART	Nom.Sg.Fem	der
14-6	1486-1491	Sorge	_	_	_	_	_	_	_	_	_	NN	Nom.Sg.Fem	Sorge
14-7	1492-1494	um	_	_	_	_	_	_	_	_	_	APPR	_	um
14-8	1495-1498	die	_	_	_	_	_	_	_	_	_	ART	Acc.Sg.Fem	der
14-9	1499-1507	deutsche	_	_	_	_	_	_	_	_	_	ADJA	Pos.Acc.Sg.Fem	deutsch
14-10	1508-1524	Medienlandschaft	_	_	_	_	_	true	Assoziation von Weitläufigkeit	_	_	NN	Acc.Sg.Fem	Medienlandschaft
14-10.1	1508-1514	Medien	false	2sem	_	_	_	_	_	_	_		_	_	_	_	_	_	_	_	_
14-10.2	1514-1524	landschaft	false	0Kern	true	true	kennzeichnet in Bildungen mit Substantiven die Gesamtheit von etwas (in seiner Vielfalt)	_	_	Gesamtheit der Medienbranche	_		_	_	_	_	_	_	_	_	_
14-11	1525-1528	und	_	_	_	_	_	_	_	_	_	KON	_	und
14-12	1529-1532	die	_	_	_	_	_	_	_	_	_	ART	Acc.Pl.Masc	der
14-13	1533-1546	Arbeitsplätze	_	_	_	_	_	_	_	_	_	NN	Acc.Pl.Masc	Arbeitsplatz
14-14	1547-1549	im	_	_	_	_	_	_	_	_	_	APPRART	Dat.Sg.Masc	in
14-15	1550-1561	Vordergrund	_	_	_	_	_	true	im Zentrum des Interesses	_	_	NN	Dat.Sg.Masc	Vordergrund
14-16	1562-1563	.	_	_	_	_	_	_	_	_	_	$.	_	.

#Text=Es geht nicht nur um die Beschäftigten bei Kirch selbst , sondern auch um externe Produktionsfirmen und Zulieferer .
15-1	1566-1568	Es	_	_	_	_	_	_	_	_	_	PPER	3.Nom.Sg.Neut	es
15-2	1569-1573	geht	_	_	_	_	_	_	_	_	_	VVFIN	3.Sg.Pres.Ind	gehen
15-3	1574-1579	nicht	_	_	_	_	_	_	_	_	_	PTKNEG	_	nicht
15-4	1580-1583	nur	_	_	_	_	_	_	_	_	_	ADV	_	nur
15-5	1584-1586	um	_	_	_	_	_	_	_	_	_	APPR	_	um
15-6	1587-1590	die	_	_	_	_	_	_	_	_	_	ART	Acc.Pl.*	der
15-7	1591-1604	Beschäftigten	_	_	_	_	_	_	_	_	_	NN	Acc.Pl.*	beschäftigter
15-8	1605-1608	bei	_	_	_	_	_	_	_	_	_	APPR	_	bei
15-9	1609-1614	Kirch	_	_	_	_	_	_	_	_	_	NE	Dat.Sg.*	Kirch
15-10	1615-1621	selbst	_	_	_	_	_	_	_	_	_	ADV	_	selbst
15-11	1622-1623	,	_	_	_	_	_	_	_	_	_	$,	_	,
15-12	1624-1631	sondern	_	_	_	_	_	_	_	_	_	KON	_	sondern
15-13	1632-1636	auch	_	_	_	_	_	_	_	_	_	ADV	_	auch
15-14	1637-1639	um	_	_	_	_	_	_	_	_	_	APPR	_	um
15-15	1640-1647	externe	_	_	_	_	_	_	_	_	_	ADJA	Pos.Acc.Pl.*	extern
15-16	1648-1665	Produktionsfirmen	_	_	_	_	_	_	_	_	_	NN	Acc.Pl.Fem	Produktionsfirma
15-17	1666-1669	und	_	_	_	_	_	_	_	_	_	KON	_	und
15-18	1670-1680	Zulieferer	_	_	_	_	_	_	_	_	_	NN	Acc.Pl.Masc	Zulieferer
15-19	1681-1682	.	_	_	_	_	_	_	_	_	_	$.	_	.

#Text=Entscheidend ist für uns , dass es zu einem zukunftsfähigen Sanierungskonzept für die Kirch Gruppe kommt .
16-1	1685-1697	Entscheidend	_	_	_	_	_	_	_	_	_	ADJD	Pos	entscheidend
16-2	1698-1701	ist	_	_	_	_	_	_	_	_	_	VAFIN	3.Sg.Pres.Ind	sein
16-3	1702-1705	für	_	_	_	_	_	_	_	_	_	APPR	_	für
16-4	1706-1709	uns	_	_	_	_	_	_	_	_	_	PPER	1.Acc.Pl.*	uns
16-5	1710-1711	,	_	_	_	_	_	_	_	_	_	$,	_	,
16-6	1712-1716	dass	_	_	_	_	_	_	_	_	_	KOUS	_	dass
16-7	1717-1719	es	_	_	_	_	_	_	_	_	_	PPER	3.Nom.Sg.Neut	es
16-8	1720-1722	zu	_	_	_	_	_	_	_	_	_	APPR	_	zu
16-9	1723-1728	einem	_	_	_	_	_	_	_	_	_	ART	Dat.Sg.Neut	ein
16-10	1729-1744	zukunftsfähigen	_	_	_	_	_	_	_	_	_	ADJA	Pos.Dat.Sg.Neut	zukunftsfähig
16-11	1745-1762	Sanierungskonzept	_	_	_	_	_	true	Assoziation von Reinigung und Reperatur	_	_	NN	Dat.Sg.Neut	Sanierungskonzept
16-12	1763-1766	für	_	_	_	_	_	_	_	_	_	APPR	_	für
16-13	1767-1770	die	_	_	_	_	_	_	_	_	_	ART	Acc.Sg.Fem	der
16-14	1771-1776	Kirch	_	_	_	_	_	_	_	_	_	NN	Acc.Sg.Fem	Kirch
16-15	1777-1783	Gruppe	_	_	_	_	_	_	_	_	_	NN	Nom.Sg.Fem	Gruppe
16-16	1784-1789	kommt	_	_	_	_	_	_	_	_	_	VVFIN	3.Sg.Pres.Ind	kommen
16-17	1790-1791	.	_	_	_	_	_	_	_	_	_	$.	_	.

#Text=Weitere Kredite dürfen nur unter der Voraussetzung gewährt werden , dass damit langfristig die Firma Kirch und die Arbeitsplätze gesichert werden .
17-1	1794-1801	Weitere	_	_	_	_	_	_	_	_	_	ADJA	Comp.Nom.Pl.Masc	weit
17-2	1802-1809	Kredite	_	_	_	_	_	_	_	_	_	NN	Nom.Pl.Masc	Kredit
17-3	1810-1816	dürfen	_	_	_	_	_	_	_	_	_	VMFIN	3.Pl.Pres.Ind	dürfen
17-4	1817-1820	nur	_	_	_	_	_	_	_	_	_	ADV	_	nur
17-5	1821-1826	unter	_	_	_	_	_	_	_	_	_	APPR	_	unter
17-6	1827-1830	der	_	_	_	_	_	_	_	_	_	ART	Dat.Sg.Fem	der
17-7	1831-1844	Voraussetzung	_	_	_	_	_	_	_	_	_	NN	Dat.Sg.Fem	Voraussetzung
17-8	1845-1852	gewährt	_	_	_	_	_	_	_	_	_	VVPP	Psp	gewähren
17-9	1853-1859	werden	_	_	_	_	_	_	_	_	_	VAINF	Inf	werden
17-10	1860-1861	,	_	_	_	_	_	_	_	_	_	$,	_	,
17-11	1862-1866	dass	_	_	_	_	_	_	_	_	_	KOUS	_	dass
17-12	1867-1872	damit	_	_	_	_	_	_	_	_	_	PROAV	_	damit
17-13	1873-1884	langfristig	_	_	_	_	_	_	_	_	_	ADJD	Pos	langfristig
17-14	1885-1888	die	_	_	_	_	_	_	_	_	_	ART	Nom.Sg.Fem	der
17-15	1889-1894	Firma	_	_	_	_	_	_	_	_	_	NN	Nom.Sg.Fem	Firma
17-16	1895-1900	Kirch	_	_	_	_	_	_	_	_	_	NE	Nom.Sg.*	Kirch
17-17	1901-1904	und	_	_	_	_	_	_	_	_	_	KON	_	und
17-18	1905-1908	die	_	_	_	_	_	_	_	_	_	ART	Nom.Pl.Masc	der
17-19	1909-1922	Arbeitsplätze	_	_	_	_	_	_	_	_	_	NN	Nom.Pl.Masc	Arbeitsplatz
17-20	1923-1932	gesichert	_	_	_	_	_	_	_	_	_	VVPP	Psp	sichern
17-21	1933-1939	werden	_	_	_	_	_	_	_	_	_	VAFIN	3.Pl.Pres.Ind	werden
17-22	1940-1941	.	_	_	_	_	_	_	_	_	_	$.	_	.

#Text=Es darf nicht dazu kommen , dass durch neue Kredite der Konkurs nur verschleppt wird und sich bei der nächsten großen Zahlungsverpflichtung im Oktober das gleiche Problem stellt .
18-1	1944-1946	Es	_	_	_	_	_	_	_	_	_	PPER	3.Nom.Sg.Neut	es
18-2	1947-1951	darf	_	_	_	_	_	_	_	_	_	VMFIN	3.Sg.Pres.Ind	dürfen
18-3	1952-1957	nicht	_	_	_	_	_	_	_	_	_	PTKNEG	_	nicht
18-4	1958-1962	dazu	_	_	_	_	_	_	_	_	_	PROAV	_	dazu
18-5	1963-1969	kommen	_	_	_	_	_	_	_	_	_	VVINF	Inf	kommen
18-6	1970-1971	,	_	_	_	_	_	_	_	_	_	$,	_	,
18-7	1972-1976	dass	_	_	_	_	_	_	_	_	_	KOUS	_	dass
18-8	1977-1982	durch	_	_	_	_	_	_	_	_	_	APPR	_	durch
18-9	1983-1987	neue	_	_	_	_	_	_	_	_	_	ADJA	Pos.Acc.Pl.Masc	neu
18-10	1988-1995	Kredite	_	_	_	_	_	_	_	_	_	NN	Acc.Pl.Masc	Kredit
18-11	1996-1999	der	_	_	_	_	_	_	_	_	_	ART	Nom.Sg.Masc	der
18-12	2000-2007	Konkurs	_	_	_	_	_	_	_	_	_	NN	Nom.Sg.Masc	Konkurs
18-13	2008-2011	nur	_	_	_	_	_	_	_	_	_	ADV	_	nur
18-14	2012-2023	verschleppt	_	_	_	_	_	_	_	_	_	VVPP	Psp	verschleppen
18-15	2024-2028	wird	_	_	_	_	_	_	_	_	_	VAFIN	3.Sg.Pres.Ind	werden
18-16	2029-2032	und	_	_	_	_	_	_	_	_	_	KON	_	und
18-17	2033-2037	sich	_	_	_	_	_	_	_	_	_	PRF	3.Acc.Sg	sich
18-18	2038-2041	bei	_	_	_	_	_	_	_	_	_	APPR	_	bei
18-19	2042-2045	der	_	_	_	_	_	_	_	_	_	ART	Dat.Sg.Fem	der
18-20	2046-2054	nächsten	_	_	_	_	_	_	_	_	_	ADJA	Pos.Dat.Sg.Fem	nächster
18-21	2055-2061	großen	_	_	_	_	_	_	_	_	_	ADJA	Pos.Dat.Sg.Fem	groß
18-22	2062-2083	Zahlungsverpflichtung	_	_	_	_	_	_	_	_	_	NN	Dat.Sg.Fem	Zahlungsverpflichtung
18-23	2084-2086	im	_	_	_	_	_	_	_	_	_	APPRART	Dat.Sg.Masc	in
18-24	2087-2094	Oktober	_	_	_	_	_	_	_	_	_	NN	Dat.Sg.Masc	Oktober
18-25	2095-2098	das	_	_	_	_	_	_	_	_	_	ART	Nom.Sg.Neut	der
18-26	2099-2106	gleiche	_	_	_	_	_	_	_	_	_	ADJA	Pos.Nom.Sg.Neut	gleich
18-27	2107-2114	Problem	_	_	_	_	_	_	_	_	_	NN	Nom.Sg.Neut	Problem
18-28	2115-2121	stellt	_	_	_	_	_	_	_	_	_	VVFIN	3.Sg.Pres.Ind	stellen
18-29	2122-2123	.	_	_	_	_	_	_	_	_	_	$.	_	.

#Text=Eine pauschale Zerschlagung der Kirch Gruppe , bei der sich Banken und andere Beteiligte die Rosinen wie die Free TV Sender oder die Formel 1 Rechte herauspicken , lehnen wir ab .
19-1	2126-2130	Eine	_	_	_	_	_	_	_	_	_	ART	Acc.Sg.Fem	ein
19-2	2131-2140	pauschale	_	_	_	_	_	_	_	_	_	ADJA	Pos.Acc.Sg.Fem	pauschal
19-3	2141-2153	Zerschlagung	_	_	_	_	_	_	_	_	_	NN	Acc.Sg.Fem	Zerschlagung
19-4	2154-2157	der	_	_	_	_	_	_	_	_	_	ART	Gen.Sg.Fem	der
19-5	2158-2163	Kirch	_	_	_	_	_	_	_	_	_	NN	Gen.Sg.Fem	Kirch
19-6	2164-2170	Gruppe	_	_	_	_	_	_	_	_	_	NN	Gen.Sg.Fem	Gruppe
19-7	2171-2172	,	_	_	_	_	_	_	_	_	_	$,	_	,
19-8	2173-2176	bei	_	_	_	_	_	_	_	_	_	APPR	_	bei
19-9	2177-2180	der	_	_	_	_	_	_	_	_	_	PRELS	Dat.Sg.Fem	der
19-10	2181-2185	sich	_	_	_	_	_	_	_	_	_	PRF	3.Acc.Pl	sich
19-11	2186-2192	Banken	_	_	_	_	_	_	_	_	_	NN	Nom.Pl.Fem	Bank
19-12	2193-2196	und	_	_	_	_	_	_	_	_	_	KON	_	und
19-13	2197-2203	andere	_	_	_	_	_	_	_	_	_	ADJA	Pos.Nom.Pl.*	anderer
19-14	2204-2214	Beteiligte	_	_	_	_	_	_	_	_	_	NN	Nom.Pl.*	beteiligter
19-15	2215-2218	die	_	_	_	_	_	_	_	_	_	ART	Acc.Pl.Fem	der
19-16	2219-2226	Rosinen	_	_	_	_	_	_	_	_	_	NN	Acc.Pl.Fem	Rosine
19-17	2227-2230	wie	_	_	_	_	_	_	_	_	_	KOKOM	_	wie
19-18	2231-2234	die	_	_	_	_	_	_	_	_	_	ART	Nom.Sg.Fem	der
19-19	2235-2239	Free	_	_	_	_	_	_	_	_	_	NE	*.*.*	Free
19-20	2240-2242	TV	_	_	_	_	_	_	_	_	_	NE	*.*.*	TV
19-21	2243-2249	Sender	_	_	_	_	_	_	_	_	_	NN	Nom.Pl.Masc	Sender
19-22	2250-2254	oder	_	_	_	_	_	_	_	_	_	KON	_	oder
19-23	2255-2258	die	_	_	_	_	_	_	_	_	_	ART	Nom.Sg.Fem	der
19-24	2259-2265	Formel	_	_	_	_	_	_	_	_	_	NN	Nom.Sg.Fem	Formel
19-25	2266-2267	1	_	_	_	_	_	_	_	_	_	CARD	_	1
19-26	2268-2274	Rechte	_	_	_	_	_	_	_	_	_	NN	Acc.Pl.Neut	Recht
19-27	2275-2287	herauspicken	_	_	_	_	_	_	_	_	_	VVFIN	3.Pl.Pres.Ind	herauspicken
19-28	2288-2289	,	_	_	_	_	_	_	_	_	_	$,	_	,
19-29	2290-2296	lehnen	_	_	_	_	_	_	_	_	_	VVFIN	1.Pl.Pres.Ind	lehnen
19-30	2297-2300	wir	_	_	_	_	_	_	_	_	_	PPER	1.Nom.Pl.*	wir
19-31	2301-2303	ab	_	_	_	_	_	_	_	_	_	PTKVZ	_	ab
19-32	2304-2305	.	_	_	_	_	_	_	_	_	_	$.	_	.

#Text=Wir fordern eine Gesamtlösung für die Kirch Gruppe , die allerdings nicht von der Politik und schon gar nicht im Alleingang zu leisten ist , sondern im Zusammenspiel zwischen den Banken , den Investoren und dem Unternehmen zu gewährleisten ist .
20-1	2308-2311	Wir	_	_	_	_	_	_	_	_	_	PPER	1.Nom.Pl.*	wir
20-2	2312-2319	fordern	_	_	_	_	_	_	_	_	_	VVFIN	1.Pl.Pres.Ind	fordern
20-3	2320-2324	eine	_	_	_	_	_	_	_	_	_	ART	Acc.Sg.Fem	ein
20-4	2325-2337	Gesamtlösung	_	_	_	_	_	_	_	_	_	NN	Acc.Sg.Fem	Gesamtlösung
20-5	2338-2341	für	_	_	_	_	_	_	_	_	_	APPR	_	für
20-6	2342-2345	die	_	_	_	_	_	_	_	_	_	ART	Acc.Sg.Fem	der
20-7	2346-2351	Kirch	_	_	_	_	_	_	_	_	_	NN	Acc.Sg.Fem	Kirch
20-8	2352-2358	Gruppe	_	_	_	_	_	_	_	_	_	NN	Acc.Sg.Fem	Gruppe
20-9	2359-2360	,	_	_	_	_	_	_	_	_	_	$,	_	,
20-10	2361-2364	die	_	_	_	_	_	_	_	_	_	PRELS	Nom.Sg.Fem	der
20-11	2365-2375	allerdings	_	_	_	_	_	_	_	_	_	ADV	_	allerdings
20-12	2376-2381	nicht	_	_	_	_	_	_	_	_	_	PTKNEG	_	nicht
20-13	2382-2385	von	_	_	_	_	_	_	_	_	_	APPR	_	von
20-14	2386-2389	der	_	_	_	_	_	_	_	_	_	ART	Dat.Sg.Fem	der
20-15	2390-2397	Politik	_	_	_	_	_	_	_	_	_	NN	Dat.Sg.Fem	Politik
20-16	2398-2401	und	_	_	_	_	_	_	_	_	_	KON	_	und
20-17	2402-2407	schon	_	_	_	_	_	_	_	_	_	ADV	_	schon
20-18	2408-2411	gar	_	_	_	_	_	_	_	_	_	ADV	_	gar
20-19	2412-2417	nicht	_	_	_	_	_	_	_	_	_	PTKNEG	_	nicht
20-20	2418-2420	im	_	_	_	_	_	_	_	_	_	APPRART	Dat.Sg.Masc	in
20-21	2421-2431	Alleingang	_	_	_	_	_	_	_	_	_	NN	Dat.Sg.Masc	Alleingang
20-22	2432-2434	zu	_	_	_	_	_	_	_	_	_	PTKZU	_	zu
20-23	2435-2442	leisten	_	_	_	_	_	_	_	_	_	VVINF	Inf	leisten
20-24	2443-2446	ist	_	_	_	_	_	_	_	_	_	VAFIN	3.Sg.Pres.Ind	sein
20-25	2447-2448	,	_	_	_	_	_	_	_	_	_	$,	_	,
20-26	2449-2456	sondern	_	_	_	_	_	_	_	_	_	KON	_	sondern
20-27	2457-2459	im	_	_	_	_	_	_	_	_	_	APPRART	Dat.Sg.Neut	in
20-28	2460-2473	Zusammenspiel	_	_	_	_	_	_	_	_	_	NN	Dat.Sg.Neut	Zusammenspiel
20-29	2474-2482	zwischen	_	_	_	_	_	_	_	_	_	APPR	_	zwischen
20-30	2483-2486	den	_	_	_	_	_	_	_	_	_	ART	Dat.Pl.Fem	der
20-31	2487-2493	Banken	_	_	_	_	_	_	_	_	_	NN	Dat.Pl.Fem	Bank
20-32	2494-2495	,	_	_	_	_	_	_	_	_	_	$,	_	,
20-33	2496-2499	den	_	_	_	_	_	_	_	_	_	ART	Dat.Pl.Masc	der
20-34	2500-2510	Investoren	_	_	_	_	_	_	_	_	_	NN	Dat.Pl.Masc	Investor
20-35	2511-2514	und	_	_	_	_	_	_	_	_	_	KON	_	und
20-36	2515-2518	dem	_	_	_	_	_	_	_	_	_	ART	Dat.Sg.Neut	der
20-37	2519-2530	Unternehmen	_	_	_	_	_	_	_	_	_	NN	Dat.Sg.Neut	Unternehmen
20-38	2531-2533	zu	_	_	_	_	_	_	_	_	_	PTKZU	_	zu
20-39	2534-2547	gewährleisten	_	_	_	_	_	_	_	_	_	VVINF	Inf	gewährleisten
20-40	2548-2551	ist	_	_	_	_	_	_	_	_	_	VAFIN	3.Sg.Pres.Ind	sein
20-41	2552-2553	.	_	_	_	_	_	_	_	_	_	$.	_	.

#Text=Neben den finanzpolitischen Konsequenzen erfordert die Krise um Kirch natürlich auch medienpolitische Konsequenzen .
21-1	2556-2561	Neben	_	_	_	_	_	_	_	_	_	APPR	_	neben
21-2	2562-2565	den	_	_	_	_	_	_	_	_	_	ART	Dat.Pl.Fem	der
21-3	2566-2583	finanzpolitischen	_	_	_	_	_	_	_	_	_	ADJA	Pos.Dat.Pl.Fem	finanzpolitisch
21-4	2584-2596	Konsequenzen	_	_	_	_	_	_	_	_	_	NN	Dat.Pl.Fem	Konsequenz
21-5	2597-2606	erfordert	_	_	_	_	_	_	_	_	_	VVFIN	3.Sg.Pres.Ind	erfordern
21-6	2607-2610	die	_	_	_	_	_	_	_	_	_	ART	Nom.Sg.Fem	der
21-7	2611-2616	Krise	_	_	_	_	_	_	_	_	_	NN	Nom.Sg.Fem	Krise
21-8	2617-2619	um	_	_	_	_	_	_	_	_	_	APPR	_	um
21-9	2620-2625	Kirch	_	_	_	_	_	_	_	_	_	NE	Acc.Sg.*	Kirch
21-10	2626-2635	natürlich	_	_	_	_	_	_	_	_	_	ADV	_	natürlich
21-11	2636-2640	auch	_	_	_	_	_	_	_	_	_	ADV	_	auch
21-12	2641-2657	medienpolitische	_	_	_	_	_	_	_	_	_	ADJA	Pos.Acc.Pl.Fem	medienpolitisch
21-13	2658-2670	Konsequenzen	_	_	_	_	_	_	_	_	_	NN	Acc.Pl.Fem	Konsequenz
21-14	2671-2672	.	_	_	_	_	_	_	_	_	_	$.	_	.

#Text=Denn es reicht bei weitem nicht mehr , die nationalen Medienmärkte isoliert zu betrachten .
22-1	2675-2679	Denn	_	_	_	_	_	_	_	_	_	KON	_	denn
22-2	2680-2682	es	_	_	_	_	_	_	_	_	_	PPER	3.Nom.Sg.Neut	es
22-3	2683-2689	reicht	_	_	_	_	_	_	_	_	_	VVFIN	3.Sg.Pres.Ind	reichen
22-4	2690-2693	bei	_	_	_	_	_	_	_	_	_	APPR	_	bei
22-5	2694-2700	weitem	_	_	_	_	_	_	_	_	_	ADJA	Pos.Dat.Sg.Neut	weit
22-6	2701-2706	nicht	_	_	_	_	_	_	_	_	_	PTKNEG	_	nicht
22-7	2707-2711	mehr	_	_	_	_	_	_	_	_	_	ADV	_	mehr
22-8	2712-2713	,	_	_	_	_	_	_	_	_	_	$,	_	,
22-9	2714-2717	die	_	_	_	_	_	_	_	_	_	ART	Acc.Pl.Masc	der
22-10	2718-2728	nationalen	_	_	_	_	_	_	_	_	_	ADJA	Pos.Acc.Pl.Masc	national
22-11	2729-2741	Medienmärkte	_	_	_	_	_	_	_	_	_	NN	Acc.Pl.Masc	Medienmarkt
22-11.1	2729-2735	Medien	false	2sem	_	_	_	_	_	_	_		_	_	_	_	_	_	_	_	_
22-11.2	2735-2741	märkte	false	0Kern	true	true	Verkaufsveranstaltung	_	_	Markt für Medien	_		_	_	_	_	_	_	_	_	_
22-12	2742-2750	isoliert	_	_	_	_	_	_	_	_	_	VVPP	Psp	isolieren
22-13	2751-2753	zu	_	_	_	_	_	_	_	_	_	PTKZU	_	zu
22-14	2754-2764	betrachten	_	_	_	_	_	_	_	_	_	VVINF	Inf	betrachten
22-15	2765-2766	.	_	_	_	_	_	_	_	_	_	$.	_	.

#Text=Andere Medienmogule , auch die jetzt immer wieder als Kirch Erben genannten Murdoch und Berlusconi , verfügen ebenfalls über vielfältige Beteiligungen auf dem europäischen Kontinent .
23-1	2769-2775	Andere	_	_	_	_	_	_	_	_	_	ADJA	Pos.Nom.Sg.Fem	anderer
23-2	2776-2788	Medienmogule	_	_	_	_	_	_	_	_	_	NN	Nom.Sg.Fem	Medienmogule
23-3	2789-2790	,	_	_	_	_	_	_	_	_	_	$,	_	,
23-4	2791-2795	auch	_	_	_	_	_	_	_	_	_	ADV	_	auch
23-5	2796-2799	die	_	_	_	_	_	_	_	_	_	ART	Nom.Pl.Fem	der
23-6	2800-2805	jetzt	_	_	_	_	_	_	_	_	_	ADV	_	jetzt
23-7	2806-2811	immer	_	_	_	_	_	_	_	_	_	ADV	_	immer
23-8	2812-2818	wieder	_	_	_	_	_	_	_	_	_	ADV	_	wieder
23-9	2819-2822	als	_	_	_	_	_	_	_	_	_	APPR	_	als
23-10	2823-2828	Kirch	_	_	_	_	_	_	_	_	_	NE	Nom.Sg.Masc	Kirch
23-11	2829-2834	Erben	_	_	_	_	_	_	_	_	_	NN	Nom.Pl.Masc	Erbe
23-12	2835-2844	genannten	_	_	_	_	_	_	_	_	_	ADJA	Pos.Nom.Pl.*	genannt
23-13	2845-2852	Murdoch	_	_	_	_	_	_	_	_	_	NN	Nom.Pl.Masc	Murdoch
23-14	2853-2856	und	_	_	_	_	_	_	_	_	_	KON	_	und
23-15	2857-2867	Berlusconi	_	_	_	_	_	_	_	_	_	NE	Nom.Sg.Masc	Berlusconi
23-16	2868-2869	,	_	_	_	_	_	_	_	_	_	$,	_	,
23-17	2870-2878	verfügen	_	_	_	_	_	_	_	_	_	VVFIN	3.Pl.Pres.Ind	verfagen
23-18	2879-2888	ebenfalls	_	_	_	_	_	_	_	_	_	ADV	_	ebenfalls
23-19	2889-2893	über	_	_	_	_	_	_	_	_	_	APPR	_	über
23-20	2894-2905	vielfältige	_	_	_	_	_	_	_	_	_	ADJA	Pos.Acc.Pl.Fem	vielfältig
23-21	2906-2919	Beteiligungen	_	_	_	_	_	_	_	_	_	NN	Acc.Pl.Fem	Beteiligung
23-22	2920-2923	auf	_	_	_	_	_	_	_	_	_	APPR	_	auf
23-23	2924-2927	dem	_	_	_	_	_	_	_	_	_	ART	Dat.Sg.Masc	der
23-24	2928-2940	europäischen	_	_	_	_	_	_	_	_	_	ADJA	Pos.Dat.Sg.Masc	europäisch
23-25	2941-2950	Kontinent	_	_	_	_	_	_	_	_	_	NN	Dat.Sg.Masc	Kontinent
23-26	2951-2952	.	_	_	_	_	_	_	_	_	_	$.	_	.

#Text=Diese Beteiligungen beschränken sich bekannterweise nicht nur auf den Rundfunksektor , sondern umfassen mitunter den gesamten Medienbereich .
24-1	2955-2960	Diese	_	_	_	_	_	_	_	_	_	PDAT	Nom.Pl.Fem	dieser
24-2	2961-2974	Beteiligungen	_	_	_	_	_	_	_	_	_	NN	Nom.Pl.Fem	Beteiligung
24-3	2975-2986	beschränken	_	_	_	_	_	_	_	_	_	VVFIN	3.Pl.Pres.Ind	beschränken
24-4	2987-2991	sich	_	_	_	_	_	_	_	_	_	PRF	3.Acc.Pl	sich
24-5	2992-3006	bekannterweise	_	_	_	_	_	_	_	_	_	ADV	_	bekannterweise
24-6	3007-3012	nicht	_	_	_	_	_	_	_	_	_	PTKNEG	_	nicht
24-7	3013-3016	nur	_	_	_	_	_	_	_	_	_	ADV	_	nur
24-8	3017-3020	auf	_	_	_	_	_	_	_	_	_	APPR	_	auf
24-9	3021-3024	den	_	_	_	_	_	_	_	_	_	ART	Acc.Sg.Masc	der
24-10	3025-3039	Rundfunksektor	_	_	_	_	_	_	_	_	_	NN	Acc.Sg.Masc	Rundfunksektor
24-11	3040-3041	,	_	_	_	_	_	_	_	_	_	$,	_	,
24-12	3042-3049	sondern	_	_	_	_	_	_	_	_	_	KON	_	sondern
24-13	3050-3058	umfassen	_	_	_	_	_	_	_	_	_	VVFIN	3.Pl.Pres.Ind	umfassen
24-14	3059-3067	mitunter	_	_	_	_	_	_	_	_	_	ADV	_	mitunter
24-15	3068-3071	den	_	_	_	_	_	_	_	_	_	ART	Acc.Sg.Masc	der
24-16	3072-3080	gesamten	_	_	_	_	_	_	_	_	_	ADJA	Pos.Acc.Sg.Masc	gesamt
24-17	3081-3094	Medienbereich	_	_	_	_	_	_	_	_	_	NN	Acc.Sg.Masc	Medienbereich
24-18	3095-3096	.	_	_	_	_	_	_	_	_	_	$.	_	.

#Text=Monopole wie in Großbritannien oder Italien , die wahrscheinlich schon eine Gefahr für die Demokratie darstellen können , müssen in Deutschland verhindert werden .
25-1	3099-3107	Monopole	_	_	_	_	_	_	_	_	_	NN	Nom.Pl.Neut	Monopol
25-2	3108-3111	wie	_	_	_	_	_	_	_	_	_	KOKOM	_	wie
25-3	3112-3114	in	_	_	_	_	_	_	_	_	_	APPR	_	in
25-4	3115-3129	Großbritannien	_	_	_	_	_	_	_	_	_	NE	Dat.Sg.Neut	Großbritannien
25-5	3130-3134	oder	_	_	_	_	_	_	_	_	_	KON	_	oder
25-6	3135-3142	Italien	_	_	_	_	_	_	_	_	_	NE	Dat.Sg.Neut	Italien
25-7	3143-3144	,	_	_	_	_	_	_	_	_	_	$,	_	,
25-8	3145-3148	die	_	_	_	_	_	_	_	_	_	PRELS	Nom.Pl.Neut	der
25-9	3149-3163	wahrscheinlich	_	_	_	_	_	_	_	_	_	ADJD	Pos	wahrscheinlich
25-10	3164-3169	schon	_	_	_	_	_	_	_	_	_	ADV	_	schon
25-11	3170-3174	eine	_	_	_	_	_	_	_	_	_	ART	Acc.Sg.Fem	ein
25-12	3175-3181	Gefahr	_	_	_	_	_	_	_	_	_	NN	Acc.Sg.Fem	Gefahr
25-13	3182-3185	für	_	_	_	_	_	_	_	_	_	APPR	_	für
25-14	3186-3189	die	_	_	_	_	_	_	_	_	_	ART	Acc.Sg.Fem	der
25-15	3190-3200	Demokratie	_	_	_	_	_	_	_	_	_	NN	Acc.Sg.Fem	Demokratie
25-16	3201-3211	darstellen	_	_	_	_	_	_	_	_	_	VVINF	Inf	darstellen
25-17	3212-3218	können	_	_	_	_	_	_	_	_	_	VMFIN	3.Pl.Pres.Ind	können
25-18	3219-3220	,	_	_	_	_	_	_	_	_	_	$,	_	,
25-19	3221-3227	müssen	_	_	_	_	_	_	_	_	_	VMFIN	3.Pl.Pres.Ind	müssen
25-20	3228-3230	in	_	_	_	_	_	_	_	_	_	APPR	_	in
25-21	3231-3242	Deutschland	_	_	_	_	_	_	_	_	_	NE	Dat.Sg.Neut	Deutschland
25-22	3243-3253	verhindert	_	_	_	_	_	_	_	_	_	VVPP	Psp	verhindern
25-23	3254-3260	werden	_	_	_	_	_	_	_	_	_	VAINF	Inf	werden
25-24	3261-3262	.	_	_	_	_	_	_	_	_	_	$.	_	.

#Text=Das gilt insbesondere für den Einstieg von Berlusconi , auch und gerade aufgrund seines politischen Gewichts in Italien .
26-1	3265-3268	Das	_	_	_	_	_	_	_	_	_	PDS	Nom.Sg.Neut	der
26-2	3269-3273	gilt	_	_	_	_	_	_	_	_	_	VVFIN	3.Sg.Pres.Ind	gelten
26-3	3274-3286	insbesondere	_	_	_	_	_	_	_	_	_	ADV	_	insbesondere
26-4	3287-3290	für	_	_	_	_	_	_	_	_	_	APPR	_	für
26-5	3291-3294	den	_	_	_	_	_	_	_	_	_	ART	Acc.Sg.Masc	der
26-6	3295-3303	Einstieg	_	_	_	_	_	_	_	_	_	NN	Acc.Sg.Masc	Einstieg
26-7	3304-3307	von	_	_	_	_	_	_	_	_	_	APPR	_	von
26-8	3308-3318	Berlusconi	_	_	_	_	_	_	_	_	_	NE	Dat.Sg.Masc	Berlusconi
26-9	3319-3320	,	_	_	_	_	_	_	_	_	_	$,	_	,
26-10	3321-3325	auch	_	_	_	_	_	_	_	_	_	ADV	_	auch
26-11	3326-3329	und	_	_	_	_	_	_	_	_	_	KON	_	und
26-12	3330-3336	gerade	_	_	_	_	_	_	_	_	_	ADV	_	gerade
26-13	3337-3345	aufgrund	_	_	_	_	_	_	_	_	_	APPR	_	aufgrund
26-14	3346-3352	seines	_	_	_	_	_	_	_	_	_	PPOSAT	Gen.Sg.Neut	sein
26-15	3353-3364	politischen	_	_	_	_	_	_	_	_	_	ADJA	Pos.Gen.Sg.Neut	politisch
26-16	3365-3373	Gewichts	_	_	_	_	_	_	_	_	_	NN	Gen.Sg.Neut	Gewicht
26-17	3374-3376	in	_	_	_	_	_	_	_	_	_	APPR	_	in
26-18	3377-3384	Italien	_	_	_	_	_	_	_	_	_	NE	Dat.Sg.Neut	Italien
26-19	3385-3386	.	_	_	_	_	_	_	_	_	_	$.	_	.

#Text=Auch Rupert Murdoch ist sicherlich allein aufgrund seiner aggressiven Boulevardpresse kein Waisenknabe .
27-1	3389-3393	Auch	_	_	_	_	_	_	_	_	_	ADV	_	auch
27-2	3394-3400	Rupert	_	_	_	_	_	_	_	_	_	NE	Nom.Sg.Masc	Rupert
27-3	3401-3408	Murdoch	_	_	_	_	_	_	_	_	_	NE	Nom.Sg.Masc	Murdoch
27-4	3409-3412	ist	_	_	_	_	_	_	_	_	_	VAFIN	3.Sg.Pres.Ind	sein
27-5	3413-3423	sicherlich	_	_	_	_	_	_	_	_	_	ADV	_	sicherlich
27-6	3424-3430	allein	_	_	_	_	_	_	_	_	_	ADV	_	allein
27-7	3431-3439	aufgrund	_	_	_	_	_	_	_	_	_	APPR	_	aufgrund
27-8	3440-3446	seiner	_	_	_	_	_	_	_	_	_	PPOSAT	Gen.Sg.Fem	sein
27-9	3447-3458	aggressiven	_	_	_	_	_	_	_	_	_	ADJA	Pos.Gen.Sg.Fem	aggressiv
27-10	3459-3474	Boulevardpresse	_	_	_	_	_	_	_	_	_	NN	Gen.Sg.Fem	Boulevardpresse
27-11	3475-3479	kein	_	_	_	_	_	_	_	_	_	PIAT	Nom.Sg.Neut	kein
27-12	3480-3491	Waisenknabe	false	0Kern	true	true	männliche Waise	true	*	(nicht) ohne Unterstützung	_	NN	Nom.Sg.Neut	Waisenknabe
27-13	3492-3493	.	_	_	_	_	_	_	_	_	_	$.	_	.

#Text=Aber das deutsche Medienrecht ist umfassend und nicht mit dem von Großbritannien zu vergleichen .
28-1	3496-3500	Aber	_	_	_	_	_	_	_	_	_	KON	_	aber
28-2	3501-3504	das	_	_	_	_	_	_	_	_	_	ART	Nom.Sg.Neut	der
28-3	3505-3513	deutsche	_	_	_	_	_	_	_	_	_	ADJA	Pos.Nom.Sg.Neut	deutsch
28-4	3514-3525	Medienrecht	_	_	_	_	_	_	_	_	_	NN	Nom.Sg.Neut	Medienrecht
28-5	3526-3529	ist	_	_	_	_	_	_	_	_	_	VAFIN	3.Sg.Pres.Ind	sein
28-6	3530-3539	umfassend	_	_	_	_	_	_	_	_	_	ADJD	Pos	umfassend
28-7	3540-3543	und	_	_	_	_	_	_	_	_	_	KON	_	und
28-8	3544-3549	nicht	_	_	_	_	_	_	_	_	_	PTKNEG	_	nicht
28-9	3550-3553	mit	_	_	_	_	_	_	_	_	_	APPR	_	mit
28-10	3554-3557	dem	_	_	_	_	_	_	_	_	_	PDS	Dat.Sg.Neut	der
28-11	3558-3561	von	_	_	_	_	_	_	_	_	_	APPR	_	von
28-12	3562-3576	Großbritannien	_	_	_	_	_	_	_	_	_	NE	Dat.Sg.Neut	Großbritannien
28-13	3577-3579	zu	_	_	_	_	_	_	_	_	_	PTKZU	_	zu
28-14	3580-3591	vergleichen	_	_	_	_	_	_	_	_	_	VVINF	Inf	vergleichen
28-15	3592-3593	.	_	_	_	_	_	_	_	_	_	$.	_	.

#Text=Es gibt in Deutschland vielfältige Instrumente und Möglichkeiten , um Meinungsmacht und Medienkonzentration zu begrenzen .
29-1	3596-3598	Es	_	_	_	_	_	_	_	_	_	PPER	3.Nom.Sg.Neut	es
29-2	3599-3603	gibt	_	_	_	_	_	_	_	_	_	VVFIN	3.Sg.Pres.Ind	geben
29-3	3604-3606	in	_	_	_	_	_	_	_	_	_	APPR	_	in
29-4	3607-3618	Deutschland	_	_	_	_	_	_	_	_	_	NE	Dat.Sg.Neut	Deutschland
29-5	3619-3630	vielfältige	_	_	_	_	_	_	_	_	_	ADJA	Pos.Acc.Pl.*	vielfältig
29-6	3631-3642	Instrumente	_	_	_	_	_	_	_	_	_	NN	Acc.Pl.Neut	Instrument
29-7	3643-3646	und	_	_	_	_	_	_	_	_	_	KON	_	und
29-8	3647-3660	Möglichkeiten	_	_	_	_	_	_	_	_	_	NN	Acc.Pl.Fem	Möglichkeit
29-9	3661-3662	,	_	_	_	_	_	_	_	_	_	$,	_	,
29-10	3663-3665	um	_	_	_	_	_	_	_	_	_	KOUI	_	um
29-11	3666-3679	Meinungsmacht	_	_	_	_	_	_	_	_	_	NN	Acc.Sg.Fem	Meinungsmacht
29-11.1	3666-3674	Meinungs	false	2sem	_	_	_	_	_	_	_		_	_	_	_	_	_	_	_	_
29-11.2	3674-3679	macht	false	0Kern	true	true	Einfluss	_	_	Einfluss auf Meinungsbilder	_		_	_	_	_	_	_	_	_	_
29-12	3680-3683	und	_	_	_	_	_	_	_	_	_	KON	_	und
29-13	3684-3703	Medienkonzentration	_	_	_	_	_	_	_	_	_	NN	Acc.Sg.Fem	Medienkonzentration
29-14	3704-3706	zu	_	_	_	_	_	_	_	_	_	PTKZU	_	zu
29-15	3707-3716	begrenzen	_	_	_	_	_	_	_	_	_	VVINF	Inf	begrenzen
29-16	3717-3718	.	_	_	_	_	_	_	_	_	_	$.	_	.

#Text=In Deutschland existieren gesetzliche Grundlagen zur Medienkontrolle und zur Vielfaltssicherung , die auch einem Rupert Murdoch und einem Silvio Berlusconi Grenzen setzen würden .
30-1	3721-3723	In	_	_	_	_	_	_	_	_	_	APPR	_	in
30-2	3724-3735	Deutschland	_	_	_	_	_	_	_	_	_	NE	Dat.Sg.Neut	Deutschland
30-3	3736-3746	existieren	_	_	_	_	_	_	_	_	_	VVFIN	3.Pl.Pres.Ind	existieren
30-4	3747-3758	gesetzliche	_	_	_	_	_	_	_	_	_	ADJA	Pos.Nom.Pl.Fem	gesetzlich
30-5	3759-3769	Grundlagen	_	_	_	_	_	_	_	_	_	NN	Nom.Pl.Fem	Grundlage
30-6	3770-3773	zur	_	_	_	_	_	_	_	_	_	APPRART	Dat.Sg.Fem	zu
30-7	3774-3789	Medienkontrolle	_	_	_	_	_	_	_	_	_	NN	Dat.Sg.Fem	Medienkontrolle
30-8	3790-3793	und	_	_	_	_	_	_	_	_	_	KON	_	und
30-9	3794-3797	zur	_	_	_	_	_	_	_	_	_	APPRART	Dat.Sg.Fem	zu
30-10	3798-3816	Vielfaltssicherung	_	_	_	_	_	_	_	_	_	NN	Dat.Sg.Fem	Vielfaltssicherung
30-11	3817-3818	,	_	_	_	_	_	_	_	_	_	$,	_	,
30-12	3819-3822	die	_	_	_	_	_	_	_	_	_	PRELS	Nom.Pl.Fem	der
30-13	3823-3827	auch	_	_	_	_	_	_	_	_	_	ADV	_	auch
30-14	3828-3833	einem	_	_	_	_	_	_	_	_	_	ART	Dat.Sg.Masc	ein
30-15	3834-3840	Rupert	_	_	_	_	_	_	_	_	_	NN	Dat.Sg.Masc	Rupert
30-16	3841-3848	Murdoch	_	_	_	_	_	_	_	_	_	NE	Nom.Sg.*	Murdoch
30-17	3849-3852	und	_	_	_	_	_	_	_	_	_	KON	_	und
30-18	3853-3858	einem	_	_	_	_	_	_	_	_	_	ART	Dat.Sg.Masc	ein
30-19	3859-3865	Silvio	_	_	_	_	_	_	_	_	_	NN	Dat.Sg.Neut	Silvio
30-20	3866-3876	Berlusconi	_	_	_	_	_	_	_	_	_	NE	*.*.*	Berlusconi
30-21	3877-3884	Grenzen	_	_	_	_	_	_	_	_	_	NN	Acc.Pl.Fem	Grenze
30-22	3885-3891	setzen	_	_	_	_	_	_	_	_	_	VVINF	Inf	setzen
30-23	3892-3898	würden	_	_	_	_	_	_	_	_	_	VAFIN	3.Pl.Past.Subj	werden
30-24	3899-3900	.	_	_	_	_	_	_	_	_	_	$.	_	.

#Text=Liebe Kolleginnen und Kollegen , es geht nicht darum , ausländische Medienbeteiligungen in Deutschland grund sätzlich zu verhindern .
31-1	3903-3908	Liebe	_	_	_	_	_	_	_	_	_	ADJA	Pos.Nom.Pl.*	lieb
31-2	3909-3920	Kolleginnen	_	_	_	_	_	_	_	_	_	NN	Nom.Pl.Fem	Kollegin
31-3	3921-3924	und	_	_	_	_	_	_	_	_	_	KON	_	und
31-4	3925-3933	Kollegen	_	_	_	_	_	_	_	_	_	NN	Nom.Pl.Masc	Kollege
31-5	3934-3935	,	_	_	_	_	_	_	_	_	_	$,	_	,
31-6	3936-3938	es	_	_	_	_	_	_	_	_	_	PPER	3.Nom.Sg.Neut	es
31-7	3939-3943	geht	_	_	_	_	_	_	_	_	_	VVFIN	3.Sg.Pres.Ind	gehen
31-8	3944-3949	nicht	_	_	_	_	_	_	_	_	_	PTKNEG	_	nicht
31-9	3950-3955	darum	_	_	_	_	_	_	_	_	_	PROAV	_	darum
31-10	3956-3957	,	_	_	_	_	_	_	_	_	_	$,	_	,
31-11	3958-3970	ausländische	_	_	_	_	_	_	_	_	_	ADJA	Pos.Acc.Pl.Fem	ausländisch
31-12	3971-3990	Medienbeteiligungen	_	_	_	_	_	_	_	_	_	NN	Acc.Pl.Fem	Medienbeteiligung
31-13	3991-3993	in	_	_	_	_	_	_	_	_	_	APPR	_	in
31-14	3994-4005	Deutschland	_	_	_	_	_	_	_	_	_	NE	Dat.Sg.Neut	Deutschland
31-15	4006-4011	grund	_	_	_	_	_	_	_	_	_	ADV	_	grund
31-16	4012-4020	sätzlich	_	_	_	_	_	_	_	_	_	ADJD	Pos	sätzlich
31-17	4021-4023	zu	_	_	_	_	_	_	_	_	_	PTKZU	_	zu
31-18	4024-4034	verhindern	_	_	_	_	_	_	_	_	_	VVINF	Inf	verhindern
31-19	4035-4036	.	_	_	_	_	_	_	_	_	_	$.	_	.

#Text=Solche Beteiligungen gibt es jetzt schon , so gehören zum Beispiel 50 Prozent von Super RTL dem amerikanischen Disney Konzern .
32-1	4039-4045	Solche	_	_	_	_	_	_	_	_	_	PIAT	Acc.Pl.Fem	solcher
32-2	4046-4059	Beteiligungen	_	_	_	_	_	_	_	_	_	NN	Acc.Pl.Fem	Beteiligung
32-3	4060-4064	gibt	_	_	_	_	_	_	_	_	_	VVFIN	3.Sg.Pres.Ind	geben
32-4	4065-4067	es	_	_	_	_	_	_	_	_	_	PPER	3.Nom.Sg.Neut	es
32-5	4068-4073	jetzt	_	_	_	_	_	_	_	_	_	ADV	_	jetzt
32-6	4074-4079	schon	_	_	_	_	_	_	_	_	_	ADV	_	schon
32-7	4080-4081	,	_	_	_	_	_	_	_	_	_	$,	_	,
32-8	4082-4084	so	_	_	_	_	_	_	_	_	_	ADV	_	so
32-9	4085-4092	gehören	_	_	_	_	_	_	_	_	_	VVFIN	3.Pl.Pres.Ind	gehören
32-10	4093-4096	zum	_	_	_	_	_	_	_	_	_	APPRART	Dat.Sg.Neut	zu
32-11	4097-4105	Beispiel	_	_	_	_	_	_	_	_	_	NN	Dat.Sg.Neut	Beispiel
32-12	4106-4108	50	_	_	_	_	_	_	_	_	_	CARD	_	50
32-13	4109-4116	Prozent	_	_	_	_	_	_	_	_	_	NN	*.*.Neut	Prozent
32-14	4117-4120	von	_	_	_	_	_	_	_	_	_	APPR	_	von
32-15	4121-4126	Super	_	_	_	_	_	_	_	_	_	NN	Nom.Sg.Fem	Super
32-16	4127-4130	RTL	_	_	_	_	_	_	_	_	_	NE	Dat.Sg.*	RTL
32-17	4131-4134	dem	_	_	_	_	_	_	_	_	_	ART	Dat.Sg.Masc	der
32-18	4135-4149	amerikanischen	_	_	_	_	_	_	_	_	_	ADJA	Pos.Dat.Sg.Masc	amerikanisch
32-19	4150-4156	Disney	_	_	_	_	_	_	_	_	_	NE	Dat.Sg.Masc	Disney
32-20	4157-4164	Konzern	_	_	_	_	_	_	_	_	_	NN	Dat.Sg.Masc	Konzern
32-21	4165-4166	.	_	_	_	_	_	_	_	_	_	$.	_	.

#Text=Diese können und dürfen auch zukünftig , zumindest als Minderheitsbeteiligungen , nicht ausgeschlossen werden .
33-1	4169-4174	Diese	_	_	_	_	_	_	_	_	_	PDS	Nom.Pl.*	dieser
33-2	4175-4181	können	_	_	_	_	_	_	_	_	_	VMFIN	3.Pl.Pres.Ind	können
33-3	4182-4185	und	_	_	_	_	_	_	_	_	_	KON	_	und
33-4	4186-4192	dürfen	_	_	_	_	_	_	_	_	_	VMFIN	3.Pl.Pres.Ind	dürfen
33-5	4193-4197	auch	_	_	_	_	_	_	_	_	_	ADV	_	auch
33-6	4198-4207	zukünftig	_	_	_	_	_	_	_	_	_	ADJD	Pos	zukünftig
33-7	4208-4209	,	_	_	_	_	_	_	_	_	_	$,	_	,
33-8	4210-4219	zumindest	_	_	_	_	_	_	_	_	_	ADV	_	zumindest
33-9	4220-4223	als	_	_	_	_	_	_	_	_	_	APPR	_	als
33-10	4224-4248	Minderheitsbeteiligungen	_	_	_	_	_	_	_	_	_	NN	Nom.Pl.Fem	Minderheitsbeteiligung
33-11	4249-4250	,	_	_	_	_	_	_	_	_	_	$,	_	,
33-12	4251-4256	nicht	_	_	_	_	_	_	_	_	_	PTKNEG	_	nicht
33-13	4257-4271	ausgeschlossen	_	_	_	_	_	_	_	_	_	VVPP	Psp	ausschließen
33-14	4272-4278	werden	_	_	_	_	_	_	_	_	_	VAINF	Inf	werden
33-15	4279-4280	.	_	_	_	_	_	_	_	_	_	$.	_	.

#Text=Vielmehr geht es darum - auch das ist eine Lehre aus der Kirch Pleite -, dass die Kontrollmechanismen insgesamt noch verbessert werden müssen .
34-1	4283-4291	Vielmehr	_	_	_	_	_	_	_	_	_	ADV	_	vielmehr
34-2	4292-4296	geht	_	_	_	_	_	_	_	_	_	VVFIN	3.Sg.Pres.Ind	gehen
34-3	4297-4299	es	_	_	_	_	_	_	_	_	_	PPER	3.Nom.Sg.Neut	es
34-4	4300-4305	darum	_	_	_	_	_	_	_	_	_	PROAV	_	darum
34-5	4306-4307	-	_	_	_	_	_	_	_	_	_	$(	_	-
34-6	4308-4312	auch	_	_	_	_	_	_	_	_	_	ADV	_	auch
34-7	4313-4316	das	_	_	_	_	_	_	_	_	_	PDS	Nom.Sg.Neut	der
34-8	4317-4320	ist	_	_	_	_	_	_	_	_	_	VAFIN	3.Sg.Pres.Ind	sein
34-9	4321-4325	eine	_	_	_	_	_	_	_	_	_	ART	Nom.Sg.Fem	ein
34-10	4326-4331	Lehre	_	_	_	_	_	_	_	_	_	NN	Nom.Sg.Fem	Lehre
34-11	4332-4335	aus	_	_	_	_	_	_	_	_	_	APPR	_	aus
34-12	4336-4339	der	_	_	_	_	_	_	_	_	_	ART	Dat.Sg.Fem	der
34-13	4340-4345	Kirch	_	_	_	_	_	_	_	_	_	NN	Dat.Sg.Fem	Kirch
34-14	4346-4352	Pleite	_	_	_	_	_	_	_	_	_	NN	Nom.Sg.Fem	Pleite
34-15	4353-4354	-	_	_	_	_	_	_	_	_	_	$(	_	-
34-16	4354-4355	,	_	_	_	_	_	_	_	_	_	$,	_	,
34-17	4356-4360	dass	_	_	_	_	_	_	_	_	_	KOUS	_	dass
34-18	4361-4364	die	_	_	_	_	_	_	_	_	_	ART	Nom.Pl.Masc	der
34-19	4365-4384	Kontrollmechanismen	_	_	_	_	_	_	_	_	_	NN	Nom.Pl.Masc	Kontrollmechanismus
34-20	4385-4394	insgesamt	_	_	_	_	_	_	_	_	_	ADV	_	insgesamt
34-21	4395-4399	noch	_	_	_	_	_	_	_	_	_	ADV	_	noch
34-22	4400-4410	verbessert	_	_	_	_	_	_	_	_	_	VVPP	Psp	verbessern
34-23	4411-4417	werden	_	_	_	_	_	_	_	_	_	VAINF	Inf	werden
34-24	4418-4424	müssen	_	_	_	_	_	_	_	_	_	VMFIN	3.Pl.Pres.Ind	müssen
34-25	4425-4426	.	_	_	_	_	_	_	_	_	_	$.	_	.

#Text=Das ist ein ganz entscheidender Punkt .
35-1	4429-4432	Das	_	_	_	_	_	_	_	_	_	PDS	Nom.Sg.Neut	der
35-2	4433-4436	ist	_	_	_	_	_	_	_	_	_	VAFIN	3.Sg.Pres.Ind	sein
35-3	4437-4440	ein	_	_	_	_	_	_	_	_	_	ART	Nom.Sg.Masc	ein
35-4	4441-4445	ganz	_	_	_	_	_	_	_	_	_	ADV	_	ganz
35-5	4446-4460	entscheidender	_	_	_	_	_	_	_	_	_	ADJA	Pos.Nom.Sg.Masc	entscheidend
35-6	4461-4466	Punkt	_	_	_	_	_	_	_	_	_	NN	Nom.Sg.Masc	Punkt
35-7	4467-4468	.	_	_	_	_	_	_	_	_	_	$.	_	.

#Text=Deshalb fordern wir die Einrichtung einer europäischen Kommission zur Ermittlung der Konzentration im Medienbereich .
36-1	4471-4478	Deshalb	_	_	_	_	_	_	_	_	_	PROAV	_	deshalb
36-2	4479-4486	fordern	_	_	_	_	_	_	_	_	_	VVFIN	1.Pl.Pres.Ind	fordern
36-3	4487-4490	wir	_	_	_	_	_	_	_	_	_	PPER	1.Nom.Pl.*	wir
36-4	4491-4494	die	_	_	_	_	_	_	_	_	_	ART	Acc.Sg.Fem	der
36-5	4495-4506	Einrichtung	_	_	_	_	_	_	_	_	_	NN	Acc.Sg.Fem	Einrichtung
36-6	4507-4512	einer	_	_	_	_	_	_	_	_	_	ART	Gen.Sg.Fem	ein
36-7	4513-4525	europäischen	_	_	_	_	_	_	_	_	_	ADJA	Pos.Gen.Sg.Fem	europäisch
36-8	4526-4536	Kommission	_	_	_	_	_	_	_	_	_	NN	Gen.Sg.Fem	Kommission
36-9	4537-4540	zur	_	_	_	_	_	_	_	_	_	APPRART	Dat.Sg.Fem	zu
36-10	4541-4551	Ermittlung	_	_	_	_	_	_	_	_	_	NN	Dat.Sg.Fem	Ermittlung
36-11	4552-4555	der	_	_	_	_	_	_	_	_	_	ART	Gen.Sg.Fem	der
36-12	4556-4569	Konzentration	_	_	_	_	_	_	_	_	_	NN	Gen.Sg.Fem	Konzentration
36-13	4570-4572	im	_	_	_	_	_	_	_	_	_	APPRART	Dat.Sg.Masc	in
36-14	4573-4586	Medienbereich	_	_	_	_	_	_	_	_	_	NN	Dat.Sg.Masc	Medienbereich
36-15	4587-4588	.	_	_	_	_	_	_	_	_	_	$.	_	.

#Text=Dabei sollen auch Cross Ownership Regelungen berücksichtigt werden .
37-1	4591-4596	Dabei	_	_	_	_	_	_	_	_	_	PROAV	_	dabei
37-2	4597-4603	sollen	_	_	_	_	_	_	_	_	_	VMFIN	3.Pl.Pres.Ind	sollen
37-3	4604-4608	auch	_	_	_	_	_	_	_	_	_	ADV	_	auch
37-4	4609-4614	Cross	_	_	_	_	_	_	_	_	_	NE	*.*.*	Cross
37-5	4615-4624	Ownership	_	_	_	_	_	_	_	_	_	NN	Nom.Sg.Masc	Ownership
37-6	4625-4635	Regelungen	_	_	_	_	_	_	_	_	_	NN	Nom.Pl.Fem	Regelung
37-7	4636-4650	berücksichtigt	_	_	_	_	_	_	_	_	_	VVPP	Psp	berücksichtigen
37-8	4651-4657	werden	_	_	_	_	_	_	_	_	_	VAINF	Inf	werden
37-9	4658-4659	.	_	_	_	_	_	_	_	_	_	$.	_	.

#Text=Rundfunk , Print , Online und weitere publizistische Beteiligungen lassen sich heutzutage nicht mehr getrennt betrachten .
38-1	4662-4670	Rundfunk	_	_	_	_	_	_	_	_	_	NN	Nom.Sg.Masc	Rundfunk
38-2	4671-4672	,	_	_	_	_	_	_	_	_	_	$,	_	,
38-3	4673-4678	Print	_	_	_	_	_	_	_	_	_	NN	Nom.Sg.Masc	Print
38-4	4679-4680	,	_	_	_	_	_	_	_	_	_	$,	_	,
38-5	4681-4687	Online	_	_	_	_	_	_	_	_	_	NN	Nom.Sg.Fem	Online
38-6	4688-4691	und	_	_	_	_	_	_	_	_	_	KON	_	und
38-7	4692-4699	weitere	_	_	_	_	_	_	_	_	_	ADJA	Comp.Nom.Pl.Fem	weit
38-8	4700-4714	publizistische	_	_	_	_	_	_	_	_	_	ADJA	Pos.Nom.Pl.Fem	publizistisch
38-9	4715-4728	Beteiligungen	_	_	_	_	_	_	_	_	_	NN	Nom.Pl.Fem	Beteiligung
38-10	4729-4735	lassen	_	_	_	_	_	_	_	_	_	VVFIN	3.Pl.Pres.Ind	lassen
38-11	4736-4740	sich	_	_	_	_	_	_	_	_	_	PRF	3.Acc.Pl	sich
38-12	4741-4751	heutzutage	_	_	_	_	_	_	_	_	_	ADV	_	heutzutage
38-13	4752-4757	nicht	_	_	_	_	_	_	_	_	_	PTKNEG	_	nicht
38-14	4758-4762	mehr	_	_	_	_	_	_	_	_	_	ADV	_	mehr
38-15	4763-4771	getrennt	_	_	_	_	_	_	_	_	_	ADJD	Pos	getrennt
38-16	4772-4782	betrachten	_	_	_	_	_	_	_	_	_	VVINF	Inf	betrachten
38-17	4783-4784	.	_	_	_	_	_	_	_	_	_	$.	_	.

#Text=Die Schaffung eines koordinierenden Medien - und Kommunikationsrates auf Bundesebene würde unserer Meinung nach ebenfalls helfen , zukünftige Pleiten und Verflechtungen auf dem Mediensektor zu verhindern .
39-1	4787-4790	Die	_	_	_	_	_	_	_	_	_	ART	Nom.Sg.Fem	der
39-2	4791-4800	Schaffung	_	_	_	_	_	_	_	_	_	NN	Nom.Sg.Fem	Schaffung
39-3	4801-4806	eines	_	_	_	_	_	_	_	_	_	ART	Gen.Sg.Neut	ein
39-4	4807-4822	koordinierenden	_	_	_	_	_	_	_	_	_	ADJA	Pos.Gen.Sg.Neut	koordinierend
39-5	4823-4829	Medien	_	_	_	_	_	_	_	_	_	NN	Gen.Sg.Neut	Medium
39-6	4830-4831	-	_	_	_	_	_	_	_	_	_	$(	_	-
39-7	4832-4835	und	_	_	_	_	_	_	_	_	_	KON	_	und
39-8	4836-4855	Kommunikationsrates	_	_	_	_	_	_	_	_	_	NN	Gen.Sg.Masc	Kommunikationsrat
39-9	4856-4859	auf	_	_	_	_	_	_	_	_	_	APPR	_	auf
39-10	4860-4871	Bundesebene	_	_	_	_	_	_	_	_	_	NN	Dat.Sg.Fem	Bundesebene
39-11	4872-4877	würde	_	_	_	_	_	_	_	_	_	VAFIN	3.Sg.Past.Subj	werden
39-12	4878-4885	unserer	_	_	_	_	_	_	_	_	_	PPOSAT	Dat.Sg.Fem	unser
39-13	4886-4893	Meinung	_	_	_	_	_	_	_	_	_	NN	Dat.Sg.Fem	Meinung
39-14	4894-4898	nach	_	_	_	_	_	_	_	_	_	APPO	Dat	nach
39-15	4899-4908	ebenfalls	_	_	_	_	_	_	_	_	_	ADV	_	ebenfalls
39-16	4909-4915	helfen	_	_	_	_	_	_	_	_	_	VVINF	Inf	helfen
39-17	4916-4917	,	_	_	_	_	_	_	_	_	_	$,	_	,
39-18	4918-4928	zukünftige	_	_	_	_	_	_	_	_	_	ADJA	Pos.Acc.Pl.Fem	zukünftig
39-19	4929-4936	Pleiten	_	_	_	_	_	_	_	_	_	NN	Acc.Pl.Fem	Pleite
39-20	4937-4940	und	_	_	_	_	_	_	_	_	_	KON	_	und
39-21	4941-4955	Verflechtungen	_	_	_	_	_	_	_	_	_	NN	Acc.Pl.Fem	Verflechtung
39-22	4956-4959	auf	_	_	_	_	_	_	_	_	_	APPR	_	auf
39-23	4960-4963	dem	_	_	_	_	_	_	_	_	_	ART	Dat.Sg.Masc	der
39-24	4964-4976	Mediensektor	_	_	_	_	_	_	_	_	_	NN	Dat.Sg.Masc	Mediensektor
39-25	4977-4979	zu	_	_	_	_	_	_	_	_	_	PTKZU	_	zu
39-26	4980-4990	verhindern	_	_	_	_	_	_	_	_	_	VVINF	Inf	verhindern
39-27	4991-4992	.	_	_	_	_	_	_	_	_	_	$.	_	.

#Text=Dazu müssen allerdings die verantwortlichen Institutionen , die Landesmedienanstalten , die KEK oder auch das Bundeskartellamt , enger als bisher zusammenarbeiten können .
40-1	4995-4999	Dazu	_	_	_	_	_	_	_	_	_	PROAV	_	dazu
40-2	5000-5006	müssen	_	_	_	_	_	_	_	_	_	VMFIN	3.Pl.Pres.Ind	müssen
40-3	5007-5017	allerdings	_	_	_	_	_	_	_	_	_	ADV	_	allerdings
40-4	5018-5021	die	_	_	_	_	_	_	_	_	_	ART	Nom.Pl.Fem	der
40-5	5022-5038	verantwortlichen	_	_	_	_	_	_	_	_	_	ADJA	Pos.Nom.Pl.Fem	verantwortlich
40-6	5039-5052	Institutionen	_	_	_	_	_	_	_	_	_	NN	Nom.Pl.Fem	Institution
40-7	5053-5054	,	_	_	_	_	_	_	_	_	_	$,	_	,
40-8	5055-5058	die	_	_	_	_	_	_	_	_	_	ART	Nom.Pl.Fem	der
40-9	5059-5080	Landesmedienanstalten	_	_	_	_	_	_	_	_	_	NN	Nom.Pl.Fem	Landesmedienanstalt
40-10	5081-5082	,	_	_	_	_	_	_	_	_	_	$,	_	,
40-11	5083-5086	die	_	_	_	_	_	_	_	_	_	PRELS	Nom.Pl.Fem	der
40-12	5087-5090	KEK	_	_	_	_	_	_	_	_	_	NE	Nom.Sg.Fem	KEK
40-13	5091-5095	oder	_	_	_	_	_	_	_	_	_	KON	_	oder
40-14	5096-5100	auch	_	_	_	_	_	_	_	_	_	ADV	_	auch
40-15	5101-5104	das	_	_	_	_	_	_	_	_	_	ART	Nom.Sg.Neut	der
40-16	5105-5121	Bundeskartellamt	_	_	_	_	_	_	_	_	_	NN	Nom.Sg.Neut	Bundeskartellamt
40-17	5122-5123	,	_	_	_	_	_	_	_	_	_	$,	_	,
40-18	5124-5129	enger	_	_	_	_	_	_	_	_	_	ADJD	Comp	eng
40-19	5130-5133	als	_	_	_	_	_	_	_	_	_	KOKOM	_	als
40-20	5134-5140	bisher	_	_	_	_	_	_	_	_	_	ADV	_	bisher
40-21	5141-5157	zusammenarbeiten	_	_	_	_	_	_	_	_	_	VVINF	Inf	zusammenarbeiten
40-22	5158-5164	können	_	_	_	_	_	_	_	_	_	VMINF	Inf	können
40-23	5165-5166	.	_	_	_	_	_	_	_	_	_	$.	_	.

#Text=Liebe Kolleginnen und Kollegen , schlussendlich zeigt der Fall Kirch einmal mehr , wie wichtig eine kartellrechtliche und politische Aufsichtsfunktion im Medienbereich ist ; denn lässt man einem Unternehmen zu viele Freiheiten , Herr Kollege Otto , verliert es auf den differenzierten Märkten selbst die Übersicht .
41-1	5169-5174	Liebe	_	_	_	_	_	_	_	_	_	ADJA	Pos.Nom.Pl.*	lieb
41-2	5175-5186	Kolleginnen	_	_	_	_	_	_	_	_	_	NN	Nom.Pl.Fem	Kollegin
41-3	5187-5190	und	_	_	_	_	_	_	_	_	_	KON	_	und
41-4	5191-5199	Kollegen	_	_	_	_	_	_	_	_	_	NN	Nom.Pl.Masc	Kollege
41-5	5200-5201	,	_	_	_	_	_	_	_	_	_	$,	_	,
41-6	5202-5216	schlussendlich	_	_	_	_	_	_	_	_	_	ADJD	Pos	schlussendlich
41-7	5217-5222	zeigt	_	_	_	_	_	_	_	_	_	VVFIN	3.Sg.Pres.Ind	zeigen
41-8	5223-5226	der	_	_	_	_	_	_	_	_	_	ART	Nom.Sg.Masc	der
41-9	5227-5231	Fall	_	_	_	_	_	_	_	_	_	NN	Nom.Sg.Masc	Fall
41-10	5232-5237	Kirch	_	_	_	_	_	_	_	_	_	NE	Nom.Sg.Masc	Kirch
41-11	5238-5244	einmal	_	_	_	_	_	_	_	_	_	ADV	_	einmal
41-12	5245-5249	mehr	_	_	_	_	_	_	_	_	_	ADV	_	mehr
41-13	5250-5251	,	_	_	_	_	_	_	_	_	_	$,	_	,
41-14	5252-5255	wie	_	_	_	_	_	_	_	_	_	PWAV	_	wie
41-15	5256-5263	wichtig	_	_	_	_	_	_	_	_	_	ADJD	Pos	wichtig
41-16	5264-5268	eine	_	_	_	_	_	_	_	_	_	ART	Nom.Sg.Fem	ein
41-17	5269-5286	kartellrechtliche	_	_	_	_	_	_	_	_	_	ADJA	Pos.Nom.Sg.Fem	kartellrechtlich
41-18	5287-5290	und	_	_	_	_	_	_	_	_	_	KON	_	und
41-19	5291-5301	politische	_	_	_	_	_	_	_	_	_	ADJA	Pos.Nom.Sg.Fem	politisch
41-20	5302-5319	Aufsichtsfunktion	_	_	_	_	_	_	_	_	_	NN	Nom.Sg.Fem	Aufsichtsfunktion
41-21	5320-5322	im	_	_	_	_	_	_	_	_	_	APPRART	Dat.Sg.Masc	in
41-22	5323-5336	Medienbereich	_	_	_	_	_	_	_	_	_	NN	Dat.Sg.Masc	Medienbereich
41-23	5337-5340	ist	_	_	_	_	_	_	_	_	_	VAFIN	3.Sg.Pres.Ind	sein
41-24	5341-5342	;	_	_	_	_	_	_	_	_	_	$.	_	;
41-25	5343-5347	denn	_	_	_	_	_	_	_	_	_	KON	_	denn
41-26	5348-5353	lässt	_	_	_	_	_	_	_	_	_	VVFIN	3.Sg.Pres.Ind	lassen
41-27	5354-5357	man	_	_	_	_	_	_	_	_	_	PIS	Nom.Sg.*	man
41-28	5358-5363	einem	_	_	_	_	_	_	_	_	_	ART	Dat.Sg.Neut	ein
41-29	5364-5375	Unternehmen	_	_	_	_	_	_	_	_	_	NN	Dat.Sg.Neut	Unternehmen
41-30	5376-5378	zu	_	_	_	_	_	_	_	_	_	PTKA	_	zu
41-31	5379-5384	viele	_	_	_	_	_	_	_	_	_	PIAT	Acc.Pl.Fem	vieler
41-32	5385-5395	Freiheiten	_	_	_	_	_	_	_	_	_	NN	Acc.Pl.Fem	Freiheit
41-33	5396-5397	,	_	_	_	_	_	_	_	_	_	$,	_	,
41-34	5398-5402	Herr	_	_	_	_	_	_	_	_	_	NN	Nom.Sg.Masc	Herr
41-35	5403-5410	Kollege	_	_	_	_	_	_	_	_	_	NN	Nom.Sg.Masc	Kollege
41-36	5411-5415	Otto	_	_	_	_	_	_	_	_	_	NE	Nom.Sg.Masc	Otto
41-37	5416-5417	,	_	_	_	_	_	_	_	_	_	$,	_	,
41-38	5418-5426	verliert	_	_	_	_	_	_	_	_	_	VVFIN	3.Sg.Pres.Ind	verlieren
41-39	5427-5429	es	_	_	_	_	_	_	_	_	_	PPER	3.Nom.Sg.Neut	es
41-40	5430-5433	auf	_	_	_	_	_	_	_	_	_	APPR	_	auf
41-41	5434-5437	den	_	_	_	_	_	_	_	_	_	ART	Dat.Pl.Masc	der
41-42	5438-5453	differenzierten	_	_	_	_	_	_	_	_	_	ADJA	Pos.Dat.Pl.Masc	differenziert
41-43	5454-5461	Märkten	_	_	_	_	_	_	_	_	_	NN	Dat.Pl.Masc	Markt
41-44	5462-5468	selbst	_	_	_	_	_	_	_	_	_	ADV	_	selbst
41-45	5469-5472	die	_	_	_	_	_	_	_	_	_	ART	Acc.Sg.Fem	der
41-46	5473-5482	Übersicht	_	_	_	_	_	_	_	_	_	NN	Acc.Sg.Fem	Übersicht
41-47	5483-5484	.	_	_	_	_	_	_	_	_	_	$.	_	.

#Text=Medienpolitik muss daher immer über den Tellerrand hinaus schauen , sie muss gegebenenfalls Standortpolitik entlarven , Marktanteile im Auge behalten und darf bei den einzelnen Verwertungsketten nicht die Übersicht verlieren .
42-1	5487-5500	Medienpolitik	_	_	_	_	_	_	_	_	_	NN	Nom.Sg.Fem	Medienpolitik
42-2	5501-5505	muss	_	_	_	_	_	_	_	_	_	VMFIN	3.Sg.Pres.Ind	müssen
42-3	5506-5511	daher	_	_	_	_	_	_	_	_	_	PROAV	_	daher
42-4	5512-5517	immer	_	_	_	_	_	_	_	_	_	ADV	_	immer
42-5	5518-5522	über	_	_	_	_	_	_	_	_	_	APPR	_	über
42-6	5523-5526	den	_	_	_	_	_	_	_	_	_	ART	Acc.Sg.Masc	der
42-7	5527-5537	Tellerrand	_	_	_	_	_	_	_	_	_	NN	Acc.Sg.Masc	Tellerrand
42-8	5538-5544	hinaus	_	_	_	_	_	_	_	_	_	APZR	_	hinaus
42-9	5545-5552	schauen	_	_	_	_	_	_	_	_	_	VVINF	Inf	schauen
42-10	5553-5554	,	_	_	_	_	_	_	_	_	_	$,	_	,
42-11	5555-5558	sie	_	_	_	_	_	_	_	_	_	PPER	3.Nom.Sg.Fem	sie
42-12	5559-5563	muss	_	_	_	_	_	_	_	_	_	VMFIN	3.Sg.Pres.Ind	müssen
42-13	5564-5578	gegebenenfalls	_	_	_	_	_	_	_	_	_	ADV	_	gegebenenfalls
42-14	5579-5594	Standortpolitik	_	_	_	_	_	_	_	_	_	NN	Acc.Sg.Fem	Standortpolitik
42-15	5595-5604	entlarven	_	_	_	_	_	_	_	_	_	VVINF	Inf	entlarven
42-16	5605-5606	,	_	_	_	_	_	_	_	_	_	$,	_	,
42-17	5607-5619	Marktanteile	_	_	_	_	_	_	_	_	_	NN	Acc.Pl.Masc	Marktanteil
42-18	5620-5622	im	_	_	_	_	_	_	_	_	_	APPRART	Dat.Sg.Neut	in
42-19	5623-5627	Auge	_	_	_	_	_	_	_	_	_	NN	Dat.Sg.Neut	Auge
42-20	5628-5636	behalten	_	_	_	_	_	_	_	_	_	VVINF	Inf	behalten
42-21	5637-5640	und	_	_	_	_	_	_	_	_	_	KON	_	und
42-22	5641-5645	darf	_	_	_	_	_	_	_	_	_	VMFIN	3.Sg.Pres.Ind	dürfen
42-23	5646-5649	bei	_	_	_	_	_	_	_	_	_	APPR	_	bei
42-24	5650-5653	den	_	_	_	_	_	_	_	_	_	ART	Dat.Pl.Fem	der
42-25	5654-5663	einzelnen	_	_	_	_	_	_	_	_	_	ADJA	Pos.Dat.Pl.Fem	einzeln
42-26	5664-5681	Verwertungsketten	_	_	_	_	_	_	_	_	_	NN	Dat.Pl.Fem	Verwertungskette
42-27	5682-5687	nicht	_	_	_	_	_	_	_	_	_	PTKNEG	_	nicht
42-28	5688-5691	die	_	_	_	_	_	_	_	_	_	ART	Acc.Sg.Fem	der
42-29	5692-5701	Übersicht	_	_	_	_	_	_	_	_	_	NN	Acc.Sg.Fem	Übersicht
42-30	5702-5711	verlieren	_	_	_	_	_	_	_	_	_	VVINF	Inf	verlieren
42-31	5712-5713	.	_	_	_	_	_	_	_	_	_	$.	_	.

#Text=Ich danke für Ihre Aufmerksamkeit .
43-1	5716-5719	Ich	_	_	_	_	_	_	_	_	_	PPER	1.Nom.Sg.*	ich
43-2	5720-5725	danke	_	_	_	_	_	_	_	_	_	VVFIN	1.Sg.Pres.Ind	danken
43-3	5726-5729	für	_	_	_	_	_	_	_	_	_	APPR	_	für
43-4	5730-5734	Ihre	_	_	_	_	_	_	_	_	_	PPOSAT	Acc.Sg.Fem	ihr
43-5	5735-5749	Aufmerksamkeit	_	_	_	_	_	_	_	_	_	NN	Acc.Sg.Fem	Aufmerksamkeit
43-6	5750-5751	.	_	_	_	_	_	_	_	_	_	$.	_	.
