#FORMAT=WebAnno TSV 3.3
#T_SP=webanno.custom.MET_A|MFlag|Rolle
#T_SP=webanno.custom.MET_B|basic|c_mark
#T_SP=webanno.custom.MET_B2|b_Lex
#T_SP=webanno.custom.MET_C|a_Ref|b_Art
#T_SP=webanno.custom.MET_D|a_Par
#T_RL=webanno.custom.METD|BT_webanno.custom.MET_A


#Text=Denke bei Arbeiten an diesem Buch immer daran , es ist für Kinder gemacht , etwa bis zur vierten Klasse .
1-1	0-5	Denke	_	_	_	_	_	_	_	_	_	NN	Nom.Pl.Masc	Denke
1-2	6-9	bei	_	_	_	_	_	_	_	_	_	APPR	_	bei
1-3	10-18	Arbeiten	_	_	_	_	_	_	_	_	_	NN	Dat.Pl.Fem	Arbeit
1-4	19-21	an	_	_	_	_	_	_	_	_	_	APPR	_	an
1-5	22-28	diesem	_	_	_	_	_	_	_	_	_	PDAT	Dat.Sg.Neut	dieser
1-6	29-33	Buch	_	_	_	_	_	_	_	_	_	NN	Dat.Sg.Neut	Buch
1-7	34-39	immer	_	_	_	_	_	_	_	_	_	ADV	_	immer
1-8	40-45	daran	_	_	_	_	_	_	_	_	_	PROAV	_	daran
1-9	46-47	,	_	_	_	_	_	_	_	_	_	$,	_	,
1-10	48-50	es	_	_	_	_	_	_	_	_	_	PPER	3.Nom.Sg.Neut	es
1-11	51-54	ist	_	_	_	_	_	_	_	_	_	VAFIN	3.Sg.Pres.Ind	sein
1-12	55-58	für	_	_	_	_	_	_	_	_	_	APPR	_	für
1-13	59-65	Kinder	_	_	_	_	_	_	_	_	_	NN	Acc.Pl.Neut	Kind
1-14	66-73	gemacht	_	_	_	_	_	_	_	_	_	VVPP	Psp	machen
1-15	74-75	,	_	_	_	_	_	_	_	_	_	$,	_	,
1-16	76-80	etwa	_	_	_	_	_	_	_	_	_	ADV	_	etwa
1-17	81-84	bis	_	_	_	_	_	_	_	_	_	APPR	_	bis
1-18	85-88	zur	_	_	_	_	_	_	_	_	_	APPRART	Dat.Sg.Fem	zu
1-19	89-96	vierten	_	_	_	_	_	_	_	_	_	ADJA	Pos.Dat.Sg.Fem	vierter
1-20	97-103	Klasse	_	_	_	_	_	_	_	_	_	NN	Dat.Sg.Fem	Klasse
1-21	104-105	.	_	_	_	_	_	_	_	_	_	$.	_	.

#Text=Es ist wichtiger , dass es verstanden wird , anstatt jedes Detail präzise zu beschreiben .
2-1	108-110	Es	_	_	_	_	_	_	_	_	_	PPER	3.Nom.Sg.Neut	es
2-2	111-114	ist	_	_	_	_	_	_	_	_	_	VAFIN	3.Sg.Pres.Ind	sein
2-3	115-124	wichtiger	_	_	_	_	_	_	_	_	_	ADJD	Comp	wichtig
2-4	125-126	,	_	_	_	_	_	_	_	_	_	$,	_	,
2-5	127-131	dass	_	_	_	_	_	_	_	_	_	KOUS	_	dass
2-6	132-134	es	_	_	_	_	_	_	_	_	_	PPER	3.Nom.Sg.Neut	es
2-7	135-145	verstanden	_	_	_	_	_	_	_	_	_	VVPP	Psp	verstehen
2-8	146-150	wird	_	_	_	_	_	_	_	_	_	VAFIN	3.Sg.Pres.Ind	werden
2-9	151-152	,	_	_	_	_	_	_	_	_	_	$,	_	,
2-10	153-160	anstatt	_	_	_	_	_	_	_	_	_	KOUI	_	anstatt
2-11	161-166	jedes	_	_	_	_	_	_	_	_	_	PIAT	Acc.Sg.Neut	jeder
2-12	167-173	Detail	_	_	_	_	_	_	_	_	_	NN	Acc.Sg.Neut	Detail
2-13	174-181	präzise	_	_	_	_	_	_	_	_	_	ADJD	Pos	präzise
2-14	182-184	zu	_	_	_	_	_	_	_	_	_	PTKZU	_	zu
2-15	185-196	beschreiben	_	_	_	_	_	_	_	_	_	VVINF	Inf	beschreiben
2-16	197-198	.	_	_	_	_	_	_	_	_	_	$.	_	.

#Text=Nutze Fachwörter , wo sie gebraucht werden , aber erkläre sie .
3-1	201-206	Nutze	_	_	_	_	_	_	_	_	_	ADJA	Pos.Nom.Pl.Masc	nutz
3-2	207-217	Fachwörter	_	_	_	_	_	_	_	_	_	NN	Nom.Pl.Masc	Fachwörter
3-3	218-219	,	_	_	_	_	_	_	_	_	_	$,	_	,
3-4	220-222	wo	_	_	_	_	_	_	_	_	_	PWAV	_	wo
3-5	223-226	sie	_	_	_	_	_	_	_	_	_	PPER	3.Nom.Pl.Masc	sie
3-6	227-236	gebraucht	_	_	_	_	_	_	_	_	_	VVPP	Psp	brauchen
3-7	237-243	werden	_	_	_	_	_	_	_	_	_	VAFIN	3.Pl.Pres.Ind	werden
3-8	244-245	,	_	_	_	_	_	_	_	_	_	$,	_	,
3-9	246-250	aber	_	_	_	_	_	_	_	_	_	KON	_	aber
3-10	251-258	erkläre	_	_	_	_	_	_	_	_	_	VVFIN	3.Sg.Pres.Subj	erklären
3-11	259-262	sie	_	_	_	_	_	_	_	_	_	PPER	3.Nom.Sg.Fem	sie
3-12	263-264	.	_	_	_	_	_	_	_	_	_	$.	_	.

#Text=Benutze keine großen Worte , wenn es auch einfach geht .
4-1	267-274	Benutze	_	_	_	_	_	_	_	_	_	NN	Nom.Pl.Masc	Benutz
4-2	275-280	keine	_	_	_	_	_	_	_	_	_	PIAT	Nom.Pl.Neut	kein
4-3	281-287	großen	_	_	_	_	_	_	_	_	_	ADJA	Pos.Nom.Pl.Neut	groß
4-4	288-293	Worte	_	_	_	_	_	_	_	_	_	NN	Acc.Pl.Neut	Wort
4-5	294-295	,	_	_	_	_	_	_	_	_	_	$,	_	,
4-6	296-300	wenn	_	_	_	_	_	_	_	_	_	KOUS	_	wenn
4-7	301-303	es	_	_	_	_	_	_	_	_	_	PPER	3.Nom.Sg.Neut	es
4-8	304-308	auch	_	_	_	_	_	_	_	_	_	ADV	_	auch
4-9	309-316	einfach	_	_	_	_	_	_	_	_	_	ADV	_	einfach
4-10	317-321	geht	_	_	_	_	_	_	_	_	_	VVFIN	3.Sg.Pres.Ind	gehen
4-11	322-323	.	_	_	_	_	_	_	_	_	_	$.	_	.

#Text=Vor langer , langer Zeit lebten die Menschen in Großfamilien zusammen , um sich gegenseitig vor Raubtieren und Fremden zu schützen .
5-1	326-329	Vor	_	_	_	_	_	_	_	_	_	APPR	_	vor
5-2	330-336	langer	_	_	_	_	_	_	_	_	_	ADJA	Pos.Dat.Sg.Fem	lang
5-3	337-338	,	_	_	_	_	_	_	_	_	_	$,	_	,
5-4	339-345	langer	_	_	_	_	_	_	_	_	_	ADJA	Pos.Dat.Sg.Fem	lang
5-5	346-350	Zeit	_	_	_	_	_	_	_	_	_	NN	Dat.Sg.Fem	Zeit
5-6	351-357	lebten	_	_	_	_	_	_	_	_	_	VVFIN	3.Pl.Past.Ind	lebten
5-7	358-361	die	_	_	_	_	_	_	_	_	_	ART	Nom.Pl.Masc	der
5-8	362-370	Menschen	_	_	_	_	_	_	_	_	_	NN	Nom.Pl.Masc	Mensch
5-9	371-373	in	_	_	_	_	_	_	_	_	_	APPR	_	in
5-10	374-386	Großfamilien	_	_	_	_	_	_	_	_	_	NN	Dat.Pl.Fem	Großfamilie
5-11	387-395	zusammen	_	_	_	_	_	_	_	_	_	PTKVZ	_	zusammen
5-12	396-397	,	_	_	_	_	_	_	_	_	_	$,	_	,
5-13	398-400	um	_	_	_	_	_	_	_	_	_	KOUI	_	um
5-14	401-405	sich	_	_	_	_	_	_	_	_	_	PRF	3.Acc.Pl	sich
5-15	406-417	gegenseitig	_	_	_	_	_	_	_	_	_	ADJD	Pos	gegenseitig
5-16	418-421	vor	_	_	_	_	_	_	_	_	_	APPR	_	vor
5-17	422-432	Raubtieren	_	_	_	_	_	_	_	_	_	NN	Dat.Pl.Neut	Raubtier
5-18	433-436	und	_	_	_	_	_	_	_	_	_	KON	_	und
5-19	437-444	Fremden	_	_	_	_	_	_	_	_	_	NN	Dat.Pl.*	fremde
5-20	445-447	zu	_	_	_	_	_	_	_	_	_	PTKZU	_	zu
5-21	448-456	schützen	_	_	_	_	_	_	_	_	_	VVINF	Inf	schützen
5-22	457-458	.	_	_	_	_	_	_	_	_	_	$.	_	.

#Text=Die Waffen hatten sie ständig griffbereit .
6-1	461-464	Die	_	_	_	_	_	_	_	_	_	ART	Acc.Pl.Fem	der
6-2	465-471	Waffen	_	_	_	_	_	_	_	_	_	NN	Acc.Pl.Fem	Waffe
6-3	472-478	hatten	_	_	_	_	_	_	_	_	_	VAFIN	3.Pl.Past.Ind	haben
6-4	479-482	sie	_	_	_	_	_	_	_	_	_	PPER	3.Nom.Pl.*	sie
6-5	483-490	ständig	_	_	_	_	_	_	_	_	_	ADJD	Pos	ständig
6-6	491-502	griffbereit	_	_	_	_	_	_	_	_	_	ADJD	Pos	griffbereit
6-7	503-504	.	_	_	_	_	_	_	_	_	_	$.	_	.

#Text=Zu den „ alteingesessenen “ benachbarten Familien gab es oft gute Beziehungen , und die Jugendlichen heirateten untereinander .
7-1	507-509	Zu	_	_	_	_	_	_	_	_	_	APPR	_	zu
7-2	510-513	den	_	_	_	_	_	_	_	_	_	ART	Dat.Pl.Fem	der
7-3	514-515	„	_	_	_	_	_	_	_	_	_	APPR	_	„
7-4	516-532	alteingesessenen	_	_	_	_	_	_	_	_	_	ADJA	Pos.Dat.Pl.Fem	alteingesessen
7-5	533-534	“	_	_	_	_	_	_	_	_	_	APPR	_	“
7-6	535-547	benachbarten	_	_	_	_	_	_	_	_	_	ADJA	Pos.Dat.Pl.Fem	benachbart
7-7	548-556	Familien	false	0Kern	true	true	Gruppe aller miteinander \[bluts\]verwandten Personen	true	*	Gruppierungen	_	NN	Dat.Pl.Fem	Familie
7-8	557-560	gab	_	_	_	_	_	_	_	_	_	VVFIN	3.Sg.Past.Ind	geben
7-9	561-563	es	_	_	_	_	_	_	_	_	_	PPER	3.Nom.Sg.Neut	es
7-10	564-567	oft	_	_	_	_	_	_	_	_	_	ADV	_	oft
7-11	568-572	gute	_	_	_	_	_	_	_	_	_	ADJA	Pos.Acc.Pl.Fem	gut
7-12	573-584	Beziehungen	_	_	_	_	_	_	_	_	_	NN	Acc.Pl.Fem	Beziehung
7-13	585-586	,	_	_	_	_	_	_	_	_	_	$,	_	,
7-14	587-590	und	_	_	_	_	_	_	_	_	_	KON	_	und
7-15	591-594	die	_	_	_	_	_	_	_	_	_	ART	Nom.Pl.*	der
7-16	595-607	Jugendlichen	_	_	_	_	_	_	_	_	_	NN	Acc.Pl.*	jugendliche
7-17	608-618	heirateten	_	_	_	_	_	_	_	_	_	VVFIN	3.Pl.Past.Ind	heiraten
7-18	619-632	untereinander	_	_	_	_	_	_	_	_	_	ADV	_	untereinander
7-19	633-634	.	_	_	_	_	_	_	_	_	_	$.	_	.

#Text=Wenn aber Fremde einwanderten , kam es oft zum Streit um die Jagdgründe .
8-1	637-641	Wenn	_	_	_	_	_	_	_	_	_	KOUS	_	wenn
8-2	642-646	aber	_	_	_	_	_	_	_	_	_	ADV	_	aber
8-3	647-653	Fremde	_	_	_	_	_	_	_	_	_	NN	Nom.Pl.*	fremde
8-4	654-666	einwanderten	_	_	_	_	_	_	_	_	_	VVFIN	3.Pl.Past.Ind	einwandern
8-5	667-668	,	_	_	_	_	_	_	_	_	_	$,	_	,
8-6	669-672	kam	_	_	_	_	_	_	_	_	_	VVFIN	3.Sg.Past.Ind	kommen
8-7	673-675	es	_	_	_	_	_	_	_	_	_	PPER	3.Nom.Sg.Neut	es
8-8	676-679	oft	_	_	_	_	_	_	_	_	_	ADV	_	oft
8-9	680-683	zum	_	_	_	_	_	_	_	_	_	APPRART	Dat.Sg.Masc	zu
8-10	684-690	Streit	_	_	_	_	_	_	_	_	_	NN	Dat.Sg.Masc	Streit
8-11	691-693	um	_	_	_	_	_	_	_	_	_	APPR	_	um
8-12	694-697	die	_	_	_	_	_	_	_	_	_	ART	Acc.Pl.Masc	der
8-13	698-708	Jagdgründe	_	_	_	_	_	_	_	_	_	NN	Acc.Pl.Masc	Jagdgrund
8-14	709-710	.	_	_	_	_	_	_	_	_	_	$.	_	.

#Text=Gegenüber den Fremden herrschte meist das Recht des Stärkeren .
9-1	713-722	Gegenüber	_	_	_	_	_	_	_	_	_	APPR	_	gegenüber
9-2	723-726	den	_	_	_	_	_	_	_	_	_	ART	Dat.Pl.*	der
9-3	727-734	Fremden	_	_	_	_	_	_	_	_	_	NN	Dat.Pl.*	fremde
9-4	735-744	herrschte	_	_	_	_	_	_	_	_	_	VVFIN	3.Sg.Past.Ind	herrschen
9-5	745-750	meist	_	_	_	_	_	_	_	_	_	ADV	_	meist
9-6	751-754	das	_	_	_	_	_	_	_	_	_	ART	Nom.Sg.Neut	der
9-7	755-760	Recht	_	_	_	_	_	_	_	_	_	NN	Nom.Sg.Neut	Recht
9-8	761-764	des	_	_	_	_	_	_	_	_	_	ART	Gen.Sg.Neut	der
9-9	765-774	Stärkeren	_	_	_	_	_	_	_	_	_	NN	Gen.Sg.Neut	stark
9-10	775-776	.	_	_	_	_	_	_	_	_	_	$.	_	.

#Text=Der Schwächere tat gut daran , schnell zu verschwinden .
10-1	779-782	Der	_	_	_	_	_	_	_	_	_	ART	Nom.Sg.Masc	der
10-2	783-793	Schwächere	_	_	_	_	_	_	_	_	_	NN	Nom.Sg.Masc	Schwächere
10-3	794-797	tat	_	_	_	_	_	_	_	_	_	VVFIN	3.Sg.Past.Ind	tun
10-4	798-801	gut	_	_	_	_	_	_	_	_	_	ADJD	Pos	gut
10-5	802-807	daran	_	_	_	_	_	_	_	_	_	PROAV	_	daran
10-6	808-809	,	_	_	_	_	_	_	_	_	_	$,	_	,
10-7	810-817	schnell	_	_	_	_	_	_	_	_	_	ADJD	Pos	schnell
10-8	818-820	zu	_	_	_	_	_	_	_	_	_	PTKZU	_	zu
10-9	821-833	verschwinden	_	_	_	_	_	_	_	_	_	VVINF	Inf	verschwinden
10-10	834-835	.	_	_	_	_	_	_	_	_	_	$.	_	.

#Text=Später begannen die Menschen , in Siedlungen zusammen zu leben .
11-1	838-844	Später	_	_	_	_	_	_	_	_	_	ADJD	Comp	spät
11-2	845-853	begannen	_	_	_	_	_	_	_	_	_	VVFIN	3.Pl.Past.Ind	beginnen
11-3	854-857	die	_	_	_	_	_	_	_	_	_	ART	Nom.Pl.Masc	der
11-4	858-866	Menschen	_	_	_	_	_	_	_	_	_	NN	Nom.Pl.Masc	Mensch
11-5	867-868	,	_	_	_	_	_	_	_	_	_	$,	_	,
11-6	869-871	in	_	_	_	_	_	_	_	_	_	APPR	_	in
11-7	872-882	Siedlungen	_	_	_	_	_	_	_	_	_	NN	Dat.Pl.Fem	Siedlung
11-8	883-891	zusammen	_	_	_	_	_	_	_	_	_	ADV	_	zusammen
11-9	892-894	zu	_	_	_	_	_	_	_	_	_	PTKZU	_	zu
11-10	895-900	leben	_	_	_	_	_	_	_	_	_	VVINF	Inf	leben
11-11	901-902	.	_	_	_	_	_	_	_	_	_	$.	_	.

#Text=Das ging natürlich nur , indem sie Regeln für das Zusammenleben verabredeten : Bestiehl deinen Nachbarn nicht , entführe nicht dessen Töchter und viele andere Regeln .
12-1	905-908	Das	_	_	_	_	_	_	_	_	_	PDS	Nom.Sg.Neut	der
12-2	909-913	ging	_	_	_	_	_	_	_	_	_	VVFIN	3.Sg.Past.Ind	gehen
12-3	914-923	natürlich	_	_	_	_	_	_	_	_	_	ADV	_	natürlich
12-4	924-927	nur	_	_	_	_	_	_	_	_	_	ADV	_	nur
12-5	928-929	,	_	_	_	_	_	_	_	_	_	$,	_	,
12-6	930-935	indem	_	_	_	_	_	_	_	_	_	KOUS	_	indem
12-7	936-939	sie	_	_	_	_	_	_	_	_	_	PPER	3.Nom.Pl.*	sie
12-8	940-946	Regeln	_	_	_	_	_	_	_	_	_	NN	Acc.Pl.Fem	Regel
12-9	947-950	für	_	_	_	_	_	_	_	_	_	APPR	_	für
12-10	951-954	das	_	_	_	_	_	_	_	_	_	ART	Acc.Sg.Neut	der
12-11	955-968	Zusammenleben	_	_	_	_	_	_	_	_	_	NN	Acc.Sg.Neut	zusammenleben
12-12	969-981	verabredeten	_	_	_	_	_	_	_	_	_	VVFIN	3.Pl.Past.Ind	verabreden
12-13	982-983	:	_	_	_	_	_	_	_	_	_	$.	_	:
12-14	984-992	Bestiehl	_	_	_	_	_	_	_	_	_	NN	Acc.Sg.Masc	Bestiehl
12-15	993-999	deinen	_	_	_	_	_	_	_	_	_	PPOSAT	Dat.Pl.Masc	dein
12-16	1000-1008	Nachbarn	_	_	_	_	_	_	_	_	_	NN	Dat.Pl.Masc	Nachbar
12-17	1009-1014	nicht	_	_	_	_	_	_	_	_	_	PTKNEG	_	nicht
12-18	1015-1016	,	_	_	_	_	_	_	_	_	_	$,	_	,
12-19	1017-1025	entführe	_	_	_	_	_	_	_	_	_	VVFIN	3.Sg.Pres.Subj	entführen
12-20	1026-1031	nicht	_	_	_	_	_	_	_	_	_	PTKNEG	_	nicht
12-21	1032-1038	dessen	_	_	_	_	_	_	_	_	_	PDS	Gen.Sg.*	der
12-22	1039-1046	Töchter	_	_	_	_	_	_	_	_	_	NN	Acc.Pl.Fem	Tochter
12-23	1047-1050	und	_	_	_	_	_	_	_	_	_	KON	_	und
12-24	1051-1056	viele	_	_	_	_	_	_	_	_	_	PIAT	Nom.Pl.Fem	vieler
12-25	1057-1063	andere	_	_	_	_	_	_	_	_	_	ADJA	Pos.Nom.Pl.Fem	anderer
12-26	1064-1070	Regeln	_	_	_	_	_	_	_	_	_	NN	Nom.Pl.Fem	Regel
12-27	1071-1072	.	_	_	_	_	_	_	_	_	_	$.	_	.

#Text=Streitigkeiten wurden nicht mehr mit Gewalt ausgetragen , sondern einem Richter vorgetragen .
13-1	1075-1089	Streitigkeiten	_	_	_	_	_	_	_	_	_	NN	Nom.Pl.Fem	Streitigkeit
13-2	1090-1096	wurden	_	_	_	_	_	_	_	_	_	VAFIN	3.Pl.Past.Ind	werden
13-3	1097-1102	nicht	_	_	_	_	_	_	_	_	_	PTKNEG	_	nicht
13-4	1103-1107	mehr	_	_	_	_	_	_	_	_	_	ADV	_	mehr
13-5	1108-1111	mit	_	_	_	_	_	_	_	_	_	APPR	_	mit
13-6	1112-1118	Gewalt	_	_	_	_	_	_	_	_	_	NN	Dat.Sg.Fem	Gewalt
13-7	1119-1130	ausgetragen	_	_	_	_	_	_	_	_	_	VVPP	Psp	austragen
13-8	1131-1132	,	_	_	_	_	_	_	_	_	_	$,	_	,
13-9	1133-1140	sondern	_	_	_	_	_	_	_	_	_	KON	_	sondern
13-10	1141-1146	einem	_	_	_	_	_	_	_	_	_	ART	Dat.Sg.Masc	ein
13-11	1147-1154	Richter	_	_	_	_	_	_	_	_	_	NN	Dat.Sg.Masc	Richter
13-12	1155-1166	vorgetragen	_	_	_	_	_	_	_	_	_	VVPP	Psp	vortragen
13-13	1167-1168	.	_	_	_	_	_	_	_	_	_	$.	_	.

#Text=Dieser traf seine Entscheidungen nicht nach Gutdünken , sondern den traditionellen Regeln , Gesetzen entsprechend .
14-1	1171-1177	Dieser	_	_	_	_	_	_	_	_	_	PDS	Nom.Sg.Masc	dieser
14-2	1178-1182	traf	_	_	_	_	_	_	_	_	_	VVFIN	3.Sg.Past.Ind	treffen
14-3	1183-1188	seine	_	_	_	_	_	_	_	_	_	PPOSAT	Acc.Pl.Fem	sein
14-4	1189-1203	Entscheidungen	_	_	_	_	_	_	_	_	_	NN	Acc.Pl.Fem	Entscheidung
14-5	1204-1209	nicht	_	_	_	_	_	_	_	_	_	PTKNEG	_	nicht
14-6	1210-1214	nach	_	_	_	_	_	_	_	_	_	APPR	_	nach
14-7	1215-1224	Gutdünken	_	_	_	_	_	_	_	_	_	NN	Dat.Sg.Neut	Gutdünken
14-8	1225-1226	,	_	_	_	_	_	_	_	_	_	$,	_	,
14-9	1227-1234	sondern	_	_	_	_	_	_	_	_	_	KON	_	sondern
14-10	1235-1238	den	_	_	_	_	_	_	_	_	_	ART	Dat.Pl.*	der
14-11	1239-1253	traditionellen	_	_	_	_	_	_	_	_	_	ADJA	Pos.Dat.Pl.Fem	traditionell
14-12	1254-1260	Regeln	_	_	_	_	_	_	_	_	_	NN	Dat.Pl.Fem	Regel
14-13	1261-1262	,	_	_	_	_	_	_	_	_	_	$,	_	,
14-14	1263-1271	Gesetzen	_	_	_	_	_	_	_	_	_	NN	Dat.Pl.Neut	Gesetz
14-15	1272-1284	entsprechend	_	_	_	_	_	_	_	_	_	ADJD	Pos	entsprechend
14-16	1285-1286	.	_	_	_	_	_	_	_	_	_	$.	_	.

#Text=Die Entscheidungen des Gerichts wurden von beiden Parteien anerkannt .
15-1	1289-1292	Die	_	_	_	_	_	_	_	_	_	ART	Nom.Pl.Fem	der
15-2	1293-1307	Entscheidungen	_	_	_	_	_	_	_	_	_	NN	Nom.Pl.Fem	Entscheidung
15-3	1308-1311	des	_	_	_	_	_	_	_	_	_	ART	Gen.Sg.Neut	der
15-4	1312-1320	Gerichts	_	_	_	_	_	_	_	_	_	NN	Gen.Sg.Neut	Gericht
15-5	1321-1327	wurden	_	_	_	_	_	_	_	_	_	VAFIN	3.Pl.Past.Ind	werden
15-6	1328-1331	von	_	_	_	_	_	_	_	_	_	APPR	_	von
15-7	1332-1338	beiden	_	_	_	_	_	_	_	_	_	PIAT	Dat.Pl.Fem	beide
15-8	1339-1347	Parteien	_	_	_	_	_	_	_	_	_	NN	Dat.Pl.Fem	Partei
15-9	1348-1357	anerkannt	_	_	_	_	_	_	_	_	_	VVPP	Psp	anerkennen
15-10	1358-1359	.	_	_	_	_	_	_	_	_	_	$.	_	.

#Text=Die Bereitschaft , Gesetze und Urteile anzuerkennen und die Fähigkeit , das Zusammenleben ohne Waffengewalt zu regeln , nennt man „ zivilisiert “ .
16-1	1362-1365	Die	_	_	_	_	_	_	_	_	_	ART	Acc.Sg.Fem	der
16-2	1366-1378	Bereitschaft	_	_	_	_	_	_	_	_	_	NN	Acc.Sg.Fem	Bereitschaft
16-3	1379-1380	,	_	_	_	_	_	_	_	_	_	$,	_	,
16-4	1381-1388	Gesetze	_	_	_	_	_	_	_	_	_	NN	Acc.Pl.Neut	Gesetz
16-5	1389-1392	und	_	_	_	_	_	_	_	_	_	KON	_	und
16-6	1393-1400	Urteile	_	_	_	_	_	_	_	_	_	NN	Acc.Pl.Neut	Urteil
16-7	1401-1413	anzuerkennen	_	_	_	_	_	_	_	_	_	VVIZU	Infzu	anerkennen
16-8	1414-1417	und	_	_	_	_	_	_	_	_	_	KON	_	und
16-9	1418-1421	die	_	_	_	_	_	_	_	_	_	ART	Nom.Sg.Fem	der
16-10	1422-1431	Fähigkeit	_	_	_	_	_	_	_	_	_	NN	Nom.Sg.Fem	Fähigkeit
16-11	1432-1433	,	_	_	_	_	_	_	_	_	_	$,	_	,
16-12	1434-1437	das	_	_	_	_	_	_	_	_	_	ART	Acc.Sg.Neut	der
16-13	1438-1451	Zusammenleben	_	_	_	_	_	_	_	_	_	NN	Acc.Sg.Neut	zusammenleben
16-14	1452-1456	ohne	_	_	_	_	_	_	_	_	_	APPR	_	ohne
16-15	1457-1469	Waffengewalt	_	_	_	_	_	_	_	_	_	NN	Acc.Sg.Fem	Waffengewalt
16-16	1470-1472	zu	_	_	_	_	_	_	_	_	_	PTKZU	_	zu
16-17	1473-1479	regeln	_	_	_	_	_	_	_	_	_	VVINF	Inf	regeln
16-18	1480-1481	,	_	_	_	_	_	_	_	_	_	$,	_	,
16-19	1482-1487	nennt	_	_	_	_	_	_	_	_	_	VVFIN	3.Sg.Pres.Ind	nennen
16-20	1488-1491	man	_	_	_	_	_	_	_	_	_	PIS	Nom.Sg.*	man
16-21	1492-1493	„	_	_	_	_	_	_	_	_	_	FM	_	„
16-22	1494-1505	zivilisiert	_	_	_	_	_	_	_	_	_	VVFIN	3.Sg.Pres.Ind	zivilisieren
16-23	1506-1507	“	_	_	_	_	_	_	_	_	_	$(	_	“
16-24	1508-1509	.	_	_	_	_	_	_	_	_	_	$.	_	.

#Text=Die Erfindung der Schrift ermöglichte es , die Gesetze niederzuschreiben , so dass sich jeder über die Rechtslage informieren konnte .
17-1	1512-1515	Die	_	_	_	_	_	_	_	_	_	ART	Nom.Sg.Fem	der
17-2	1516-1525	Erfindung	_	_	_	_	_	_	_	_	_	NN	Nom.Sg.Fem	Erfindung
17-3	1526-1529	der	_	_	_	_	_	_	_	_	_	ART	Gen.Sg.Fem	der
17-4	1530-1537	Schrift	_	_	_	_	_	_	_	_	_	NN	Gen.Sg.Fem	Schrift
17-5	1538-1549	ermöglichte	_	_	_	_	_	_	_	_	_	VVFIN	3.Sg.Past.Ind	ermöglichen
17-6	1550-1552	es	_	_	_	_	_	_	_	_	_	PPER	3.Acc.Sg.Neut	es
17-7	1553-1554	,	_	_	_	_	_	_	_	_	_	$,	_	,
17-8	1555-1558	die	_	_	_	_	_	_	_	_	_	ART	Acc.Pl.Neut	der
17-9	1559-1566	Gesetze	_	_	_	_	_	_	_	_	_	NN	Acc.Pl.Neut	Gesetz
17-10	1567-1584	niederzuschreiben	_	_	_	_	_	_	_	_	_	VVIZU	Infzu	niederschreiben
17-11	1585-1586	,	_	_	_	_	_	_	_	_	_	$,	_	,
17-12	1587-1589	so	_	_	_	_	_	_	_	_	_	ADV	_	so
17-13	1590-1594	dass	_	_	_	_	_	_	_	_	_	KOUS	_	dass
17-14	1595-1599	sich	_	_	_	_	_	_	_	_	_	PRF	3.Acc.Sg	sich
17-15	1600-1605	jeder	_	_	_	_	_	_	_	_	_	PIS	Nom.Sg.Masc	jeder
17-16	1606-1610	über	_	_	_	_	_	_	_	_	_	APPR	_	über
17-17	1611-1614	die	_	_	_	_	_	_	_	_	_	ART	Acc.Sg.Fem	der
17-18	1615-1625	Rechtslage	_	_	_	_	_	_	_	_	_	NN	Acc.Sg.Fem	Rechtslage
17-19	1626-1637	informieren	_	_	_	_	_	_	_	_	_	VVINF	Inf	informieren
17-20	1638-1644	konnte	_	_	_	_	_	_	_	_	_	VMFIN	3.Sg.Past.Ind	können
17-21	1645-1646	.	_	_	_	_	_	_	_	_	_	$.	_	.

#Text=Die Zivilisation hat in einigen Regionen der Welt vor etwa 6000 Jahren begonnen .
18-1	1649-1652	Die	_	_	_	_	_	_	_	_	_	ART	Nom.Sg.Fem	der
18-2	1653-1665	Zivilisation	_	_	_	_	_	_	_	_	_	NN	Nom.Sg.Fem	Zivilisation
18-3	1666-1669	hat	_	_	_	_	_	_	_	_	_	VAFIN	3.Sg.Pres.Ind	haben
18-4	1670-1672	in	_	_	_	_	_	_	_	_	_	APPR	_	in
18-5	1673-1680	einigen	_	_	_	_	_	_	_	_	_	PIAT	Dat.Pl.Fem	einiger
18-6	1681-1689	Regionen	_	_	_	_	_	_	_	_	_	NN	Dat.Pl.Fem	Region
18-7	1690-1693	der	_	_	_	_	_	_	_	_	_	ART	Gen.Sg.Fem	der
18-8	1694-1698	Welt	_	_	_	_	_	_	_	_	_	NN	Gen.Sg.Fem	Welt
18-9	1699-1702	vor	_	_	_	_	_	_	_	_	_	APPR	_	vor
18-10	1703-1707	etwa	_	_	_	_	_	_	_	_	_	ADV	_	etwa
18-11	1708-1712	6000	_	_	_	_	_	_	_	_	_	CARD	_	6000
18-12	1713-1719	Jahren	_	_	_	_	_	_	_	_	_	NN	Dat.Pl.Neut	Jahr
18-13	1720-1728	begonnen	_	_	_	_	_	_	_	_	_	VVPP	Psp	beginnen
18-14	1729-1730	.	_	_	_	_	_	_	_	_	_	$.	_	.

#Text=Die Zeit vor Beginn der Zivilisation wird von den Historikern als Vorgeschichte bezeichnet .
19-1	1733-1736	Die	_	_	_	_	_	_	_	_	_	ART	Nom.Sg.Fem	der
19-2	1737-1741	Zeit	_	_	_	_	_	_	_	_	_	NN	Nom.Sg.Fem	Zeit
19-3	1742-1745	vor	_	_	_	_	_	_	_	_	_	APPR	_	vor
19-4	1746-1752	Beginn	_	_	_	_	_	_	_	_	_	NN	Dat.Sg.Masc	Beginn
19-5	1753-1756	der	_	_	_	_	_	_	_	_	_	ART	Gen.Sg.Fem	der
19-6	1757-1769	Zivilisation	_	_	_	_	_	_	_	_	_	NN	Gen.Sg.Fem	Zivilisation
19-7	1770-1774	wird	_	_	_	_	_	_	_	_	_	VAFIN	3.Sg.Pres.Ind	werden
19-8	1775-1778	von	_	_	_	_	_	_	_	_	_	APPR	_	von
19-9	1779-1782	den	_	_	_	_	_	_	_	_	_	ART	Dat.Pl.Masc	der
19-10	1783-1794	Historikern	_	_	_	_	_	_	_	_	_	NN	Dat.Pl.Masc	Historiker
19-11	1795-1798	als	_	_	_	_	_	_	_	_	_	APPR	_	als
19-12	1799-1812	Vorgeschichte	_	_	_	_	_	_	_	_	_	NN	Nom.Sg.Fem	Vorgeschichte
19-13	1813-1823	bezeichnet	_	_	_	_	_	_	_	_	_	VVPP	Psp	bezeichnen
19-14	1824-1825	.	_	_	_	_	_	_	_	_	_	$.	_	.

#Text=Die Zivilisation wird unterteilt in das Altertum , das darauf folgende Mittelalter und die Neuzeit , in der wir leben .
20-1	1828-1831	Die	_	_	_	_	_	_	_	_	_	ART	Nom.Sg.Fem	der
20-2	1832-1844	Zivilisation	_	_	_	_	_	_	_	_	_	NN	Nom.Sg.Fem	Zivilisation
20-3	1845-1849	wird	_	_	_	_	_	_	_	_	_	VAFIN	3.Sg.Pres.Ind	werden
20-4	1850-1860	unterteilt	_	_	_	_	_	_	_	_	_	VVPP	Psp	unterteilen
20-5	1861-1863	in	_	_	_	_	_	_	_	_	_	APPR	_	in
20-6	1864-1867	das	_	_	_	_	_	_	_	_	_	ART	Acc.Sg.Neut	der
20-7	1868-1876	Altertum	_	_	_	_	_	_	_	_	_	NN	Acc.Sg.Neut	Altertum
20-8	1877-1878	,	_	_	_	_	_	_	_	_	_	$,	_	,
20-9	1879-1882	das	_	_	_	_	_	_	_	_	_	PRELS	Nom.Sg.Neut	der
20-10	1883-1889	darauf	_	_	_	_	_	_	_	_	_	PROAV	_	darauf
20-11	1890-1898	folgende	_	_	_	_	_	_	_	_	_	ADJA	Pos.Acc.Pl.Neut	folgend
20-12	1899-1910	Mittelalter	_	_	_	_	_	_	_	_	_	NN	Acc.Pl.Neut	Mittelalter
20-13	1911-1914	und	_	_	_	_	_	_	_	_	_	KON	_	und
20-14	1915-1918	die	_	_	_	_	_	_	_	_	_	ART	Nom.Sg.Fem	der
20-15	1919-1926	Neuzeit	_	_	_	_	_	_	_	_	_	NN	Nom.Sg.Fem	Neuzeit
20-16	1927-1928	,	_	_	_	_	_	_	_	_	_	$,	_	,
20-17	1929-1931	in	_	_	_	_	_	_	_	_	_	APPR	_	in
20-18	1932-1935	der	_	_	_	_	_	_	_	_	_	PRELS	Dat.Sg.Fem	der
20-19	1936-1939	wir	_	_	_	_	_	_	_	_	_	PPER	1.Nom.Pl.*	wir
20-20	1940-1945	leben	_	_	_	_	_	_	_	_	_	VVFIN	1.Pl.Pres.Ind	leben
20-21	1946-1947	.	_	_	_	_	_	_	_	_	_	$.	_	.

#Text=Der Übergang vom Altertum zum Mittelalter fand in Europa etwa im fünften Jahrhundert unserer Zeitrechnung statt , als während der Völkerwanderung das römische Reich und fast alle anderen Reiche des Altertums zerfielen .
21-1	1950-1953	Der	_	_	_	_	_	_	_	_	_	ART	Nom.Sg.Masc	der
21-2	1954-1962	Übergang	_	_	_	_	_	_	_	_	_	NN	Nom.Sg.Masc	Übergang
21-3	1963-1966	vom	_	_	_	_	_	_	_	_	_	APPRART	Dat.Sg.Neut	von
21-4	1967-1975	Altertum	_	_	_	_	_	_	_	_	_	NN	Dat.Sg.Neut	Altertum
21-5	1976-1979	zum	_	_	_	_	_	_	_	_	_	APPRART	Dat.Sg.Neut	zu
21-6	1980-1991	Mittelalter	_	_	_	_	_	_	_	_	_	NN	Dat.Sg.Neut	Mittelalter
21-7	1992-1996	fand	_	_	_	_	_	_	_	_	_	VVFIN	3.Sg.Past.Ind	finden
21-8	1997-1999	in	_	_	_	_	_	_	_	_	_	APPR	_	in
21-9	2000-2006	Europa	_	_	_	_	_	_	_	_	_	NE	Dat.Sg.Neut	Europa
21-10	2007-2011	etwa	_	_	_	_	_	_	_	_	_	ADV	_	etwa
21-11	2012-2014	im	_	_	_	_	_	_	_	_	_	APPRART	Dat.Sg.Neut	in
21-12	2015-2022	fünften	_	_	_	_	_	_	_	_	_	ADJA	Pos.Dat.Sg.Neut	fünfter
21-13	2023-2034	Jahrhundert	_	_	_	_	_	_	_	_	_	NN	Dat.Sg.Neut	Jahrhundert
21-14	2035-2042	unserer	_	_	_	_	_	_	_	_	_	PPOSAT	Gen.Sg.Fem	unser
21-15	2043-2055	Zeitrechnung	_	_	_	_	_	_	_	_	_	NN	Gen.Sg.Fem	Zeitrechnung
21-16	2056-2061	statt	_	_	_	_	_	_	_	_	_	PTKVZ	_	statt
21-17	2062-2063	,	_	_	_	_	_	_	_	_	_	$,	_	,
21-18	2064-2067	als	_	_	_	_	_	_	_	_	_	KOKOM	_	als
21-19	2068-2075	während	_	_	_	_	_	_	_	_	_	APPR	_	während
21-20	2076-2079	der	_	_	_	_	_	_	_	_	_	ART	Gen.Sg.Fem	der
21-21	2080-2095	Völkerwanderung	_	_	_	_	_	_	_	_	_	NN	Gen.Sg.Fem	Völkerwanderung
21-22	2096-2099	das	_	_	_	_	_	_	_	_	_	ART	Nom.Sg.Neut	der
21-23	2100-2108	römische	_	_	_	_	_	_	_	_	_	ADJA	Pos.Nom.Sg.Neut	römisch
21-24	2109-2114	Reich	_	_	_	_	_	_	_	_	_	NN	Nom.Sg.Neut	Reich
21-25	2115-2118	und	_	_	_	_	_	_	_	_	_	KON	_	und
21-26	2119-2123	fast	_	_	_	_	_	_	_	_	_	ADV	_	fast
21-27	2124-2128	alle	_	_	_	_	_	_	_	_	_	PIAT	Nom.Pl.*	aller
21-28	2129-2136	anderen	_	_	_	_	_	_	_	_	_	ADJA	Pos.Nom.Pl.*	anderer
21-29	2137-2143	Reiche	false	5clash	_	_	_	_	_	_	_	NN	Nom.Pl.*	reiche
21-30	2144-2147	des	_	_	_	_	_	_	_	_	_	ART	Gen.Sg.Neut	der
21-31	2148-2157	Altertums	_	_	_	_	_	_	_	_	_	NN	Gen.Sg.Neut	Altertum
21-32	2158-2167	zerfielen	false	0Kern	true	true	in seine Bestandteile auseinandergefallen	true	*	trennten sich	21-29	VVFIN	3.Pl.Past.Ind	zerfallen
21-33	2168-2169	.	_	_	_	_	_	_	_	_	_	$.	_	.

#Text=In dieser langen Zeit entstanden und vergingen Völker und Zivilisationen .
22-1	2172-2174	In	_	_	_	_	_	_	_	_	_	APPR	_	in
22-2	2175-2181	dieser	_	_	_	_	_	_	_	_	_	PDAT	Dat.Sg.Fem	dieser
22-3	2182-2188	langen	_	_	_	_	_	_	_	_	_	ADJA	Pos.Dat.Sg.Fem	lang
22-4	2189-2193	Zeit	_	_	_	_	_	_	_	_	_	NN	Dat.Sg.Fem	Zeit
22-5	2194-2204	entstanden	_	_	_	_	_	_	_	_	_	VVFIN	3.Pl.Past.Ind	entstehen
22-6	2205-2208	und	_	_	_	_	_	_	_	_	_	KON	_	und
22-7	2209-2218	vergingen	_	_	_	_	_	_	_	_	_	VVFIN	3.Pl.Past.Ind	vergehen
22-8	2219-2225	Völker	_	_	_	_	_	_	_	_	_	NN	Nom.Pl.Neut	Volk
22-9	2226-2229	und	_	_	_	_	_	_	_	_	_	KON	_	und
22-10	2230-2244	Zivilisationen	_	_	_	_	_	_	_	_	_	NN	Nom.Pl.Fem	Zivilisation
22-11	2245-2246	.	_	_	_	_	_	_	_	_	_	$.	_	.

#Text=Alle diese Völker haben Erfindungen gemacht , von denen andere Völker und nachfolgende Generationen gelernt haben : Das Rad , die Schrift , Ackerbau , die Wissenschaft , seetüchtige Schiffe , Waffen , erste Maschinen , Wasserleitungen und Bäder , Bewässerungssysteme und vieles andere .
23-1	2249-2253	Alle	_	_	_	_	_	_	_	_	_	PIAT	Nom.Pl.Neut	aller
23-2	2254-2259	diese	_	_	_	_	_	_	_	_	_	PDAT	Nom.Pl.Neut	dieser
23-3	2260-2266	Völker	_	_	_	_	_	_	_	_	_	NN	Nom.Pl.Neut	Volk
23-4	2267-2272	haben	_	_	_	_	_	_	_	_	_	VAFIN	3.Pl.Pres.Ind	haben
23-5	2273-2284	Erfindungen	_	_	_	_	_	_	_	_	_	NN	Acc.Pl.Fem	Erfindung
23-6	2285-2292	gemacht	_	_	_	_	_	_	_	_	_	VVPP	Psp	machen
23-7	2293-2294	,	_	_	_	_	_	_	_	_	_	$,	_	,
23-8	2295-2298	von	_	_	_	_	_	_	_	_	_	APPR	_	von
23-9	2299-2304	denen	_	_	_	_	_	_	_	_	_	PRELS	Dat.Pl.Fem	der
23-10	2305-2311	andere	_	_	_	_	_	_	_	_	_	ADJA	Pos.Nom.Pl.Neut	anderer
23-11	2312-2318	Völker	_	_	_	_	_	_	_	_	_	NN	Nom.Pl.Neut	Volk
23-12	2319-2322	und	_	_	_	_	_	_	_	_	_	KON	_	und
23-13	2323-2335	nachfolgende	_	_	_	_	_	_	_	_	_	ADJA	Pos.Nom.Pl.Fem	nachfolgend
23-14	2336-2348	Generationen	_	_	_	_	_	_	_	_	_	NN	Nom.Pl.Fem	Generation
23-15	2349-2356	gelernt	_	_	_	_	_	_	_	_	_	VVPP	Psp	lernen
23-16	2357-2362	haben	_	_	_	_	_	_	_	_	_	VAFIN	3.Pl.Pres.Ind	haben
23-17	2363-2364	:	_	_	_	_	_	_	_	_	_	$.	_	:
23-18	2365-2368	Das	_	_	_	_	_	_	_	_	_	ART	Acc.Sg.Neut	der
23-19	2369-2372	Rad	_	_	_	_	_	_	_	_	_	NN	Acc.Sg.Neut	Rad
23-20	2373-2374	,	_	_	_	_	_	_	_	_	_	$,	_	,
23-21	2375-2378	die	_	_	_	_	_	_	_	_	_	ART	Acc.Sg.Fem	der
23-22	2379-2386	Schrift	_	_	_	_	_	_	_	_	_	NN	Nom.Sg.Fem	Schrift
23-23	2387-2388	,	_	_	_	_	_	_	_	_	_	$,	_	,
23-24	2389-2397	Ackerbau	_	_	_	_	_	_	_	_	_	NN	Nom.Sg.Masc	Ackerbau
23-25	2398-2399	,	_	_	_	_	_	_	_	_	_	$,	_	,
23-26	2400-2403	die	_	_	_	_	_	_	_	_	_	ART	Nom.Sg.Fem	der
23-27	2404-2416	Wissenschaft	_	_	_	_	_	_	_	_	_	NN	Nom.Sg.Fem	Wissenschaft
23-28	2417-2418	,	_	_	_	_	_	_	_	_	_	$,	_	,
23-29	2419-2430	seetüchtige	_	_	_	_	_	_	_	_	_	ADJA	Pos.Acc.Pl.*	seetüchtig
23-30	2431-2438	Schiffe	_	_	_	_	_	_	_	_	_	NN	Acc.Pl.Neut	Schiff
23-31	2439-2440	,	_	_	_	_	_	_	_	_	_	$,	_	,
23-32	2441-2447	Waffen	_	_	_	_	_	_	_	_	_	NN	Nom.Pl.Fem	Waffe
23-33	2448-2449	,	_	_	_	_	_	_	_	_	_	$,	_	,
23-34	2450-2455	erste	_	_	_	_	_	_	_	_	_	ADJA	Pos.Nom.Pl.Fem	erster
23-35	2456-2465	Maschinen	_	_	_	_	_	_	_	_	_	NN	Nom.Pl.Fem	Maschine
23-36	2466-2467	,	_	_	_	_	_	_	_	_	_	$,	_	,
23-37	2468-2483	Wasserleitungen	_	_	_	_	_	_	_	_	_	NN	Nom.Pl.Fem	Wasserleitung
23-38	2484-2487	und	_	_	_	_	_	_	_	_	_	KON	_	und
23-39	2488-2493	Bäder	_	_	_	_	_	_	_	_	_	NN	Nom.Pl.Neut	Bäder
23-40	2494-2495	,	_	_	_	_	_	_	_	_	_	$,	_	,
23-41	2496-2515	Bewässerungssysteme	_	_	_	_	_	_	_	_	_	NN	Nom.Pl.Neut	Bewässerungssystem
23-42	2516-2519	und	_	_	_	_	_	_	_	_	_	KON	_	und
23-43	2520-2526	vieles	_	_	_	_	_	_	_	_	_	PIS	Nom.Sg.Neut	viele
23-44	2527-2533	andere	_	_	_	_	_	_	_	_	_	PIS	Nom.Sg.Neut	anderer
23-45	2534-2535	.	_	_	_	_	_	_	_	_	_	$.	_	.

#Text=Einige der Völker gibt es heute noch ( Griechen , Italiener , Araber und Chinesen ) , aber sie leben natürlich anders als ihre Vorfahren vor Jahrtausenden .
24-1	2538-2544	Einige	_	_	_	_	_	_	_	_	_	PIS	Acc.Pl.Neut	einige
24-2	2545-2548	der	_	_	_	_	_	_	_	_	_	ART	Gen.Pl.Neut	der
24-3	2549-2555	Völker	_	_	_	_	_	_	_	_	_	NN	Gen.Pl.Neut	Volk
24-4	2556-2560	gibt	_	_	_	_	_	_	_	_	_	VVFIN	3.Sg.Pres.Ind	geben
24-5	2561-2563	es	_	_	_	_	_	_	_	_	_	PPER	3.Nom.Sg.Neut	es
24-6	2564-2569	heute	_	_	_	_	_	_	_	_	_	ADV	_	heute
24-7	2570-2574	noch	_	_	_	_	_	_	_	_	_	ADV	_	noch
24-8	2575-2576	(	_	_	_	_	_	_	_	_	_	$(	_	(
24-9	2577-2585	Griechen	_	_	_	_	_	_	_	_	_	NN	Acc.Pl.Masc	Grieche
24-10	2586-2587	,	_	_	_	_	_	_	_	_	_	$,	_	,
24-11	2588-2597	Italiener	_	_	_	_	_	_	_	_	_	NN	Acc.Pl.Masc	Italiener
24-12	2598-2599	,	_	_	_	_	_	_	_	_	_	$,	_	,
24-13	2600-2606	Araber	_	_	_	_	_	_	_	_	_	NN	Acc.Pl.Masc	Araber
24-14	2607-2610	und	_	_	_	_	_	_	_	_	_	KON	_	und
24-15	2611-2619	Chinesen	_	_	_	_	_	_	_	_	_	NN	Acc.Pl.Masc	Chinese
24-16	2620-2621	)	_	_	_	_	_	_	_	_	_	$(	_	)
24-17	2622-2623	,	_	_	_	_	_	_	_	_	_	$,	_	,
24-18	2624-2628	aber	_	_	_	_	_	_	_	_	_	KON	_	aber
24-19	2629-2632	sie	_	_	_	_	_	_	_	_	_	PPER	3.Nom.Pl.*	sie
24-20	2633-2638	leben	_	_	_	_	_	_	_	_	_	VVFIN	3.Pl.Pres.Ind	leben
24-21	2639-2648	natürlich	_	_	_	_	_	_	_	_	_	ADV	_	natürlich
24-22	2649-2655	anders	_	_	_	_	_	_	_	_	_	ADV	_	anders
24-23	2656-2659	als	_	_	_	_	_	_	_	_	_	KOKOM	_	als
24-24	2660-2664	ihre	_	_	_	_	_	_	_	_	_	PPOSAT	Nom.Pl.Masc	ihr
24-25	2665-2674	Vorfahren	_	_	_	_	_	_	_	_	_	NN	Nom.Pl.Masc	Vorfahr
24-26	2675-2678	vor	_	_	_	_	_	_	_	_	_	APPR	_	vor
24-27	2679-2692	Jahrtausenden	_	_	_	_	_	_	_	_	_	NN	Dat.Pl.Neut	Jahrtausend
24-28	2693-2694	.	_	_	_	_	_	_	_	_	_	$.	_	.

#Text=Wir alle sind in eine Welt hineingeboren worden , die von unseren Vorfahren für uns geschaffen wurde : Die Entbindungsklinik , das erste Spielzeug , das erste Kinderbuch , die Schule , ...
25-1	2697-2700	Wir	_	_	_	_	_	_	_	_	_	PPER	1.Nom.Pl.*	wir
25-2	2701-2705	alle	_	_	_	_	_	_	_	_	_	PIS	Nom.Pl.*	alle
25-3	2706-2710	sind	_	_	_	_	_	_	_	_	_	VAFIN	1.Pl.Pres.Ind	sein
25-4	2711-2713	in	_	_	_	_	_	_	_	_	_	APPR	_	in
25-5	2714-2718	eine	_	_	_	_	_	_	_	_	_	ART	Acc.Sg.Fem	ein
25-6	2719-2723	Welt	_	_	_	_	_	_	_	_	_	NN	Acc.Sg.Fem	Welt
25-7	2724-2737	hineingeboren	_	_	_	_	_	_	_	_	_	VVPP	Psp	hineingebären
25-8	2738-2744	worden	_	_	_	_	_	_	_	_	_	VAPP	Psp	werden
25-9	2745-2746	,	_	_	_	_	_	_	_	_	_	$,	_	,
25-10	2747-2750	die	_	_	_	_	_	_	_	_	_	PRELS	Nom.Sg.Fem	der
25-11	2751-2754	von	_	_	_	_	_	_	_	_	_	APPR	_	von
25-12	2755-2762	unseren	_	_	_	_	_	_	_	_	_	PPOSAT	Dat.Pl.Masc	unser
25-13	2763-2772	Vorfahren	_	_	_	_	_	_	_	_	_	NN	Dat.Pl.Masc	Vorfahr
25-14	2773-2776	für	_	_	_	_	_	_	_	_	_	APPR	_	für
25-15	2777-2780	uns	_	_	_	_	_	_	_	_	_	PPER	1.Acc.Pl.*	uns
25-16	2781-2791	geschaffen	_	_	_	_	_	_	_	_	_	VVPP	Psp	schaffen
25-17	2792-2797	wurde	_	_	_	_	_	_	_	_	_	VAFIN	3.Sg.Past.Ind	werden
25-18	2798-2799	:	_	_	_	_	_	_	_	_	_	$.	_	:
25-19	2800-2803	Die	_	_	_	_	_	_	_	_	_	ART	Nom.Sg.Fem	der
25-20	2804-2821	Entbindungsklinik	_	_	_	_	_	_	_	_	_	NN	Nom.Sg.Fem	Entbindungsklinik
25-21	2822-2823	,	_	_	_	_	_	_	_	_	_	$,	_	,
25-22	2824-2827	das	_	_	_	_	_	_	_	_	_	ART	Nom.Sg.Neut	der
25-23	2828-2833	erste	_	_	_	_	_	_	_	_	_	ADJA	Pos.Nom.Sg.Neut	erster
25-24	2834-2843	Spielzeug	_	_	_	_	_	_	_	_	_	NN	Nom.Sg.Neut	Spielzeug
25-25	2844-2845	,	_	_	_	_	_	_	_	_	_	$,	_	,
25-26	2846-2849	das	_	_	_	_	_	_	_	_	_	ART	Nom.Sg.Neut	der
25-27	2850-2855	erste	_	_	_	_	_	_	_	_	_	ADJA	Pos.Nom.Sg.Neut	erster
25-28	2856-2866	Kinderbuch	_	_	_	_	_	_	_	_	_	NN	Nom.Sg.Neut	Kinderbuch
25-29	2867-2868	,	_	_	_	_	_	_	_	_	_	$,	_	,
25-30	2869-2872	die	_	_	_	_	_	_	_	_	_	ART	Nom.Sg.Fem	der
25-31	2873-2879	Schule	_	_	_	_	_	_	_	_	_	NN	Nom.Sg.Fem	Schule
25-32	2880-2881	,	_	_	_	_	_	_	_	_	_	$,	_	,
25-33	2882-2883	.	_	_	_	_	_	_	_	_	_	$(	_	.
25-34	2883-2884	.	_	_	_	_	_	_	_	_	_	$(	_	.
25-35	2884-2885	.	_	_	_	_	_	_	_	_	_	$(	_	.

#Text=Wir erwerben das Wissen von unseren Vorfahren und Vorvorfahren .
26-1	2888-2891	Wir	_	_	_	_	_	_	_	_	_	PPER	1.Nom.Pl.*	wir
26-2	2892-2900	erwerben	false	0Kern	true	false	kaufen	_	_	erhalten	26-4	VVFIN	1.Pl.Pres.Ind	erwerben
26-3	2901-2904	das	_	_	_	_	_	_	_	_	_	ART	Acc.Sg.Neut	der
26-4	2905-2911	Wissen	false	5clash	_	_	_	_	_	_	_	NN	Acc.Sg.Neut	Wissen
26-5	2912-2915	von	_	_	_	_	_	_	_	_	_	APPR	_	von
26-6	2916-2923	unseren	_	_	_	_	_	_	_	_	_	PPOSAT	Dat.Pl.Masc	unser
26-7	2924-2933	Vorfahren	_	_	_	_	_	_	_	_	_	NN	Dat.Pl.Masc	Vorfahr
26-8	2934-2937	und	_	_	_	_	_	_	_	_	_	KON	_	und
26-9	2938-2950	Vorvorfahren	_	_	_	_	_	_	_	_	_	NN	Dat.Pl.Masc	Vorvorfahre
26-10	2951-2952	.	_	_	_	_	_	_	_	_	_	$.	_	.

#Text=Als Erwachsene werden auch wir Wissen und Erfahrung weiterentwickeln und das Beste an die nächsten Generationen weitergeben .
27-1	2955-2958	Als	_	_	_	_	_	_	_	_	_	APPR	_	als
27-2	2959-2969	Erwachsene	_	_	_	_	_	_	_	_	_	NN	Nom.Pl.*	erwachsene
27-3	2970-2976	werden	_	_	_	_	_	_	_	_	_	VAFIN	1.Pl.Pres.Ind	werden
27-4	2977-2981	auch	_	_	_	_	_	_	_	_	_	ADV	_	auch
27-5	2982-2985	wir	_	_	_	_	_	_	_	_	_	PPER	1.Nom.Pl.*	wir
27-6	2986-2992	Wissen	_	_	_	_	_	_	_	_	_	NN	Acc.Sg.Neut	Wissen
27-7	2993-2996	und	_	_	_	_	_	_	_	_	_	KON	_	und
27-8	2997-3006	Erfahrung	_	_	_	_	_	_	_	_	_	NN	Acc.Sg.Fem	Erfahrung
27-9	3007-3023	weiterentwickeln	_	_	_	_	_	_	_	_	_	VVINF	Inf	weiterentwickeln
27-10	3024-3027	und	_	_	_	_	_	_	_	_	_	KON	_	und
27-11	3028-3031	das	_	_	_	_	_	_	_	_	_	ART	Acc.Sg.Neut	der
27-12	3032-3037	Beste	_	_	_	_	_	_	_	_	_	NN	Acc.Sg.Neut	gute
27-13	3038-3040	an	_	_	_	_	_	_	_	_	_	APPR	_	an
27-14	3041-3044	die	_	_	_	_	_	_	_	_	_	ART	Acc.Pl.Fem	der
27-15	3045-3053	nächsten	_	_	_	_	_	_	_	_	_	ADJA	Pos.Acc.Pl.Fem	nächster
27-16	3054-3066	Generationen	_	_	_	_	_	_	_	_	_	NN	Acc.Pl.Fem	Generation
27-17	3067-3078	weitergeben	_	_	_	_	_	_	_	_	_	VVINF	Inf	weitergeben
27-18	3079-3080	.	_	_	_	_	_	_	_	_	_	$.	_	.

#Text=Vor etwa 6000 Jahren wurde das Rad erfunden , unabhängig voneinander und etwa gleichzeitig in Mesopotamien , in den Voralpen und im nördlichen Vorland des Kaukasus .
28-1	3083-3086	Vor	_	_	_	_	_	_	_	_	_	APPR	_	vor
28-2	3087-3091	etwa	_	_	_	_	_	_	_	_	_	ADV	_	etwa
28-3	3092-3096	6000	_	_	_	_	_	_	_	_	_	CARD	_	6000
28-4	3097-3103	Jahren	_	_	_	_	_	_	_	_	_	NN	Dat.Pl.Neut	Jahr
28-5	3104-3109	wurde	_	_	_	_	_	_	_	_	_	VAFIN	3.Sg.Past.Ind	werden
28-6	3110-3113	das	_	_	_	_	_	_	_	_	_	ART	Nom.Sg.Neut	der
28-7	3114-3117	Rad	_	_	_	_	_	_	_	_	_	NN	Nom.Sg.Neut	Rad
28-8	3118-3126	erfunden	_	_	_	_	_	_	_	_	_	VVPP	Psp	erfinden
28-9	3127-3128	,	_	_	_	_	_	_	_	_	_	$,	_	,
28-10	3129-3139	unabhängig	_	_	_	_	_	_	_	_	_	ADJD	Pos	unabhängig
28-11	3140-3151	voneinander	_	_	_	_	_	_	_	_	_	ADV	_	voneinander
28-12	3152-3155	und	_	_	_	_	_	_	_	_	_	KON	_	und
28-13	3156-3160	etwa	_	_	_	_	_	_	_	_	_	ADV	_	etwa
28-14	3161-3173	gleichzeitig	_	_	_	_	_	_	_	_	_	ADJD	Pos	gleichzeitig
28-15	3174-3176	in	_	_	_	_	_	_	_	_	_	APPR	_	in
28-16	3177-3189	Mesopotamien	_	_	_	_	_	_	_	_	_	NN	Dat.Pl.Fem	Mesopotamie
28-17	3190-3191	,	_	_	_	_	_	_	_	_	_	$,	_	,
28-18	3192-3194	in	_	_	_	_	_	_	_	_	_	APPR	_	in
28-19	3195-3198	den	_	_	_	_	_	_	_	_	_	ART	Dat.Pl.Masc	der
28-20	3199-3207	Voralpen	_	_	_	_	_	_	_	_	_	NN	Dat.Pl.Fem	Voralpe
28-21	3208-3211	und	_	_	_	_	_	_	_	_	_	KON	_	und
28-22	3212-3214	im	_	_	_	_	_	_	_	_	_	APPRART	Dat.Sg.Neut	in
28-23	3215-3225	nördlichen	_	_	_	_	_	_	_	_	_	ADJA	Pos.Dat.Sg.Neut	nördlich
28-24	3226-3233	Vorland	_	_	_	_	_	_	_	_	_	NN	Dat.Sg.Neut	Vorland
28-25	3234-3237	des	_	_	_	_	_	_	_	_	_	ART	Gen.Sg.Masc	der
28-26	3238-3246	Kaukasus	_	_	_	_	_	_	_	_	_	NE	Gen.Sg.Masc	Kaukasus
28-27	3247-3248	.	_	_	_	_	_	_	_	_	_	$.	_	.

#Text=Sieh dich um und stell dir vor , es gäbe kein Rad mehr !
29-1	3251-3255	Sieh	_	_	_	_	_	_	_	_	_	VVIMP	2.Sg.Imp	sehen
29-2	3256-3260	dich	_	_	_	_	_	_	_	_	_	PRF	2.Acc.Sg	sich
29-3	3261-3263	um	_	_	_	_	_	_	_	_	_	PTKVZ	_	um
29-4	3264-3267	und	_	_	_	_	_	_	_	_	_	KON	_	und
29-5	3268-3273	stell	_	_	_	_	_	_	_	_	_	ADJD	Pos	stell
29-6	3274-3277	dir	_	_	_	_	_	_	_	_	_	PPER	2.Dat.Sg.*	dir
29-7	3278-3281	vor	_	_	_	_	_	_	_	_	_	PTKVZ	_	vor
29-8	3282-3283	,	_	_	_	_	_	_	_	_	_	$,	_	,
29-9	3284-3286	es	_	_	_	_	_	_	_	_	_	PPER	3.Nom.Sg.Neut	es
29-10	3287-3291	gäbe	_	_	_	_	_	_	_	_	_	VVFIN	3.Sg.Past.Subj	geben
29-11	3292-3296	kein	_	_	_	_	_	_	_	_	_	PIAT	Acc.Sg.Neut	kein
29-12	3297-3300	Rad	_	_	_	_	_	_	_	_	_	NN	Acc.Sg.Neut	Rad
29-13	3301-3305	mehr	_	_	_	_	_	_	_	_	_	ADV	_	mehr
29-14	3306-3307	!	_	_	_	_	_	_	_	_	_	$.	_	!

#Text=Keine Fahrzeuge , keine Motoren und Generatoren , kein elektrischer Strom , ...
30-1	3310-3315	Keine	_	_	_	_	_	_	_	_	_	PIAT	Nom.Pl.Neut	kein
30-2	3316-3325	Fahrzeuge	_	_	_	_	_	_	_	_	_	NN	Nom.Pl.Neut	Fahrzeug
30-3	3326-3327	,	_	_	_	_	_	_	_	_	_	$,	_	,
30-4	3328-3333	keine	_	_	_	_	_	_	_	_	_	PIAT	Nom.Pl.Masc	kein
30-5	3334-3341	Motoren	_	_	_	_	_	_	_	_	_	NN	Nom.Pl.Masc	Motor
30-6	3342-3345	und	_	_	_	_	_	_	_	_	_	KON	_	und
30-7	3346-3357	Generatoren	_	_	_	_	_	_	_	_	_	NN	Nom.Pl.Masc	Generator
30-8	3358-3359	,	_	_	_	_	_	_	_	_	_	$,	_	,
30-9	3360-3364	kein	_	_	_	_	_	_	_	_	_	PIAT	Nom.Sg.Masc	kein
30-10	3365-3377	elektrischer	_	_	_	_	_	_	_	_	_	ADJA	Pos.Nom.Sg.Masc	elektrisch
30-11	3378-3383	Strom	_	_	_	_	_	_	_	_	_	NN	Nom.Sg.Masc	Strom
30-12	3384-3385	,	_	_	_	_	_	_	_	_	_	$,	_	,
30-13	3386-3387	.	_	_	_	_	_	_	_	_	_	$(	_	.
30-14	3387-3388	.	_	_	_	_	_	_	_	_	_	$(	_	.
30-15	3388-3389	.	_	_	_	_	_	_	_	_	_	$(	_	.

#Text=Die Sumerer erfanden die Schrift und die Literatur , die Babylonier die erste Gesetzessammlung .
31-1	3392-3395	Die	_	_	_	_	_	_	_	_	_	ART	Nom.Pl.Masc	der
31-2	3396-3403	Sumerer	_	_	_	_	_	_	_	_	_	NN	Nom.Pl.Masc	Sumerer
31-3	3404-3412	erfanden	_	_	_	_	_	_	_	_	_	VVFIN	3.Pl.Past.Ind	erfinden
31-4	3413-3416	die	_	_	_	_	_	_	_	_	_	ART	Acc.Sg.Fem	der
31-5	3417-3424	Schrift	_	_	_	_	_	_	_	_	_	NN	Acc.Sg.Fem	Schrift
31-6	3425-3428	und	_	_	_	_	_	_	_	_	_	KON	_	und
31-7	3429-3432	die	_	_	_	_	_	_	_	_	_	ART	Acc.Sg.Fem	der
31-8	3433-3442	Literatur	_	_	_	_	_	_	_	_	_	NN	Acc.Sg.Fem	Literatur
31-9	3443-3444	,	_	_	_	_	_	_	_	_	_	$,	_	,
31-10	3445-3448	die	_	_	_	_	_	_	_	_	_	ART	Nom.Pl.Masc	der
31-11	3449-3459	Babylonier	_	_	_	_	_	_	_	_	_	NN	Acc.Pl.Masc	Babylonier
31-12	3460-3463	die	_	_	_	_	_	_	_	_	_	ART	Acc.Sg.Fem	der
31-13	3464-3469	erste	_	_	_	_	_	_	_	_	_	ADJA	Pos.Acc.Sg.Fem	erster
31-14	3470-3486	Gesetzessammlung	_	_	_	_	_	_	_	_	_	NN	Acc.Sg.Fem	Gesetzessammlung
31-15	3487-3488	.	_	_	_	_	_	_	_	_	_	$.	_	.

#Text=Die Römer bauten befestigte Straßen , die Italiener erfanden das Girokonto .
32-1	3491-3494	Die	_	_	_	_	_	_	_	_	_	ART	Nom.Pl.Masc	der
32-2	3495-3500	Römer	_	_	_	_	_	_	_	_	_	NN	Nom.Pl.Masc	Römer
32-3	3501-3507	bauten	_	_	_	_	_	_	_	_	_	VVFIN	3.Pl.Past.Ind	bauen
32-4	3508-3518	befestigte	_	_	_	_	_	_	_	_	_	ADJA	Pos.Acc.Pl.Fem	befestigt
32-5	3519-3526	Straßen	_	_	_	_	_	_	_	_	_	NN	Acc.Pl.Fem	Straße
32-6	3527-3528	,	_	_	_	_	_	_	_	_	_	$,	_	,
32-7	3529-3532	die	_	_	_	_	_	_	_	_	_	ART	Nom.Pl.Masc	der
32-8	3533-3542	Italiener	_	_	_	_	_	_	_	_	_	NN	Nom.Pl.Masc	Italiener
32-9	3543-3551	erfanden	_	_	_	_	_	_	_	_	_	VVFIN	3.Pl.Past.Ind	erfinden
32-10	3552-3555	das	_	_	_	_	_	_	_	_	_	ART	Acc.Sg.Neut	der
32-11	3556-3565	Girokonto	_	_	_	_	_	_	_	_	_	NN	Acc.Sg.Neut	Girokonto
32-12	3566-3567	.	_	_	_	_	_	_	_	_	_	$.	_	.

#Text=Die Marktwirtschaft , das Vertrauen in die Technik und die Idee der romantischen Liebe entstanden im Mittelalter .
33-1	3570-3573	Die	_	_	_	_	_	_	_	_	_	ART	Nom.Sg.Fem	der
33-2	3574-3589	Marktwirtschaft	_	_	_	_	_	_	_	_	_	NN	Nom.Sg.Fem	Marktwirtschaft
33-3	3590-3591	,	_	_	_	_	_	_	_	_	_	$,	_	,
33-4	3592-3595	das	_	_	_	_	_	_	_	_	_	ART	Nom.Sg.Neut	der
33-5	3596-3605	Vertrauen	_	_	_	_	_	_	_	_	_	NN	Nom.Sg.Neut	vertrauen
33-6	3606-3608	in	_	_	_	_	_	_	_	_	_	APPR	_	in
33-7	3609-3612	die	_	_	_	_	_	_	_	_	_	ART	Acc.Sg.Fem	der
33-8	3613-3620	Technik	_	_	_	_	_	_	_	_	_	NN	Acc.Sg.Fem	Technik
33-9	3621-3624	und	_	_	_	_	_	_	_	_	_	KON	_	und
33-10	3625-3628	die	_	_	_	_	_	_	_	_	_	ART	Nom.Sg.Fem	der
33-11	3629-3633	Idee	_	_	_	_	_	_	_	_	_	NN	Nom.Sg.Fem	Idee
33-12	3634-3637	der	_	_	_	_	_	_	_	_	_	ART	Gen.Sg.Fem	der
33-13	3638-3650	romantischen	_	_	_	_	_	_	_	_	_	ADJA	Pos.Gen.Sg.Fem	romantisch
33-14	3651-3656	Liebe	_	_	_	_	_	_	_	_	_	NN	Gen.Sg.Fem	Liebe
33-15	3657-3667	entstanden	_	_	_	_	_	_	_	_	_	VVFIN	3.Pl.Past.Ind	entstehen
33-16	3668-3670	im	_	_	_	_	_	_	_	_	_	APPRART	Dat.Sg.Neut	in
33-17	3671-3682	Mittelalter	_	_	_	_	_	_	_	_	_	NN	Dat.Sg.Neut	Mittelalter
33-18	3683-3684	.	_	_	_	_	_	_	_	_	_	$.	_	.

#Text=Handelsrouten durchquerten Meere und Kontinente .
34-1	3687-3700	Handelsrouten	_	_	_	_	_	_	_	_	_	NN	Nom.Pl.Fem	Handelsroute
34-2	3701-3713	durchquerten	_	_	_	_	_	_	_	_	_	VVFIN	3.Pl.Past.Ind	durchqueren
34-3	3714-3719	Meere	_	_	_	_	_	_	_	_	_	NN	Acc.Pl.Neut	Meer
34-4	3720-3723	und	_	_	_	_	_	_	_	_	_	KON	_	und
34-5	3724-3734	Kontinente	_	_	_	_	_	_	_	_	_	NN	Acc.Pl.Masc	Kontinent
34-6	3735-3736	.	_	_	_	_	_	_	_	_	_	$.	_	.

#Text=Es wurden nicht nur Waren getauscht , sondern auch Informationen und Erfindungen weitergegeben .
35-1	3739-3741	Es	_	_	_	_	_	_	_	_	_	PPER	3.Nom.Sg.Neut	es
35-2	3742-3748	wurden	_	_	_	_	_	_	_	_	_	VAFIN	3.Pl.Past.Ind	werden
35-3	3749-3754	nicht	_	_	_	_	_	_	_	_	_	PTKNEG	_	nicht
35-4	3755-3758	nur	_	_	_	_	_	_	_	_	_	ADV	_	nur
35-5	3759-3764	Waren	_	_	_	_	_	_	_	_	_	NN	Nom.Pl.Fem	Ware
35-6	3765-3774	getauscht	_	_	_	_	_	_	_	_	_	VVPP	Psp	tauschen
35-7	3775-3776	,	_	_	_	_	_	_	_	_	_	$,	_	,
35-8	3777-3784	sondern	_	_	_	_	_	_	_	_	_	KON	_	sondern
35-9	3785-3789	auch	_	_	_	_	_	_	_	_	_	ADV	_	auch
35-10	3790-3803	Informationen	_	_	_	_	_	_	_	_	_	NN	Nom.Pl.Fem	Information
35-11	3804-3807	und	_	_	_	_	_	_	_	_	_	KON	_	und
35-12	3808-3819	Erfindungen	_	_	_	_	_	_	_	_	_	NN	Nom.Pl.Fem	Erfindung
35-13	3820-3833	weitergegeben	_	_	_	_	_	_	_	_	_	VVPP	Psp	weitergeben
35-14	3834-3835	.	_	_	_	_	_	_	_	_	_	$.	_	.

#Text=Ohne die Errungenschaften unserer Vorfahren in anderen Ländern und Kontinenten wäre unsere Welt von heute undenkbar .
36-1	3838-3842	Ohne	_	_	_	_	_	_	_	_	_	APPR	_	ohne
36-2	3843-3846	die	_	_	_	_	_	_	_	_	_	ART	Acc.Pl.Fem	der
36-3	3847-3863	Errungenschaften	_	_	_	_	_	_	_	_	_	NN	Acc.Pl.Fem	Errungenschaft
36-4	3864-3871	unserer	_	_	_	_	_	_	_	_	_	PPOSAT	Gen.Pl.Masc	unser
36-5	3872-3881	Vorfahren	_	_	_	_	_	_	_	_	_	NN	Gen.Pl.Masc	Vorfahre
36-6	3882-3884	in	_	_	_	_	_	_	_	_	_	APPR	_	in
36-7	3885-3892	anderen	_	_	_	_	_	_	_	_	_	ADJA	Pos.Dat.Pl.*	anderer
36-8	3893-3900	Ländern	_	_	_	_	_	_	_	_	_	NN	Dat.Pl.Neut	Land
36-9	3901-3904	und	_	_	_	_	_	_	_	_	_	KON	_	und
36-10	3905-3916	Kontinenten	_	_	_	_	_	_	_	_	_	NN	Dat.Pl.Masc	Kontinent
36-11	3917-3921	wäre	_	_	_	_	_	_	_	_	_	VAFIN	3.Sg.Past.Subj	sein
36-12	3922-3928	unsere	_	_	_	_	_	_	_	_	_	PPOSAT	Nom.Sg.Fem	unser
36-13	3929-3933	Welt	_	_	_	_	_	_	_	_	_	NN	Nom.Sg.Fem	Welt
36-14	3934-3937	von	_	_	_	_	_	_	_	_	_	APPR	_	von
36-15	3938-3943	heute	_	_	_	_	_	_	_	_	_	ADV	_	heute
36-16	3944-3953	undenkbar	_	_	_	_	_	_	_	_	_	ADJD	Pos	undenkbar
36-17	3954-3955	.	_	_	_	_	_	_	_	_	_	$.	_	.

#Text=Die meisten Worte unserer Sprache beschreiben Dinge und Ideen , die von unseren Vorfahren erfunden worden sind .
37-1	3958-3961	Die	_	_	_	_	_	_	_	_	_	ART	Nom.Pl.Neut	der
37-2	3962-3969	meisten	_	_	_	_	_	_	_	_	_	PIAT	Nom.Pl.Neut	meister
37-3	3970-3975	Worte	_	_	_	_	_	_	_	_	_	NN	Nom.Pl.Neut	Wort
37-4	3976-3983	unserer	_	_	_	_	_	_	_	_	_	PPOSAT	Gen.Sg.Fem	unser
37-5	3984-3991	Sprache	_	_	_	_	_	_	_	_	_	NN	Gen.Sg.Fem	Sprache
37-6	3992-4003	beschreiben	_	_	_	_	_	_	_	_	_	VVFIN	3.Pl.Pres.Ind	beschreiben
37-7	4004-4009	Dinge	_	_	_	_	_	_	_	_	_	NN	Acc.Pl.Neut	Ding
37-8	4010-4013	und	_	_	_	_	_	_	_	_	_	KON	_	und
37-9	4014-4019	Ideen	_	_	_	_	_	_	_	_	_	NN	Acc.Pl.Fem	Idee
37-10	4020-4021	,	_	_	_	_	_	_	_	_	_	$,	_	,
37-11	4022-4025	die	_	_	_	_	_	_	_	_	_	PRELS	Nom.Pl.Fem	der
37-12	4026-4029	von	_	_	_	_	_	_	_	_	_	APPR	_	von
37-13	4030-4037	unseren	_	_	_	_	_	_	_	_	_	PPOSAT	Dat.Pl.Masc	unser
37-14	4038-4047	Vorfahren	_	_	_	_	_	_	_	_	_	NN	Dat.Pl.Masc	Vorfahr
37-15	4048-4056	erfunden	_	_	_	_	_	_	_	_	_	VVPP	Psp	erfinden
37-16	4057-4063	worden	_	_	_	_	_	_	_	_	_	VAPP	Psp	werden
37-17	4064-4068	sind	_	_	_	_	_	_	_	_	_	VAFIN	3.Pl.Pres.Ind	sein
37-18	4069-4070	.	_	_	_	_	_	_	_	_	_	$.	_	.

#Text=Wir stehen auf dem Gipfel eines Berges mit dem Namen „ Vergangenheit “ .
38-1	4073-4076	Wir	_	_	_	_	_	_	_	_	_	PPER	1.Nom.Pl.*	wir
38-2	4077-4083	stehen	false	2sem	_	_	_	_	_	_	_	VVFIN	1.Pl.Pres.Ind	stehen
38-3	4084-4087	auf	_	_	_	_	_	_	_	_	_	APPR	_	auf
38-4	4088-4091	dem	_	_	_	_	_	_	_	_	_	ART	Dat.Sg.Masc	der
38-5	4092-4098	Gipfel	false	2sem	_	_	_	_	_	_	_	NN	Dat.Sg.Masc	Gipfel
38-6	4099-4104	eines	_	_	_	_	_	_	_	_	_	ART	Gen.Sg.Masc	ein
38-7	4105-4111	Berges	false	0Kern	true	true	größere Erhebung im Gelände	true	*	Errungenschaften	38-5|38-2	NN	Gen.Sg.Masc	Berg
38-8	4112-4115	mit	_	_	_	_	_	_	_	_	_	APPR	_	mit
38-9	4116-4119	dem	_	_	_	_	_	_	_	_	_	ART	Dat.Sg.Masc	der
38-10	4120-4125	Namen	_	_	_	_	_	_	_	_	_	NN	Dat.Sg.Masc	Name
38-11	4126-4127	„	_	_	_	_	_	_	_	_	_	FM	_	„
38-12	4128-4141	Vergangenheit	_	_	_	_	_	_	_	_	_	NN	Nom.Sg.Fem	Vergangenheit
38-13	4142-4143	“	_	_	_	_	_	_	_	_	_	$(	_	“
38-14	4144-4145	.	_	_	_	_	_	_	_	_	_	$.	_	.

#Text=Manche Erfindungen wurden wieder vergessen , weil sie durch bessere ersetzt wurden .
39-1	4148-4154	Manche	_	_	_	_	_	_	_	_	_	PIAT	Nom.Pl.Fem	mancher
39-2	4155-4166	Erfindungen	_	_	_	_	_	_	_	_	_	NN	Nom.Pl.Fem	Erfindung
39-3	4167-4173	wurden	_	_	_	_	_	_	_	_	_	VAFIN	3.Pl.Past.Ind	werden
39-4	4174-4180	wieder	_	_	_	_	_	_	_	_	_	ADV	_	wieder
39-5	4181-4190	vergessen	_	_	_	_	_	_	_	_	_	VVPP	Psp	vergessen
39-6	4191-4192	,	_	_	_	_	_	_	_	_	_	$,	_	,
39-7	4193-4197	weil	_	_	_	_	_	_	_	_	_	KOUS	_	weil
39-8	4198-4201	sie	_	_	_	_	_	_	_	_	_	PPER	3.Nom.Pl.Fem	sie
39-9	4202-4207	durch	_	_	_	_	_	_	_	_	_	APPR	_	durch
39-10	4208-4215	bessere	_	_	_	_	_	_	_	_	_	ADJA	Comp.Acc.Pl.Fem	gut
39-11	4216-4223	ersetzt	_	_	_	_	_	_	_	_	_	VVPP	Psp	ersetzen
39-12	4224-4230	wurden	_	_	_	_	_	_	_	_	_	VAFIN	3.Pl.Past.Ind	werden
39-13	4231-4232	.	_	_	_	_	_	_	_	_	_	$.	_	.

#Text=Wie man aus einem Feuerstein einen Faustkeil fertigt und wie man durch Reiben zweier Hölzer Feuer macht , weiß heute niemand mehr , denn die Massenartikel Messer und Feuerzeug sind einfacher zu benutzen .
40-1	4235-4238	Wie	_	_	_	_	_	_	_	_	_	PWAV	_	wie
40-2	4239-4242	man	_	_	_	_	_	_	_	_	_	PIS	Nom.Sg.*	man
40-3	4243-4246	aus	_	_	_	_	_	_	_	_	_	APPR	_	aus
40-4	4247-4252	einem	_	_	_	_	_	_	_	_	_	ART	Dat.Sg.Masc	ein
40-5	4253-4263	Feuerstein	_	_	_	_	_	_	_	_	_	NN	Dat.Sg.Masc	Feuerstein
40-6	4264-4269	einen	_	_	_	_	_	_	_	_	_	ART	Acc.Sg.Masc	ein
40-7	4270-4279	Faustkeil	_	_	_	_	_	_	_	_	_	NN	Acc.Sg.Masc	Faustkeil
40-8	4280-4287	fertigt	_	_	_	_	_	_	_	_	_	VVFIN	3.Sg.Pres.Ind	fertigen
40-9	4288-4291	und	_	_	_	_	_	_	_	_	_	KON	_	und
40-10	4292-4295	wie	_	_	_	_	_	_	_	_	_	PWAV	_	wie
40-11	4296-4299	man	_	_	_	_	_	_	_	_	_	PIS	Nom.Sg.*	man
40-12	4300-4305	durch	_	_	_	_	_	_	_	_	_	APPR	_	durch
40-13	4306-4312	Reiben	_	_	_	_	_	_	_	_	_	NN	Acc.Sg.Neut	reiben
40-14	4313-4319	zweier	_	_	_	_	_	_	_	_	_	ADJA	Pos.Gen.Pl.Neut	zwei
40-15	4320-4326	Hölzer	_	_	_	_	_	_	_	_	_	ADJA	Pos.*.*.*	holz
40-16	4327-4332	Feuer	_	_	_	_	_	_	_	_	_	NN	Gen.Pl.Neut	Feuer
40-17	4333-4338	macht	_	_	_	_	_	_	_	_	_	VVFIN	3.Sg.Pres.Ind	machen
40-18	4339-4340	,	_	_	_	_	_	_	_	_	_	$,	_	,
40-19	4341-4345	weiß	_	_	_	_	_	_	_	_	_	VVFIN	3.Sg.Pres.Ind	wissen
40-20	4346-4351	heute	_	_	_	_	_	_	_	_	_	ADV	_	heute
40-21	4352-4359	niemand	_	_	_	_	_	_	_	_	_	PIS	Nom.Sg.Masc	niemand
40-22	4360-4364	mehr	_	_	_	_	_	_	_	_	_	ADV	_	mehr
40-23	4365-4366	,	_	_	_	_	_	_	_	_	_	$,	_	,
40-24	4367-4371	denn	_	_	_	_	_	_	_	_	_	KON	_	denn
40-25	4372-4375	die	_	_	_	_	_	_	_	_	_	ART	Nom.Pl.Masc	der
40-26	4376-4389	Massenartikel	_	_	_	_	_	_	_	_	_	NN	Nom.Pl.Masc	Massenartikel
40-27	4390-4396	Messer	_	_	_	_	_	_	_	_	_	NN	Nom.Sg.Neut	Messer
40-28	4397-4400	und	_	_	_	_	_	_	_	_	_	KON	_	und
40-29	4401-4410	Feuerzeug	_	_	_	_	_	_	_	_	_	NN	Nom.Sg.Neut	Feuerzeug
40-30	4411-4415	sind	_	_	_	_	_	_	_	_	_	VAFIN	3.Pl.Pres.Ind	sein
40-31	4416-4425	einfacher	_	_	_	_	_	_	_	_	_	ADJD	Comp	einfach
40-32	4426-4428	zu	_	_	_	_	_	_	_	_	_	PTKZU	_	zu
40-33	4429-4437	benutzen	_	_	_	_	_	_	_	_	_	VVINF	Inf	benutzen
40-34	4438-4439	.	_	_	_	_	_	_	_	_	_	$.	_	.

#Text=Unsere Vorfahren führten viele Kriege .
41-1	4442-4448	Unsere	_	_	_	_	_	_	_	_	_	PPOSAT	Nom.Pl.Masc	unser
41-2	4449-4458	Vorfahren	_	_	_	_	_	_	_	_	_	NN	Nom.Pl.Masc	Vorfahr
41-3	4459-4466	führten	_	_	_	_	_	_	_	_	_	VVFIN	3.Pl.Past.Ind	führen
41-4	4467-4472	viele	_	_	_	_	_	_	_	_	_	PIAT	Acc.Pl.Masc	vieler
41-5	4473-4479	Kriege	_	_	_	_	_	_	_	_	_	NN	Acc.Pl.Masc	Krieg
41-6	4480-4481	.	_	_	_	_	_	_	_	_	_	$.	_	.

#Text=Die eigenen Interessen mit Gewalt durchzusetzen , war lange Zeit die natürlichste Sache der Welt .
42-1	4484-4487	Die	_	_	_	_	_	_	_	_	_	ART	Acc.Pl.Neut	der
42-2	4488-4495	eigenen	_	_	_	_	_	_	_	_	_	ADJA	Pos.Acc.Pl.Neut	eigen
42-3	4496-4506	Interessen	_	_	_	_	_	_	_	_	_	NN	Acc.Pl.Neut	Interesse
42-4	4507-4510	mit	_	_	_	_	_	_	_	_	_	APPR	_	mit
42-5	4511-4517	Gewalt	_	_	_	_	_	_	_	_	_	NN	Dat.Sg.Fem	Gewalt
42-6	4518-4531	durchzusetzen	_	_	_	_	_	_	_	_	_	VVIZU	Infzu	durchsetzen
42-7	4532-4533	,	_	_	_	_	_	_	_	_	_	$,	_	,
42-8	4534-4537	war	_	_	_	_	_	_	_	_	_	VAFIN	3.Sg.Past.Ind	sein
42-9	4538-4543	lange	_	_	_	_	_	_	_	_	_	ADJA	Pos.Nom.Sg.Fem	lang
42-10	4544-4548	Zeit	_	_	_	_	_	_	_	_	_	NN	Nom.Sg.Fem	Zeit
42-11	4549-4552	die	_	_	_	_	_	_	_	_	_	ART	Nom.Sg.Fem	der
42-12	4553-4565	natürlichste	_	_	_	_	_	_	_	_	_	ADJA	Sup.Nom.Sg.Fem	natürlich
42-13	4566-4571	Sache	_	_	_	_	_	_	_	_	_	NN	Nom.Sg.Fem	Sache
42-14	4572-4575	der	_	_	_	_	_	_	_	_	_	ART	Gen.Sg.Fem	der
42-15	4576-4580	Welt	_	_	_	_	_	_	_	_	_	NN	Gen.Sg.Fem	Welt
42-16	4581-4582	.	_	_	_	_	_	_	_	_	_	$.	_	.

#Text=Es dauerte lange , um die Idee zu entwickeln , einen Streit ausnahmsweise mal friedlich lösen zu können .
43-1	4585-4587	Es	_	_	_	_	_	_	_	_	_	PPER	3.Nom.Sg.Neut	es
43-2	4588-4595	dauerte	_	_	_	_	_	_	_	_	_	VVFIN	3.Sg.Past.Ind	dauern
43-3	4596-4601	lange	_	_	_	_	_	_	_	_	_	ADV	_	lange
43-4	4602-4603	,	_	_	_	_	_	_	_	_	_	$,	_	,
43-5	4604-4606	um	_	_	_	_	_	_	_	_	_	KOUI	_	um
43-6	4607-4610	die	_	_	_	_	_	_	_	_	_	ART	Acc.Sg.Fem	der
43-7	4611-4615	Idee	_	_	_	_	_	_	_	_	_	NN	Acc.Sg.Fem	Idee
43-8	4616-4618	zu	_	_	_	_	_	_	_	_	_	PTKZU	_	zu
43-9	4619-4629	entwickeln	_	_	_	_	_	_	_	_	_	VVINF	Inf	entwickeln
43-10	4630-4631	,	_	_	_	_	_	_	_	_	_	$,	_	,
43-11	4632-4637	einen	_	_	_	_	_	_	_	_	_	ART	Acc.Sg.Masc	ein
43-12	4638-4644	Streit	_	_	_	_	_	_	_	_	_	NN	Acc.Sg.Masc	Streit
43-13	4645-4658	ausnahmsweise	_	_	_	_	_	_	_	_	_	ADV	_	ausnahmsweise
43-14	4659-4662	mal	_	_	_	_	_	_	_	_	_	ADV	_	mal
43-15	4663-4672	friedlich	_	_	_	_	_	_	_	_	_	ADJD	Pos	friedlich
43-16	4673-4678	lösen	_	_	_	_	_	_	_	_	_	VVINF	Inf	lösen
43-17	4679-4681	zu	_	_	_	_	_	_	_	_	_	PTKZU	_	zu
43-18	4682-4688	können	_	_	_	_	_	_	_	_	_	VMINF	Inf	können
43-19	4689-4690	.	_	_	_	_	_	_	_	_	_	$.	_	.

#Text=Um das Jahr 2470 v .
44-1	4693-4695	Um	_	_	_	_	_	_	_	_	_	APPR	_	um
44-2	4696-4699	das	_	_	_	_	_	_	_	_	_	ART	Acc.Sg.Neut	der
44-3	4700-4704	Jahr	_	_	_	_	_	_	_	_	_	NN	Acc.Sg.Neut	Jahr
44-4	4705-4709	2470	_	_	_	_	_	_	_	_	_	CARD	_	2470
44-5	4710-4711	v	_	_	_	_	_	_	_	_	_	CARD	_	v
44-6	4712-4713	.	_	_	_	_	_	_	_	_	_	$.	_	.

#Text=Chr . wurde der erste bekannte Frieden geschlossen , im Jahr 1259 v .
45-1	4716-4719	Chr	_	_	_	_	_	_	_	_	_	NE	Nom.Sg.*	Chr
45-2	4720-4721	.	_	_	_	_	_	_	_	_	_	$.	_	.
45-3	4722-4727	wurde	_	_	_	_	_	_	_	_	_	VAFIN	3.Sg.Past.Ind	werden
45-4	4728-4731	der	_	_	_	_	_	_	_	_	_	ART	Nom.Sg.Masc	der
45-5	4732-4737	erste	_	_	_	_	_	_	_	_	_	ADJA	Pos.Nom.Sg.Masc	erster
45-6	4738-4746	bekannte	_	_	_	_	_	_	_	_	_	ADJA	Pos.Nom.Sg.Masc	bekannt
45-7	4747-4754	Frieden	_	_	_	_	_	_	_	_	_	NN	Nom.Sg.Masc	Frieden
45-8	4755-4766	geschlossen	_	_	_	_	_	_	_	_	_	VVPP	Psp	schließen
45-9	4767-4768	,	_	_	_	_	_	_	_	_	_	$,	_	,
45-10	4769-4771	im	_	_	_	_	_	_	_	_	_	APPRART	Dat.Sg.Neut	in
45-11	4772-4776	Jahr	_	_	_	_	_	_	_	_	_	NN	Dat.Sg.Neut	Jahr
45-12	4777-4781	1259	_	_	_	_	_	_	_	_	_	CARD	_	1259
45-13	4782-4783	v	_	_	_	_	_	_	_	_	_	ADJD	Pos	v
45-14	4784-4785	.	_	_	_	_	_	_	_	_	_	$.	_	.

#Text=Chr . gab es einen ersten Friedensvertrag .
46-1	4788-4791	Chr	_	_	_	_	_	_	_	_	_	NE	Nom.Sg.*	Chr
46-2	4792-4793	.	_	_	_	_	_	_	_	_	_	$.	_	.
46-3	4794-4797	gab	_	_	_	_	_	_	_	_	_	VVFIN	3.Sg.Past.Ind	geben
46-4	4798-4800	es	_	_	_	_	_	_	_	_	_	PPER	3.Nom.Sg.Neut	es
46-5	4801-4806	einen	_	_	_	_	_	_	_	_	_	ART	Acc.Sg.Masc	ein
46-6	4807-4813	ersten	_	_	_	_	_	_	_	_	_	ADJA	Pos.Acc.Sg.Masc	erster
46-7	4814-4829	Friedensvertrag	_	_	_	_	_	_	_	_	_	NN	Acc.Sg.Masc	Friedensvertrag
46-8	4830-4831	.	_	_	_	_	_	_	_	_	_	$.	_	.

#Text=Allmählich entwickelten sich die Spielregeln der Diplomatie .
47-1	4834-4844	Allmählich	_	_	_	_	_	_	_	_	_	ADJD	Pos	allmählich
47-2	4845-4857	entwickelten	_	_	_	_	_	_	_	_	_	VVFIN	3.Pl.Past.Ind	entwickeln
47-3	4858-4862	sich	_	_	_	_	_	_	_	_	_	PRF	3.Acc.Pl	sich
47-4	4863-4866	die	_	_	_	_	_	_	_	_	_	ART	Nom.Pl.Fem	der
47-5	4867-4878	Spielregeln	false	0Kern	true	true	Regel, die beim Spielen eines Spiels beachtet werden muss	true	*	Regeln	47-7	NN	Nom.Pl.Fem	Spielregel
47-6	4879-4882	der	_	_	_	_	_	_	_	_	_	ART	Gen.Sg.Fem	der
47-7	4883-4893	Diplomatie	false	5clash	_	_	_	_	_	_	_	NN	Gen.Sg.Fem	Diplomatie
47-8	4894-4895	.	_	_	_	_	_	_	_	_	_	$.	_	.

#Text=Heute hält es der größte Teil der Menschheit für vernünftig , auf Krieg zu verzichten und bevorzugt Verhandlungen zu führen .
48-1	4898-4903	Heute	_	_	_	_	_	_	_	_	_	ADV	_	heute
48-2	4904-4908	hält	_	_	_	_	_	_	_	_	_	VVFIN	3.Sg.Pres.Ind	halten
48-3	4909-4911	es	_	_	_	_	_	_	_	_	_	PPER	3.Acc.Sg.Neut	es
48-4	4912-4915	der	_	_	_	_	_	_	_	_	_	ART	Nom.Sg.Masc	der
48-5	4916-4922	größte	_	_	_	_	_	_	_	_	_	ADJA	Sup.Nom.Sg.Masc	groß
48-6	4923-4927	Teil	_	_	_	_	_	_	_	_	_	NN	Nom.Sg.Masc	Teil
48-7	4928-4931	der	_	_	_	_	_	_	_	_	_	ART	Gen.Sg.Fem	der
48-8	4932-4942	Menschheit	_	_	_	_	_	_	_	_	_	NN	Gen.Sg.Fem	Menschheit
48-9	4943-4946	für	_	_	_	_	_	_	_	_	_	APPR	_	für
48-10	4947-4957	vernünftig	_	_	_	_	_	_	_	_	_	ADJD	Pos	vernünftig
48-11	4958-4959	,	_	_	_	_	_	_	_	_	_	$,	_	,
48-12	4960-4963	auf	_	_	_	_	_	_	_	_	_	APPR	_	auf
48-13	4964-4969	Krieg	_	_	_	_	_	_	_	_	_	NN	Acc.Sg.Masc	Krieg
48-14	4970-4972	zu	_	_	_	_	_	_	_	_	_	PTKZU	_	zu
48-15	4973-4983	verzichten	_	_	_	_	_	_	_	_	_	VVINF	Inf	verzichten
48-16	4984-4987	und	_	_	_	_	_	_	_	_	_	KON	_	und
48-17	4988-4997	bevorzugt	_	_	_	_	_	_	_	_	_	VVFIN	3.Sg.Pres.Ind	bevorzugen
48-18	4998-5011	Verhandlungen	_	_	_	_	_	_	_	_	_	NN	Acc.Pl.Fem	Verhandlung
48-19	5012-5014	zu	_	_	_	_	_	_	_	_	_	PTKZU	_	zu
48-20	5015-5021	führen	_	_	_	_	_	_	_	_	_	VVINF	Inf	führen
48-21	5022-5023	.	_	_	_	_	_	_	_	_	_	$.	_	.

#Text=Was für ein langer Weg ...
49-1	5026-5029	Was	_	_	_	_	_	_	_	_	_	PWS	Acc.Sg.Neut	was
49-2	5030-5033	für	_	_	_	_	_	_	_	_	_	APPR	_	für
49-3	5034-5037	ein	_	_	_	_	_	_	_	_	_	ART	Acc.Sg.Masc	ein
49-4	5038-5044	langer	_	_	_	_	_	_	_	_	_	ADJA	Pos.Nom.Sg.Masc	lang
49-5	5045-5048	Weg	_	_	_	_	_	_	_	_	_	NN	Nom.Sg.Masc	Weg
49-6	5049-5050	.	_	_	_	_	_	_	_	_	_	$(	_	.
49-7	5050-5051	.	_	_	_	_	_	_	_	_	_	$(	_	.
49-8	5051-5052	.	_	_	_	_	_	_	_	_	_	$(	_	.

#Text=Noch vieles mehr können wir aus der Geschichte lernen , beispielsweise für den Umweltschutz .
50-1	5055-5059	Noch	_	_	_	_	_	_	_	_	_	ADV	_	noch
50-2	5060-5066	vieles	_	_	_	_	_	_	_	_	_	PIS	Acc.Pl.Neut	viele
50-3	5067-5071	mehr	_	_	_	_	_	_	_	_	_	ADV	_	mehr
50-4	5072-5078	können	_	_	_	_	_	_	_	_	_	VMFIN	1.Pl.Pres.Ind	können
50-5	5079-5082	wir	_	_	_	_	_	_	_	_	_	PPER	1.Nom.Pl.*	wir
50-6	5083-5086	aus	_	_	_	_	_	_	_	_	_	APPR	_	aus
50-7	5087-5090	der	_	_	_	_	_	_	_	_	_	ART	Dat.Sg.Fem	der
50-8	5091-5101	Geschichte	_	_	_	_	_	_	_	_	_	NN	Dat.Sg.Fem	Geschichte
50-9	5102-5108	lernen	_	_	_	_	_	_	_	_	_	VVINF	Inf	lernen
50-10	5109-5110	,	_	_	_	_	_	_	_	_	_	$,	_	,
50-11	5111-5125	beispielsweise	_	_	_	_	_	_	_	_	_	ADV	_	beispielsweise
50-12	5126-5129	für	_	_	_	_	_	_	_	_	_	APPR	_	für
50-13	5130-5133	den	_	_	_	_	_	_	_	_	_	ART	Acc.Sg.Masc	der
50-14	5134-5146	Umweltschutz	_	_	_	_	_	_	_	_	_	NN	Acc.Sg.Masc	Umweltschutz
50-15	5147-5148	.	_	_	_	_	_	_	_	_	_	$.	_	.

#Text=Die Phönizier hatten vor 3000 Jahren große Macht , weil sie eine große Flotte hatten .
51-1	5151-5154	Die	_	_	_	_	_	_	_	_	_	ART	Nom.Pl.Masc	der
51-2	5155-5164	Phönizier	_	_	_	_	_	_	_	_	_	NN	Nom.Pl.Masc	Phönizier
51-3	5165-5171	hatten	_	_	_	_	_	_	_	_	_	VAFIN	3.Pl.Past.Ind	haben
51-4	5172-5175	vor	_	_	_	_	_	_	_	_	_	APPR	_	vor
51-5	5176-5180	3000	_	_	_	_	_	_	_	_	_	CARD	_	3000
51-6	5181-5187	Jahren	_	_	_	_	_	_	_	_	_	NN	Dat.Pl.Neut	Jahr
51-7	5188-5193	große	_	_	_	_	_	_	_	_	_	ADJA	Pos.Acc.Sg.Fem	groß
51-8	5194-5199	Macht	_	_	_	_	_	_	_	_	_	NN	Acc.Sg.Fem	Macht
51-9	5200-5201	,	_	_	_	_	_	_	_	_	_	$,	_	,
51-10	5202-5206	weil	_	_	_	_	_	_	_	_	_	KOUS	_	weil
51-11	5207-5210	sie	_	_	_	_	_	_	_	_	_	PPER	3.Nom.Pl.Masc	sie
51-12	5211-5215	eine	_	_	_	_	_	_	_	_	_	ART	Acc.Sg.Fem	ein
51-13	5216-5221	große	_	_	_	_	_	_	_	_	_	ADJA	Pos.Acc.Sg.Fem	groß
51-14	5222-5228	Flotte	_	_	_	_	_	_	_	_	_	NN	Acc.Sg.Fem	Flotte
51-15	5229-5235	hatten	_	_	_	_	_	_	_	_	_	VAFIN	3.Pl.Past.Ind	haben
51-16	5236-5237	.	_	_	_	_	_	_	_	_	_	$.	_	.

#Text=Die Schiffe dieser Flotte wurden aus haltbarem libanesischen Zedernholz gebaut .
52-1	5240-5243	Die	_	_	_	_	_	_	_	_	_	ART	Nom.Pl.Neut	der
52-2	5244-5251	Schiffe	_	_	_	_	_	_	_	_	_	NN	Nom.Pl.Neut	Schiff
52-3	5252-5258	dieser	_	_	_	_	_	_	_	_	_	PDAT	Gen.Sg.Fem	dieser
52-4	5259-5265	Flotte	_	_	_	_	_	_	_	_	_	NN	Gen.Sg.Fem	Flotte
52-5	5266-5272	wurden	_	_	_	_	_	_	_	_	_	VAFIN	3.Pl.Past.Ind	werden
52-6	5273-5276	aus	_	_	_	_	_	_	_	_	_	APPR	_	aus
52-7	5277-5286	haltbarem	_	_	_	_	_	_	_	_	_	ADJA	Pos.Dat.Sg.Neut	haltbar
52-8	5287-5300	libanesischen	_	_	_	_	_	_	_	_	_	ADJA	Pos.Dat.Sg.Neut	libanesisch
52-9	5301-5311	Zedernholz	_	_	_	_	_	_	_	_	_	NN	Dat.Sg.Neut	Zedernholz
52-10	5312-5318	gebaut	_	_	_	_	_	_	_	_	_	VVPP	Psp	bauen
52-11	5319-5320	.	_	_	_	_	_	_	_	_	_	$.	_	.

#Text=Als durch Raubbau die Zedern knapp wurden , verging die Macht der Phönizier .
53-1	5323-5326	Als	_	_	_	_	_	_	_	_	_	KOUS	_	als
53-2	5327-5332	durch	_	_	_	_	_	_	_	_	_	APPR	_	durch
53-3	5333-5340	Raubbau	_	_	_	_	_	_	_	_	_	NN	Acc.Sg.Masc	Raubbau
53-4	5341-5344	die	_	_	_	_	_	_	_	_	_	ART	Nom.Pl.Fem	der
53-5	5345-5351	Zedern	_	_	_	_	_	_	_	_	_	NN	Nom.Pl.Fem	Zeder
53-6	5352-5357	knapp	_	_	_	_	_	_	_	_	_	ADJD	Pos	knapp
53-7	5358-5364	wurden	_	_	_	_	_	_	_	_	_	VAFIN	3.Pl.Past.Ind	werden
53-8	5365-5366	,	_	_	_	_	_	_	_	_	_	$,	_	,
53-9	5367-5374	verging	_	_	_	_	_	_	_	_	_	VVFIN	3.Sg.Past.Ind	vergehen
53-10	5375-5378	die	_	_	_	_	_	_	_	_	_	ART	Nom.Sg.Fem	der
53-11	5379-5384	Macht	_	_	_	_	_	_	_	_	_	NN	Nom.Sg.Fem	Macht
53-12	5385-5388	der	_	_	_	_	_	_	_	_	_	ART	Gen.Pl.Masc	der
53-13	5389-5398	Phönizier	_	_	_	_	_	_	_	_	_	NN	Gen.Pl.Masc	Phönizier
53-14	5399-5400	.	_	_	_	_	_	_	_	_	_	$.	_	.

#Text=Heute gibt es kaum noch alte Zedern im Libanon , der Bestand erholt sich nur langsam .
54-1	5403-5408	Heute	_	_	_	_	_	_	_	_	_	ADV	_	heute
54-2	5409-5413	gibt	_	_	_	_	_	_	_	_	_	VVFIN	3.Sg.Pres.Ind	geben
54-3	5414-5416	es	_	_	_	_	_	_	_	_	_	PPER	3.Nom.Sg.Neut	es
54-4	5417-5421	kaum	_	_	_	_	_	_	_	_	_	ADV	_	kaum
54-5	5422-5426	noch	_	_	_	_	_	_	_	_	_	ADV	_	noch
54-6	5427-5431	alte	_	_	_	_	_	_	_	_	_	ADJA	Pos.Acc.Pl.Fem	alt
54-7	5432-5438	Zedern	_	_	_	_	_	_	_	_	_	NN	Acc.Pl.Fem	Zeder
54-8	5439-5441	im	_	_	_	_	_	_	_	_	_	APPRART	Dat.Sg.Masc	in
54-9	5442-5449	Libanon	_	_	_	_	_	_	_	_	_	NE	Dat.Sg.Masc	Libanon
54-10	5450-5451	,	_	_	_	_	_	_	_	_	_	$,	_	,
54-11	5452-5455	der	_	_	_	_	_	_	_	_	_	ART	Nom.Sg.Masc	der
54-12	5456-5463	Bestand	_	_	_	_	_	_	_	_	_	NN	Nom.Sg.Masc	Bestand
54-13	5464-5470	erholt	_	_	_	_	_	_	_	_	_	VVFIN	3.Sg.Pres.Ind	erholen
54-14	5471-5475	sich	_	_	_	_	_	_	_	_	_	PRF	3.Acc.Sg	sich
54-15	5476-5479	nur	_	_	_	_	_	_	_	_	_	ADV	_	nur
54-16	5480-5487	langsam	_	_	_	_	_	_	_	_	_	ADJD	Pos	langsam
54-17	5488-5489	.	_	_	_	_	_	_	_	_	_	$.	_	.

#Text=Als die Römer vor 2000 Jahren Holz für eine Flotte brauchten , holzten sie die Apenninen ab , die damals dicht bewaldet waren .
55-1	5492-5495	Als	_	_	_	_	_	_	_	_	_	KOUS	_	als
55-2	5496-5499	die	_	_	_	_	_	_	_	_	_	ART	Nom.Pl.Masc	der
55-3	5500-5505	Römer	_	_	_	_	_	_	_	_	_	NN	Nom.Pl.Masc	Römer
55-4	5506-5509	vor	_	_	_	_	_	_	_	_	_	APPR	_	vor
55-5	5510-5514	2000	_	_	_	_	_	_	_	_	_	CARD	_	2000
55-6	5515-5521	Jahren	_	_	_	_	_	_	_	_	_	NN	Dat.Pl.Neut	Jahr
55-7	5522-5526	Holz	_	_	_	_	_	_	_	_	_	NN	Nom.Sg.Neut	Holz
55-8	5527-5530	für	_	_	_	_	_	_	_	_	_	APPR	_	für
55-9	5531-5535	eine	_	_	_	_	_	_	_	_	_	ART	Acc.Sg.Fem	ein
55-10	5536-5542	Flotte	_	_	_	_	_	_	_	_	_	NN	Acc.Sg.Fem	Flotte
55-11	5543-5552	brauchten	_	_	_	_	_	_	_	_	_	VVFIN	3.Pl.Past.Ind	brauchten
55-12	5553-5554	,	_	_	_	_	_	_	_	_	_	$,	_	,
55-13	5555-5562	holzten	_	_	_	_	_	_	_	_	_	VVFIN	3.Pl.Past.Ind	holzen
55-14	5563-5566	sie	_	_	_	_	_	_	_	_	_	PPER	3.Nom.Pl.*	sie
55-15	5567-5570	die	_	_	_	_	_	_	_	_	_	ART	Acc.Pl.Fem	der
55-16	5571-5580	Apenninen	_	_	_	_	_	_	_	_	_	NN	Acc.Pl.Fem	Apennine
55-17	5581-5583	ab	_	_	_	_	_	_	_	_	_	PTKVZ	_	ab
55-18	5584-5585	,	_	_	_	_	_	_	_	_	_	$,	_	,
55-19	5586-5589	die	_	_	_	_	_	_	_	_	_	PRELS	Nom.Pl.Fem	der
55-20	5590-5596	damals	_	_	_	_	_	_	_	_	_	ADV	_	damals
55-21	5597-5602	dicht	_	_	_	_	_	_	_	_	_	ADJD	Pos	dicht
55-22	5603-5611	bewaldet	_	_	_	_	_	_	_	_	_	VVPP	Psp	bewalden
55-23	5612-5617	waren	_	_	_	_	_	_	_	_	_	VAFIN	3.Pl.Past.Ind	sein
55-24	5618-5619	.	_	_	_	_	_	_	_	_	_	$.	_	.

#Text=Der Regen hat die Erde , die nicht mehr von den Wurzeln der Bäume zusammengehalten wurde , von den Felsen ins Tal gespült .
56-1	5622-5625	Der	_	_	_	_	_	_	_	_	_	ART	Nom.Sg.Masc	der
56-2	5626-5631	Regen	_	_	_	_	_	_	_	_	_	NN	Nom.Sg.Masc	Regen
56-3	5632-5635	hat	_	_	_	_	_	_	_	_	_	VAFIN	3.Sg.Pres.Ind	haben
56-4	5636-5639	die	_	_	_	_	_	_	_	_	_	ART	Acc.Sg.Fem	der
56-5	5640-5644	Erde	_	_	_	_	_	_	_	_	_	NN	Acc.Sg.Fem	Erde
56-6	5645-5646	,	_	_	_	_	_	_	_	_	_	$,	_	,
56-7	5647-5650	die	_	_	_	_	_	_	_	_	_	PRELS	Nom.Sg.Fem	der
56-8	5651-5656	nicht	_	_	_	_	_	_	_	_	_	PTKNEG	_	nicht
56-9	5657-5661	mehr	_	_	_	_	_	_	_	_	_	ADV	_	mehr
56-10	5662-5665	von	_	_	_	_	_	_	_	_	_	APPR	_	von
56-11	5666-5669	den	_	_	_	_	_	_	_	_	_	ART	Dat.Pl.Fem	der
56-12	5670-5677	Wurzeln	_	_	_	_	_	_	_	_	_	NN	Dat.Pl.Fem	Wurzel
56-13	5678-5681	der	_	_	_	_	_	_	_	_	_	ART	Gen.Pl.Masc	der
56-14	5682-5687	Bäume	_	_	_	_	_	_	_	_	_	NN	Gen.Pl.Masc	Baum
56-15	5688-5704	zusammengehalten	_	_	_	_	_	_	_	_	_	VVPP	Psp	zusammenhalten
56-16	5705-5710	wurde	_	_	_	_	_	_	_	_	_	VAFIN	3.Sg.Past.Ind	werden
56-17	5711-5712	,	_	_	_	_	_	_	_	_	_	$,	_	,
56-18	5713-5716	von	_	_	_	_	_	_	_	_	_	APPR	_	von
56-19	5717-5720	den	_	_	_	_	_	_	_	_	_	ART	Dat.Pl.Masc	der
56-20	5721-5727	Felsen	_	_	_	_	_	_	_	_	_	NN	Dat.Pl.Masc	Fels
56-21	5728-5731	ins	_	_	_	_	_	_	_	_	_	APPRART	Acc.Sg.Neut	in
56-22	5732-5735	Tal	_	_	_	_	_	_	_	_	_	NN	Acc.Sg.Neut	Tal
56-23	5736-5743	gespült	_	_	_	_	_	_	_	_	_	VVPP	Psp	spülen
56-24	5744-5745	.	_	_	_	_	_	_	_	_	_	$.	_	.

#Text=Seitdem sind die Berge Italiens kahl , und neue Bäume können nicht mehr nachwachsen .
57-1	5748-5755	Seitdem	_	_	_	_	_	_	_	_	_	PROAV	_	seitdem
57-2	5756-5760	sind	_	_	_	_	_	_	_	_	_	VAFIN	3.Pl.Pres.Ind	sein
57-3	5761-5764	die	_	_	_	_	_	_	_	_	_	ART	Nom.Pl.Masc	der
57-4	5765-5770	Berge	_	_	_	_	_	_	_	_	_	NN	Nom.Pl.Masc	Berg
57-5	5771-5779	Italiens	_	_	_	_	_	_	_	_	_	NE	Gen.Sg.Neut	Italien
57-6	5780-5784	kahl	_	_	_	_	_	_	_	_	_	ADJD	Pos	kahl
57-7	5785-5786	,	_	_	_	_	_	_	_	_	_	$,	_	,
57-8	5787-5790	und	_	_	_	_	_	_	_	_	_	KON	_	und
57-9	5791-5795	neue	_	_	_	_	_	_	_	_	_	ADJA	Pos.Nom.Pl.Masc	neu
57-10	5796-5801	Bäume	_	_	_	_	_	_	_	_	_	NN	Nom.Pl.Masc	Baum
57-11	5802-5808	können	_	_	_	_	_	_	_	_	_	VMFIN	3.Pl.Pres.Ind	können
57-12	5809-5814	nicht	_	_	_	_	_	_	_	_	_	PTKNEG	_	nicht
57-13	5815-5819	mehr	_	_	_	_	_	_	_	_	_	ADV	_	mehr
57-14	5820-5831	nachwachsen	_	_	_	_	_	_	_	_	_	VVINF	Inf	nachwachsen
57-15	5832-5833	.	_	_	_	_	_	_	_	_	_	$.	_	.

#Text=Wie und warum die Zivilisation entstand , kannst du hier nachlesen : Kursiv geschriebene Artikel sind noch nicht vollständig :
58-1	5836-5839	Wie	_	_	_	_	_	_	_	_	_	PWAV	_	wie
58-2	5840-5843	und	_	_	_	_	_	_	_	_	_	KON	_	und
58-3	5844-5849	warum	_	_	_	_	_	_	_	_	_	PWAV	_	warum
58-4	5850-5853	die	_	_	_	_	_	_	_	_	_	ART	Nom.Sg.Fem	der
58-5	5854-5866	Zivilisation	_	_	_	_	_	_	_	_	_	NN	Nom.Sg.Fem	Zivilisation
58-6	5867-5875	entstand	_	_	_	_	_	_	_	_	_	VVFIN	3.Sg.Past.Ind	entstehen
58-7	5876-5877	,	_	_	_	_	_	_	_	_	_	$,	_	,
58-8	5878-5884	kannst	_	_	_	_	_	_	_	_	_	VVFIN	2.Sg.Pres.Ind	kannen
58-9	5885-5887	du	_	_	_	_	_	_	_	_	_	PPER	2.Nom.Sg.*	du
58-10	5888-5892	hier	_	_	_	_	_	_	_	_	_	ADV	_	hier
58-11	5893-5902	nachlesen	_	_	_	_	_	_	_	_	_	VVFIN	1.Pl.Pres.Ind	nachlesen
58-12	5903-5904	:	_	_	_	_	_	_	_	_	_	$.	_	:
58-13	5905-5911	Kursiv	_	_	_	_	_	_	_	_	_	ADJD	Pos	kursiv
58-14	5912-5924	geschriebene	_	_	_	_	_	_	_	_	_	ADJA	Pos.Nom.Pl.Masc	geschrieben
58-15	5925-5932	Artikel	_	_	_	_	_	_	_	_	_	NN	Nom.Pl.Masc	Artikel
58-16	5933-5937	sind	_	_	_	_	_	_	_	_	_	VAFIN	3.Pl.Pres.Ind	sein
58-17	5938-5942	noch	_	_	_	_	_	_	_	_	_	ADV	_	noch
58-18	5943-5948	nicht	_	_	_	_	_	_	_	_	_	PTKNEG	_	nicht
58-19	5949-5960	vollständig	_	_	_	_	_	_	_	_	_	ADJD	Pos	vollständig
58-20	5961-5962	:	_	_	_	_	_	_	_	_	_	$.	_	:
