#FORMAT=WebAnno TSV 3.3
#T_SP=webanno.custom.MET_A|MFlag|Rolle
#T_SP=webanno.custom.MET_B|basic|c_mark
#T_SP=webanno.custom.MET_B2|b_Lex
#T_SP=webanno.custom.MET_D|a_Par
#T_RL=webanno.custom.METD|BT_webanno.custom.MET_A


#Text=Thilo Hoppe ( BÜNDNIS 90/DIE GRÜNEN ) : Schon in der Überschrift des Antrags , dem wir den Titel " Weltbevölkerung und Entwicklung - zehn Jahre nach Kairo " gegeben haben , zeigt sich die Verbindung von wirtschaftlicher und sozialer Entwicklung .
1-1	0-5	Thilo	_	_	_	_	_	_	_	
1-2	6-11	Hoppe	_	_	_	_	_	_	_	
1-3	12-13	(	_	_	_	_	_	_	_	
1-4	14-21	BÜNDNIS	_	_	_	_	_	_	_	
1-5	22-24	90	_	_	_	_	_	_	_	
1-6	24-25	/	_	_	_	_	_	_	_	
1-7	25-28	DIE	_	_	_	_	_	_	_	
1-8	29-35	GRÜNEN	_	_	_	_	_	_	_	
1-9	36-37	)	_	_	_	_	_	_	_	
1-10	38-39	:	_	_	_	_	_	_	_	
1-11	40-45	Schon	_	_	_	_	_	_	_	
1-12	46-48	in	_	_	_	_	_	_	_	
1-13	49-52	der	_	_	_	_	_	_	_	
1-14	53-64	Überschrift	_	_	_	_	_	_	_	
1-15	65-68	des	_	_	_	_	_	_	_	
1-16	69-76	Antrags	_	_	_	_	_	_	_	
1-17	77-78	,	_	_	_	_	_	_	_	
1-18	79-82	dem	_	_	_	_	_	_	_	
1-19	83-86	wir	_	_	_	_	_	_	_	
1-20	87-90	den	_	_	_	_	_	_	_	
1-21	91-96	Titel	_	_	_	_	_	_	_	
1-22	97-98	"	_	_	_	_	_	_	_	
1-23	99-114	Weltbevölkerung	_	_	_	_	_	_	_	
1-24	115-118	und	_	_	_	_	_	_	_	
1-25	119-130	Entwicklung	_	_	_	_	_	_	_	
1-26	131-132	-	_	_	_	_	_	_	_	
1-27	133-137	zehn	_	_	_	_	_	_	_	
1-28	138-143	Jahre	_	_	_	_	_	_	_	
1-29	144-148	nach	_	_	_	_	_	_	_	
1-30	149-154	Kairo	_	_	_	_	_	_	_	
1-31	155-156	"	_	_	_	_	_	_	_	
1-32	157-164	gegeben	false	0Kern	true	false	überreichen	versehen mit	_	
1-33	165-170	haben	_	_	_	_	_	_	_	
1-34	171-172	,	_	_	_	_	_	_	_	
1-35	173-178	zeigt	_	_	_	_	_	_	_	
1-36	179-183	sich	_	_	_	_	_	_	_	
1-37	184-187	die	_	_	_	_	_	_	_	
1-38	188-198	Verbindung	_	_	_	_	_	_	_	
1-39	199-202	von	_	_	_	_	_	_	_	
1-40	203-219	wirtschaftlicher	_	_	_	_	_	_	_	
1-41	220-223	und	_	_	_	_	_	_	_	
1-42	224-232	sozialer	_	_	_	_	_	_	_	
1-43	233-244	Entwicklung	_	_	_	_	_	_	_	
1-44	245-246	.	_	_	_	_	_	_	_	

#Text=Genau darin lag der Verdienst der Konferenz in Kairo 1994 , der " International Conference on Population and Development " .
2-1	249-254	Genau	_	_	_	_	_	_	_	
2-2	255-260	darin	_	_	_	_	_	_	_	
2-3	261-264	lag	_	_	_	_	_	_	_	
2-4	265-268	der	_	_	_	_	_	_	_	
2-5	269-278	Verdienst	_	_	_	_	_	_	_	
2-6	279-282	der	_	_	_	_	_	_	_	
2-7	283-292	Konferenz	_	_	_	_	_	_	_	
2-8	293-295	in	_	_	_	_	_	_	_	
2-9	296-301	Kairo	_	_	_	_	_	_	_	
2-10	302-306	1994	_	_	_	_	_	_	_	
2-11	307-308	,	_	_	_	_	_	_	_	
2-12	309-312	der	_	_	_	_	_	_	_	
2-13	313-314	"	_	_	_	_	_	_	_	
2-14	315-328	International	_	_	_	_	_	_	_	
2-15	329-339	Conference	_	_	_	_	_	_	_	
2-16	340-342	on	_	_	_	_	_	_	_	
2-17	343-353	Population	_	_	_	_	_	_	_	
2-18	354-357	and	_	_	_	_	_	_	_	
2-19	358-369	Development	_	_	_	_	_	_	_	
2-20	370-371	"	_	_	_	_	_	_	_	
2-21	372-373	.	_	_	_	_	_	_	_	

#Text=Damit wurde von einem Begriff oder einer Idee von " Bevölkerungspolitik " Abschied genommen , der in Teilen der Welt historisch belastet war und in anderen Teilen der Welt mit repressiven Maßnahmen verbunden war .
3-1	376-381	Damit	_	_	_	_	_	_	_	
3-2	382-387	wurde	_	_	_	_	_	_	_	
3-3	388-391	von	_	_	_	_	_	_	_	
3-4	392-397	einem	_	_	_	_	_	_	_	
3-5	398-405	Begriff	_	_	_	_	_	_	_	
3-6	406-410	oder	_	_	_	_	_	_	_	
3-7	411-416	einer	_	_	_	_	_	_	_	
3-8	417-421	Idee	_	_	_	_	_	_	_	
3-9	422-425	von	_	_	_	_	_	_	_	
3-10	426-427	"	_	_	_	_	_	_	_	
3-11	428-447	Bevölkerungspolitik	_	_	_	_	_	_	_	
3-12	448-449	"	_	_	_	_	_	_	_	
3-13	450-458	Abschied	false	0Kern	true	false	Scheiden, Trennung von etw.	sich verabschieden, Abschied machen	3-14	
3-14	459-467	genommen	false	2sem	_	_	_	_	_	
3-15	468-469	,	_	_	_	_	_	_	_	
3-16	470-473	der	_	_	_	_	_	_	_	
3-17	474-476	in	_	_	_	_	_	_	_	
3-18	477-483	Teilen	_	_	_	_	_	_	_	
3-19	484-487	der	_	_	_	_	_	_	_	
3-20	488-492	Welt	_	_	_	_	_	_	_	
3-21	493-503	historisch	false	2sem	_	_	_	_	_	
3-22	504-512	belastet	false	0Kern	true	true	beschweren	aufgrund der Historie negativ konnotiert	3-21	
3-23	513-516	war	_	_	_	_	_	_	_	
3-24	517-520	und	_	_	_	_	_	_	_	
3-25	521-523	in	_	_	_	_	_	_	_	
3-26	524-531	anderen	_	_	_	_	_	_	_	
3-27	532-538	Teilen	_	_	_	_	_	_	_	
3-28	539-542	der	_	_	_	_	_	_	_	
3-29	543-547	Welt	_	_	_	_	_	_	_	
3-30	548-551	mit	_	_	_	_	_	_	_	
3-31	552-563	repressiven	_	_	_	_	_	_	_	
3-32	564-573	Maßnahmen	_	_	_	_	_	_	_	
3-33	574-583	verbunden	_	_	_	_	_	_	_	
3-34	584-587	war	_	_	_	_	_	_	_	
3-35	588-589	.	_	_	_	_	_	_	_	

#Text=Entwicklung und Wachstum der Weltbevölkerung werden also nicht isoliert betrachtet , vielmehr wird der Zusammenhang von wirtschaftlichen , sozialen , ökologischen und kulturellen Fragen hergestellt .
4-1	592-603	Entwicklung	_	_	_	_	_	_	_	
4-2	604-607	und	_	_	_	_	_	_	_	
4-3	608-616	Wachstum	_	_	_	_	_	_	_	
4-4	617-620	der	_	_	_	_	_	_	_	
4-5	621-636	Weltbevölkerung	_	_	_	_	_	_	_	
4-6	637-643	werden	_	_	_	_	_	_	_	
4-7	644-648	also	_	_	_	_	_	_	_	
4-8	649-654	nicht	_	_	_	_	_	_	_	
4-9	655-663	isoliert	_	_	_	_	_	_	_	
4-10	664-674	betrachtet	_	_	_	_	_	_	_	
4-11	675-676	,	_	_	_	_	_	_	_	
4-12	677-685	vielmehr	_	_	_	_	_	_	_	
4-13	686-690	wird	_	_	_	_	_	_	_	
4-14	691-694	der	_	_	_	_	_	_	_	
4-15	695-707	Zusammenhang	_	_	_	_	_	_	_	
4-16	708-711	von	_	_	_	_	_	_	_	
4-17	712-728	wirtschaftlichen	_	_	_	_	_	_	_	
4-18	729-730	,	_	_	_	_	_	_	_	
4-19	731-739	sozialen	_	_	_	_	_	_	_	
4-20	740-741	,	_	_	_	_	_	_	_	
4-21	742-754	ökologischen	_	_	_	_	_	_	_	
4-22	755-758	und	_	_	_	_	_	_	_	
4-23	759-770	kulturellen	_	_	_	_	_	_	_	
4-24	771-777	Fragen	_	_	_	_	_	_	_	
4-25	778-789	hergestellt	_	_	_	_	_	_	_	
4-26	790-791	.	_	_	_	_	_	_	_	

#Text=Der Aktionsplan von Kairo formuliert also gewissermaßen die Vorbedingungen , die gegeben sein müssen , wenn Einfluss auf das Wachstum der Bevölkerung genommen werden soll .
5-1	794-797	Der	_	_	_	_	_	_	_	
5-2	798-809	Aktionsplan	_	_	_	_	_	_	_	
5-3	810-813	von	_	_	_	_	_	_	_	
5-4	814-819	Kairo	_	_	_	_	_	_	_	
5-5	820-830	formuliert	_	_	_	_	_	_	_	
5-6	831-835	also	_	_	_	_	_	_	_	
5-7	836-849	gewissermaßen	_	_	_	_	_	_	_	
5-8	850-853	die	_	_	_	_	_	_	_	
5-9	854-868	Vorbedingungen	_	_	_	_	_	_	_	
5-10	869-870	,	_	_	_	_	_	_	_	
5-11	871-874	die	_	_	_	_	_	_	_	
5-12	875-882	gegeben	_	_	_	_	_	_	_	
5-13	883-887	sein	_	_	_	_	_	_	_	
5-14	888-894	müssen	_	_	_	_	_	_	_	
5-15	895-896	,	_	_	_	_	_	_	_	
5-16	897-901	wenn	_	_	_	_	_	_	_	
5-17	902-910	Einfluss	false	0Kern	true	false	Hineinfließen, Einwirkung	beeinflussen, Einfluss geltend machen	5-23	
5-18	911-914	auf	_	_	_	_	_	_	_	
5-19	915-918	das	_	_	_	_	_	_	_	
5-20	919-927	Wachstum	_	_	_	_	_	_	_	
5-21	928-931	der	_	_	_	_	_	_	_	
5-22	932-943	Bevölkerung	_	_	_	_	_	_	_	
5-23	944-952	genommen	false	2sem	_	_	_	_	_	
5-24	953-959	werden	_	_	_	_	_	_	_	
5-25	960-964	soll	_	_	_	_	_	_	_	
5-26	965-966	.	_	_	_	_	_	_	_	

#Text=So werden folgerichtig als zentrale Zielsetzungen benannt : die Beseitigung der Armut ; ein nachhaltiges Wirtschaftswachstum im Rahmen einer Entwicklung , die auch die Einführung solidarischer Sozialversicherungssysteme vorsieht ;
6-1	969-971	So	_	_	_	_	_	_	_	
6-2	972-978	werden	_	_	_	_	_	_	_	
6-3	979-991	folgerichtig	_	_	_	_	_	_	_	
6-4	992-995	als	_	_	_	_	_	_	_	
6-5	996-1004	zentrale	_	_	_	_	_	_	_	
6-6	1005-1018	Zielsetzungen	_	_	_	_	_	_	_	
6-7	1019-1026	benannt	_	_	_	_	_	_	_	
6-8	1027-1028	:	_	_	_	_	_	_	_	
6-9	1029-1032	die	_	_	_	_	_	_	_	
6-10	1033-1044	Beseitigung	_	_	_	_	_	_	_	
6-11	1045-1048	der	_	_	_	_	_	_	_	
6-12	1049-1054	Armut	_	_	_	_	_	_	_	
6-13	1055-1056	;	_	_	_	_	_	_	_	
6-14	1057-1060	ein	_	_	_	_	_	_	_	
6-15	1061-1073	nachhaltiges	_	_	_	_	_	_	_	
6-16	1074-1093	Wirtschaftswachstum	_	_	_	_	_	_	_	
6-17	1094-1096	im	_	_	_	_	_	_	_	
6-18	1097-1103	Rahmen	_	_	_	_	_	_	_	
6-19	1104-1109	einer	_	_	_	_	_	_	_	
6-20	1110-1121	Entwicklung	_	_	_	_	_	_	_	
6-21	1122-1123	,	_	_	_	_	_	_	_	
6-22	1124-1127	die	_	_	_	_	_	_	_	
6-23	1128-1132	auch	_	_	_	_	_	_	_	
6-24	1133-1136	die	_	_	_	_	_	_	_	
6-25	1137-1147	Einführung	_	_	_	_	_	_	_	
6-26	1148-1161	solidarischer	_	_	_	_	_	_	_	
6-27	1162-1188	Sozialversicherungssysteme	_	_	_	_	_	_	_	
6-28	1189-1197	vorsieht	_	_	_	_	_	_	_	
6-29	1198-1199	;	_	_	_	_	_	_	_	

#Text=Bildung , insbesondere für Mädchen ; die Gleichstellung und Gleichberechtigung der Geschlechter sowie der Schutz und die Förderung der Familie .
7-1	1202-1209	Bildung	_	_	_	_	_	_	_	
7-2	1210-1211	,	_	_	_	_	_	_	_	
7-3	1212-1224	insbesondere	_	_	_	_	_	_	_	
7-4	1225-1228	für	_	_	_	_	_	_	_	
7-5	1229-1236	Mädchen	_	_	_	_	_	_	_	
7-6	1237-1238	;	_	_	_	_	_	_	_	
7-7	1239-1242	die	_	_	_	_	_	_	_	
7-8	1243-1257	Gleichstellung	_	_	_	_	_	_	_	
7-9	1258-1261	und	_	_	_	_	_	_	_	
7-10	1262-1280	Gleichberechtigung	_	_	_	_	_	_	_	
7-11	1281-1284	der	_	_	_	_	_	_	_	
7-12	1285-1297	Geschlechter	_	_	_	_	_	_	_	
7-13	1298-1303	sowie	_	_	_	_	_	_	_	
7-14	1304-1307	der	_	_	_	_	_	_	_	
7-15	1308-1314	Schutz	_	_	_	_	_	_	_	
7-16	1315-1318	und	_	_	_	_	_	_	_	
7-17	1319-1322	die	_	_	_	_	_	_	_	
7-18	1323-1332	Förderung	_	_	_	_	_	_	_	
7-19	1333-1336	der	_	_	_	_	_	_	_	
7-20	1337-1344	Familie	_	_	_	_	_	_	_	
7-21	1345-1346	.	_	_	_	_	_	_	_	

#Text=Es haben sich seit Kairo durchaus Fortschritte für die soziale und wirtschaftliche Lage in Entwicklungsländern ergeben .
8-1	1349-1351	Es	_	_	_	_	_	_	_	
8-2	1352-1357	haben	_	_	_	_	_	_	_	
8-3	1358-1362	sich	_	_	_	_	_	_	_	
8-4	1363-1367	seit	_	_	_	_	_	_	_	
8-5	1368-1373	Kairo	_	_	_	_	_	_	_	
8-6	1374-1382	durchaus	_	_	_	_	_	_	_	
8-7	1383-1395	Fortschritte	_	_	_	_	_	_	_	
8-8	1396-1399	für	_	_	_	_	_	_	_	
8-9	1400-1403	die	_	_	_	_	_	_	_	
8-10	1404-1411	soziale	_	_	_	_	_	_	_	
8-11	1412-1415	und	_	_	_	_	_	_	_	
8-12	1416-1431	wirtschaftliche	_	_	_	_	_	_	_	
8-13	1432-1436	Lage	_	_	_	_	_	_	_	
8-14	1437-1439	in	_	_	_	_	_	_	_	
8-15	1440-1459	Entwicklungsländern	_	_	_	_	_	_	_	
8-16	1460-1467	ergeben	_	_	_	_	_	_	_	
8-17	1468-1469	.	_	_	_	_	_	_	_	

#Text=So haben zwei Drittel der Länder , die an der Konferenz teilnahmen , politische und gesetzgeberische Initiativen zur Verbesserung der Gleichstellung von Frauen und Männern ergriffen .
9-1	1472-1474	So	_	_	_	_	_	_	_	
9-2	1475-1480	haben	_	_	_	_	_	_	_	
9-3	1481-1485	zwei	_	_	_	_	_	_	_	
9-4	1486-1493	Drittel	_	_	_	_	_	_	_	
9-5	1494-1497	der	_	_	_	_	_	_	_	
9-6	1498-1504	Länder	_	_	_	_	_	_	_	
9-7	1505-1506	,	_	_	_	_	_	_	_	
9-8	1507-1510	die	_	_	_	_	_	_	_	
9-9	1511-1513	an	_	_	_	_	_	_	_	
9-10	1514-1517	der	_	_	_	_	_	_	_	
9-11	1518-1527	Konferenz	_	_	_	_	_	_	_	
9-12	1528-1538	teilnahmen	_	_	_	_	_	_	_	
9-13	1539-1540	,	_	_	_	_	_	_	_	
9-14	1541-1551	politische	_	_	_	_	_	_	_	
9-15	1552-1555	und	_	_	_	_	_	_	_	
9-16	1556-1572	gesetzgeberische	_	_	_	_	_	_	_	
9-17	1573-1584	Initiativen	_	_	_	_	_	_	_	
9-18	1585-1588	zur	_	_	_	_	_	_	_	
9-19	1589-1601	Verbesserung	_	_	_	_	_	_	_	
9-20	1602-1605	der	_	_	_	_	_	_	_	
9-21	1606-1620	Gleichstellung	_	_	_	_	_	_	_	
9-22	1621-1624	von	_	_	_	_	_	_	_	
9-23	1625-1631	Frauen	_	_	_	_	_	_	_	
9-24	1632-1635	und	_	_	_	_	_	_	_	
9-25	1636-1643	Männern	_	_	_	_	_	_	_	
9-26	1644-1653	ergriffen	false	0Kern	true	false	greifen und festhalten	unternehmen, durchführen	_	
9-27	1654-1655	.	_	_	_	_	_	_	_	

#Text=Fragen der Bevölkerungsentwicklung werden systematischer , beispielsweise in Programme der Armutsbekämpfung - PRSP -, integriert .
10-1	1658-1664	Fragen	_	_	_	_	_	_	_	
10-2	1665-1668	der	_	_	_	_	_	_	_	
10-3	1669-1692	Bevölkerungsentwicklung	_	_	_	_	_	_	_	
10-4	1693-1699	werden	_	_	_	_	_	_	_	
10-5	1700-1714	systematischer	_	_	_	_	_	_	_	
10-6	1715-1716	,	_	_	_	_	_	_	_	
10-7	1717-1731	beispielsweise	_	_	_	_	_	_	_	
10-8	1732-1734	in	_	_	_	_	_	_	_	
10-9	1735-1744	Programme	_	_	_	_	_	_	_	
10-10	1745-1748	der	_	_	_	_	_	_	_	
10-11	1749-1765	Armutsbekämpfung	_	_	_	_	_	_	_	
10-12	1766-1767	-	_	_	_	_	_	_	_	
10-13	1768-1772	PRSP	_	_	_	_	_	_	_	
10-14	1773-1774	-	_	_	_	_	_	_	_	
10-15	1774-1775	,	_	_	_	_	_	_	_	
10-16	1776-1786	integriert	_	_	_	_	_	_	_	
10-17	1787-1788	.	_	_	_	_	_	_	_	

#Text=Gleichwohl bedarf es weiterhin einer langfristig angelegten Kooperation auf unterschiedlichen Feldern , um mit politischen Mitteln auf die Entwicklung der Bevölkerung Einfluss zu nehmen .
11-1	1791-1801	Gleichwohl	_	_	_	_	_	_	_	
11-2	1802-1808	bedarf	_	_	_	_	_	_	_	
11-3	1809-1811	es	_	_	_	_	_	_	_	
11-4	1812-1821	weiterhin	_	_	_	_	_	_	_	
11-5	1822-1827	einer	_	_	_	_	_	_	_	
11-6	1828-1839	langfristig	_	_	_	_	_	_	_	
11-7	1840-1850	angelegten	_	_	_	_	_	_	_	
11-8	1851-1862	Kooperation	_	_	_	_	_	_	_	
11-9	1863-1866	auf	_	_	_	_	_	_	_	
11-10	1867-1884	unterschiedlichen	_	_	_	_	_	_	_	
11-11	1885-1892	Feldern	_	_	_	_	_	_	_	
11-12	1893-1894	,	_	_	_	_	_	_	_	
11-13	1895-1897	um	_	_	_	_	_	_	_	
11-14	1898-1901	mit	_	_	_	_	_	_	_	
11-15	1902-1913	politischen	_	_	_	_	_	_	_	
11-16	1914-1921	Mitteln	_	_	_	_	_	_	_	
11-17	1922-1925	auf	_	_	_	_	_	_	_	
11-18	1926-1929	die	_	_	_	_	_	_	_	
11-19	1930-1941	Entwicklung	_	_	_	_	_	_	_	
11-20	1942-1945	der	_	_	_	_	_	_	_	
11-21	1946-1957	Bevölkerung	_	_	_	_	_	_	_	
11-22	1958-1966	Einfluss	_	_	_	_	_	_	_	
11-23	1967-1969	zu	_	_	_	_	_	_	_	
11-24	1970-1976	nehmen	_	_	_	_	_	_	_	
11-25	1977-1978	.	_	_	_	_	_	_	_	

#Text=Auch wenn die Weltbevölkerungsentwicklung von regionalen Unterschieden gekennzeichnet ist , lässt sich ein überragender Trend feststellen : Die Bevölkerung in Industrieländern stagniert weitgehend und die Bevölkerung in Entwicklungsländern wächst .
12-1	1981-1985	Auch	_	_	_	_	_	_	_	
12-2	1986-1990	wenn	_	_	_	_	_	_	_	
12-3	1991-1994	die	_	_	_	_	_	_	_	
12-4	1995-2022	Weltbevölkerungsentwicklung	_	_	_	_	_	_	_	
12-5	2023-2026	von	_	_	_	_	_	_	_	
12-6	2027-2037	regionalen	_	_	_	_	_	_	_	
12-7	2038-2051	Unterschieden	_	_	_	_	_	_	_	
12-8	2052-2066	gekennzeichnet	_	_	_	_	_	_	_	
12-9	2067-2070	ist	_	_	_	_	_	_	_	
12-10	2071-2072	,	_	_	_	_	_	_	_	
12-11	2073-2078	lässt	_	_	_	_	_	_	_	
12-12	2079-2083	sich	_	_	_	_	_	_	_	
12-13	2084-2087	ein	_	_	_	_	_	_	_	
12-14	2088-2100	überragender	_	_	_	_	_	_	_	
12-15	2101-2106	Trend	_	_	_	_	_	_	_	
12-16	2107-2118	feststellen	_	_	_	_	_	_	_	
12-17	2119-2120	:	_	_	_	_	_	_	_	
12-18	2121-2124	Die	_	_	_	_	_	_	_	
12-19	2125-2136	Bevölkerung	_	_	_	_	_	_	_	
12-20	2137-2139	in	_	_	_	_	_	_	_	
12-21	2140-2156	Industrieländern	_	_	_	_	_	_	_	
12-22	2157-2166	stagniert	_	_	_	_	_	_	_	
12-23	2167-2177	weitgehend	_	_	_	_	_	_	_	
12-24	2178-2181	und	_	_	_	_	_	_	_	
12-25	2182-2185	die	_	_	_	_	_	_	_	
12-26	2186-2197	Bevölkerung	_	_	_	_	_	_	_	
12-27	2198-2200	in	_	_	_	_	_	_	_	
12-28	2201-2220	Entwicklungsländern	_	_	_	_	_	_	_	
12-29	2221-2227	wächst	_	_	_	_	_	_	_	
12-30	2228-2229	.	_	_	_	_	_	_	_	

#Text=Nach Zahlen der Weltbank leben heute von den mehr als 6 Milliarden Menschen etwa 5 Milliarden in Entwicklungsländern .
13-1	2232-2236	Nach	_	_	_	_	_	_	_	
13-2	2237-2243	Zahlen	_	_	_	_	_	_	_	
13-3	2244-2247	der	_	_	_	_	_	_	_	
13-4	2248-2256	Weltbank	_	_	_	_	_	_	_	
13-5	2257-2262	leben	_	_	_	_	_	_	_	
13-6	2263-2268	heute	_	_	_	_	_	_	_	
13-7	2269-2272	von	_	_	_	_	_	_	_	
13-8	2273-2276	den	_	_	_	_	_	_	_	
13-9	2277-2281	mehr	_	_	_	_	_	_	_	
13-10	2282-2285	als	_	_	_	_	_	_	_	
13-11	2286-2287	6	_	_	_	_	_	_	_	
13-12	2288-2298	Milliarden	_	_	_	_	_	_	_	
13-13	2299-2307	Menschen	_	_	_	_	_	_	_	
13-14	2308-2312	etwa	_	_	_	_	_	_	_	
13-15	2313-2314	5	_	_	_	_	_	_	_	
13-16	2315-2325	Milliarden	_	_	_	_	_	_	_	
13-17	2326-2328	in	_	_	_	_	_	_	_	
13-18	2329-2348	Entwicklungsländern	_	_	_	_	_	_	_	
13-19	2349-2350	.	_	_	_	_	_	_	_	

#Text=Man wird annehmen dürfen , dass die Herausforderungen in der Zukunft nicht geringer werden .
14-1	2353-2356	Man	_	_	_	_	_	_	_	
14-2	2357-2361	wird	_	_	_	_	_	_	_	
14-3	2362-2370	annehmen	_	_	_	_	_	_	_	
14-4	2371-2377	dürfen	_	_	_	_	_	_	_	
14-5	2378-2379	,	_	_	_	_	_	_	_	
14-6	2380-2384	dass	_	_	_	_	_	_	_	
14-7	2385-2388	die	_	_	_	_	_	_	_	
14-8	2389-2406	Herausforderungen	_	_	_	_	_	_	_	
14-9	2407-2409	in	_	_	_	_	_	_	_	
14-10	2410-2413	der	_	_	_	_	_	_	_	
14-11	2414-2421	Zukunft	_	_	_	_	_	_	_	
14-12	2422-2427	nicht	_	_	_	_	_	_	_	
14-13	2428-2436	geringer	_	_	_	_	_	_	_	
14-14	2437-2443	werden	_	_	_	_	_	_	_	
14-15	2444-2445	.	_	_	_	_	_	_	_	

#Text=So geht die Weltbank in den nächsten 25 Jahren von einer Zunahme der Weltbevölkerung auf 8 Milliarden Menschen aus .
15-1	2448-2450	So	_	_	_	_	_	_	_	
15-2	2451-2455	geht	_	_	_	_	_	_	_	
15-3	2456-2459	die	_	_	_	_	_	_	_	
15-4	2460-2468	Weltbank	_	_	_	_	_	_	_	
15-5	2469-2471	in	_	_	_	_	_	_	_	
15-6	2472-2475	den	_	_	_	_	_	_	_	
15-7	2476-2484	nächsten	_	_	_	_	_	_	_	
15-8	2485-2487	25	_	_	_	_	_	_	_	
15-9	2488-2494	Jahren	_	_	_	_	_	_	_	
15-10	2495-2498	von	_	_	_	_	_	_	_	
15-11	2499-2504	einer	_	_	_	_	_	_	_	
15-12	2505-2512	Zunahme	_	_	_	_	_	_	_	
15-13	2513-2516	der	_	_	_	_	_	_	_	
15-14	2517-2532	Weltbevölkerung	_	_	_	_	_	_	_	
15-15	2533-2536	auf	_	_	_	_	_	_	_	
15-16	2537-2538	8	_	_	_	_	_	_	_	
15-17	2539-2549	Milliarden	_	_	_	_	_	_	_	
15-18	2550-2558	Menschen	_	_	_	_	_	_	_	
15-19	2559-2562	aus	_	_	_	_	_	_	_	
15-20	2563-2564	.	_	_	_	_	_	_	_	

#Text=Wie schnell und wie human sich dieser Prozess vollzieht , wird von der Politik der Entwicklungsländer und der Industrieländer abhängen .
16-1	2567-2570	Wie	_	_	_	_	_	_	_	
16-2	2571-2578	schnell	_	_	_	_	_	_	_	
16-3	2579-2582	und	_	_	_	_	_	_	_	
16-4	2583-2586	wie	_	_	_	_	_	_	_	
16-5	2587-2592	human	_	_	_	_	_	_	_	
16-6	2593-2597	sich	_	_	_	_	_	_	_	
16-7	2598-2604	dieser	_	_	_	_	_	_	_	
16-8	2605-2612	Prozess	_	_	_	_	_	_	_	
16-9	2613-2622	vollzieht	_	_	_	_	_	_	_	
16-10	2623-2624	,	_	_	_	_	_	_	_	
16-11	2625-2629	wird	_	_	_	_	_	_	_	
16-12	2630-2633	von	_	_	_	_	_	_	_	
16-13	2634-2637	der	_	_	_	_	_	_	_	
16-14	2638-2645	Politik	_	_	_	_	_	_	_	
16-15	2646-2649	der	_	_	_	_	_	_	_	
16-16	2650-2668	Entwicklungsländer	_	_	_	_	_	_	_	
16-17	2669-2672	und	_	_	_	_	_	_	_	
16-18	2673-2676	der	_	_	_	_	_	_	_	
16-19	2677-2692	Industrieländer	_	_	_	_	_	_	_	
16-20	2693-2701	abhängen	_	_	_	_	_	_	_	
16-21	2702-2703	.	_	_	_	_	_	_	_	

#Text=So wurde in Kairo zu Recht darauf hingewiesen , welche Bedeutung die Frauen für die Entwicklung haben , sei es bezogen auf die Erziehung , auf die Schaffung von Einkommen oder auf die Sicherung der Grundbedürfnisse .
17-1	2706-2708	So	_	_	_	_	_	_	_	
17-2	2709-2714	wurde	_	_	_	_	_	_	_	
17-3	2715-2717	in	_	_	_	_	_	_	_	
17-4	2718-2723	Kairo	_	_	_	_	_	_	_	
17-5	2724-2726	zu	_	_	_	_	_	_	_	
17-6	2727-2732	Recht	_	_	_	_	_	_	_	
17-7	2733-2739	darauf	_	_	_	_	_	_	_	
17-8	2740-2751	hingewiesen	_	_	_	_	_	_	_	
17-9	2752-2753	,	_	_	_	_	_	_	_	
17-10	2754-2760	welche	_	_	_	_	_	_	_	
17-11	2761-2770	Bedeutung	_	_	_	_	_	_	_	
17-12	2771-2774	die	_	_	_	_	_	_	_	
17-13	2775-2781	Frauen	_	_	_	_	_	_	_	
17-14	2782-2785	für	_	_	_	_	_	_	_	
17-15	2786-2789	die	_	_	_	_	_	_	_	
17-16	2790-2801	Entwicklung	_	_	_	_	_	_	_	
17-17	2802-2807	haben	_	_	_	_	_	_	_	
17-18	2808-2809	,	_	_	_	_	_	_	_	
17-19	2810-2813	sei	_	_	_	_	_	_	_	
17-20	2814-2816	es	_	_	_	_	_	_	_	
17-21	2817-2824	bezogen	_	_	_	_	_	_	_	
17-22	2825-2828	auf	_	_	_	_	_	_	_	
17-23	2829-2832	die	_	_	_	_	_	_	_	
17-24	2833-2842	Erziehung	_	_	_	_	_	_	_	
17-25	2843-2844	,	_	_	_	_	_	_	_	
17-26	2845-2848	auf	_	_	_	_	_	_	_	
17-27	2849-2852	die	_	_	_	_	_	_	_	
17-28	2853-2862	Schaffung	_	_	_	_	_	_	_	
17-29	2863-2866	von	_	_	_	_	_	_	_	
17-30	2867-2876	Einkommen	_	_	_	_	_	_	_	
17-31	2877-2881	oder	_	_	_	_	_	_	_	
17-32	2882-2885	auf	_	_	_	_	_	_	_	
17-33	2886-2889	die	_	_	_	_	_	_	_	
17-34	2890-2899	Sicherung	_	_	_	_	_	_	_	
17-35	2900-2903	der	_	_	_	_	_	_	_	
17-36	2904-2920	Grundbedürfnisse	_	_	_	_	_	_	_	
17-37	2921-2922	.	_	_	_	_	_	_	_	

#Text=Die Bundesregierung hat dieses Potenzial erkannt und fördert seit Jahren die Ausbildung von Frauen und Mädchen , den verbesserten Zugang zu Gesundheitsdiensten , Aufklärungsprogramme .
18-1	2925-2928	Die	_	_	_	_	_	_	_	
18-2	2929-2944	Bundesregierung	_	_	_	_	_	_	_	
18-3	2945-2948	hat	_	_	_	_	_	_	_	
18-4	2949-2955	dieses	_	_	_	_	_	_	_	
18-5	2956-2965	Potenzial	_	_	_	_	_	_	_	
18-6	2966-2973	erkannt	_	_	_	_	_	_	_	
18-7	2974-2977	und	_	_	_	_	_	_	_	
18-8	2978-2985	fördert	_	_	_	_	_	_	_	
18-9	2986-2990	seit	_	_	_	_	_	_	_	
18-10	2991-2997	Jahren	_	_	_	_	_	_	_	
18-11	2998-3001	die	_	_	_	_	_	_	_	
18-12	3002-3012	Ausbildung	_	_	_	_	_	_	_	
18-13	3013-3016	von	_	_	_	_	_	_	_	
18-14	3017-3023	Frauen	_	_	_	_	_	_	_	
18-15	3024-3027	und	_	_	_	_	_	_	_	
18-16	3028-3035	Mädchen	_	_	_	_	_	_	_	
18-17	3036-3037	,	_	_	_	_	_	_	_	
18-18	3038-3041	den	_	_	_	_	_	_	_	
18-19	3042-3054	verbesserten	_	_	_	_	_	_	_	
18-20	3055-3061	Zugang	_	_	_	_	_	_	_	
18-21	3062-3064	zu	_	_	_	_	_	_	_	
18-22	3065-3084	Gesundheitsdiensten	_	_	_	_	_	_	_	
18-23	3085-3086	,	_	_	_	_	_	_	_	
18-24	3087-3107	Aufklärungsprogramme	_	_	_	_	_	_	_	
18-25	3108-3109	.	_	_	_	_	_	_	_	

#Text=Sie unterstützt Entwicklungsländer beim Aufbau des Gesundheitssystems , der Sicherstellung notwendiger Gesundheitsvorsorge .
19-1	3112-3115	Sie	_	_	_	_	_	_	_	
19-2	3116-3127	unterstützt	_	_	_	_	_	_	_	
19-3	3128-3146	Entwicklungsländer	_	_	_	_	_	_	_	
19-4	3147-3151	beim	_	_	_	_	_	_	_	
19-5	3152-3158	Aufbau	_	_	_	_	_	_	_	
19-6	3159-3162	des	_	_	_	_	_	_	_	
19-7	3163-3181	Gesundheitssystems	_	_	_	_	_	_	_	
19-8	3182-3183	,	_	_	_	_	_	_	_	
19-9	3184-3187	der	_	_	_	_	_	_	_	
19-10	3188-3202	Sicherstellung	_	_	_	_	_	_	_	
19-11	3203-3214	notwendiger	_	_	_	_	_	_	_	
19-12	3215-3234	Gesundheitsvorsorge	_	_	_	_	_	_	_	
19-13	3235-3236	.	_	_	_	_	_	_	_	

#Text=Dazu gehören auch Maßnahmen zur Verbesserung der Hygiene und der medizinischen Versorgung von Mutter und Kind .
20-1	3239-3243	Dazu	_	_	_	_	_	_	_	
20-2	3244-3251	gehören	_	_	_	_	_	_	_	
20-3	3252-3256	auch	_	_	_	_	_	_	_	
20-4	3257-3266	Maßnahmen	_	_	_	_	_	_	_	
20-5	3267-3270	zur	_	_	_	_	_	_	_	
20-6	3271-3283	Verbesserung	_	_	_	_	_	_	_	
20-7	3284-3287	der	_	_	_	_	_	_	_	
20-8	3288-3295	Hygiene	_	_	_	_	_	_	_	
20-9	3296-3299	und	_	_	_	_	_	_	_	
20-10	3300-3303	der	_	_	_	_	_	_	_	
20-11	3304-3317	medizinischen	_	_	_	_	_	_	_	
20-12	3318-3328	Versorgung	_	_	_	_	_	_	_	
20-13	3329-3332	von	_	_	_	_	_	_	_	
20-14	3333-3339	Mutter	_	_	_	_	_	_	_	
20-15	3340-3343	und	_	_	_	_	_	_	_	
20-16	3344-3348	Kind	_	_	_	_	_	_	_	
20-17	3349-3350	.	_	_	_	_	_	_	_	

#Text=In den Jahren 1994 bis 2002 hat die Bundesregierung insgesamt über 1 Milliarde Euro für die Umsetzung des Kairoer Aktionsplans zur Verfügung gestellt .
21-1	3353-3355	In	_	_	_	_	_	_	_	
21-2	3356-3359	den	_	_	_	_	_	_	_	
21-3	3360-3366	Jahren	_	_	_	_	_	_	_	
21-4	3367-3371	1994	_	_	_	_	_	_	_	
21-5	3372-3375	bis	_	_	_	_	_	_	_	
21-6	3376-3380	2002	_	_	_	_	_	_	_	
21-7	3381-3384	hat	_	_	_	_	_	_	_	
21-8	3385-3388	die	_	_	_	_	_	_	_	
21-9	3389-3404	Bundesregierung	_	_	_	_	_	_	_	
21-10	3405-3414	insgesamt	_	_	_	_	_	_	_	
21-11	3415-3419	über	_	_	_	_	_	_	_	
21-12	3420-3421	1	_	_	_	_	_	_	_	
21-13	3422-3431	Milliarde	_	_	_	_	_	_	_	
21-14	3432-3436	Euro	_	_	_	_	_	_	_	
21-15	3437-3440	für	_	_	_	_	_	_	_	
21-16	3441-3444	die	_	_	_	_	_	_	_	
21-17	3445-3454	Umsetzung	_	_	_	_	_	_	_	
21-18	3455-3458	des	_	_	_	_	_	_	_	
21-19	3459-3466	Kairoer	_	_	_	_	_	_	_	
21-20	3467-3479	Aktionsplans	_	_	_	_	_	_	_	
21-21	3480-3483	zur	_	_	_	_	_	_	_	
21-22	3484-3493	Verfügung	false	0Kern	true	false	an einem bestimmten Platz unterbringen	bereit machen	21-23	
21-23	3494-3502	gestellt	false	2sem	_	_	_	_	_	
21-24	3503-3504	.	_	_	_	_	_	_	_	

#Text=Sie hat in mehr als 150 Projekten Maßnahmen unterstützt .
22-1	3507-3510	Sie	_	_	_	_	_	_	_	
22-2	3511-3514	hat	_	_	_	_	_	_	_	
22-3	3515-3517	in	_	_	_	_	_	_	_	
22-4	3518-3522	mehr	_	_	_	_	_	_	_	
22-5	3523-3526	als	_	_	_	_	_	_	_	
22-6	3527-3530	150	_	_	_	_	_	_	_	
22-7	3531-3540	Projekten	_	_	_	_	_	_	_	
22-8	3541-3550	Maßnahmen	_	_	_	_	_	_	_	
22-9	3551-3562	unterstützt	_	_	_	_	_	_	_	
22-10	3563-3564	.	_	_	_	_	_	_	_	

#Text=Heute fördert die Bundesregierung nationale Programme in 46 Ländern , drei Regionalprogramme und fünf überregio nale Projekte .
23-1	3567-3572	Heute	_	_	_	_	_	_	_	
23-2	3573-3580	fördert	_	_	_	_	_	_	_	
23-3	3581-3584	die	_	_	_	_	_	_	_	
23-4	3585-3600	Bundesregierung	_	_	_	_	_	_	_	
23-5	3601-3610	nationale	_	_	_	_	_	_	_	
23-6	3611-3620	Programme	_	_	_	_	_	_	_	
23-7	3621-3623	in	_	_	_	_	_	_	_	
23-8	3624-3626	46	_	_	_	_	_	_	_	
23-9	3627-3634	Ländern	_	_	_	_	_	_	_	
23-10	3635-3636	,	_	_	_	_	_	_	_	
23-11	3637-3641	drei	_	_	_	_	_	_	_	
23-12	3642-3659	Regionalprogramme	_	_	_	_	_	_	_	
23-13	3660-3663	und	_	_	_	_	_	_	_	
23-14	3664-3668	fünf	_	_	_	_	_	_	_	
23-15	3669-3678	überregio	_	_	_	_	_	_	_	
23-16	3679-3683	nale	_	_	_	_	_	_	_	
23-17	3684-3692	Projekte	_	_	_	_	_	_	_	
23-18	3693-3694	.	_	_	_	_	_	_	_	

#Text=Das ist gut so und soll auch so bleiben .
24-1	3697-3700	Das	_	_	_	_	_	_	_	
24-2	3701-3704	ist	_	_	_	_	_	_	_	
24-3	3705-3708	gut	_	_	_	_	_	_	_	
24-4	3709-3711	so	_	_	_	_	_	_	_	
24-5	3712-3715	und	_	_	_	_	_	_	_	
24-6	3716-3720	soll	_	_	_	_	_	_	_	
24-7	3721-3725	auch	_	_	_	_	_	_	_	
24-8	3726-3728	so	_	_	_	_	_	_	_	
24-9	3729-3736	bleiben	_	_	_	_	_	_	_	
24-10	3737-3738	.	_	_	_	_	_	_	_	

#Text=Es ist sehr zu hoffen , dass sich auch andere leistungsstarke Industrienationen , die ihre Beiträge für den Kairoer Aktionsplan in den letzten Jahren leider sehr zurückgefahren haben , wieder stärker engagieren .
25-1	3741-3743	Es	_	_	_	_	_	_	_	
25-2	3744-3747	ist	_	_	_	_	_	_	_	
25-3	3748-3752	sehr	_	_	_	_	_	_	_	
25-4	3753-3755	zu	_	_	_	_	_	_	_	
25-5	3756-3762	hoffen	_	_	_	_	_	_	_	
25-6	3763-3764	,	_	_	_	_	_	_	_	
25-7	3765-3769	dass	_	_	_	_	_	_	_	
25-8	3770-3774	sich	_	_	_	_	_	_	_	
25-9	3775-3779	auch	_	_	_	_	_	_	_	
25-10	3780-3786	andere	_	_	_	_	_	_	_	
25-11	3787-3802	leistungsstarke	_	_	_	_	_	_	_	
25-12	3803-3820	Industrienationen	_	_	_	_	_	_	_	
25-13	3821-3822	,	_	_	_	_	_	_	_	
25-14	3823-3826	die	_	_	_	_	_	_	_	
25-15	3827-3831	ihre	_	_	_	_	_	_	_	
25-16	3832-3840	Beiträge	_	_	_	_	_	_	_	
25-17	3841-3844	für	_	_	_	_	_	_	_	
25-18	3845-3848	den	_	_	_	_	_	_	_	
25-19	3849-3856	Kairoer	_	_	_	_	_	_	_	
25-20	3857-3868	Aktionsplan	_	_	_	_	_	_	_	
25-21	3869-3871	in	_	_	_	_	_	_	_	
25-22	3872-3875	den	_	_	_	_	_	_	_	
25-23	3876-3883	letzten	_	_	_	_	_	_	_	
25-24	3884-3890	Jahren	_	_	_	_	_	_	_	
25-25	3891-3897	leider	_	_	_	_	_	_	_	
25-26	3898-3902	sehr	_	_	_	_	_	_	_	
25-27	3903-3917	zurückgefahren	false	0Kern	true	false	wieder an den, in Richtung auf den Ausgangspunkt fahren	wurde reduziert	_	
25-28	3918-3923	haben	_	_	_	_	_	_	_	
25-29	3924-3925	,	_	_	_	_	_	_	_	
25-30	3926-3932	wieder	_	_	_	_	_	_	_	
25-31	3933-3940	stärker	_	_	_	_	_	_	_	
25-32	3941-3951	engagieren	_	_	_	_	_	_	_	
25-33	3952-3953	.	_	_	_	_	_	_	_	

#Text=Außerdem unterstützt die Bundesregierung in mehreren Entwicklungs - und Schwellenländern die Einführung eines solidarischen Kranken - und Altersversicherungssystems .
26-1	3956-3964	Außerdem	_	_	_	_	_	_	_	
26-2	3965-3976	unterstützt	_	_	_	_	_	_	_	
26-3	3977-3980	die	_	_	_	_	_	_	_	
26-4	3981-3996	Bundesregierung	_	_	_	_	_	_	_	
26-5	3997-3999	in	_	_	_	_	_	_	_	
26-6	4000-4008	mehreren	_	_	_	_	_	_	_	
26-7	4009-4021	Entwicklungs	_	_	_	_	_	_	_	
26-8	4022-4023	-	_	_	_	_	_	_	_	
26-9	4024-4027	und	_	_	_	_	_	_	_	
26-10	4028-4044	Schwellenländern	_	_	_	_	_	_	_	
26-11	4045-4048	die	_	_	_	_	_	_	_	
26-12	4049-4059	Einführung	_	_	_	_	_	_	_	
26-13	4060-4065	eines	_	_	_	_	_	_	_	
26-14	4066-4079	solidarischen	_	_	_	_	_	_	_	
26-15	4080-4087	Kranken	_	_	_	_	_	_	_	
26-16	4088-4089	-	_	_	_	_	_	_	_	
26-17	4090-4093	und	_	_	_	_	_	_	_	
26-18	4094-4120	Altersversicherungssystems	_	_	_	_	_	_	_	
26-19	4121-4122	.	_	_	_	_	_	_	_	

#Text=Leider gilt noch immer in vielen Ländern die Faustregel : Wenn du im Alter über die Runden kommen willst , musst du es bis dann geschafft haben , mindestens drei gesunde Söhne großzuziehen .
27-1	4125-4131	Leider	_	_	_	_	_	_	_	
27-2	4132-4136	gilt	_	_	_	_	_	_	_	
27-3	4137-4141	noch	_	_	_	_	_	_	_	
27-4	4142-4147	immer	_	_	_	_	_	_	_	
27-5	4148-4150	in	_	_	_	_	_	_	_	
27-6	4151-4157	vielen	_	_	_	_	_	_	_	
27-7	4158-4165	Ländern	_	_	_	_	_	_	_	
27-8	4166-4169	die	_	_	_	_	_	_	_	
27-9	4170-4180	Faustregel	_	_	_	_	_	_	_	
27-10	4181-4182	:	_	_	_	_	_	_	_	
27-11	4183-4187	Wenn	_	_	_	_	_	_	_	
27-12	4188-4190	du	_	_	_	_	_	_	_	
27-13	4191-4193	im	_	_	_	_	_	_	_	
27-14	4194-4199	Alter	_	_	_	_	_	_	_	
27-15	4200-4204	über	false	3idiom	_	_	_	_	_	
27-16	4205-4208	die	_	_	_	_	_	_	_	
27-17	4209-4215	Runden	false	0Kern	true	true	kreisförmiger Kurs\; auf Ziel gerichtete Bewegung	aursreichend versorgt sein	27-18|27-15	
27-18	4216-4222	kommen	false	3idiom	_	_	_	_	_	
27-19	4223-4229	willst	_	_	_	_	_	_	_	
27-20	4230-4231	,	_	_	_	_	_	_	_	
27-21	4232-4237	musst	_	_	_	_	_	_	_	
27-22	4238-4240	du	_	_	_	_	_	_	_	
27-23	4241-4243	es	_	_	_	_	_	_	_	
27-24	4244-4247	bis	_	_	_	_	_	_	_	
27-25	4248-4252	dann	_	_	_	_	_	_	_	
27-26	4253-4262	geschafft	_	_	_	_	_	_	_	
27-27	4263-4268	haben	_	_	_	_	_	_	_	
27-28	4269-4270	,	_	_	_	_	_	_	_	
27-29	4271-4281	mindestens	_	_	_	_	_	_	_	
27-30	4282-4286	drei	_	_	_	_	_	_	_	
27-31	4287-4294	gesunde	_	_	_	_	_	_	_	
27-32	4295-4300	Söhne	_	_	_	_	_	_	_	
27-33	4301-4313	großzuziehen	_	_	_	_	_	_	_	
27-34	4314-4315	.	_	_	_	_	_	_	_	

#Text=Erst die Einrichtung einer funktionierenden Altersversorgung , die nicht auf Kinderreichtum basiert , kann ein überdimensioniertes Bevölkerungswachstum stoppen .
28-1	4318-4322	Erst	_	_	_	_	_	_	_	
28-2	4323-4326	die	_	_	_	_	_	_	_	
28-3	4327-4338	Einrichtung	_	_	_	_	_	_	_	
28-4	4339-4344	einer	_	_	_	_	_	_	_	
28-5	4345-4361	funktionierenden	_	_	_	_	_	_	_	
28-6	4362-4378	Altersversorgung	_	_	_	_	_	_	_	
28-7	4379-4380	,	_	_	_	_	_	_	_	
28-8	4381-4384	die	_	_	_	_	_	_	_	
28-9	4385-4390	nicht	_	_	_	_	_	_	_	
28-10	4391-4394	auf	_	_	_	_	_	_	_	
28-11	4395-4409	Kinderreichtum	_	_	_	_	_	_	_	
28-12	4410-4417	basiert	_	_	_	_	_	_	_	
28-13	4418-4419	,	_	_	_	_	_	_	_	
28-14	4420-4424	kann	_	_	_	_	_	_	_	
28-15	4425-4428	ein	_	_	_	_	_	_	_	
28-16	4429-4448	überdimensioniertes	_	_	_	_	_	_	_	
28-17	4449-4469	Bevölkerungswachstum	_	_	_	_	_	_	_	
28-18	4470-4477	stoppen	_	_	_	_	_	_	_	
28-19	4478-4479	.	_	_	_	_	_	_	_	

#Text=Maßnahmen der Geburtenkontrolle allein reichen nicht aus .
29-1	4482-4491	Maßnahmen	_	_	_	_	_	_	_	
29-2	4492-4495	der	_	_	_	_	_	_	_	
29-3	4496-4513	Geburtenkontrolle	_	_	_	_	_	_	_	
29-4	4514-4520	allein	_	_	_	_	_	_	_	
29-5	4521-4528	reichen	_	_	_	_	_	_	_	
29-6	4529-4534	nicht	_	_	_	_	_	_	_	
29-7	4535-4538	aus	_	_	_	_	_	_	_	
29-8	4539-4540	.	_	_	_	_	_	_	_	
