#FORMAT=WebAnno TSV 3.3
#T_SP=webanno.custom.MET_A|MFlag|Rolle
#T_SP=webanno.custom.MET_B|basic|c_mark
#T_SP=webanno.custom.MET_B2|b_Lex
#T_SP=webanno.custom.MET_D|a_Par
#T_RL=webanno.custom.METD|BT_webanno.custom.MET_A


#Text=Seit der Hippiegeneration und ihrem verkündeten New Age ist der Tarot aus der esoterischen und spirituellen Szene nicht mehr wegzudenken , und es kamen in den letzten Jahren unzählige Tarotdecks auf den Markt .
1-1	0-4	Seit	_	_	_	_	_	_	_	APPR	_	seit
1-2	5-8	der	_	_	_	_	_	_	_	ART	Dat.Sg.Fem	der
1-3	9-25	Hippiegeneration	_	_	_	_	_	_	_	NN	Dat.Sg.Fem	Hippiegeneration
1-4	26-29	und	_	_	_	_	_	_	_	KON	_	und
1-5	30-35	ihrem	_	_	_	_	_	_	_	PPOSAT	Dat.Sg.Neut	ihr
1-6	36-47	verkündeten	_	_	_	_	_	_	_	ADJA	Pos.Dat.Sg.Neut	verkündet
1-7	48-51	New	_	_	_	_	_	_	_	FM	_	New
1-8	52-55	Age	_	_	_	_	_	_	_	NN	Dat.Sg.Masc	Ag
1-9	56-59	ist	_	_	_	_	_	_	_	VAFIN	3.Sg.Pres.Ind	sein
1-10	60-63	der	_	_	_	_	_	_	_	ART	Nom.Sg.Masc	der
1-11	64-69	Tarot	_	_	_	_	_	_	_	NN	Nom.Sg.Masc	Tarot
1-12	70-73	aus	_	_	_	_	_	_	_	APPR	_	aus
1-13	74-77	der	_	_	_	_	_	_	_	ART	Dat.Sg.Fem	der
1-14	78-90	esoterischen	_	_	_	_	_	_	_	ADJA	Pos.Dat.Sg.Fem	esoterisch
1-15	91-94	und	_	_	_	_	_	_	_	KON	_	und
1-16	95-107	spirituellen	_	_	_	_	_	_	_	ADJA	Pos.Dat.Sg.Fem	spirituell
1-17	108-113	Szene	_	_	_	_	_	_	_	NN	Dat.Sg.Fem	Szene
1-18	114-119	nicht	_	_	_	_	_	_	_	PTKNEG	_	nicht
1-19	120-124	mehr	_	_	_	_	_	_	_	ADV	_	mehr
1-20	125-136	wegzudenken	_	_	_	_	_	_	_	VVIZU	Infzu	wegdenken
1-21	137-138	,	_	_	_	_	_	_	_	$,	_	,
1-22	139-142	und	_	_	_	_	_	_	_	KON	_	und
1-23	143-145	es	_	_	_	_	_	_	_	PPER	3.Nom.Sg.Neut	es
1-24	146-151	kamen	_	_	_	_	_	_	_	VVFIN	3.Pl.Past.Ind	kommen
1-25	152-154	in	_	_	_	_	_	_	_	APPR	_	in
1-26	155-158	den	_	_	_	_	_	_	_	ART	Dat.Pl.Neut	der
1-27	159-166	letzten	_	_	_	_	_	_	_	ADJA	Pos.Dat.Pl.Neut	letzter
1-28	167-173	Jahren	_	_	_	_	_	_	_	NN	Dat.Pl.Neut	Jahr
1-29	174-183	unzählige	_	_	_	_	_	_	_	ADJA	Pos.Nom.Pl.Neut	unzählig
1-30	184-194	Tarotdecks	_	_	_	_	_	_	_	NN	Nom.Pl.Neut	Tarotdeck
1-31	195-198	auf	_	_	_	_	_	_	_	APPR	_	auf
1-32	199-202	den	_	_	_	_	_	_	_	ART	Acc.Sg.Masc	der
1-33	203-208	Markt	_	_	_	_	_	_	_	NN	Acc.Sg.Masc	Markt
1-34	209-210	.	_	_	_	_	_	_	_	$.	_	.

#Text=Manche dieser Spiele haben überhaupt keinen Anspruch und versuchen nur , auf den Zug aufzuspringen .
2-1	213-219	Manche	_	_	_	_	_	_	_	PIS	Nom.Pl.Neut	mancher
2-2	220-226	dieser	_	_	_	_	_	_	_	PDAT	Gen.Pl.Neut	dieser
2-3	227-233	Spiele	_	_	_	_	_	_	_	NN	Gen.Pl.Neut	Spiel
2-4	234-239	haben	_	_	_	_	_	_	_	VAFIN	3.Pl.Pres.Ind	haben
2-5	240-249	überhaupt	_	_	_	_	_	_	_	ADV	_	überhaupt
2-6	250-256	keinen	_	_	_	_	_	_	_	PIAT	Acc.Sg.Masc	kein
2-7	257-265	Anspruch	_	_	_	_	_	_	_	NN	Acc.Sg.Masc	Anspruch
2-8	266-269	und	_	_	_	_	_	_	_	KON	_	und
2-9	270-279	versuchen	_	_	_	_	_	_	_	VVFIN	3.Pl.Pres.Ind	versuchen
2-10	280-283	nur	_	_	_	_	_	_	_	ADV	_	nur
2-11	284-285	,	_	_	_	_	_	_	_	$,	_	,
2-12	286-289	auf	false	3idiom	_	_	_	_	_	APPR	_	auf
2-13	290-293	den	_	_	_	_	_	_	_	ART	Acc.Sg.Masc	der
2-14	294-297	Zug	false	0Kern	true	true	Eisenbahnzug	Teil eines Trends zu sein	2-12	NN	Acc.Sg.Masc	Zug
2-15	298-311	aufzuspringen	false	3idiom	_	_	_	_	_	VVIZU	Infzu	aufspringen
2-16	312-313	.	_	_	_	_	_	_	_	$.	_	.

#Text=Andere wiederum verstehen sich als Marketingprodukt für einen Film , eine Fernsehserie oder ein Computerspiel ( z . B . " Herr der Ringe"-Tarot , oder " Yu gi oh"-Tarot ) , oder sie versuchen den Tarot einem bestimmten Weltbild anzupassen ( Teen Witch Tarot , Gay Tarot ) oder versuchen lustig zu sein ( Alcohol Tarot ) .
3-1	316-322	Andere	_	_	_	_	_	_	_	PIS	Nom.Pl.*	anderer
3-2	323-331	wiederum	_	_	_	_	_	_	_	ADV	_	wiederum
3-3	332-341	verstehen	_	_	_	_	_	_	_	VVFIN	3.Pl.Pres.Ind	verstehen
3-4	342-346	sich	_	_	_	_	_	_	_	PRF	3.Acc.Pl	sich
3-5	347-350	als	_	_	_	_	_	_	_	APPR	_	als
3-6	351-367	Marketingprodukt	_	_	_	_	_	_	_	NN	Nom.Sg.Neut	Marketingprodukt
3-7	368-371	für	_	_	_	_	_	_	_	APPR	_	für
3-8	372-377	einen	_	_	_	_	_	_	_	ART	Acc.Sg.Masc	ein
3-9	378-382	Film	_	_	_	_	_	_	_	NN	Acc.Sg.Masc	Film
3-10	383-384	,	_	_	_	_	_	_	_	$,	_	,
3-11	385-389	eine	_	_	_	_	_	_	_	ART	Acc.Sg.Fem	ein
3-12	390-402	Fernsehserie	_	_	_	_	_	_	_	NN	Acc.Sg.Fem	Fernsehserie
3-13	403-407	oder	_	_	_	_	_	_	_	KON	_	oder
3-14	408-411	ein	_	_	_	_	_	_	_	ART	Acc.Sg.Neut	ein
3-15	412-425	Computerspiel	_	_	_	_	_	_	_	NN	Acc.Sg.Neut	Computerspiel
3-16	426-427	(	_	_	_	_	_	_	_	$(	_	(
3-17	428-429	z	_	_	_	_	_	_	_	XY	_	z
3-18	430-431	.	_	_	_	_	_	_	_	$.	_	.
3-19	432-433	B	_	_	_	_	_	_	_	XY	_	B
3-20	434-435	.	_	_	_	_	_	_	_	$.	_	.
3-21	436-437	"	_	_	_	_	_	_	_	$(	_	"
3-22	438-442	Herr	_	_	_	_	_	_	_	NN	Nom.Sg.Masc	Herr
3-23	443-446	der	_	_	_	_	_	_	_	ART	Gen.Sg.Fem	der
3-24	447-452	Ringe	_	_	_	_	_	_	_	NE	Gen.Sg.Fem	Ringe
3-25	452-453	"	_	_	_	_	_	_	_	NE	Gen.Sg.Fem	"
3-26	453-454	-	_	_	_	_	_	_	_	NE	Gen.Sg.Fem	-
3-27	454-459	Tarot	_	_	_	_	_	_	_	NN	Nom.Sg.Fem	Tarot
3-28	460-461	,	_	_	_	_	_	_	_	$,	_	,
3-29	462-466	oder	_	_	_	_	_	_	_	KON	_	oder
3-30	467-468	"	_	_	_	_	_	_	_	$(	_	"
3-31	469-471	Yu	_	_	_	_	_	_	_	NE	Nom.Sg.*	Yu
3-32	472-474	gi	_	_	_	_	_	_	_	NE	*.*.*	gi
3-33	475-477	oh	_	_	_	_	_	_	_	NE	Nom.Sg.*	oh
3-34	477-478	"	_	_	_	_	_	_	_	NE	Nom.Sg.*	"
3-35	478-479	-	_	_	_	_	_	_	_	NE	Nom.Sg.*	-
3-36	479-484	Tarot	_	_	_	_	_	_	_	NN	Nom.Sg.Fem	Tarot
3-37	485-486	)	_	_	_	_	_	_	_	$(	_	)
3-38	487-488	,	_	_	_	_	_	_	_	$,	_	,
3-39	489-493	oder	_	_	_	_	_	_	_	KON	_	oder
3-40	494-497	sie	_	_	_	_	_	_	_	PPER	3.Nom.Pl.*	sie
3-41	498-507	versuchen	_	_	_	_	_	_	_	VVFIN	3.Pl.Pres.Ind	versuchen
3-42	508-511	den	_	_	_	_	_	_	_	ART	Acc.Sg.Masc	der
3-43	512-517	Tarot	_	_	_	_	_	_	_	NN	Acc.Sg.Masc	Tarot
3-44	518-523	einem	_	_	_	_	_	_	_	ART	Dat.Sg.Neut	ein
3-45	524-534	bestimmten	_	_	_	_	_	_	_	ADJA	Pos.Dat.Sg.Neut	bestimmt
3-46	535-543	Weltbild	_	_	_	_	_	_	_	NN	Dat.Sg.Neut	Weltbild
3-47	544-554	anzupassen	_	_	_	_	_	_	_	VVIZU	Infzu	anpassen
3-48	555-556	(	_	_	_	_	_	_	_	$(	_	(
3-49	557-561	Teen	_	_	_	_	_	_	_	NE	*.*.*	Teen
3-50	562-567	Witch	_	_	_	_	_	_	_	NE	*.*.*	Witch
3-51	568-573	Tarot	_	_	_	_	_	_	_	NE	*.*.*	Tarot
3-52	574-575	,	_	_	_	_	_	_	_	$,	_	,
3-53	576-579	Gay	_	_	_	_	_	_	_	NE	*.*.*	Gay
3-54	580-585	Tarot	_	_	_	_	_	_	_	NE	*.*.*	Tarot
3-55	586-587	)	_	_	_	_	_	_	_	$(	_	)
3-56	588-592	oder	_	_	_	_	_	_	_	KON	_	oder
3-57	593-602	versuchen	_	_	_	_	_	_	_	VVFIN	3.Pl.Pres.Ind	versuchen
3-58	603-609	lustig	_	_	_	_	_	_	_	ADJD	Pos	lustig
3-59	610-612	zu	_	_	_	_	_	_	_	PTKZU	_	zu
3-60	613-617	sein	_	_	_	_	_	_	_	VAINF	Inf	sein
3-61	618-619	(	_	_	_	_	_	_	_	$(	_	(
3-62	620-627	Alcohol	_	_	_	_	_	_	_	NE	Nom.Sg.Masc	Alcohol
3-63	628-633	Tarot	_	_	_	_	_	_	_	NE	Nom.Sg.Masc	Tarot
3-64	634-635	)	_	_	_	_	_	_	_	$(	_	)
3-65	636-637	.	_	_	_	_	_	_	_	$.	_	.

#Text=Die meisten dieser Tarots sind das Papier nicht wert , auf das sie gedruckt sind , und man sieht ihnen an , dass sich die Herausgeber und die Künstler nicht mit der Thematik beschäftigt haben .
4-1	640-643	Die	_	_	_	_	_	_	_	ART	Nom.Pl.*	der
4-2	644-651	meisten	_	_	_	_	_	_	_	PIS	Nom.Pl.*	meister
4-3	652-658	dieser	_	_	_	_	_	_	_	PDAT	Gen.Pl.Masc	dieser
4-4	659-665	Tarots	_	_	_	_	_	_	_	NN	Gen.Pl.Masc	Tarot
4-5	666-670	sind	_	_	_	_	_	_	_	VAFIN	3.Pl.Pres.Ind	sein
4-6	671-674	das	_	_	_	_	_	_	_	ART	Acc.Sg.Neut	der
4-7	675-681	Papier	_	_	_	_	_	_	_	NN	Acc.Sg.Neut	Papier
4-8	682-687	nicht	_	_	_	_	_	_	_	PTKNEG	_	nicht
4-9	688-692	wert	_	_	_	_	_	_	_	ADJD	Pos	wert
4-10	693-694	,	_	_	_	_	_	_	_	$,	_	,
4-11	695-698	auf	_	_	_	_	_	_	_	APPR	_	auf
4-12	699-702	das	_	_	_	_	_	_	_	PRELS	Acc.Sg.Neut	der
4-13	703-706	sie	_	_	_	_	_	_	_	PPER	3.Nom.Pl.Masc	sie
4-14	707-715	gedruckt	_	_	_	_	_	_	_	VVPP	Psp	drucken
4-15	716-720	sind	_	_	_	_	_	_	_	VAFIN	3.Pl.Pres.Ind	sein
4-16	721-722	,	_	_	_	_	_	_	_	$,	_	,
4-17	723-726	und	_	_	_	_	_	_	_	KON	_	und
4-18	727-730	man	_	_	_	_	_	_	_	PIS	Nom.Sg.*	man
4-19	731-736	sieht	_	_	_	_	_	_	_	VVFIN	3.Sg.Pres.Ind	sehen
4-20	737-742	ihnen	_	_	_	_	_	_	_	PPER	3.Dat.Pl.*	ihnen
4-21	743-745	an	_	_	_	_	_	_	_	PTKVZ	_	an
4-22	746-747	,	_	_	_	_	_	_	_	$,	_	,
4-23	748-752	dass	_	_	_	_	_	_	_	KOUS	_	dass
4-24	753-757	sich	_	_	_	_	_	_	_	PRF	3.Acc.Pl	sich
4-25	758-761	die	_	_	_	_	_	_	_	ART	Nom.Pl.Masc	der
4-26	762-773	Herausgeber	_	_	_	_	_	_	_	NN	Nom.Pl.Masc	Herausgeber
4-27	774-777	und	_	_	_	_	_	_	_	KON	_	und
4-28	778-781	die	_	_	_	_	_	_	_	ART	Nom.Pl.Masc	der
4-29	782-790	Künstler	_	_	_	_	_	_	_	NN	Nom.Pl.Masc	Künstler
4-30	791-796	nicht	_	_	_	_	_	_	_	PTKNEG	_	nicht
4-31	797-800	mit	_	_	_	_	_	_	_	APPR	_	mit
4-32	801-804	der	_	_	_	_	_	_	_	ART	Dat.Sg.Fem	der
4-33	805-813	Thematik	_	_	_	_	_	_	_	NN	Dat.Sg.Fem	Thematik
4-34	814-825	beschäftigt	_	_	_	_	_	_	_	VVPP	Psp	beschäftigen
4-35	826-831	haben	_	_	_	_	_	_	_	VAFIN	3.Pl.Pres.Ind	haben
4-36	832-833	.	_	_	_	_	_	_	_	$.	_	.

#Text=Ein Teil der " Neuen Generation " der Tarots haben aber durchaus einen künstlerischen Wert und sind auch für die esoterische Beschäftigung geeignet .
5-1	836-839	Ein	_	_	_	_	_	_	_	ART	Nom.Sg.Masc	ein
5-2	840-844	Teil	_	_	_	_	_	_	_	NN	Nom.Sg.Masc	Teil
5-3	845-848	der	_	_	_	_	_	_	_	ART	Gen.Sg.Fem	der
5-4	849-850	"	_	_	_	_	_	_	_	$(	_	"
5-5	851-856	Neuen	_	_	_	_	_	_	_	ADJA	Pos.Gen.Sg.Fem	neu
5-6	857-867	Generation	_	_	_	_	_	_	_	NN	Gen.Sg.Fem	Generation
5-7	868-869	"	_	_	_	_	_	_	_	$(	_	"
5-8	870-873	der	_	_	_	_	_	_	_	ART	Gen.Pl.Masc	der
5-9	874-880	Tarots	_	_	_	_	_	_	_	NN	Gen.Pl.Masc	Tarot
5-10	881-886	haben	_	_	_	_	_	_	_	VAFIN	3.Pl.Pres.Ind	haben
5-11	887-891	aber	_	_	_	_	_	_	_	ADV	_	aber
5-12	892-900	durchaus	_	_	_	_	_	_	_	ADV	_	durchaus
5-13	901-906	einen	_	_	_	_	_	_	_	ART	Acc.Sg.Masc	ein
5-14	907-921	künstlerischen	_	_	_	_	_	_	_	ADJA	Pos.Acc.Sg.Masc	künstlerisch
5-15	922-926	Wert	_	_	_	_	_	_	_	NN	Acc.Sg.Masc	Wert
5-16	927-930	und	_	_	_	_	_	_	_	KON	_	und
5-17	931-935	sind	_	_	_	_	_	_	_	VAFIN	3.Pl.Pres.Ind	sein
5-18	936-940	auch	_	_	_	_	_	_	_	ADV	_	auch
5-19	941-944	für	_	_	_	_	_	_	_	APPR	_	für
5-20	945-948	die	_	_	_	_	_	_	_	ART	Acc.Sg.Fem	der
5-21	949-960	esoterische	_	_	_	_	_	_	_	ADJA	Pos.Acc.Sg.Fem	esoterisch
5-22	961-974	Beschäftigung	_	_	_	_	_	_	_	NN	Acc.Sg.Fem	Beschäftigung
5-23	975-983	geeignet	_	_	_	_	_	_	_	VVPP	Psp	eignen
5-24	984-985	.	_	_	_	_	_	_	_	$.	_	.

#Text=Davon sei der wichtigste noch erwähnt .
6-1	988-993	Davon	_	_	_	_	_	_	_	PROAV	_	davon
6-2	994-997	sei	_	_	_	_	_	_	_	VAFIN	3.Sg.Pres.Subj	sein
6-3	998-1001	der	_	_	_	_	_	_	_	ART	Nom.Sg.Masc	der
6-4	1002-1012	wichtigste	_	_	_	_	_	_	_	ADJA	Sup.Nom.Sg.Masc	wichtig
6-5	1013-1017	noch	_	_	_	_	_	_	_	ADV	_	noch
6-6	1018-1025	erwähnt	_	_	_	_	_	_	_	VVPP	Psp	erwähnen
6-7	1026-1027	.	_	_	_	_	_	_	_	$.	_	.

#Text=Der Tarot des Künstlers Herman Haindl , der 1988 veröffentlicht wurde .
7-1	1030-1033	Der	_	_	_	_	_	_	_	ART	Nom.Sg.Masc	der
7-2	1034-1039	Tarot	_	_	_	_	_	_	_	NN	Nom.Sg.Masc	Tarot
7-3	1040-1043	des	_	_	_	_	_	_	_	ART	Gen.Sg.Masc	der
7-4	1044-1053	Künstlers	_	_	_	_	_	_	_	NN	Gen.Sg.Masc	Künstler
7-5	1054-1060	Herman	_	_	_	_	_	_	_	NE	Nom.Sg.Masc	Herman
7-6	1061-1067	Haindl	_	_	_	_	_	_	_	NE	Nom.Sg.Masc	Haindl
7-7	1068-1069	,	_	_	_	_	_	_	_	$,	_	,
7-8	1070-1073	der	_	_	_	_	_	_	_	PRELS	Nom.Sg.Masc	der
7-9	1074-1078	1988	_	_	_	_	_	_	_	CARD	_	1988
7-10	1079-1093	veröffentlicht	_	_	_	_	_	_	_	VVPP	Psp	veröffentlichen
7-11	1094-1099	wurde	_	_	_	_	_	_	_	VAFIN	3.Sg.Past.Ind	werden
7-12	1100-1101	.	_	_	_	_	_	_	_	$.	_	.

#Text=Zuallererst hebt ihn seine künstlerische Tiefe von den meisten Tarots ab .
8-1	1104-1115	Zuallererst	_	_	_	_	_	_	_	ADV	_	zuallererst
8-2	1116-1120	hebt	_	_	_	_	_	_	_	VVFIN	3.Sg.Pres.Ind	heben
8-3	1121-1124	ihn	_	_	_	_	_	_	_	PPER	3.Acc.Sg.Masc	ihn
8-4	1125-1130	seine	_	_	_	_	_	_	_	PPOSAT	Nom.Sg.Fem	sein
8-5	1131-1144	künstlerische	_	_	_	_	_	_	_	ADJA	Pos.Nom.Sg.Fem	künstlerisch
8-6	1145-1150	Tiefe	false	0Kern	true	false	senkrechte Ausdehnung nach unten	Qualität	_	NN	Nom.Sg.Fem	Tiefe
8-7	1151-1154	von	_	_	_	_	_	_	_	APPR	_	von
8-8	1155-1158	den	_	_	_	_	_	_	_	ART	Dat.Pl.Masc	der
8-9	1159-1166	meisten	_	_	_	_	_	_	_	PIAT	Dat.Pl.Masc	meister
8-10	1167-1173	Tarots	_	_	_	_	_	_	_	NN	Dat.Pl.Masc	Tarot
8-11	1174-1176	ab	_	_	_	_	_	_	_	PTKVZ	_	ab
8-12	1177-1178	.	_	_	_	_	_	_	_	$.	_	.

#Text=Die Bilder sind in einem leicht surrealen Stil und in einer sehr lebendigen Technik gehalten .
9-1	1181-1184	Die	_	_	_	_	_	_	_	ART	Nom.Pl.Neut	der
9-2	1185-1191	Bilder	_	_	_	_	_	_	_	NN	Nom.Pl.Neut	Bild
9-3	1192-1196	sind	_	_	_	_	_	_	_	VAFIN	3.Pl.Pres.Ind	sein
9-4	1197-1199	in	_	_	_	_	_	_	_	APPR	_	in
9-5	1200-1205	einem	_	_	_	_	_	_	_	ART	Dat.Sg.Masc	ein
9-6	1206-1212	leicht	_	_	_	_	_	_	_	ADJD	Pos	leicht
9-7	1213-1222	surrealen	_	_	_	_	_	_	_	ADJA	Pos.Dat.Sg.Masc	surreal
9-8	1223-1227	Stil	_	_	_	_	_	_	_	NN	Dat.Sg.Masc	Stil
9-9	1228-1231	und	_	_	_	_	_	_	_	KON	_	und
9-10	1232-1234	in	_	_	_	_	_	_	_	APPR	_	in
9-11	1235-1240	einer	_	_	_	_	_	_	_	ART	Dat.Sg.Fem	ein
9-12	1241-1245	sehr	_	_	_	_	_	_	_	ADV	_	sehr
9-13	1246-1256	lebendigen	_	_	_	_	_	_	_	ADJA	Pos.Dat.Sg.Fem	lebendig
9-14	1257-1264	Technik	_	_	_	_	_	_	_	NN	Dat.Sg.Fem	Technik
9-15	1265-1273	gehalten	_	_	_	_	_	_	_	VVPP	Psp	halten
9-16	1274-1275	.	_	_	_	_	_	_	_	$.	_	.

#Text=Sie laden zum tieferen Betrachten ein und haben hinter dem ersten Blick , der einigen etwas zu " pastellig " erscheint , noch eine tiefere Schicht , die dem flüchtigen , oberflächlichen Eindruck widerspricht .
10-1	1278-1281	Sie	_	_	_	_	_	_	_	PPER	3.Nom.Pl.*	sie
10-2	1282-1287	laden	_	_	_	_	_	_	_	VVFIN	3.Pl.Pres.Ind	laden
10-3	1288-1291	zum	_	_	_	_	_	_	_	APPRART	Dat.Sg.Neut	zu
10-4	1292-1300	tieferen	false	0Kern	true	false	sich weit nach unten erstreckend	genauerem	_	ADJA	Comp.Dat.Sg.Neut	tief
10-5	1301-1311	Betrachten	_	_	_	_	_	_	_	NN	Dat.Sg.Neut	betrachten
10-6	1312-1315	ein	_	_	_	_	_	_	_	PTKVZ	_	ein
10-7	1316-1319	und	_	_	_	_	_	_	_	KON	_	und
10-8	1320-1325	haben	_	_	_	_	_	_	_	VAFIN	3.Pl.Pres.Ind	haben
10-9	1326-1332	hinter	_	_	_	_	_	_	_	APPR	_	hinter
10-10	1333-1336	dem	_	_	_	_	_	_	_	ART	Dat.Sg.Masc	der
10-11	1337-1343	ersten	_	_	_	_	_	_	_	ADJA	Pos.Dat.Sg.Masc	erster
10-12	1344-1349	Blick	_	_	_	_	_	_	_	NN	Dat.Sg.Masc	Blick
10-13	1350-1351	,	_	_	_	_	_	_	_	$,	_	,
10-14	1352-1355	der	_	_	_	_	_	_	_	PRELS	Nom.Sg.Masc	der
10-15	1356-1363	einigen	_	_	_	_	_	_	_	PIS	Dat.Pl.*	einige
10-16	1364-1369	etwas	_	_	_	_	_	_	_	ADV	_	etwas
10-17	1370-1372	zu	_	_	_	_	_	_	_	PTKA	_	zu
10-18	1373-1374	"	_	_	_	_	_	_	_	$(	_	"
10-19	1375-1384	pastellig	_	_	_	_	_	_	_	ADJD	Pos	pastellig
10-20	1385-1386	"	_	_	_	_	_	_	_	$(	_	"
10-21	1387-1396	erscheint	_	_	_	_	_	_	_	VVFIN	3.Sg.Pres.Ind	erscheinen
10-22	1397-1398	,	_	_	_	_	_	_	_	$,	_	,
10-23	1399-1403	noch	_	_	_	_	_	_	_	ADV	_	noch
10-24	1404-1408	eine	_	_	_	_	_	_	_	ART	Acc.Sg.Fem	ein
10-25	1409-1416	tiefere	_	_	_	_	_	_	_	ADJA	Comp.Acc.Sg.Fem	tief
10-26	1417-1424	Schicht	_	_	_	_	_	_	_	NN	Acc.Sg.Fem	Schicht
10-27	1425-1426	,	_	_	_	_	_	_	_	$,	_	,
10-28	1427-1430	die	_	_	_	_	_	_	_	PRELS	Nom.Sg.Fem	der
10-29	1431-1434	dem	_	_	_	_	_	_	_	ART	Dat.Sg.Masc	der
10-30	1435-1445	flüchtigen	_	_	_	_	_	_	_	ADJA	Pos.Dat.Sg.Masc	flüchtig
10-31	1446-1447	,	_	_	_	_	_	_	_	$,	_	,
10-32	1448-1463	oberflächlichen	_	_	_	_	_	_	_	ADJA	Pos.Dat.Sg.Masc	oberflächlich
10-33	1464-1472	Eindruck	_	_	_	_	_	_	_	NN	Dat.Sg.Masc	Eindruck
10-34	1473-1485	widerspricht	_	_	_	_	_	_	_	VVFIN	3.Sg.Pres.Ind	widersprechen
10-35	1486-1487	.	_	_	_	_	_	_	_	$.	_	.

#Text=Die Symbolik der Karten ist von anderen Traditionen befreit , bleibt aber in der Kartenbedeutung der Tradition verpflichtet .
11-1	1490-1493	Die	_	_	_	_	_	_	_	ART	Nom.Sg.Fem	der
11-2	1494-1502	Symbolik	_	_	_	_	_	_	_	NN	Nom.Sg.Fem	Symbolik
11-3	1503-1506	der	_	_	_	_	_	_	_	ART	Gen.Pl.Fem	der
11-4	1507-1513	Karten	_	_	_	_	_	_	_	NN	Gen.Pl.Fem	Karte
11-5	1514-1517	ist	_	_	_	_	_	_	_	VAFIN	3.Sg.Pres.Ind	sein
11-6	1518-1521	von	_	_	_	_	_	_	_	APPR	_	von
11-7	1522-1529	anderen	_	_	_	_	_	_	_	ADJA	Pos.Dat.Pl.Fem	anderer
11-8	1530-1541	Traditionen	_	_	_	_	_	_	_	NN	Dat.Pl.Fem	Tradition
11-9	1542-1549	befreit	_	_	_	_	_	_	_	VVPP	Psp	befreien
11-10	1550-1551	,	_	_	_	_	_	_	_	$,	_	,
11-11	1552-1558	bleibt	_	_	_	_	_	_	_	VVFIN	3.Sg.Pres.Ind	bleiben
11-12	1559-1563	aber	_	_	_	_	_	_	_	ADV	_	aber
11-13	1564-1566	in	_	_	_	_	_	_	_	APPR	_	in
11-14	1567-1570	der	_	_	_	_	_	_	_	ART	Dat.Sg.Fem	der
11-15	1571-1586	Kartenbedeutung	_	_	_	_	_	_	_	NN	Dat.Sg.Fem	Kartenbedeutung
11-16	1587-1590	der	_	_	_	_	_	_	_	ART	Gen.Sg.Fem	der
11-17	1591-1600	Tradition	_	_	_	_	_	_	_	NN	Gen.Sg.Fem	Tradition
11-18	1601-1613	verpflichtet	_	_	_	_	_	_	_	VVPP	Psp	verpflichten
11-19	1614-1615	.	_	_	_	_	_	_	_	$.	_	.

#Text=Das eigentlich Spezielle am Haindl Tarot ist , dass er die Farben der kleinen Arcana verschiedenen Kulturen zuordnet .
12-1	1618-1621	Das	_	_	_	_	_	_	_	ART	Nom.Sg.Neut	der
12-2	1622-1632	eigentlich	_	_	_	_	_	_	_	ADV	_	eigentlich
12-3	1633-1642	Spezielle	_	_	_	_	_	_	_	NN	Nom.Sg.Neut	spezielle
12-4	1643-1645	am	_	_	_	_	_	_	_	APPRART	Dat.Sg.Masc	an
12-5	1646-1652	Haindl	_	_	_	_	_	_	_	NE	Dat.Sg.Masc	Haindl
12-6	1653-1658	Tarot	_	_	_	_	_	_	_	NE	Dat.Sg.Masc	Tarot
12-7	1659-1662	ist	_	_	_	_	_	_	_	VAFIN	3.Sg.Pres.Ind	sein
12-8	1663-1664	,	_	_	_	_	_	_	_	$,	_	,
12-9	1665-1669	dass	_	_	_	_	_	_	_	KOUS	_	dass
12-10	1670-1672	er	_	_	_	_	_	_	_	PPER	3.Nom.Sg.Masc	er
12-11	1673-1676	die	_	_	_	_	_	_	_	ART	Acc.Pl.Fem	der
12-12	1677-1683	Farben	_	_	_	_	_	_	_	NN	Acc.Pl.Fem	Farbe
12-13	1684-1687	der	_	_	_	_	_	_	_	ART	Gen.Pl.Fem	der
12-14	1688-1695	kleinen	_	_	_	_	_	_	_	ADJA	Pos.Gen.Pl.Fem	klein
12-15	1696-1702	Arcana	_	_	_	_	_	_	_	NE	Gen.Sg.Fem	Arcana
12-16	1703-1716	verschiedenen	_	_	_	_	_	_	_	ADJA	Pos.Gen.Pl.Fem	verschieden
12-17	1717-1725	Kulturen	_	_	_	_	_	_	_	NN	Acc.Pl.Fem	Kultur
12-18	1726-1734	zuordnet	_	_	_	_	_	_	_	VVFIN	3.Sg.Pres.Ind	zuordnen
12-19	1735-1736	.	_	_	_	_	_	_	_	$.	_	.

#Text=Dies geschieht auf eine Art , die sowohl vom Verständnis für die jeweiligen Kulturen wie auch für den Tarot zeugen .
13-1	1739-1743	Dies	_	_	_	_	_	_	_	PDS	Nom.Sg.Neut	dieser
13-2	1744-1753	geschieht	_	_	_	_	_	_	_	VVFIN	3.Sg.Pres.Ind	geschehen
13-3	1754-1757	auf	_	_	_	_	_	_	_	APPR	_	auf
13-4	1758-1762	eine	_	_	_	_	_	_	_	ART	Acc.Sg.Fem	ein
13-5	1763-1766	Art	_	_	_	_	_	_	_	NN	Acc.Sg.Fem	Art
13-6	1767-1768	,	_	_	_	_	_	_	_	$,	_	,
13-7	1769-1772	die	_	_	_	_	_	_	_	PRELS	Nom.Sg.Fem	der
13-8	1773-1779	sowohl	_	_	_	_	_	_	_	KON	_	sowohl
13-9	1780-1783	vom	_	_	_	_	_	_	_	APPRART	Dat.Sg.Neut	von
13-10	1784-1795	Verständnis	_	_	_	_	_	_	_	NN	Dat.Sg.Neut	Verständnis
13-11	1796-1799	für	_	_	_	_	_	_	_	APPR	_	für
13-12	1800-1803	die	_	_	_	_	_	_	_	ART	Acc.Pl.Fem	der
13-13	1804-1814	jeweiligen	_	_	_	_	_	_	_	ADJA	Pos.Acc.Pl.Fem	jeweilig
13-14	1815-1823	Kulturen	_	_	_	_	_	_	_	NN	Acc.Pl.Fem	Kultur
13-15	1824-1827	wie	_	_	_	_	_	_	_	KON	_	wie
13-16	1828-1832	auch	_	_	_	_	_	_	_	ADV	_	auch
13-17	1833-1836	für	_	_	_	_	_	_	_	APPR	_	für
13-18	1837-1840	den	_	_	_	_	_	_	_	ART	Acc.Sg.Masc	der
13-19	1841-1846	Tarot	_	_	_	_	_	_	_	NN	Acc.Sg.Masc	Tarot
13-20	1847-1853	zeugen	_	_	_	_	_	_	_	VVFIN	3.Pl.Pres.Ind	zeugen
13-21	1854-1855	.	_	_	_	_	_	_	_	$.	_	.

#Text=Weniger geglückt ist die Zuordnung zu den Runen und dem I Ging , da dies Systeme sind , die nicht vollständig und schlüssig mit dem Tarot vereinbar sind .
14-1	1858-1865	Weniger	_	_	_	_	_	_	_	ADV	_	weniger
14-2	1866-1874	geglückt	_	_	_	_	_	_	_	VVPP	Psp	glücken
14-3	1875-1878	ist	_	_	_	_	_	_	_	VAFIN	3.Sg.Pres.Ind	sein
14-4	1879-1882	die	_	_	_	_	_	_	_	ART	Nom.Sg.Fem	der
14-5	1883-1892	Zuordnung	_	_	_	_	_	_	_	NN	Nom.Sg.Fem	Zuordnung
14-6	1893-1895	zu	_	_	_	_	_	_	_	APPR	_	zu
14-7	1896-1899	den	_	_	_	_	_	_	_	ART	Dat.Pl.Fem	der
14-8	1900-1905	Runen	_	_	_	_	_	_	_	NN	Dat.Pl.Fem	Rune
14-9	1906-1909	und	_	_	_	_	_	_	_	KON	_	und
14-10	1910-1913	dem	_	_	_	_	_	_	_	ART	Dat.Sg.Neut	der
14-11	1914-1915	I	_	_	_	_	_	_	_	NE	*.*.*	I
14-12	1916-1920	Ging	_	_	_	_	_	_	_	NE	Dat.Sg.*	Ging
14-13	1921-1922	,	_	_	_	_	_	_	_	$,	_	,
14-14	1923-1925	da	_	_	_	_	_	_	_	KOUS	_	da
14-15	1926-1930	dies	_	_	_	_	_	_	_	PDS	Nom.Sg.Neut	dieser
14-16	1931-1938	Systeme	_	_	_	_	_	_	_	NN	Nom.Pl.Neut	System
14-17	1939-1943	sind	_	_	_	_	_	_	_	VAFIN	3.Pl.Pres.Ind	sein
14-18	1944-1945	,	_	_	_	_	_	_	_	$,	_	,
14-19	1946-1949	die	_	_	_	_	_	_	_	PRELS	Nom.Pl.Neut	der
14-20	1950-1955	nicht	_	_	_	_	_	_	_	PTKNEG	_	nicht
14-21	1956-1967	vollständig	_	_	_	_	_	_	_	ADJD	Pos	vollständig
14-22	1968-1971	und	_	_	_	_	_	_	_	KON	_	und
14-23	1972-1981	schlüssig	_	_	_	_	_	_	_	ADJD	Pos	schlüssig
14-24	1982-1985	mit	_	_	_	_	_	_	_	APPR	_	mit
14-25	1986-1989	dem	_	_	_	_	_	_	_	ART	Dat.Sg.Masc	der
14-26	1990-1995	Tarot	_	_	_	_	_	_	_	NN	Dat.Sg.Masc	Tarot
14-27	1996-2005	vereinbar	_	_	_	_	_	_	_	ADJD	Pos	vereinbar
14-28	2006-2010	sind	_	_	_	_	_	_	_	VAFIN	3.Pl.Pres.Ind	sein
14-29	2011-2012	.	_	_	_	_	_	_	_	$.	_	.

#Text=So hatte Haindl für die Große Arcana zu wenig Runen , für die Kleine Arcana aber zu viel Hexagramme des I Ging .
15-1	2015-2017	So	_	_	_	_	_	_	_	ADV	_	so
15-2	2018-2023	hatte	_	_	_	_	_	_	_	VAFIN	3.Sg.Past.Ind	haben
15-3	2024-2030	Haindl	_	_	_	_	_	_	_	NE	Nom.Sg.*	Haindl
15-4	2031-2034	für	_	_	_	_	_	_	_	APPR	_	für
15-5	2035-2038	die	_	_	_	_	_	_	_	ART	Acc.Sg.Fem	der
15-6	2039-2044	Große	_	_	_	_	_	_	_	ADJA	Pos.Acc.Sg.Fem	groß
15-7	2045-2051	Arcana	_	_	_	_	_	_	_	NE	Acc.Sg.Fem	Arcana
15-8	2052-2054	zu	_	_	_	_	_	_	_	PTKA	_	zu
15-9	2055-2060	wenig	_	_	_	_	_	_	_	PIAT	*.*.*	wenig
15-10	2061-2066	Runen	_	_	_	_	_	_	_	NN	Acc.Pl.Fem	Rune
15-11	2067-2068	,	_	_	_	_	_	_	_	$,	_	,
15-12	2069-2072	für	_	_	_	_	_	_	_	APPR	_	für
15-13	2073-2076	die	_	_	_	_	_	_	_	ART	Acc.Sg.Fem	der
15-14	2077-2083	Kleine	_	_	_	_	_	_	_	NE	Nom.Sg.Fem	Kleine
15-15	2084-2090	Arcana	_	_	_	_	_	_	_	NE	Nom.Sg.Fem	Arcana
15-16	2091-2095	aber	_	_	_	_	_	_	_	ADV	_	aber
15-17	2096-2098	zu	_	_	_	_	_	_	_	PTKA	_	zu
15-18	2099-2103	viel	_	_	_	_	_	_	_	PIAT	*.*.*	viel
15-19	2104-2114	Hexagramme	_	_	_	_	_	_	_	NN	Dat.Sg.Neut	Hexagramm
15-20	2115-2118	des	_	_	_	_	_	_	_	ART	Gen.Sg.Masc	der
15-21	2119-2120	I	_	_	_	_	_	_	_	NE	*.*.*	I
15-22	2121-2125	Ging	_	_	_	_	_	_	_	NE	Dat.Sg.*	Ging
15-23	2126-2127	.	_	_	_	_	_	_	_	$.	_	.

#Text=Darin zeigt sich ein grundsätzliches Problem vieler neuer Tarots , die versuchen , jedes System mit dem Tarot in Einklang zu bringen .
16-1	2130-2135	Darin	_	_	_	_	_	_	_	PROAV	_	darin
16-2	2136-2141	zeigt	_	_	_	_	_	_	_	VVFIN	3.Sg.Pres.Ind	zeigen
16-3	2142-2146	sich	_	_	_	_	_	_	_	PRF	3.Acc.Sg	sich
16-4	2147-2150	ein	_	_	_	_	_	_	_	ART	Nom.Sg.Neut	ein
16-5	2151-2166	grundsätzliches	_	_	_	_	_	_	_	ADJA	Pos.Nom.Sg.Neut	grundsätzlich
16-6	2167-2174	Problem	_	_	_	_	_	_	_	NN	Nom.Sg.Neut	Problem
16-7	2175-2181	vieler	_	_	_	_	_	_	_	PIAT	Gen.Pl.Masc	vieler
16-8	2182-2187	neuer	_	_	_	_	_	_	_	ADJA	Pos.Gen.Pl.Masc	neu
16-9	2188-2194	Tarots	_	_	_	_	_	_	_	NN	Gen.Pl.Masc	Tarot
16-10	2195-2196	,	_	_	_	_	_	_	_	$,	_	,
16-11	2197-2200	die	_	_	_	_	_	_	_	PRELS	Nom.Pl.Masc	der
16-12	2201-2210	versuchen	_	_	_	_	_	_	_	VVFIN	3.Pl.Pres.Ind	versuchen
16-13	2211-2212	,	_	_	_	_	_	_	_	$,	_	,
16-14	2213-2218	jedes	_	_	_	_	_	_	_	PIAT	Acc.Sg.Neut	jeder
16-15	2219-2225	System	_	_	_	_	_	_	_	NN	Acc.Sg.Neut	System
16-16	2226-2229	mit	_	_	_	_	_	_	_	APPR	_	mit
16-17	2230-2233	dem	_	_	_	_	_	_	_	ART	Dat.Sg.Masc	der
16-18	2234-2239	Tarot	_	_	_	_	_	_	_	NN	Dat.Sg.Masc	Tarot
16-19	2240-2242	in	_	_	_	_	_	_	_	APPR	_	in
16-20	2243-2251	Einklang	_	_	_	_	_	_	_	NN	Acc.Sg.Masc	Einklang
16-21	2252-2254	zu	_	_	_	_	_	_	_	PTKZU	_	zu
16-22	2255-2262	bringen	_	_	_	_	_	_	_	VVINF	Inf	bringen
16-23	2263-2264	.	_	_	_	_	_	_	_	$.	_	.

#Text=Als Eliphas Lévi dies getan hat , hatte er es ja nur mit der Esoterik und der Magie aus dem europäischen Kontext zu tun .
17-1	2267-2270	Als	_	_	_	_	_	_	_	KOUS	_	als
17-2	2271-2278	Eliphas	_	_	_	_	_	_	_	NE	Nom.Sg.Masc	Eliphas
17-3	2279-2283	Lévi	_	_	_	_	_	_	_	NE	Nom.Sg.Masc	Lévi
17-4	2284-2288	dies	_	_	_	_	_	_	_	PDS	Acc.Sg.Neut	dieser
17-5	2289-2294	getan	_	_	_	_	_	_	_	VVPP	Psp	tun
17-6	2295-2298	hat	_	_	_	_	_	_	_	VAFIN	3.Sg.Pres.Ind	haben
17-7	2299-2300	,	_	_	_	_	_	_	_	$,	_	,
17-8	2301-2306	hatte	_	_	_	_	_	_	_	VAFIN	3.Sg.Past.Ind	haben
17-9	2307-2309	er	_	_	_	_	_	_	_	PPER	3.Nom.Sg.Masc	er
17-10	2310-2312	es	_	_	_	_	_	_	_	PPER	3.Acc.Sg.Neut	es
17-11	2313-2315	ja	_	_	_	_	_	_	_	ADV	_	ja
17-12	2316-2319	nur	_	_	_	_	_	_	_	ADV	_	nur
17-13	2320-2323	mit	_	_	_	_	_	_	_	APPR	_	mit
17-14	2324-2327	der	_	_	_	_	_	_	_	ART	Dat.Sg.Fem	der
17-15	2328-2336	Esoterik	_	_	_	_	_	_	_	NN	Dat.Sg.Fem	Esoterik
17-16	2337-2340	und	_	_	_	_	_	_	_	KON	_	und
17-17	2341-2344	der	_	_	_	_	_	_	_	ART	Dat.Sg.Fem	der
17-18	2345-2350	Magie	_	_	_	_	_	_	_	NN	Dat.Sg.Fem	Magie
17-19	2351-2354	aus	_	_	_	_	_	_	_	APPR	_	aus
17-20	2355-2358	dem	_	_	_	_	_	_	_	ART	Dat.Sg.Masc	der
17-21	2359-2371	europäischen	_	_	_	_	_	_	_	ADJA	Pos.Dat.Sg.Masc	europäisch
17-22	2372-2379	Kontext	_	_	_	_	_	_	_	NN	Dat.Sg.Masc	Kontext
17-23	2380-2382	zu	_	_	_	_	_	_	_	PTKZU	_	zu
17-24	2383-2386	tun	_	_	_	_	_	_	_	VVINF	Inf	tun
17-25	2387-2388	.	_	_	_	_	_	_	_	$.	_	.

#Text=Er griff auf den gleichen kulturellen Kontext zurück , aus dem der Tarot entstanden ist und hatte daher keine Probleme , eine innere Konsistenz und Geschlossenheit zu erzeugen .
18-1	2391-2393	Er	_	_	_	_	_	_	_	PPER	3.Nom.Sg.Masc	er
18-2	2394-2399	griff	_	_	_	_	_	_	_	VVFIN	3.Sg.Past.Ind	greifen
18-3	2400-2403	auf	_	_	_	_	_	_	_	APPR	_	auf
18-4	2404-2407	den	_	_	_	_	_	_	_	ART	Acc.Sg.Masc	der
18-5	2408-2416	gleichen	_	_	_	_	_	_	_	ADJA	Pos.Acc.Sg.Masc	gleich
18-6	2417-2428	kulturellen	_	_	_	_	_	_	_	ADJA	Pos.Acc.Sg.Masc	kulturell
18-7	2429-2436	Kontext	_	_	_	_	_	_	_	NN	Acc.Sg.Masc	Kontext
18-8	2437-2443	zurück	_	_	_	_	_	_	_	PTKVZ	_	zurück
18-9	2444-2445	,	_	_	_	_	_	_	_	$,	_	,
18-10	2446-2449	aus	_	_	_	_	_	_	_	APPR	_	aus
18-11	2450-2453	dem	_	_	_	_	_	_	_	PRELS	Dat.Sg.Masc	der
18-12	2454-2457	der	_	_	_	_	_	_	_	ART	Nom.Sg.Masc	der
18-13	2458-2463	Tarot	_	_	_	_	_	_	_	NN	Nom.Sg.Masc	Tarot
18-14	2464-2474	entstanden	_	_	_	_	_	_	_	VVPP	Psp	entstehen
18-15	2475-2478	ist	_	_	_	_	_	_	_	VAFIN	3.Sg.Pres.Ind	sein
18-16	2479-2482	und	_	_	_	_	_	_	_	KON	_	und
18-17	2483-2488	hatte	_	_	_	_	_	_	_	VAFIN	3.Sg.Past.Ind	haben
18-18	2489-2494	daher	_	_	_	_	_	_	_	PROAV	_	daher
18-19	2495-2500	keine	_	_	_	_	_	_	_	PIAT	Acc.Pl.Neut	kein
18-20	2501-2509	Probleme	_	_	_	_	_	_	_	NN	Acc.Pl.Neut	Problem
18-21	2510-2511	,	_	_	_	_	_	_	_	$,	_	,
18-22	2512-2516	eine	_	_	_	_	_	_	_	ART	Acc.Sg.Fem	ein
18-23	2517-2523	innere	_	_	_	_	_	_	_	ADJA	Pos.Acc.Sg.Fem	innerer
18-24	2524-2534	Konsistenz	_	_	_	_	_	_	_	NN	Acc.Sg.Fem	Konsistenz
18-25	2535-2538	und	_	_	_	_	_	_	_	KON	_	und
18-26	2539-2554	Geschlossenheit	_	_	_	_	_	_	_	NN	Acc.Sg.Fem	Geschlossenheit
18-27	2555-2557	zu	_	_	_	_	_	_	_	PTKZU	_	zu
18-28	2558-2566	erzeugen	_	_	_	_	_	_	_	VVINF	Inf	erzeugen
18-29	2567-2568	.	_	_	_	_	_	_	_	$.	_	.

#Text=Aber wenn man den Tarot mit Systemen verknüpfen will , die aus einem anderen Kontext stammen , wird man weder dem Tarot noch den jeweiligen Systemen gerecht .
19-1	2571-2575	Aber	_	_	_	_	_	_	_	KON	_	aber
19-2	2576-2580	wenn	_	_	_	_	_	_	_	KOUS	_	wenn
19-3	2581-2584	man	_	_	_	_	_	_	_	PIS	Nom.Sg.*	man
19-4	2585-2588	den	_	_	_	_	_	_	_	ART	Acc.Sg.Masc	der
19-5	2589-2594	Tarot	_	_	_	_	_	_	_	NN	Acc.Sg.Masc	Tarot
19-6	2595-2598	mit	_	_	_	_	_	_	_	APPR	_	mit
19-7	2599-2607	Systemen	_	_	_	_	_	_	_	NN	Dat.Pl.Neut	System
19-8	2608-2618	verknüpfen	_	_	_	_	_	_	_	VVINF	Inf	verknüpfen
19-9	2619-2623	will	_	_	_	_	_	_	_	VMFIN	3.Sg.Pres.Ind	wollen
19-10	2624-2625	,	_	_	_	_	_	_	_	$,	_	,
19-11	2626-2629	die	_	_	_	_	_	_	_	PRELS	Nom.Pl.Neut	der
19-12	2630-2633	aus	_	_	_	_	_	_	_	APPR	_	aus
19-13	2634-2639	einem	_	_	_	_	_	_	_	ART	Dat.Sg.Masc	ein
19-14	2640-2647	anderen	_	_	_	_	_	_	_	ADJA	Pos.Dat.Sg.Masc	anderer
19-15	2648-2655	Kontext	_	_	_	_	_	_	_	NN	Dat.Sg.Masc	Kontext
19-16	2656-2663	stammen	_	_	_	_	_	_	_	VVFIN	3.Pl.Pres.Ind	stammen
19-17	2664-2665	,	_	_	_	_	_	_	_	$,	_	,
19-18	2666-2670	wird	_	_	_	_	_	_	_	VAFIN	3.Sg.Pres.Ind	werden
19-19	2671-2674	man	_	_	_	_	_	_	_	PIS	Nom.Sg.*	man
19-20	2675-2680	weder	_	_	_	_	_	_	_	KON	_	weder
19-21	2681-2684	dem	_	_	_	_	_	_	_	ART	Dat.Sg.Masc	der
19-22	2685-2690	Tarot	_	_	_	_	_	_	_	NN	Dat.Sg.Masc	Tarot
19-23	2691-2695	noch	_	_	_	_	_	_	_	KON	_	noch
19-24	2696-2699	den	_	_	_	_	_	_	_	ART	Dat.Pl.Neut	der
19-25	2700-2710	jeweiligen	_	_	_	_	_	_	_	ADJA	Pos.Dat.Pl.Neut	jeweilig
19-26	2711-2719	Systemen	_	_	_	_	_	_	_	NN	Dat.Pl.Neut	System
19-27	2720-2727	gerecht	_	_	_	_	_	_	_	ADJD	Pos	gerecht
19-28	2728-2729	.	_	_	_	_	_	_	_	$.	_	.

#Text=Aber die moderne Geschichte des Tarot betrifft nicht nur die immer neueren Neugestaltungen des Tarot , sondern auch alles um den Tarot .
20-1	2732-2736	Aber	_	_	_	_	_	_	_	KON	_	aber
20-2	2737-2740	die	_	_	_	_	_	_	_	ART	Nom.Sg.Fem	der
20-3	2741-2748	moderne	_	_	_	_	_	_	_	ADJA	Pos.Nom.Sg.Fem	modern
20-4	2749-2759	Geschichte	_	_	_	_	_	_	_	NN	Nom.Sg.Fem	Geschichte
20-5	2760-2763	des	_	_	_	_	_	_	_	ART	Gen.Sg.Masc	der
20-6	2764-2769	Tarot	_	_	_	_	_	_	_	NN	Gen.Sg.Masc	Tarot
20-7	2770-2778	betrifft	_	_	_	_	_	_	_	VVFIN	3.Sg.Pres.Ind	betreffen
20-8	2779-2784	nicht	_	_	_	_	_	_	_	PTKNEG	_	nicht
20-9	2785-2788	nur	_	_	_	_	_	_	_	ADV	_	nur
20-10	2789-2792	die	_	_	_	_	_	_	_	ART	Acc.Pl.Fem	der
20-11	2793-2798	immer	_	_	_	_	_	_	_	ADV	_	immer
20-12	2799-2806	neueren	_	_	_	_	_	_	_	ADJA	Comp.Acc.Pl.Fem	neu
20-13	2807-2822	Neugestaltungen	_	_	_	_	_	_	_	NN	Acc.Pl.Fem	Neugestaltung
20-14	2823-2826	des	_	_	_	_	_	_	_	ART	Gen.Sg.Masc	der
20-15	2827-2832	Tarot	_	_	_	_	_	_	_	NN	Gen.Sg.Masc	Tarot
20-16	2833-2834	,	_	_	_	_	_	_	_	$,	_	,
20-17	2835-2842	sondern	_	_	_	_	_	_	_	KON	_	sondern
20-18	2843-2847	auch	_	_	_	_	_	_	_	ADV	_	auch
20-19	2848-2853	alles	_	_	_	_	_	_	_	PIS	Acc.Sg.Neut	alle
20-20	2854-2856	um	_	_	_	_	_	_	_	APPR	_	um
20-21	2857-2860	den	_	_	_	_	_	_	_	ART	Acc.Sg.Masc	der
20-22	2861-2866	Tarot	_	_	_	_	_	_	_	NN	Acc.Sg.Masc	Tarot
20-23	2867-2868	.	_	_	_	_	_	_	_	$.	_	.

#Text=Unzählige Bücher werden dazu veröffentlicht , Internetforen betrieben und natürlich wird die Wahrsagerei professionell angeboten .
21-1	2871-2880	Unzählige	_	_	_	_	_	_	_	ADJA	Pos.Nom.Pl.Neut	unzählig
21-2	2881-2887	Bücher	_	_	_	_	_	_	_	NN	Nom.Pl.Neut	Bücher
21-3	2888-2894	werden	_	_	_	_	_	_	_	VAFIN	3.Pl.Pres.Ind	werden
21-4	2895-2899	dazu	_	_	_	_	_	_	_	PROAV	_	dazu
21-5	2900-2914	veröffentlicht	_	_	_	_	_	_	_	VVPP	Psp	veröffentlichen
21-6	2915-2916	,	_	_	_	_	_	_	_	$,	_	,
21-7	2917-2930	Internetforen	_	_	_	_	_	_	_	NN	Acc.Pl.Neut	Internetfor
21-8	2931-2940	betrieben	_	_	_	_	_	_	_	VVPP	Psp	betreiben
21-9	2941-2944	und	_	_	_	_	_	_	_	KON	_	und
21-10	2945-2954	natürlich	_	_	_	_	_	_	_	ADV	_	natürlich
21-11	2955-2959	wird	_	_	_	_	_	_	_	VAFIN	3.Sg.Pres.Ind	werden
21-12	2960-2963	die	_	_	_	_	_	_	_	ART	Nom.Sg.Fem	der
21-13	2964-2975	Wahrsagerei	_	_	_	_	_	_	_	NN	Nom.Sg.Fem	Wahrsagerei
21-14	2976-2989	professionell	_	_	_	_	_	_	_	ADJD	Pos	professionell
21-15	2990-2999	angeboten	_	_	_	_	_	_	_	VVPP	Psp	anbieten
21-16	3000-3001	.	_	_	_	_	_	_	_	$.	_	.

#Text=War früher das Wahrsagen eher ein Kleingewerbe und oft verrucht , so wird es heute genauso in Großbetrieben angeboten wie alles andere auf der Welt .
22-1	3004-3007	War	_	_	_	_	_	_	_	VAFIN	3.Sg.Past.Ind	sein
22-2	3008-3014	früher	_	_	_	_	_	_	_	ADJD	Comp	früh
22-3	3015-3018	das	_	_	_	_	_	_	_	ART	Nom.Sg.Neut	der
22-4	3019-3028	Wahrsagen	_	_	_	_	_	_	_	NN	Nom.Sg.Neut	Wahrsagen
22-5	3029-3033	eher	_	_	_	_	_	_	_	ADV	_	eher
22-6	3034-3037	ein	_	_	_	_	_	_	_	ART	Nom.Sg.Neut	ein
22-7	3038-3050	Kleingewerbe	_	_	_	_	_	_	_	NN	Nom.Sg.Neut	Kleingewerbe
22-8	3051-3054	und	_	_	_	_	_	_	_	KON	_	und
22-9	3055-3058	oft	_	_	_	_	_	_	_	ADV	_	oft
22-10	3059-3067	verrucht	_	_	_	_	_	_	_	VVPP	Psp	verruchen
22-11	3068-3069	,	_	_	_	_	_	_	_	$,	_	,
22-12	3070-3072	so	_	_	_	_	_	_	_	ADV	_	so
22-13	3073-3077	wird	_	_	_	_	_	_	_	VAFIN	3.Sg.Pres.Ind	werden
22-14	3078-3080	es	_	_	_	_	_	_	_	PPER	3.Nom.Sg.Neut	es
22-15	3081-3086	heute	_	_	_	_	_	_	_	ADV	_	heute
22-16	3087-3094	genauso	_	_	_	_	_	_	_	ADV	_	genauso
22-17	3095-3097	in	_	_	_	_	_	_	_	APPR	_	in
22-18	3098-3111	Großbetrieben	_	_	_	_	_	_	_	NN	Dat.Pl.Masc	Großbetrieb
22-19	3112-3121	angeboten	_	_	_	_	_	_	_	VVPP	Psp	anbieten
22-20	3122-3125	wie	_	_	_	_	_	_	_	KOKOM	_	wie
22-21	3126-3131	alles	_	_	_	_	_	_	_	PIAT	Nom.Sg.Neut	aller
22-22	3132-3138	andere	_	_	_	_	_	_	_	PIS	Nom.Sg.Neut	anderer
22-23	3139-3142	auf	_	_	_	_	_	_	_	APPR	_	auf
22-24	3143-3146	der	_	_	_	_	_	_	_	ART	Dat.Sg.Fem	der
22-25	3147-3151	Welt	_	_	_	_	_	_	_	NN	Dat.Sg.Fem	Welt
22-26	3152-3153	.	_	_	_	_	_	_	_	$.	_	.

#Text=Auch gibt es Fernsehsendungen , die sich ausschließlich mit Zukunftsschau beschäftigen ( Call in TV ) .
23-1	3156-3160	Auch	_	_	_	_	_	_	_	ADV	_	auch
23-2	3161-3165	gibt	_	_	_	_	_	_	_	VVFIN	3.Sg.Pres.Ind	geben
23-3	3166-3168	es	_	_	_	_	_	_	_	PPER	3.Nom.Sg.Neut	es
23-4	3169-3185	Fernsehsendungen	_	_	_	_	_	_	_	NN	Acc.Pl.Fem	Fernsehsendung
23-5	3186-3187	,	_	_	_	_	_	_	_	$,	_	,
23-6	3188-3191	die	_	_	_	_	_	_	_	PRELS	Nom.Pl.Fem	der
23-7	3192-3196	sich	_	_	_	_	_	_	_	PRF	3.Acc.Pl	sich
23-8	3197-3211	ausschließlich	_	_	_	_	_	_	_	ADV	_	ausschließlich
23-9	3212-3215	mit	_	_	_	_	_	_	_	APPR	_	mit
23-10	3216-3229	Zukunftsschau	_	_	_	_	_	_	_	NN	Dat.Sg.Fem	Zukunftsschau
23-11	3230-3242	beschäftigen	_	_	_	_	_	_	_	VVFIN	3.Pl.Pres.Ind	beschäftigen
23-12	3243-3244	(	_	_	_	_	_	_	_	$(	_	(
23-13	3245-3249	Call	_	_	_	_	_	_	_	NE	Nom.Sg.*	Call
23-14	3250-3252	in	_	_	_	_	_	_	_	APPR	_	in
23-15	3253-3255	TV	_	_	_	_	_	_	_	NE	Dat.Sg.Neut	TV
23-16	3256-3257	)	_	_	_	_	_	_	_	$(	_	)
23-17	3258-3259	.	_	_	_	_	_	_	_	$.	_	.

#Text=Der Großteil des Genannten befasst sich aber nur mit der Divination mit Hilfe des Tarots und beschäftigt sich nicht mit der esoterischen Betrachtung des Tarots .
24-1	3262-3265	Der	_	_	_	_	_	_	_	ART	Nom.Sg.Masc	der
24-2	3266-3274	Großteil	_	_	_	_	_	_	_	NN	Nom.Sg.Masc	Großteil
24-3	3275-3278	des	_	_	_	_	_	_	_	ART	Gen.Sg.Masc	der
24-4	3279-3288	Genannten	_	_	_	_	_	_	_	NN	Gen.Sg.Masc	genannter
24-5	3289-3296	befasst	_	_	_	_	_	_	_	VVFIN	3.Sg.Pres.Ind	befassen
24-6	3297-3301	sich	_	_	_	_	_	_	_	PRF	3.Acc.Sg	sich
24-7	3302-3306	aber	_	_	_	_	_	_	_	ADV	_	aber
24-8	3307-3310	nur	_	_	_	_	_	_	_	ADV	_	nur
24-9	3311-3314	mit	_	_	_	_	_	_	_	APPR	_	mit
24-10	3315-3318	der	_	_	_	_	_	_	_	ART	Dat.Sg.Fem	der
24-11	3319-3329	Divination	_	_	_	_	_	_	_	NN	Dat.Sg.Fem	Divination
24-12	3330-3333	mit	_	_	_	_	_	_	_	APPR	_	mit
24-13	3334-3339	Hilfe	_	_	_	_	_	_	_	NN	Dat.Sg.Fem	Hilfe
24-14	3340-3343	des	_	_	_	_	_	_	_	ART	Gen.Sg.Masc	der
24-15	3344-3350	Tarots	_	_	_	_	_	_	_	NN	Gen.Sg.Masc	Tarot
24-16	3351-3354	und	_	_	_	_	_	_	_	KON	_	und
24-17	3355-3366	beschäftigt	_	_	_	_	_	_	_	VVFIN	3.Sg.Pres.Ind	beschäftigen
24-18	3367-3371	sich	_	_	_	_	_	_	_	PRF	3.Acc.Sg	sich
24-19	3372-3377	nicht	_	_	_	_	_	_	_	PTKNEG	_	nicht
24-20	3378-3381	mit	_	_	_	_	_	_	_	APPR	_	mit
24-21	3382-3385	der	_	_	_	_	_	_	_	ART	Dat.Sg.Fem	der
24-22	3386-3398	esoterischen	_	_	_	_	_	_	_	ADJA	Pos.Dat.Sg.Fem	esoterisch
24-23	3399-3410	Betrachtung	_	_	_	_	_	_	_	NN	Dat.Sg.Fem	Betrachtung
24-24	3411-3414	des	_	_	_	_	_	_	_	ART	Gen.Sg.Masc	der
24-25	3415-3421	Tarots	_	_	_	_	_	_	_	NN	Gen.Sg.Masc	Tarot
24-26	3422-3423	.	_	_	_	_	_	_	_	$.	_	.

#Text=Oftmals hört man , dass man , um Tarot zu legen , die Deutungsformeln aus den Büchern auswendig lernen soll .
25-1	3426-3433	Oftmals	_	_	_	_	_	_	_	ADV	_	oftmals
25-2	3434-3438	hört	_	_	_	_	_	_	_	VVFIN	3.Sg.Pres.Ind	hören
25-3	3439-3442	man	_	_	_	_	_	_	_	PIS	Nom.Sg.*	man
25-4	3443-3444	,	_	_	_	_	_	_	_	$,	_	,
25-5	3445-3449	dass	_	_	_	_	_	_	_	KOUS	_	dass
25-6	3450-3453	man	_	_	_	_	_	_	_	PIS	Nom.Sg.*	man
25-7	3454-3455	,	_	_	_	_	_	_	_	$,	_	,
25-8	3456-3458	um	_	_	_	_	_	_	_	KOUI	_	um
25-9	3459-3464	Tarot	_	_	_	_	_	_	_	NN	Acc.Sg.Fem	Tarot
25-10	3465-3467	zu	_	_	_	_	_	_	_	PTKZU	_	zu
25-11	3468-3473	legen	_	_	_	_	_	_	_	VVINF	Inf	legen
25-12	3474-3475	,	_	_	_	_	_	_	_	$,	_	,
25-13	3476-3479	die	_	_	_	_	_	_	_	ART	Acc.Pl.Fem	der
25-14	3480-3495	Deutungsformeln	_	_	_	_	_	_	_	NN	Acc.Pl.Fem	Deutungsformel
25-15	3496-3499	aus	_	_	_	_	_	_	_	APPR	_	aus
25-16	3500-3503	den	_	_	_	_	_	_	_	ART	Dat.Pl.Neut	der
25-17	3504-3511	Büchern	_	_	_	_	_	_	_	NN	Dat.Pl.Neut	Buch
25-18	3512-3521	auswendig	_	_	_	_	_	_	_	ADJD	Pos	auswendig
25-19	3522-3528	lernen	_	_	_	_	_	_	_	VVINF	Inf	lernen
25-20	3529-3533	soll	_	_	_	_	_	_	_	VMFIN	3.Sg.Pres.Ind	sollen
25-21	3534-3535	.	_	_	_	_	_	_	_	$.	_	.

#Text=Damit aber rückt das Bild , die Karte selber , in den Hintergrund und dient nicht mehr der Reflexion und Kontemplation , sondern ist nur noch ein Auslöser um etwas Auswendiggelerntes aufzusagen .
26-1	3538-3543	Damit	_	_	_	_	_	_	_	PROAV	_	damit
26-2	3544-3548	aber	_	_	_	_	_	_	_	ADV	_	aber
26-3	3549-3554	rückt	_	_	_	_	_	_	_	VVFIN	3.Sg.Pres.Ind	rücken
26-4	3555-3558	das	_	_	_	_	_	_	_	ART	Nom.Sg.Neut	der
26-5	3559-3563	Bild	_	_	_	_	_	_	_	NN	Nom.Sg.Neut	Bild
26-6	3564-3565	,	_	_	_	_	_	_	_	$,	_	,
26-7	3566-3569	die	_	_	_	_	_	_	_	ART	Nom.Sg.Fem	der
26-8	3570-3575	Karte	_	_	_	_	_	_	_	NN	Nom.Sg.Fem	Karte
26-9	3576-3582	selber	_	_	_	_	_	_	_	ADV	_	selber
26-10	3583-3584	,	_	_	_	_	_	_	_	$,	_	,
26-11	3585-3587	in	_	_	_	_	_	_	_	APPR	_	in
26-12	3588-3591	den	_	_	_	_	_	_	_	ART	Acc.Sg.Masc	der
26-13	3592-3603	Hintergrund	_	_	_	_	_	_	_	NN	Acc.Sg.Masc	Hintergrund
26-14	3604-3607	und	_	_	_	_	_	_	_	KON	_	und
26-15	3608-3613	dient	_	_	_	_	_	_	_	VVFIN	3.Sg.Pres.Ind	dienen
26-16	3614-3619	nicht	_	_	_	_	_	_	_	PTKNEG	_	nicht
26-17	3620-3624	mehr	_	_	_	_	_	_	_	ADV	_	mehr
26-18	3625-3628	der	_	_	_	_	_	_	_	ART	Dat.Sg.Fem	der
26-19	3629-3638	Reflexion	_	_	_	_	_	_	_	NN	Dat.Sg.Fem	Reflexion
26-20	3639-3642	und	_	_	_	_	_	_	_	KON	_	und
26-21	3643-3656	Kontemplation	_	_	_	_	_	_	_	NN	Dat.Sg.Fem	Kontemplation
26-22	3657-3658	,	_	_	_	_	_	_	_	$,	_	,
26-23	3659-3666	sondern	_	_	_	_	_	_	_	KON	_	sondern
26-24	3667-3670	ist	_	_	_	_	_	_	_	VAFIN	3.Sg.Pres.Ind	sein
26-25	3671-3674	nur	_	_	_	_	_	_	_	ADV	_	nur
26-26	3675-3679	noch	_	_	_	_	_	_	_	ADV	_	noch
26-27	3680-3683	ein	_	_	_	_	_	_	_	ART	Nom.Sg.Masc	ein
26-28	3684-3692	Auslöser	_	_	_	_	_	_	_	NN	Nom.Sg.Masc	Auslöser
26-29	3693-3695	um	_	_	_	_	_	_	_	APPR	_	um
26-30	3696-3701	etwas	_	_	_	_	_	_	_	PIAT	*.*.*	etwas
26-31	3702-3720	Auswendiggelerntes	_	_	_	_	_	_	_	NN	Acc.Sg.Neut	auswendiggelernter
26-32	3721-3731	aufzusagen	_	_	_	_	_	_	_	VVIZU	Infzu	aufsagen
26-33	3732-3733	.	_	_	_	_	_	_	_	$.	_	.

#Text=Ganz ähnlich wie zu Beginn des 16 .
27-1	3736-3740	Ganz	_	_	_	_	_	_	_	ADV	_	ganz
27-2	3741-3748	ähnlich	_	_	_	_	_	_	_	ADJD	Pos	ähnlich
27-3	3749-3752	wie	_	_	_	_	_	_	_	KOKOM	_	wie
27-4	3753-3755	zu	_	_	_	_	_	_	_	APPR	_	zu
27-5	3756-3762	Beginn	_	_	_	_	_	_	_	NN	Dat.Sg.Masc	Beginn
27-6	3763-3766	des	_	_	_	_	_	_	_	ART	Gen.Sg.Masc	der
27-7	3767-3769	16	_	_	_	_	_	_	_	CARD	_	16
27-8	3770-3771	.	_	_	_	_	_	_	_	$.	_	.

#Text=Jahrhunderts , als der Tarot von einem in Gold gewirkten unbezahlbaren Prunkstück zu einem schlecht gedruckten und billig erhältlichen Massenprodukt herabgesunken ist , ist heute die Beschäftigung mit dem Tarot vielfach von einer hochgelehrten und geistvollen Beschäftigung in kleinen Kreisen zu einem schnell und billig erhältlichen Allerweltsprodukt herabgesunken .
28-1	3774-3786	Jahrhunderts	_	_	_	_	_	_	_	NN	Nom.Pl.Neut	Jahrhundert
28-2	3787-3788	,	_	_	_	_	_	_	_	$,	_	,
28-3	3789-3792	als	_	_	_	_	_	_	_	KOUS	_	als
28-4	3793-3796	der	_	_	_	_	_	_	_	ART	Nom.Sg.Masc	der
28-5	3797-3802	Tarot	_	_	_	_	_	_	_	NN	Nom.Sg.Masc	Tarot
28-6	3803-3806	von	_	_	_	_	_	_	_	APPR	_	von
28-7	3807-3812	einem	_	_	_	_	_	_	_	ART	Dat.Sg.Neut	ein
28-8	3813-3815	in	_	_	_	_	_	_	_	APPR	_	in
28-9	3816-3820	Gold	_	_	_	_	_	_	_	NN	Dat.Sg.Neut	Gold
28-10	3821-3830	gewirkten	_	_	_	_	_	_	_	ADJA	Pos.Dat.Sg.Neut	gewirkt
28-11	3831-3844	unbezahlbaren	_	_	_	_	_	_	_	ADJA	Pos.Dat.Sg.Neut	unbezahlbar
28-12	3845-3855	Prunkstück	_	_	_	_	_	_	_	NN	Dat.Sg.Neut	Prunkstück
28-13	3856-3858	zu	_	_	_	_	_	_	_	APPR	_	zu
28-14	3859-3864	einem	_	_	_	_	_	_	_	ART	Dat.Sg.Neut	ein
28-15	3865-3873	schlecht	_	_	_	_	_	_	_	ADJD	Pos	schlecht
28-16	3874-3884	gedruckten	_	_	_	_	_	_	_	ADJA	Pos.Dat.Sg.Neut	gedruckt
28-17	3885-3888	und	_	_	_	_	_	_	_	KON	_	und
28-18	3889-3895	billig	_	_	_	_	_	_	_	ADJD	Pos	billig
28-19	3896-3908	erhältlichen	_	_	_	_	_	_	_	ADJA	Pos.Dat.Sg.Neut	erhältlich
28-20	3909-3922	Massenprodukt	_	_	_	_	_	_	_	NN	Dat.Sg.Neut	Massenprodukt
28-21	3923-3936	herabgesunken	_	_	_	_	_	_	_	VVPP	Psp	herabsinken
28-22	3937-3940	ist	_	_	_	_	_	_	_	VAFIN	3.Sg.Pres.Ind	sein
28-23	3941-3942	,	_	_	_	_	_	_	_	$,	_	,
28-24	3943-3946	ist	_	_	_	_	_	_	_	VAFIN	3.Sg.Pres.Ind	sein
28-25	3947-3952	heute	_	_	_	_	_	_	_	ADV	_	heute
28-26	3953-3956	die	_	_	_	_	_	_	_	ART	Nom.Sg.Fem	der
28-27	3957-3970	Beschäftigung	_	_	_	_	_	_	_	NN	Nom.Sg.Fem	Beschäftigung
28-28	3971-3974	mit	_	_	_	_	_	_	_	APPR	_	mit
28-29	3975-3978	dem	_	_	_	_	_	_	_	ART	Dat.Sg.Masc	der
28-30	3979-3984	Tarot	_	_	_	_	_	_	_	NN	Dat.Sg.Masc	Tarot
28-31	3985-3993	vielfach	_	_	_	_	_	_	_	ADV	_	vielfach
28-32	3994-3997	von	_	_	_	_	_	_	_	APPR	_	von
28-33	3998-4003	einer	_	_	_	_	_	_	_	ART	Dat.Sg.Fem	ein
28-34	4004-4017	hochgelehrten	_	_	_	_	_	_	_	ADJA	Pos.Dat.Sg.Fem	hochgelehrt
28-35	4018-4021	und	_	_	_	_	_	_	_	KON	_	und
28-36	4022-4033	geistvollen	_	_	_	_	_	_	_	ADJA	Pos.Dat.Sg.Fem	geistvoll
28-37	4034-4047	Beschäftigung	_	_	_	_	_	_	_	NN	Dat.Sg.Fem	Beschäftigung
28-38	4048-4050	in	_	_	_	_	_	_	_	APPR	_	in
28-39	4051-4058	kleinen	_	_	_	_	_	_	_	ADJA	Pos.Dat.Pl.Masc	klein
28-40	4059-4066	Kreisen	_	_	_	_	_	_	_	NN	Dat.Pl.Masc	Kreis
28-41	4067-4069	zu	_	_	_	_	_	_	_	APPR	_	zu
28-42	4070-4075	einem	_	_	_	_	_	_	_	ART	Dat.Sg.Neut	ein
28-43	4076-4083	schnell	_	_	_	_	_	_	_	ADJD	Pos	schnell
28-44	4084-4087	und	_	_	_	_	_	_	_	KON	_	und
28-45	4088-4094	billig	_	_	_	_	_	_	_	ADJD	Pos	billig
28-46	4095-4107	erhältlichen	_	_	_	_	_	_	_	ADJA	Pos.Dat.Sg.Neut	erhältlich
28-47	4108-4125	Allerweltsprodukt	_	_	_	_	_	_	_	NN	Dat.Sg.Neut	Allerweltsprodukt
28-48	4126-4139	herabgesunken	_	_	_	_	_	_	_	VVPP	Psp	herabsinken
28-49	4140-4141	.	_	_	_	_	_	_	_	$.	_	.
