<text>
        <front>
          <titlePage id="rbr.00865-0-titlepage">
            <docTitle>
              <titlePart type="unspecified">
                <s>50 Jahre Bundeswehr</s>
              </titlePart>
            </docTitle>
          </titlePage>
        </front>
        <body>
          <div n="0" complete="y" type="book">
            <ptr type="aligning" targType="head" targOrder="u" target="rbr.00865-0-titlepage"/>
            <p><s>Meine Damen und Herren!</s>
<s>Es ist für mich eine große Freude und Ehre, heute aus Anlass der Verleihung des Eric Warburg-Preises an Sie, verehrter Herr Präsident Bush, die Laudatio halten zu dürfen.</s>
<s>Wir alle möchten Ihnen zu diesem Preis sehr herzlich gratulieren.</s>
<s>Ich meine, im Namen aller Anwesenden sprechen zu können, wenn ich feststelle, dass wir uns keinen würdigeren Preisträger vorstellen könnten.</s></p>
            <p><s>Wir haben heute einen doppelten Grund zum Feiern: 50 Jahre Atlantikbrücke, das ist ein stolzes Jubiläum.</s>
<s>Allen Mitgliedern und Mitwirkenden der Atlantikbrücke möchte ich für Ihre großartige Arbeit und für alles danken, was Sie für die Freundschaft zwischen Amerika und Deutschland getan haben.</s>
<s>Ein enges Verhältnis zu den USA ist neben der europäischen Integration der wichtigste Pfeiler, auf dem die Freiheit und die Demokratie unseres Landes aufgebaut ist.</s>
<s>Und auch eine Europäische Union, die hoffentlich eines nicht mehr allzufernen Tages ihre Integration vollendet haben wird, wird auf dieses enge, für Europas Freiheit existenzielle Verhältnis mit den USA nicht verzichten können.</s></p>
            <p>
              <s>Es ist deshalb von größter Wichtigkeit, gemeinsam immer wieder neu darüber nachzudenken, was Amerikaner und Deutsche verbindet, was uns trennt- und was wir tun können und müssen, um vorhandene Meinungsunterschiede auszudiskutieren und zu einer sich immer wieder erneuernden Gemeinsamkeit zu kommen.</s>
            </p>
            <p><s>Wir ehren heute einen großen Staatsmann und amerikanischen Präsidenten.</s>
<s>Einen Mann, dem es gelungen ist, jene epochale Zeitenwende von 1989/90, die in seine Amtszeit fiel, ganz entscheidend zu gestalten.</s>
<s>Ohne Sie, Herr Präsident, wäre der Umbruch in Europa anders und, wer weiß, womöglich weniger friedlich verlaufen.</s>
<s>Ohne Ihre Führungskraft und Ihren unerschütterlichen Einsatz für Freiheit und Demokratie hätte Europa heute aber ganz gewiß eine andere Gestalt.</s>
<s>Und ohne Ihr festes Vertrauen in die deutsche Demokratie wäre die deutsche Einheit sicher nicht in der uns bekannten Form zustande gekommen.</s>
<s>Die Politik der Vereinigten Staaten- das ist unbestritten- wurde damals nicht nur meisterhaft ins Werk gesetzt, sondern sie hat auch entscheidend zum Erfolg der Wiedervereinigung in Frieden und Freiheit beigetragen.</s>
<s>Sie, Herr Präsident, haben sich in der entscheidenden Stunde der Deutschen als wahrer Freund unseres Volkes erwiesen.</s>
<s>Dafür möchten wir Ihnen heute noch einmal von ganzem Herzen danken.</s></p>
            <p><s>Geschichte- so hieß es einmal- werde nicht von Menschen, sondern allein von sogenannten objektiven Faktoren gemacht.</s>
<s>Die Entstehungsgeschichte der deutschen Einheit und besonders die Rolle, die Sie und Ihre Mitarbeiter mit James Baker an der Spitze dabei gespielt haben, sind ein Beweis für die Fragwürdigkeit dieser Behauptung.</s>
<s>Gewiß sind die objektiven Faktoren in ihrer Wirkung nicht zu unterschätzen, und kluge Politik muß immer mit ihnen rechnen.</s>
<s>Wenn die historische Gelegenheit dann aber da ist, und Bismarcks berühmter Mantel der Geschichte weht, dann müssen Menschen zupacken, dann machen Menschen Geschichte.</s></p>
            <p><s>Blickt man auf die Jahre 1989/90 zurück, so scheint es fast, als sei die Entwicklung der damaligen Zeit einem großen Plane gleich vorgezeichnet und ihre Ergebnisse deshalb unausweichlich gewesen.</s>
<s>Es war aber nicht so, sondern auf die Ereignisse in Leipzig und Berlin mussten die Akteure gewissermaßen aus dem Stand heraus agieren.</s>
<s>Die damalige US Administration unter Präsident Bush entwickelte eine kluge, strategisch denkende Diplomatie, die die deutsche Einheit wollte.</s></p>
            <p><s>Noch heute kann einem fast schwindelig werden, bedenkt man, was sich damals in kürzester Zeit alles ereignete.</s>
<s>Freie Wahlen in Polen, die Flüchtlinge aus der DDR in Ungarn und in Prag, die Freiheitsdemonstrationen in Leipzig, der unerwartet schnelle Fall der Berliner Mauer, der 2-Prozess, die Wiedervereinigung am 3. Oktober 1990- es war eine atemberaubende Abfolge sich überstürzender Ereignisse.</s>
<s>In wenigen Monaten löste sich die alte Ordnung auf, und die DDR und die Sowjetunion verschwanden im Orkus der Geschichte.</s>
<s>Alles, aber wirklich auch alles, musste in kürzester Zeit neu durchdacht und angegangen werden.</s></p>
            <p><s>Welch überwältigende Chancen eröffneten sich damals!</s>
<s>Aber was hätte nicht auch alles schief gehen können!</s>
<s>Würde es noch einmal zur blutigen Niederschlagung des Rufs nach Freiheit kommen wie 1953, 1956 und 1968?</s>
<s>Wie konnte ein völliger Ordnungsverlust, ein Absturz der Sowjetunion in Chaos, Krieg und womöglich eine thermonukleare Katastrophe verhindert werden?</s>
<s>War es nun, wo sich das Rad der Zeit nach 40 Jahren plötzlich schnell, rasend schnell zu drehen begann, möglich, es in der Spur zu halten und in eine geordnete, friedliche und demokratische Richtung zu lenken?</s>
<s>Ja, es war möglich, weil die wichtigsten Akteure- einige von ihnen sind heute hier- mit großem Weitblick und Verantwortungsbewußtsein agierten, ständig das Für und Wider der nächsten Schritte neu abwägend.</s>
<s>Allen voran Helmut Kohl und Hans-Dietrich Genscher, Michail Gorbatschow und Eduard Schewardnadse und- Zitat Josef Joffe- die" fabulous Bush-Baker boys".</s></p>
            <p><s>Die Unterstützung der deutschen Einheit steht in einer Linie mit der Entscheidung der Vereinigten Staaten, nach dem Ende des Zweiten Weltkriegs in Europa zu bleiben und der deutschen Demokratie eine zweite Chance zu geben.</s>
<s>Es war vor allem diese Entscheidung, die zusammen mit der europäischen Integration das Schicksal Deutschlands und Europas nach 1945 grundlegend zum Besseren wendete.</s>
<s>1989 lag Ihrer Politik, Herr Präsident, zugleich die kluge und weitsichtige Analyse zugrunde, dass in Europa vor allem eine Situation vermieden werden musste, die Ähnlichkeiten mit der Zeit nach dem Ersten Weltkrieg und dem Versailler Vertrag aufwies.</s>
<s>Dies bedeutete, dass die Sowjetunion als anerkannte Macht einbezogen und ihr eine glaubwürdige Perspektive geboten, zugleich aber der legitime Wunsch Deutschlands berücksichtigt werden musste, eine Sonderstellung zu vermeiden und seine volle Souveränität wiederzuerlangen- einschließlich der freien Bündniswahl.</s>
<s>Dass diese Quadratur des Kreises einvernehmlich gelang, war eine Leistung höchster Staatskunst.</s>
<s>Man hat sie zu recht als" Sternstunde der Diplomatie" bezeichnet.</s></p>
            <p><s>Zweimal waren Deutschland und die Deutschen an der Aufgabe gescheitert, die Identität von Nationalstaat und Demokratie herzustellen.</s>
<s>Würde es beim dritten Mal funktionieren?</s>
<s>Nicht wenige waren skeptischvon großer Skepsis erfüllt.</s>
<s>Ich selbst gehörte zu diesen Skeptikern.</s>
<s>Einheit in Freiheit- der dritte Versuch der deutschen Nationalstaatsbildung ist erfolgreich verlaufen, weil er demokratisch verfasst und europäisch und transatlantisch eingebettet war.</s></p>
            <p><s>Denken wir zwölf Jahre zurück: Damals war Berlin und Deutschland noch geteilt durch eine tödliche Grenze.</s>
<s>Unser Land war das Aufmarschgebiet der Armeen von Ost und West, das potentiell erste Schlachtfeld des Dritten Weltkrieges.</s>
<s>Heute sind die Armeen abgezogen.</s>
<s>Das vereinte Deutschland ist eine freiheitliche, stabile Demokratie, ausschließlich von Freunden und Partnern in einem sich mehr und mehr vereinigenden Europa umgeben, in stabilen Grenzen lebend und im Westen fest verankert.</s></p>
            <p><s>Dieses angesichts unserer jüngeren Geschichte kaum fassbare Glück verdanken wir ganz entscheidend Amerika und seinem damaligen Präsidenten George Bush.</s>
<s>Deutschlands Verankerung im Westen hat seine prekäre geopolitische Mittellage, seine mangelnde Einbindung entschärft und damit die Gefährdung durch hegemoniale Alleingänge aufgelöst.</s>
<s>Zudem hat sie der Demokratie im Innern eine feste Grundlage gegeben.</s></p>
            <p><s>Darum ist die amerikanische Präsenz in Europa und die enge Bindung zwischen unseren Kontinenten für Deutschland auch in Zukunft unverzichtbar.</s>
<s>Dies gilt auch, wenn sich die Europäische Union immer stärker zu einem selbstbewußten, eigenständigen politischen Akteur entwickelt.</s></p>
            <p>
              <s>Herr Präsident,</s>
            </p>
            <p><s>obgleich Sie sich gern einen praktischen Menschen nennen, ist Ihr Name untrennbar verbunden mit einer großen Vision, nämlich der eines ungeteilten und freien Europas.</s>
<s>Sie und Ihre Administration haben selbst dafür die Fundamente gelegt, an vorderster Stelle mit den bahnbrechenden Vereinbarungen mit Rußland über START I, START II und den KSE-Vertrag sowie der OSZE-Charta von Paris.</s>
<s>Aufbauend auf diesen Grundlagen hat sich Ihre Vision inzwischen fast erfüllt.</s>
<s>Noch in diesem Jahr steht in Prag eine weitere Öffnung der NATO nach Osten an.</s>
<s>In gut zwei Jahren werden wahrscheinlich 10 Staaten der EU als neue Mitglieder beitreten.</s>
<s>Das Verhältnis zu Russland ist so eng wie nie zuvor und wir werden die Chance nutzen, die uns Präsident Putins strategische Hinwendung zum Westen bietet, um die Einbindung eines demokratischen Russlands in die euro-atlantischen und weltwirtschaftlichen Strukturen weiter voranzubringen.</s></p>
            <p><s>Auch auf dem Balkan hat sich dank der Intervention von außen die Demokratie durchgesetzt.</s>
<s>Die gesamte Region verfügt heute über eine langfristige europäische Perspektive, die einen dauerhaften Ausweg aus der Barbarei ethnischer Kriege eröffnet hat.</s>
<s>Sie, Herr Präsident, haben schon sehr früh, 1992, Milosevic vor einem Übergreifen auf den Kosovo gewarnt und dort eine rote Linie gezogen.</s>
<s>Wo stünden wir denn heute mit der hochgefährlichen Krise in Nahost, mit dem Krieg in Afghanistan und mit dem Terrorismus islamistischer Extremisten, wenn wir Milosevic damals nicht in den Arm gefallen wären?</s></p>
            <p>
              <s>Sicher kann es auf unserem Kontinent noch zu gefährlichen Krisen kommen, aber die europäische Integration erweist sich als entscheidende Friedensordnung, die solche Konflikte einzudämmen und aufzulösen vermag.</s>
            </p>
            <p><s>Am 11. September 2001 sind schlagartig und mit erbarmungsloser Härte Albträume zur Wirklichkeit geworden.</s>
<s>Unsere Welt steht vor einer neuen totalitären Herausforderung, die aber diesmal ihre Wurzeln nicht in Europa hat.</s>
<s>Ein mörderischer, zu allem bereiten Terrorismus hat die Menschen und die Regierung der Vereinigten Staaten von Amerika angegriffen, aber es hätte auch jede andere offene Gesellschaft treffen können.</s>
<s>Vom ersten Augenblick an war uns klar, dass dieser Angriff auf unseren wichtigsten Bündnispartner uns allen galt, unserer Vorstellung von Freiheit, Demokratie und Menschenrechten.</s>
<s>Und dass die USA unserer Solidarität bedurften, und wir Deutsche und Europäer in der Pflicht waren, die Solidarität nunmehr unsererseits zu leisten, die wir über die fünf Jahrzehnte des Kalten Krieges hinweg wie selbstverständlich beansprucht hatten.</s>
<s>Wir müssen uns gemeinsam der Bekämpfung dieser tödlichen Gefahr stellen.</s></p>
            <p><s>Selten war in jüngerer Zeit die emotionale Verbundenheit zwischen Amerikanern und Deutschen spürbarer als bei der großen Kundgebung am Brandenburger Tor am 14. September letzten Jahres, drei Tage nach den furchtbaren Anschlägen in New York und Washington.</s>
<s>Sosehr wir nach den mörderischen Anschlägen mit den Menschen Amerikas fühlen, sosehr dieser internationale Terrorismus auch unsere freie Gesellschaft bedroht- die Stimmungslage in der öffentlichen Meinung diesseits und jenseits des Atlantiks hat sich in den vergangenen Monaten unübersehbar in unterschiedliche Richtungen entwickelt.</s>
<s>Es ist wichtig, diese differierenden Stimmungen wahrzunehmen, ihre Gründe zu verstehen, die jeweils andere Sicht zu vermitteln und damit eine neue transatlantische Gemeinsamkeit herbeizuführen.</s>
<s>Die Aufgabe für die Atlantikbrücke ist damit heute ganz besonders wichtig.</s></p>
            <p><s>Amerikaner und Europäer teilen die gleichen Werte, aber sie haben nicht immer die gleichen politischen Reflexe.</s>
<s>Dies hat historische Gründe und ist per se auch kein Schaden.</s>
<s>Wenn die Amerikaner zum Beispiel häufig eher die militärische, die Europäer die politische Komponente betonen, so wird dies leider auf beiden Seiten manchmal missverstanden oder überzeichnet.</s>
<s>Es bedeutet nämlich nicht, dass die USA nicht ebenso wie wir dem Primat der Politik verpflichtet sind und es bedeutet auch nicht, dass die Europäer unverbesserliche" wimps" und appeasement-Verfechter wären, die kategorisch jede Anwendung von Zwang von sich weisen.</s>
<s>Allerdings wird die europäische und die deutsche Außenpolitik auch zukünftig von grösserer Zurückhaltung gegenüber militärischen Einsätzen geprägt sein als diejenige vergleichbarer europäischer Staaten oder gar der USA.</s>
<s>Unsere historischen Erfahrungen waren weniger glücklich, um es ganz diplomatisch auszudrücken, und dies wirkt über eine lange Zeit fort.</s></p>
            <p><s>Die Geschichte hat gezeigt, dass oftmals gerade in der Verbindung unserer Handlungsweisen, in einer klugen Verzahnung von Politik und Militär eine einzigartige Stärke liegen kann.</s>
<s>Die Antwort auf die alte Frage" war es militärische Stärke oder die Politik der Entspannung, die den Kalten Krieg entschied" lautet letztlich: Es war beides zusammen.</s>
<s>So war und ist es auch im Kosovo, in Mazedonien und in Afghanistan und genau deshalb haben Europa und diesmal auch Deutschland sich dort an militärischen Aktionen beteiligt.</s></p>
            <p><s>Der Einsatz von Militär alleine ist jedoch nicht das einzige Mittel, um Konflikte zu lösen.</s>
<s>Europa trägt an vielen Stellen dazu bei, unsere Welt sicherer zu machen: Wir stellen auf dem Balkan über; der Truppen und der Wiederaufbauhilfe.</s>
<s>Die Internationale Schutztruppe in Afghanistan besteht sogar zu 95% aus Europäern.</s>
<s>Die EU-Erweiterung und rund 120 Mrd Dollar Wirtschaftshilfe an Osteuropa ermöglichen es den USA, sich militärisch auf andere Weltregionen zu konzentrieren.</s>
<s>Dieser für Prävention, Frieden und Sicherheit ganz entscheidende Beitrag Europas wird in den USA manchmal nicht deutlich genug gesehen.</s></p>
            <p><s>Auch den Kampf gegen den Terrorismus werden wir gemeinsam nur durch eine klugen Einsatz politischer und militärischer Mittel gewinnen können.</s>
<s>Dazu gehört neben der Bekämpfung von Terroristen auch eine umfassende Strategie, die die politischen und sozialen Wurzeln des Terrors entschlossen anpackt und jene schwärenden Konflikte in unserer Welt politisch löst, aus denen sich unter anderem der Terror speist.</s>
<s>Europa und Amerika stehen hier vor einer neuen, diesmal über unseren Kontinent weit hinausgehenden, großen politischen Ordnungsaufgabe.</s></p>
            <p><s>Die dramatische Eskalation im Nahen Osten hat die Welt, hat uns uns alle zutiefst entsetzt.</s>
<s>Lassen Sie mich, meine Damen und Herren, gerade heute, am Nationalfeiertag Israels, eines eindeutig feststellen: Das Existenzrecht Israels und das Recht des Staates Israel und seiner Bürger in Frieden und Sicherheit zu leben, ist für uns unantastbar.</s>
<s>Und Deutschland hat ein historisach begründetes Sonderverhältnis zum Staat Israel, das sich gerade in schweren Zeiten in Solidarität bewähren muß.</s></p>
            <p><s>Die jüngste Rede des amerikanischen Präsidenten und seine eindeutige Unterstützung des Zieles zweier Staaten in der Region findet unsere volle Unterstützung.</s>
<s>Wir begleiten die amerikanischen Friedensbemühungen und die Mission Colin Powells mit grossen Hoffnungen und auch mit eigenen Anregungen.</s>
<s>Die Vereinigten Staaten bleiben der wichtigste internationale Akteur, ohne den sich im Nahen Osten kaum etwas bewegen wird.</s>
<s>Eine Wende zum Besseren werden aber auch die USA nur herbeiführen können, wenn sie diese Aufgabe nicht alleine angehen, sondern wenn sie andere Akteure einbeziehen, die Europäische Union, den Generalsekretär der Vereinten Nationen und auch Rußland.</s>
<s>Es war gewiß alles andere als ein Zufall, Herr Präsident, dass die Einberufung der Madrider Friedenskonferenz 1991 zur Lösung des israelisch-arabischen Konfliktes ebenfalls unter Ihrer Präsidentschaft stattgefunden hat.</s>
<s>Dies war eine sehr mutige und zugleich historisch weitblickende Entscheidung, an die wir heute durchaus anknüpfen sollten.</s></p>
            <p><s>Lassen Sie mich noch ein wichtiges Thema im transatlantischen Diskurs ansprechen: Irak.</s>
<s>Saddam Hussein regiert den Irak seit 20 Jahren mit diktatorischer Gewalt.</s>
<s>Er hat zwei furchtbare Kriege zu verantworten.</s>
<s>Er hat Massenvernichtungswaffen produziert und gegen einen Nachbarn und seine eigene Bevölkerung eingesetzt.</s>
<s>Von ihm und seinem Regime geht eine ernste Bedrohung für die Stabilität der Region und für den Weltfrieden aus.</s>
<s>Wir teilen die amerikanische Auffassung, dass die internationale Gemeinschaft alle Anstrengungen unternehmen muss, um dieser Bedrohung wirksam zu begegnen.</s>
<s>Die regionale Stabilität darf andererseits aber auch nicht durch notwendig erscheinende Gegenmaßnahmen in Frage gestellt werden.</s></p>
            <p><s>Wir müssen deshalb mit allen zur Verfügung stehenden Mitteln den politischen Druck auf Saddam erhöhen, um ihn zu einer Einstellung der Produktion sowie zur Zerstörung und Beseitigung aller Massenvernichtungsmittel zu bringen.</s>
<s>Die UN-Inspektoren müssen ohne Vorbedingungen und ohne jede Einschränkung wieder ins Land dürfen.</s>
<s>Zugleich muss das Sanktionsregime fortentwickelt werden, sodaß der Irak keine Massenvernichtungswaffen mehr produzieren und bereithalten kann.</s></p>
            <p>
              <s>Herr Präsident,</s>
            </p>
            <p><s>wir Europäer und besonders wir Deutsche sind Ihnen zu großem Dank verpflichtet.</s>
<s>Die Europäische Union ist der wichtigste Beitrag zum Frieden auf unserem Kontinent.</s>
<s>Dies lehrt uns die Erfahrung.</s>
<s>Ohne die Entscheidung der USA, nach 1945 in Europa zu bleiben und sich dort der Durchsetzung und Verteidigung der Demokratie zu verpflichten, wäre diese europäische Einigung niemals Wirklichkeit geworden.</s>
<s>Wenn es gelingt, Europa tatsächlich zu einen, nicht nur in Wirtschaft und Währung, sondern auch politisch, dann wird Ihnen in Europa auch jener" partner in leadership" erwachsen, den Sie sich gewünscht haben, um eine gerechtere Weltordnung zu verwirklichen, die wir in der Ära der Globalisierung so dringend brauchen.</s></p>
            <p><s>Eine amerikanische Beobachterin schrieb unlängst:" When the United States and Europe see eye to eye, there is little they cannot accomplish.</s>
<s>When they do not agree, however, there is little they can achieve." Ob und wann es eine neue, bessere Weltordnung geben wird, wissen wir nicht.</s>
<s>Fest steht aber, dass wir nur eine Chance haben, sie zu erreichen, wenn Amerika und Europa dieses Ziel gemeinsam angehen.</s>
<s>Das setzt ein multilateral orientiertes Amerika und ein politisch geeintes Europa voraus.</s></p>
            <p><s>Sie, Herr Präsident, stehen in einer großen Tradition amerikanischer Präsidenten, die Europa und den Problemen der Welt zugewandt waren.</s>
<s>Wir wünschen uns, dass dies auch in Zukunft so sein wird.</s>
<s>Ihre Präsidentschaft war für uns Deutsche ein Glücksfall der Geschichte.</s>
<s>Wir wünschen Ihnen und Ihrer Familie Glück und Gesundheit und Ihrem Land eine gute Zukunft.</s></p>
          </div>
        </body>
        <back/>
      </text>