<text>
        <front>
          <titlePage id="rbr.01237-0-titlepage">
            <docTitle>
              <titlePart type="unspecified">
                <s>Rede von Bundeskanzlerin Angela Merkel anlässlich des Kongresses"Diversity als Chance"</s>
              </titlePart>
            </docTitle>
          </titlePage>
        </front>
        <body>
          <div n="0" complete="y" type="book">
            <ptr type="aligning" targType="head" targOrder="u" target="rbr.01237-0-titlepage"/>
            <p><s>Sehr geehrter Herr Kommissar Figel, liebe Frau Staatsministerin Böhmer, liebe Maria, sehr geehrter Herr Franke, meine Damen und Herren!</s>
<s>Ich möchte auch die zugeschalteten Mitarbeiterinnen und Mitarbeiter des Westdeutschen Rundfunks in Köln ganz herzlich begrüßen.</s></p>
            <p><s>Der Anlass ist, dass wir heute auf ein Jahr" Charta der Vielfalt" zurückblicken.</s>
<s>Ich glaube, wenn man sich das Resümee ansieht, dann ist es ein erfolgreiches Jahr gewesen.</s>
<s>Denn die Jahresbilanz kann sich sehen lassen.</s>
<s>Die Zahlen schwanken etwas, aber es sind jetzt wohl doch schon mehr als 200 Unternehmen und öffentliche Einrichtungen, die die Charta unterzeichnet haben.</s>
<s>Damit wird die" Charta der Vielfalt" langsam auch wirklich eine vielfältige Charta, denn immer mehr machen mit.</s></p>
            <p><s>Deshalb möchte ich als Schirmherrin der Initiative natürlich ein herzliches Dankeschön sagen.</s>
<s>Es zeigt sich, dass Vielfalt jetzt nicht mehr nur ein Schlagwort ist.</s>
<s>Denn inzwischen gibt es eine Unternehmenskultur, die Leistungsfähigkeit widerspiegelt und sich zudem durch eine Wertschätzung gegenüber Vielfalt auszeichnet und diese auch in unterschiedlicher Form repräsentiert.</s></p>
            <p><s>Der Spannungsbogen oder auch die Brücke zwischen dem" Europäischen Jahr der Chancengleichheit für alle" auf der einen Seite und der" Charta der Vielfalt" ist etwas sehr Interessantes.</s>
<s>Dieses" Europäische Jahr der Chancengleichheit für alle" es ist eben schon beschrieben worden hat noch einmal den Blick dafür geschärft, wo überall Chancengleichheit noch nicht verwirklicht worden ist.</s></p>
            <p><s>Ich bin der festen Überzeugung, dass wir eine gesellschaftliche Debatte führen müssen, in der wir Chancengleichheit nicht nur durch einen rechtlichen Rahmen umzusetzen versuchen.</s>
<s>Das kann man nur zum Teil tun.</s>
<s>Wenn es auf europäischer Ebene gemacht wird diese Bemerkung sei mir erlaubt, dann kreuzt es sich oft mit den Rechtssystemen der einzelnen Mitgliedstaaten.</s>
<s>Es ist zum Beispielgar nicht so einfach, Rechtsrichtlinien in den jeweiligen Rechtssystemen der Mitgliedstaaten umzusetzen.</s></p>
            <p><s>Wir werden zwar alles über einen Rechtsrahmen umzusetzen versuchen können, werden viel prozessieren und klagen können und sicherlich auch eine Rechtsprechung erhalten.</s>
<s>Dennoch: Wenn der gesellschaftliche Wille zu mehr Chancengleichheit nicht vorhanden ist, wenn die Einstellung dazu nicht vorhanden ist, wenn die Haltung dazu nicht vorhanden ist, dann wird das nur sehr schwer umzusetzen sein.</s>
<s>Es ist wie mit vielen Dingen in unserer Gesellschaft: Wenn sie als Grundstock nicht vorhanden sind, dann können sie allein durch Rechtsetzung auch nicht umgesetzt werden.</s>
<s>Rechtsetzung kann ein Rahmen sein, aber sie muss in einer Gesellschaft wertemäßig untermauert sein.</s></p>
            <p><s>Herausforderungen im Hinblick auf Chancengleichheit gibt es viele.</s>
<s>Wir wissen, dass diese Herausforderungen der Zukunft von uns bewältigt werden müssen.</s>
<s>Wir müssen über Bildung sprechen.</s>
<s>Wir wissen, dass unser heutiger Wohlstand mit dem Stand von Bildung und Qualifikation in einem ganz engen Zusammenhang steht.</s>
<s>Die Konkurrenz um die" besten Köpfe" auf den internationalen Arbeitsmärkten wird weiter zunehmen.</s>
<s>Schauen wir uns heute einmal an, wie sich die Diskussion binnen des letzten Jahres bzw. der letzten anderthalb Jahre verändert hat.</s>
<s>Seitdem bei uns die Arbeitslosenzahl gesunken ist, wurde und wird das Thema" gut ausgebildete Fachkräfte" immer mehr zu einer der Schlüsselfragen, die wir zu lösen haben.</s></p>
            <p><s>Viele Frauen sind heute hervorragend qualifiziert.</s>
<s>Aber die Vereinbarkeit von Beruf und Familie ist ein großes Thema.</s>
<s>Unsere Gesellschaft wird auch angesichts der demografischen Veränderungen einmal von individuellen Wünschen der Frauen abgesehen unseren Wohlstand in Zukunft nur halten können, wenn wir eine bessere Vereinbarkeit von Beruf und Familie herstellen.</s>
<s>Ich füge immer gleich hinzu, wenn von Frauen die Rede ist: Auch die Vaterrolle in unserer Gesellschaft wird sich verändern müssen, wenn wir ein gutes Familienleben mit einem guten Berufsleben der Eltern zusammenbringen wollen.</s></p>
            <p><s>Wir dürfen es uns natürlich auch nicht leisten, dass Kinder chancenlos zurückbleiben.</s>
<s>Sie haben eben von der PISA-Studie gesprochen.</s>
<s>Tatsache ist, dass Kinder aus Zuwandererfamilien Statistiken zufolge nach wie vor schlechtere Bildungschancen haben.</s>
<s>Wenn Bildung der Schlüssel für Teilhabe ist, dann müssen wir dafür Sorge tragen, dass auch diese Kinder einen besseren Zugang zu Bildung bekommen angefangen mit frühkindlicher Bildung auch außerhalb der Elternhäuser und auch durch Stärkung der Erziehungsfähigkeit der Eltern.</s>
<s>Ihnen muss bewusst sein, wie wichtig auch in einem Land, in dem mittlerweile die zweite, dritte, vierte Generation aufwächst, das Erlernen der Sprache ist.</s></p>
            <p><s>Wir haben in Deutschland in verschiedenster Weise versucht, die Gesetzgebung darauf auszurichten, dass sowohl Sprachtests gemacht werden als auch bei der Eheschließung darauf geachtet wird, dass, wenn der Lebensmittelpunkt in unserem Land liegt, dann auch die notwendigen Voraussetzungen dafür getroffen werden.</s>
<s>Wir haben sehr harte Diskussionen zum Beispielmit unseren türkischen Freunden über unser letztes Zuwanderungsgesetz geführt.</s>
<s>Wir haben gesagt: Die Ehepartner müssen wenigstens über einen geringen Wortschatz an deutschen Worten 200 bis 300 verfügen, um überhaupt den Einstieg in unsere Gesellschaft zu finden.</s>
<s>Das wird oft falsch verstanden.</s>
<s>Daher müssen wir hierfür noch sehr viel werben.</s>
<s>Wir müssen natürlich von deutscher Seite aus auch die Voraussetzungen für bessere Sprachkenntnisse schaffen.</s>
<s>Ich halte diesen Weg für richtig.</s></p>
            <p><s>Ich will daran erinnern: Jedes dritte Kind unter sechs Jahren in Deutschland kommt aus einer Zuwandererfamilie.</s>
<s>In vielen deutschen Großstädten liegt die Einschulungsrate von Kindern aus Migrationsfamilien inzwischen bei 50Prozent.</s>
<s>Das wird unsere Gesellschaft verändern oder verändert sie bereits.</s>
<s>Wir müssen diesen Kindern die gleiche Chance geben.</s></p>
            <p><s>Das sind Herausforderungen, denen sich die Politik stellen muss.</s>
<s>Aber es liegt auch im Interesse der Unternehmen, sich diesen Herausforderungen zu stellen.</s>
<s>Die Übernahme gesellschaftlicher Verantwortung ist für viele Unternehmen in sehr vielen Bereichen heute eine Selbstverständlichkeit.</s>
<s>Es ist sehr schön, dass sich Unternehmen jetzt auch diesem Thema widmen und hierbei zusätzliche Verantwortung übernehmen.</s>
<s>Sie geben damit strategische Antworten, die angesichts der demografischen Entwicklung, des Bevölkerungsrückgangs und des steigenden Qualifizierungsbedarfs auch im gegenseitigen Interesse liegen.</s></p>
            <p><s>Wir wissen aber: Auch immer neue Zuwanderung löst die Probleme in unserem Lande nicht, sondern wir müssen die Menschen, die hier bei uns sind, besser aufnehmen und integrieren.</s>
<s>Das ist auch genau die Arbeit der Integrationsbeauftragten Maria Böhmer.</s>
<s>Dadurch, dass die Integrationsbeauftragte Teil des Kanzleramtes ist, wird diese Querschnittsaufgabe noch einmal ganz deutlich gemacht.</s></p>
            <p><s>Beim heutigen Kongress geht es um" Diversity Management". Wir haben, was die englische Wortwahl anbelangt, eine deutsche Einbürgerung noch nicht so richtig hinbekommen.</s>
<s>Aber das passiert ja heutzutage immer häufiger.</s>
<s>Jedenfalls stammt das Konzept der Diversität, der Vielfalt, aus den Vereinigten Staaten von Amerika.</s>
<s>Es hat sich zum Beispielgezeigt, dass, je vielfältiger die Belegschaft eines Unternehmens ist, das Unternehmen umso leistungsfähiger und robuster ist.</s></p>
            <p><s>Eigentlich spricht auch alles, was wir wissen, dafür.</s>
<s>Wir sprechen zum Beispielüber Biodiversität.</s>
<s>Unsere Lebensumwelt ist am stabilsten, am robustesten, wenn sie möglichst viele Pflanzen und Tiere umfasst, weil aus der Summe der verschiedenen Eigenschaften immer ein sehr stabiles Gebilde erwächst.</s>
<s>Genauso ist das mit uns Menschen.</s>
<s>Jeder hat seine Stärken, jeder hat seine Schwächen.</s>
<s>Wenn wir Alter, Geschlecht und Herkunft zusammenbringen und die Kraft aufbringen, eine gemeinsame Sprache zu finden, dann ergibt sich daraus ein sehr, sehr leistungsfähiges Gebilde, das hierarchisch vielleicht nicht immer besonders gut zu organisieren ist, das aber krisenfest und auch fähig ist, auf neue Situationen gut zu reagieren.</s></p>
            <p><s>Deshalb haben gerade auch international agierende Unternehmen die Chance, die in der Vielfalt liegt, als erste erkannt.</s>
<s>Der Erfolg der Charta-Initiative in Frankreich und jetzt auch bei uns zeigt, dass sich auch immer mehr mittlere und kleinere Betriebe diesem Gedankengang öffnen und damit natürlich auch etwas fördern, was unserer gesamten Gesellschaft zugute kommt, nämlich das, was ich einmal bei meiner Antrittsrede zur EU-Ratspräsidentschaft im Europäischen Parlament gesagt habe: Europa ist der Kontinent der Toleranz.</s>
<s>Die Toleranz ist die Seele unseres Kontinents.</s></p>
            <p><s>So wie Kommissar Figel es eben sehr schön im Zusammenhang mit der Europäischen Union beschrieben hat, so ist es auch mit der noch größeren Sphäre der Möglichkeiten der Vielfalt, in der wir nicht nur europäische Kulturen zu integrieren haben, sondern auch Menschen aus anderen Kulturkreisen.</s>
<s>Daraus erwachsen Chancen, wenn man ein Minimum an Offenheit und ein Minimum an Kraft aufbringt, sich auf etwas Unbekanntes einzulassen.</s></p>
            <p><s>Das alles funktioniert nur, wenn wir nicht uns allein zum absoluten Maßstab machen, sondern wenn wir uns auch unserer eigenen Beschränkungen bewusst sind und sagen: Jawohl, es gibt Dinge, die wir alleine nicht am allerbesten können.</s>
<s>Das fällt uns nicht immer leicht, weil wir uns ja prima finden.</s>
<s>Das gehört ja auch dazu.</s>
<s>Damit man überhaupt tolerant sein kann, muss man sich selbst erst einmal leiden können.</s>
<s>Aber man muss sich auch so weit öffnen und wenigstens einen kleinen Abstand zu sich haben, um sich die Neugierde auf anderes und auch die Möglichkeit, auf anderes zuzugehen, zu erhalten.</s></p>
            <p><s>Die ursprüngliche Strategie war sehr auf die Gleichstellung von Männern und Frauen ausgerichtet.</s>
<s>Die Kommission ist geradezu ein leuchtendes Vorbild, was die Chancengleichheit von Männern und Frauen in Bezug auf den Rat der Mitgliedstaaten anbelangt.</s>
<s>Das muss man sagen.</s>
<s>Aber es gibt sicherlich auch Entwicklungsmöglichkeiten.</s>
<s>Die Unternehmen, von denen wir diese Vielfaltskultur übernehmen, sind vor allem diejenigen ich sagte es schon, die auf globalen Märkten agieren und die die Erfahrung gemacht haben, dass das gemeinsame Agieren durchaus auch eine bessere Leistungsfähigkeit eingebracht hat.</s></p>
            <p><s>Ich glaube, dass wir diese Art von Personalmanagement ganz bewusst erlernen müssen und dass man auch vor den Schwierigkeiten nicht die Augen verschließen sollte.</s>
<s>Ich könnte mir vorstellen, dass in der" Charta der Vielfalt" über Erfolge berichtet wird, aber auch über Dinge, die sehr schwierig sind.</s>
<s>Wir neigen manchmal dazu, die gesamte Frage der Integration und des Zusammenlebens von Kulturen ein bisschen auf der Ebene der Erfolge und des Schönen zu beschreiben und die Schwierigkeiten etwas unter den Tisch zu kehren.</s>
<s>Das wäre falsch.</s>
<s>Überall, wo Unbekanntes aufeinander trifft, gibt es auch Reibung.</s>
<s>Aus Reibung kann Kraft, kann Zugewinn erwachsen.</s>
<s>Aber das bedarf auch der Fähigkeit eines Konfliktmanagements.</s>
<s>Das bedarf klarer Antworten auf die Fragen: Wo setze ich Grenzen, wo endet Toleranz, wie akzeptiere und integriere ich unterschiedliche Möglichkeiten und Fähigkeiten?</s></p>
            <p><s>Die Europäische Kommission hat eine Studie zum" Geschäftsnutzen von Vielfalt" durchgeführt.</s>
<s>Dabei kam heraus, dass es keineswegs nur arbeitsrechtliche Erwägungen sind, die Unternehmen aktiv werden lassen, sondern dass gerade auch wirtschaftliche Gründe für so etwas sprechen.</s>
<s>Das Gros der befragten Unternehmen gab an, dass die Förderung personaler Vielfalt zu einem größeren Geschäftserfolg beigetragen habe.</s>
<s>Die Erfolge zeigen sich bei der Rekrutierung neuer Mitarbeiter sowie in der Fähigkeit, langfristige Bindungen von qualifizierten Beschäftigten an die Betriebe einzugehen.</s>
<s>Das ist ganz wichtig.</s>
<s>Als ich in Indien war, habe ich sehr, sehr viele Klagen darüber gehört, dass dort oft ganz geringe Bindungen an den eigenen Betrieb und stattdessen starke Fluktuationen bestehen, worunter die Leistungsstärke eines Unternehmens sehr leiden kann.</s></p>
            <p><s>Die Erfolge zeichnen sich also auch durch die Reduzierung von Fluktuation auf der einen Seite, aber auch durch die Reduzierung von Krankenständen und die Entwicklung von Marketing-Konzepten und von innovativen Produkten auf der anderen Seite aus.</s>
<s>Gerade bei Marketing-Konzepten kann man sich sehr gut vorstellen, wenn wir heute auf globalen Märkten agieren, wie wichtig es ist, unterschiedliche Sichtweisen im eigenen Unternehmen zu haben und dass das natürlich auch einen Einfluss auf die Produktentwicklung hat.</s>
<s>Wenn Mitarbeiterinnen und Mitarbeiter unterschiedlicher Herkunft sind und verschiedene kulturelle Erfahrungen haben, dann sind natürlich die Verbesserungs- und Entwicklungsvorschläge auch viel umfassender, als wenn jeder in der Belegschaft sozusagen immer nur aus einer Schule kommt und seinen Entwicklungsgang weitergeht.</s>
<s>So kann man auch neue Kundengruppen besser erschließen.</s>
<s>Für die Erarbeitung von internationalen Expansionsstrategien ist die Kenntnis bestimmter Regionen natürlich auch von allergrößter Wichtigkeit.</s></p>
            <p><s>Es kommt hinzu: Je mehr die Gesellschaft Vielfalt akzeptiert, umso mehr wird auch ein Unternehmen anerkannt, das Vielfalt bewusst als Fortschritt und Leistungsfaktor erachtet und auch offensiv damit wirbt.</s>
<s>Das heißt also, persönlicher und wirtschaftlicher Erfolg gehen Hand in Hand.</s>
<s>Das ist auch die zentrale Botschaft dieser Unternehmensinitiative" Charta der Vielfalt".</s></p>
            <p><s>Wenn ich es richtig sehe, gibt es 1,4Millionen Beschäftigte in Deutschland, die über die betreffenden Unternehmen in die Initiative mit eingebunden sind.</s>
<s>Der Zentralverband des Deutschen Handwerks kommt noch dazu.</s>
<s>An dieser Stelle möchte ich auch noch einmal den Initiatoren der Charta den Unternehmen Daimler, Deutsche Bank, Deutsche BP und Deutsche Telekom danken.</s>
<s>Viele andere haben sich angeschlossen.</s>
<s>Aber es ist ja immer wichtig, dass man erst einmal einen harten Kern hat.</s></p>
            <p><s>Ich glaube, dass diese Initiative auf die Bereiche Bildung und Qualifizierung Auswirkungen haben wird und dass wir mit dieser" Charta der Vielfalt" ganz neue Möglichkeiten der öffentlich-privaten Kooperation bekommen werden; das heißt, in der vorschulischen, in der schulischen Ausbildung, an der Schnittstelle Schule und berufliche Ausbildung, die in Deutschland immer besonders schwierig ist, und während der beruflichen Ausbildung.</s>
<s>Das hat auch noch einmal das internationale Symposium, an dem ich teilnehmen durfte, deutlich gemacht, das Frau Maria Böhmer im Oktober</s></p>
            <p><s>mit der Vodafone-Stiftung durchgeführt hat.</s>
<s>Wir haben dankenswerterweise sehr, sehr viele unternehmensnahe Stiftungen in Deutschland, die sich dem Thema Bildung widmen und die Dimension der Integration in die Bildungsarbeit sehr bewusst aufnehmen.</s></p>
            <p><s>Wir wollen natürlich, dass diese öffentlich-private Kooperation gestärkt wird.</s>
<s>Deshalb haben wir auch eine umfassende Reform des Gemeinnützigkeits- und Spendenrechts auf den Weg gebracht, um gerade Stiftungen in Deutschland zu stärken.</s>
<s>Natürlich bieten sich in dem Dreieck unternehmensnahe Stiftungen, Unternehmen und Politik auch eine besondere Möglichkeit der Netzwerkbildung.</s></p>
            <p><s>Es ist hier auch schon von der PISA-Studie die Rede gewesen.</s>
<s>Man kann die Augen nicht davor verschließen, dass diejenigen, deren Biografien durch einen Migrationshintergrund gekennzeichnet sind, ganz offenkundig erheblich größere Schwierigkeiten in unserem Bildungssystem haben, die Wege der Durchlässigkeit zu erspüren und einen Aufstieg zu schaffen.</s></p>
            <p><s>Ich will im Übrigen sagen, dass mich neulich sehr erschüttert hat, dass das nicht nur zum Beispiel bei den Türkischstämmigen in Deutschland so ist.</s>
<s>Mich hat der italienische Botschafter darauf hingewiesen, dass auch schon über Jahrzehnte bei uns lebende italienische Migranten nur zu einemProzent an deutschen Hochschulen waren bzw. sind.</s>
<s>Man muss zum Vergleich wissen, dass über 30Prozent der Deutschen eine Hochschule besuchen.</s>
<s>Das heißt also, wir haben hier ein sehr, sehr umfassendes Problem, mit dem wir uns auseinander setzen müssen.</s></p>
            <p><s>Aus diesem Grunde haben wir auch eine" Nationale Qualifizierungsinitiative" gestartet.</s>
<s>Hier soll es darum gehen, unser Fachkräftepotenzial zu erweitern.</s>
<s>Wir wollen Maßnahmen ergreifen, um die Zahl der Schul- und Studienabbrüche zu verringern.</s>
<s>Wir haben in Deutschland heute 80.000 Schüler pro Jahr, die ohne Schulabschluss die Schule verlassen.</s>
<s>Deren Chancen, überhaupt in der Berufsausbildung voranzukommen, sind natürlich tendenziell geringer.</s></p>
            <p><s>Wir haben auch ein sektorales Problem.</s>
<s>Das heißt, die Entscheidung für technische Berufe, die Entscheidung für Naturwissenschaften und für Ingenieurwissenschaften fällt zu gering aus.</s>
<s>Ich habe bestimmt nichts dagegen, dass wir starke Geisteswissenschaften in Deutschland haben.</s>
<s>Aber wenn wir ein Industriestandort bleiben wollen, dann müssen die Ingenieurwissenschaften und die Naturwissenschaften sowie die entsprechenden technischen Ausbildungen wieder höher anerkannt werden oder zumindest attraktiver für die jungen Menschen werden.</s></p>
            <p><s>Das hat auch etwas mit einer Gesamteinstellung der Gesellschaft zu tun.</s>
<s>Über viele Jahre ist der Strom eben einfach aus der Steckdose gekommen und von da an musste man sich nicht mehr dafür interessieren, wie das zustande kommt.</s>
<s>Aber wenn zum Schluss keiner mehr da ist, der alles bewerkstelligt, dann ist das natürlich schlecht und dann kommt plötzlich auch kein Strom mehr aus der Steckdose.</s></p>
            <p>
              <s>Meine Damen und Herren,</s>
            </p>
            <p><s>die Bildungsfrage ist deshalb nicht allein eine Frage des Geldes, sondern sie ist auch eine Frage der Mentalitäten.</s>
<s>Deshalb ist es wichtig, dass wir in jede Richtung hin arbeiten das gilt sowohl für diejenigen, deren Eltern aus Deutschland kommen, als auch für Migranten.</s></p>
            <p><s>Wir haben neben der" Nationalen Qualifizierungsinitiative" im Sommer dieses Jahres einen Riesenschritt für die Bundesrepublik Deutschland gemacht.</s>
<s>Manches, was passiert und was die Gesellschaft verändert, wird sehr schnell wieder vergessen, hat aber nachhaltige Wirkungen.</s>
<s>Ich glaube, der" Nationale Integrationsplan" ist so etwas.</s>
<s>Wenn man sich einmal überlegt, wie sich die Einstellung verändert hat etwa gegenüber Gastarbeitern, wie wir sie lange genannt haben, bis wir heute zur festen Erkenntnis gekommen sind, dass das Menschen sind, die noch viele Generationen hier in unserem Land leben werden, dann sieht man, dass dieser" Nationale Integrationsplan" die richtige Antwort ist.</s>
<s>Er ist ein gutes föderales Produkt.</s>
<s>Kommunen, Länder und Bundesregierung sowie Vertreter der Zivilgesellschaft haben daran mitgewirkt.</s></p>
            <p><s>Wenn wir uns manchen Kompetenzstreit ansehen, den wir ob vor Gericht oder auch nicht, aber jedenfalls täglich ausfechten, dann kann ich nur sagen: Hier ist von allen Beteiligten eine gesellschaftliche Aufgabe erkannt worden.</s>
<s>Es ist nicht ewig darum herumgeredet worden, wer was alles nicht gut macht, sondern auf jeder Ebene hat man sich hingesetzt und einmal versucht, einen Beitrag zu leisten.</s>
<s>Der unternehmerische Beitrag in der" Charta der Vielfalt" fügt sich hier nahtlos ein.</s></p>
            <p><s>Der" Nationale Integrationsplan" beschreibt im Wesentlichen einen Dreiklang erfolgreicher Integration: Einmal die Beherrschung der deutschen Sprache als Grundlage für Teilhabe in der Gesellschaft, dann die Bildung als den Schlüssel, der sozusagen Türen öffnen kann, um individuelle und gesellschaftliche Anerkennung zu gewinnen, und die erfolgreiche Integration in den Arbeitsmarkt.</s>
<s>Der beste Aktionsplan hilft aber nicht, wenn nicht die Grundhaltung da ist, dass Vielfalt eine Bereicherung ist und keine Erschwernis.</s>
<s>Deshalb haben wir uns und zwar als Bundesregierung insgesamt, nicht nur die Integrationsbeauftragte im" Nationalen Integrationsplan" auch dazu verpflichtet, die Charta-Initiative aktiv zu fördern.</s></p>
            <p><s>Die Tatsache, dass heute Herr Kommissar Figel bei uns ist, zeigt auch, dass wir dies nicht allein als eine nationale Aufgabe sehen.</s>
<s>Wir haben dabei auch enge Beziehungen zu Frankreich entwickelt.</s>
<s>Das hat sich sehr bewährt.</s>
<s>Wir haben schon eine Vielzahl von gemeinsamen Maßnahmen durchgeführt.</s>
<s>Wir haben neulich hier in Berlin einen deutsch-französischen Ministerrat abgehalten, bei dem nahezu alle Minister Integrationsprojekte besucht haben.</s>
<s>Nicolas Sarkozy und ich haben in einer Schule mit Migrantinnen und Migranten diskutiert.</s>
<s>Ich glaube, dass durch solche Projekte auch die Gesamthaltung der Gesellschaft verändert werden kann.</s></p>
            <p><s>Uns, den deutschen Repräsentanten, ist dabei sehr klar gesagt worden, dass die Repräsentanz von Menschen mit Migrationshintergrund in unseren Parlamenten auf Bundes- und Länderebene noch nicht ausreichend ist.</s>
<s>Hier müssen wir weitere Schritte gehen, denn die Interessen von Migrantinnen und Migranten werden natürlich besser durchgesetzt, wenn sie auch in den gesetzgebenden Versammlungen vertreten sind.</s></p>
            <p><s>Ich freue mich sehr, dass sich die deutsche Wirtschaft auf die Initiative der" Charta der Vielfalt" eingelassen hat.</s>
<s>Ich wünsche mir, dass es fast eine Frage der Ehre sein muss, ob man dabei ist.</s>
<s>Auf diesem Pfad müssen wir uns noch bewegen.</s></p>
            <p><s>Wir freuen uns, wenn uns die Europäische Kommission unterstützt und wenn wir uns auch im europäischen Rahmen verstärkt über die jeweiligen Erfahrungen austauschen können.</s>
<s>Wir wollen als Bundesrepublik Deutschland unsere Erfahrungen natürlich mit einbringen.</s></p>
            <p><s>Ich glaube, der heutige erste Jahrestag ist ein wichtiger Tag.</s>
<s>Es gibt ein gutes Arbeitsprogramm und die Aufforderung an noch mehr Betriebe, mitzumachen.</s>
<s>Sagen Sie den Betrieben, die noch ein paar Hemmungen haben, dass nichts Schlimmes passiert, dass es nur zu ihrem Guten ist und dass kein bürokratischer Ballast auf ihnen ruht, wenn sie mitmachen, sondern dass sich jeder mit seiner Initiative einbringen kann.</s></p>
            <p><s>Ich möchte Maria Böhmer, Herrn Franke und allen, die hier mitmachen, ein ganz herzliches Dankeschön aussprechen.</s>
<s>Ich glaube, nach einem Jahr kann ich als Schirmherrin zufrieden mit dem sein, was Sie leisten.</s>
<s>Ich will mich auch weiter dafür einsetzen, dass dieses Projekt ein Erfolgsprojekt bleibt.</s></p>
            <p>
              <s>Herzlichen Dank!</s>
            </p>
          </div>
        </body>
        <back/>
      </text>