<text>
        <front>
          <titlePage id="bng.00021-0-titlepage">
            <docTitle>
              <titlePart type="unspecified">
                <s>Cem Özdemir, Geldwäschebekämpfung</s>
              </titlePart>
              <titlePart type="sub">
                <s>18. April 2002</s>
              </titlePart>
            </docTitle>
          </titlePage>
        </front>
        <body>
          <div n="0" complete="y" type="Rede">
            <ptr type="aligning" targType="head" targOrder="u" target="bng.00021-0-titlepage"/>
            <p><s><hi rend="it bo">Cem Özdemir</hi> <hi rend="it">(BÜNDNIS 90/DIE GRÜNEN):</hi> heute Abend reden wir über ein wichtiges Thema.</s>
<s>Ich bedaure, dass es so weit hinten auf der Tagesordnung steht.</s>
<s>Wie können wir die Geldströme der terroristischen Organisationen stoppen oder zumindest eindämmen?</s>
<s>Der Anschlag von Djerba zeigt einmal mehr, dass Terroristen international vernetzt sind und mit internationalen Finanztransaktionen ihre Attentate finanzieren.</s></p>
            <p><s>Mit dem vorliegenden Gesetzentwurf machen wir einen weiteren Schritt hin zu der effektiven Bekämpfung der internationalen Finanzströme terroristischer Organisationen.</s>
<s>Der Entwurf wird aber auch in einem anderen Bereich relevant werden: in dem der organisierten Kriminalität.</s>
<s>Wir müssen die Finanzbewegungen der organisierten Kriminalität, die zum Teil mit Etats jongliert, die höher als ein Staatshaushalt sind, eindämmen.</s>
<s>Gerade hier gilt es, möglichst umfassende Kontrollen einzuführen.</s></p>
            <p><s>Geldwäsche ist kein Kavaliersdelikt.</s>
<s>Wir müssen alles daran setzen, diesem Eindruck entgegenzutreten.</s>
<s>Der Gesetzentwurf zeigt, wie schnell Europa hier reagiert hat und wie schnell wir die europäische Richtlinie umsetzen.</s>
<s>Das ist gut so.</s>
<s>Gerade im Bereich der Geldwäsche ist die europäische und internationale Kooperation besonders wichtig.</s>
<s>Geldströme machen keinen Halt vor nationalen Grenzen.</s></p>
            <p><s>Schon das Vierte Finanzmarktförderungsgesetz hat auf die Transparenz der Finanzströme abgezielt.</s>
<s>Mit dem jetzt vorliegenden Entwurf intensivieren wir die Transparenz.</s>
<s>Wir tun das, indem wir die an Finanztransaktionen beteiligten Unternehmen und Personen verpflichten, stärker auf illegale Geldbewegungen zu achten.</s></p>
            <p><s>Es ist deswegen sinnvoll, dass zum Beispiel Versicherungsmakler, seien sie selbständig oder angestellt, jetzt in den Anwendungsbereich des Geldwäschebekämpfungsgesetzes einbezogen werden.</s>
<s>Es ist richtig, die Finanzinstitute stärker in die Pflicht zu nehmen.</s>
<s>Das bedeutet auch, dass sich die Finanzinstitute über ihre bisherige Pflichten hinaus jetzt auch über die Identität einer Person vergewissern müssen, mit der sie längerfristige Geschäftsbeziehungen planen.</s>
<s>Sie dürfen nicht länger davon ausgehen, dass Geld nicht stinkt.</s></p>
            <p><s>Allerdings macht mir eine Regelung im Gesetzentwurf Sorge.</s>
<s>Ich denke aber, dass wir hier im weiteren parlamentarischen Verfahren zu einer Lösung kommen werden.</s>
<s>Ich spreche von den neuen Pflichten, die Rechtsanwältinnen und Rechtsanwälten auferlegt werden.</s>
<s>Richtig ist sicherlich, dass sie sich jetzt über die Identität eines Mandanten vergewissern müssen, wenn sie bestimmte finanzielle Transaktionen vornehmen.</s>
<s>Zu weit geht aber meines Erachtens die Pflicht der Rechtsbeistände, in bestimmten Fällen eine Anzeige erstatten zu müssen.</s></p>
            <p><s>Das Verhältnis Rechtsanwalt - Mandant ist ein besonderes Vertrauensverhältnis.</s>
<s>Der Mandant muss die Sicherheit haben, dass er seinem Rechtsbeistand umfassend vertrauen kann.</s>
<s>Dieses Vertrauen des Rechtssuchenden ist auch Ausdruck des Schutzes der Persönlichkeit nach Art. 2 Abs. 1 des Grundgesetzes.</s>
<s>Alles, was der Rechtssuchende seinem Rechtsanwalt anvertraut, ist zunächst von diesem Schutz umfasst.</s></p>
            <p><s>Gerade der Grundsatz "nemo tenetur se ipsum accusare" könnte aber durchbrochen werden, wenn der Rechtsanwalt verpflichtet wird, Mitteilungen über den Mandanten an die Rechtsanwaltskammer zu machen.</s>
<s>Wenn der Mandant mit der Möglichkeit rechnen muss, dass Angaben, die er gegenüber dem Rechtsanwalt gemacht hat, von diesem weitergegeben werden, dann besteht die Gefahr, dass er sich seinem Rechtsanwalt gegenüber nicht umfassend offenbart.</s></p>
            <p><s>Meines Erachtens müssen wir hier den Gesetzentwurf auch noch einmal unter dem Gesichtspunkt der Wertungseinheit mit §138 StGB betrachten.</s>
<s>Dort hat der Rechtsanwalt die Pflicht, schwerste Verbrechen anzuzeigen.</s>
<s>Im Geldwäschebekämpfungsgesetz ist er schon verpflichtet, ein Vergehen, wie es die Geldwäsche gemäß § 261 StGB darstellt, anzuzeigen.</s></p>
            <p><s>Ich denke, dass wir hier im weiteren parlamentarischen Verfahren noch einmal nachbessern sollten.</s>
<s>Auch hier muss das strucksche Gesetz gelten: Kein Gesetz geht so in das parlamentarische Verfahren hinein, wie es letztendlich verabschiedet wird.</s>
<s>Wir haben hier auch noch Handlungsspielraum.</s>
<s>Die Geldwäscherichtlinie, die mit dem heutigen Gesetzesentwurf umgesetzt wird, lässt ausdrücklich eine Ausnahme für rechtsberatende Berufe zu.</s>
<s>Insbesondere erlaubt sie, dass der Rechtsanwalt der Mandantin mitteilen darf, dass er Informationen an die Kammer weitergegeben hat.</s></p>
            <p><s>Das ist für das Vertrauensverhältnis zwischen Rechtsbeistand und Mandant sehr wichtig.</s>
<s>Denn nur so kann der Mandant das ausreichende Vertrauen zu seinem Rechtsanwalt aufbauen.</s>
<s>Er kann dann gegebenenfalls entscheiden, ob er das Mandatsverhältnis fortsetzen möchte oder nicht.</s>
<s>Auch für den Rechtsanwalt und die Rechtsanwältin ist das wichtig: sie müssen, wenn sie schon zum Geheimnisverrat verpflichtet werden, berechtigt sein, sich demjenigen gegenüber zu offenbaren, der in der Erwartung des Geheimnisschutzes zu ihnen gekommen ist.</s></p>
            <p><s>Ich bin mir sicher, dass wir hier noch zu einer vernünftigen Lösung kommen werden.</s>
<s>Die anderen Maßnahmen begrüße ich.</s>
<s>Ich möchte zum Schluss noch einmal unterstreichen, dass der vorliegende Gesetzentwurf ein positives Beispiel für die schnelle Umsetzung europäischer Vorgaben und internationaler Initiativen ist, die eine Reaktion auf den 11. September sind.</s></p>
          </div>
        </body>
        <back/>
      </text>