      <text>
        <front>
          <titlePage id="bng.00020-0-titlepage">
            <docTitle>
              <titlePart type="unspecified">
                <s>Christian Sterzing, Förderung der Grenzregionen</s>
              </titlePart>
              <titlePart type="sub">
                <s>18. April 2002</s>
              </titlePart>
            </docTitle>
          </titlePage>
        </front>
        <body>
          <div n="0" complete="y" type="Rede">
            <ptr type="aligning" targType="head" targOrder="u" target="bng.00020-0-titlepage"/>
            <p><s><hi rend="it bo">Christian Sterzing</hi> <hi rend="it">(BÜNDNIS 90/DIE GRÜNEN):</hi> Die Europäische Union steht zu Beginn des 21. Jahrhunderts vor einer riesigen Herausforderung.</s>
<s>Die Erweiterung der Europäischen Union nach Osten und Südosten ist eine politische Notwendigkeit und Chance.</s></p>
            <p><s>Wenn noch vor der nächsten Wahl des Europaparlamentes neue Mitglieder aufgenommen werden sollen - und das haben wir uns alle in der EU vorgenommen -, dann müssen die Beitrittsverhandlungen zügig zum Ende gebracht werden.</s>
<s>Jede Verzögerung des Verhandlungsprozesses birgt das Risiko in sich, dass damit rückwärtsgewandte Kräfte innerhalb Ost- und Mitteleuropas gestärkt werden und die vorhandene Zustimmung für einen Beitritt zur Union geschmälert wird.</s>
<s>Die Osterweiterung der Union darf daher aber auch bei uns nicht zum Spielball innenpolitischer Opportunitäten werden.</s></p>
            <p><s>Die Erweiterung der Europäischen Union ist ein äußerst komplexer Vorgang.</s>
<s>Auch wenn längerfristig die wirtschaftlichen Vorteile überwiegen - niemand zweifelt daran -, sind Risiken nicht auszuschließen.</s>
<s>Je nach Region, nach Wirtschaftsbereich oder anderen spezifischen Bedingungen - etwa der Qualifizierung der Menschen - sind unterschiedliche Effekte denkbar.</s>
<s>Ängste, Sorgen und Skepsis gegenüber Europa sind deshalb verständlich, weil viele Menschen nicht verstehen, wer warum von weitem in ihren Alltag eingreift.</s>
<s>Hier muss sich gewiss manches ändern, um die Akzeptanz für Europa zu erhöhen.</s></p>
            <p><s>Aber wir sind heute sehr viel weiter als zur Zeit der Stellung des Antrags, über den wir heute diskutieren.</s>
<s>Die weitgehend ausgehandelten Übergangsfristen werden mögliche negative Folgen der Erweiterung in besonders sensiblen Bereichen abfedern können.</s>
<s>Wichtig ist für uns, dass die Übergangsfristen weder von den alten noch von den neuen Mitgliedstaaten dazu instrumentalisiert werden, einerseits überfälligen Strukturwandel künstlich zu verhindern oder falsch verstandene Partikularinteressen zu wahren.</s>
<s>Die Übergangsfristen sind, soweit bislang festgelegt - das ist für uns besonders wichtig - auch hinreichend flexibel, um auf mögliche unerwartete Entwicklungen reagieren zu können.</s></p>
            <p><s>Damit sind wir bei den Problemen der Grenzregionen.</s>
<s>Auch in ihnen werden die meisten Menschen von der Erweiterung profitieren.</s>
<s>Die grenznahen Regionen rücken aus ihrer Randlage heraus und ihre bisherigen Standortnachteile können mittelfristig zu Standortvorteilen werden.</s>
<s>Sie werden künftig zu wichtigen und zentral gelegenen Standorten im größeren EU-Europa.</s>
<s>Hier gibt es sicherlich Handlungsbedarf für einen Anpassungsprozess an eine sich im Übrigen schon seit längerem verändernde Situation.</s>
<s>Also Ja zu einer gezielten regionalen Strukturförderung.</s></p>
            <p><s>Aber: Förderung darf nicht der Konservierung alter Strukturen dienen und keine Belohnung für versäumte Anpassung und Veränderungsunwilligkeit sein.</s>
<s>Jede politische Ebene muss ihre Verantwortung wahrnehmen und ihren Teil zur politischen Flankierung des Erweiterungsprozesses beitragen.</s>
<s>Die regionale Wirtschaftsförderung ist primär Sache der Länder.</s>
<s>Die vorhandenen Mittel müssen mehr als bisher auf die besonders betroffenen Regionen konzentriert werden, wobei die zukunftsweisenden und innovativen Projekte zu bevorzugen sind.</s></p>
            <p><s>Auch der Bund leistet durch die Gemeinschaftsaufgabe "Regionale Wirtschaftsförderung" bereits jetzt einen Beitrag zu diesen Anpassungsprozessen.</s>
<s>Gerade bei der Gemeinschaftsaufgabe gilt es, künftig stärker noch als bisher auf eine Konzentration der Mittel zu drängen.</s></p>
            <p><s>Natürlich ist nicht zuletzt die Europäische Union gefordert, ihren Teil beizutragen.</s>
<s>Schon jetzt ist sie mit ihrer Struktur- und Regionalpolitik aktiv.</s>
<s>In besonderer Weise versucht sie über ihre Fonds zukunftsträchtige Projekte zu forcieren.</s>
<s>Aber seien wir ehrlich: Wir hatten uns von dem Aktionsplan der Europäischen Kommission etwas mehr an Masse versprochen.</s>
<s>Aber alle finanziellen Wünsche können nun einmal nicht wahr werden.</s></p>
            <p><s>Es geht auch nicht, dass wir das Einkassieren der Vorteile des Erweiterungsprozesses als selbstverständlichen nationalen Anspruch und das Auffangen der Nachteile als selbstverständliche europäische Aufgabe betrachten.</s>
<s>Umso wichtiger ist es, dass die Verwendung aller Gelder und die Durchführung aller Maßnahmen zwischen allen Ebenen gut abgestimmt wird, damit es echte Investitionen in die Zukunft werden.</s></p>
            <p><s>Nur eine öffentliche und ehrliche Debatte über die Chancen und Risiken der Erweiterung kann gewährleisten, dass eine breite politische Akzeptanz der Erweiterung erhalten bleibt.</s>
<s>Ohne die breite Unterstützung der Bevölkerung wird die Erweiterung nur schwerlich gelingen.</s>
<s>Die Entwicklung der öffentlichen Diskussion in den EU-Mitgliedstaaten können wir - so mein Eindruck - daher positiv bewerten.</s>
<s>Das Informationsniveau steigt, das Verständnis für die Zusammenhänge wächst und die Ängste verringern sich - dies alles nicht zuletzt aufgrund der Anstrengungen der Bundesregierung und der Parteien, besonders in den Grenzregionen für die Erweiterung zu werben.</s></p>
            <p><s>Für uns Bündnisgrüne liegt ein besonderes Augenmerk auf der grenzüberschreitenden Zusammenarbeit, die sich aber auch nicht auf wirtschaftliche Kooperation beschränken darf.</s>
<s>Vor allem in der kulturellen, gesellschaftlichen und politischen Zusammenarbeit liegt ein enormes Potenzial für das Gelingen des Erweiterungsprozesses.</s>
<s>Wirtschaftliche Probleme können gerade auch in grenzüberschreitender Kooperation erfolgreich angegangen werden.</s>
<s>Dafür gibt es bereits viele gute Beispiele.</s>
<s>Daran sollten wird anknüpfen.</s></p>
          </div>
        </body>
        <back/>
      </text>