<text>
        <front>
          <titlePage id="bng.00007-0-titlepage">
            <docTitle>
              <titlePart type="unspecified">
                <s>Christine Scheel, Zollfahndungsneuregelungsgesetz</s>
              </titlePart>
              <titlePart type="sub">
                <s>18. April 2002</s>
              </titlePart>
            </docTitle>
          </titlePage>
        </front>
        <body>
          <div n="0" complete="y" type="Rede">
            <ptr type="aligning" targType="head" targOrder="u" target="bng.00007-0-titlepage"/>
            <p>
              <s><hi rend="bo">Vizepräsident Dr. h. c. Rudolf Seiters:</hi> Für die Fraktion Bündnis 90/Die Grünen spricht die Kollegin Christine Scheel.</s>
            </p>
            <p><s><hi rend="bo">Christine Scheel</hi> (BÜNDNIS 90/DIE GRÜNEN): Herr Präsident!</s>
<s>Liebe Kolleginnen und Kollegen!</s>
<s>Herr Fromme, Ihr Beitrag war insofern wieder sehr erhellend,</s></p>
            <ptr type="aligning" targType="note" targOrder="u" target="bng.00007-0-f1"/>
            <p>
              <s>als wir jetzt wissen, dass die Union wirklich überhaupt kein Interesse daran hat, <hi rend="bo">Steuerhinterziehung</hi> zu bekämpfen.</s>
            </p>
            <ptr type="aligning" targType="note" targOrder="u" target="bng.00007-0-f2"/>
            <p>
              <s>Das ist aus Ihren Ausführungen sehr deutlich geworden.</s>
            </p>
            <p><s>Welchen Sinn macht es denn, wenn ein Fahnder oder ein Prüfer kommt, nachdem er sich schriftlich angekündigt hat, und derjenige, der geprüft werden soll, vorher die Akten oder die Disketten verschwinden lässt?</s>
<s>Das ist doch Unsinn.</s>
<s>Um Kriminalitätsbekämpfung vorzunehmen, ist es deshalb notwendig, dass man vernünftige Zugriffe organisiert.</s>
<s>Das haben wir gesetzlich geregelt; das ist auch richtig so.</s></p>
            <p><s>Wir sprechen jetzt hier über das Zollfahndungsneuregelungsgesetz.</s>
<s>Es war für die Union anscheinend nicht so einfach, Gründe zu finden, warum sie dieses Gesetz ablehnen will.</s>
<s>Sie haben sich dann auf die eher formale Ebene zurückgezogen,</s></p>
            <ptr type="aligning" targType="note" targOrder="u" target="bng.00007-0-f3"/>
            <p><s>sich aber nicht zu inhaltlichen Aspekten geäußert.</s>
<s>Das finde ich sehr bedauerlich, denn es geht darum, dass wir wegen des europäischen Binnenmarktes, wegen der Öffnung der Grenzen nach Osteuropa und wegen der in den letzten Jahren in verschiedenen Formen zunehmend auftretenden organisierten Kriminalität eine sehr wirksame <hi rend="bo">Kriminalitätsbekämpfung</hi> benötigen.</s>
<s>Dafür ist dieses Gesetz gedacht, denn bei den Zollfahndungsbehörden sind eine stärkere Konzentration von Personal und dessen stärkere Spezialisierung bei der Umsetzung der Aufgaben nötig.</s>
<s>Dies gewährleistet einen effektiveren Personaleinsatz.</s>
<s>Zollfahndungsaktivitäten werden in Deutschland künftig hochspezialisiert mit schlagkräftigen Einheiten erfolgen können.</s>
<s>Das ist der Hintergrund dieses Gesetzes.</s></p>
            <p><s>Es reicht aber nicht aus, allein auf diesen Punkt zu setzen.</s>
<s>Vielmehr benötigt der Zollfahndungsdienst auch klare Kompetenzen und klare Weisungswege.</s>
<s>Die gesamte Organisation muss weiter gestrafft werden.</s>
<s>Auch dies ist Bestandteil des vorgelegten Gesetzentwurfes.</s></p>
            <p><s>Mit diesem Gesetzentwurf, über den wir heute ab-schließend beraten, findet die <hi rend="bo">Neuordnung bei der Zollfahndung</hi> ihren Abschluss.</s>
<s>Die Zollfahndungsbehörden erhalten mehr Befugnisse, um Zollvergehen im Vorfeld zu verhindern, um sie aufzudecken, um die Täter zu ermitteln.</s>
<s>So dürfen sie künftig beispielsweise personenbezogene Daten sammeln.</s>
<s>Sie dürfen zur Erhebung dieser Daten in gleicher Weise wie Polizeibeamte ermitteln.</s>
<s>Dabei ist ganz klar geregelt, dass sehr eingriffsintensive Methoden wie zum Beispiel längerfristige Observationen mit Bild- und Tonaufzeichnungen eben nur bei gewerbs-, gewohnheits- oder bandenmäßig begangenen Straftaten eingesetzt werden dürfen.</s>
<s>Dies ist auch dringend notwendig, denn Zollkriminalität und organisierte Kriminalität überschneiden sich immer stärker.</s></p>
            <p><s>Eine Behörde kann nur effektiv arbeiten, wenn klar ist, wer welche Weisungen zu erteilen hat.</s>
<s>Bisher überschneiden sich diese Weisungskompetenzen im Zollfahndungsdienst.</s>
<s>Das erschwert die Arbeit; die eindeutige Anbindung der Zollfahndungsämter an das Zollkriminalamt ist auch aus diesem Grund dringend notwendig.</s></p>
            <p><s>Klare Organisationsstränge im Zollfahndungsdienst haben im Übrigen der Bundesrechnungshof schon seit 1996 und auch der Rechnungsprüfungsausschuss seit 1997 eingefordert.</s>
<s>Diese Forderungen setzen wir mit dem vorliegenden Gesetzentwurf um.</s>
<s>Jetzt kann durch die direkte Zusammenarbeit des koordinierenden Zollkriminalamtes mit den regional selbstständigen Zollfahndungsämtern Kriminalität nachhaltig und erfolgreich bekämpft werden.</s>
<s>So können zum Beispiel die Zollfahndungsämter die Spezialeinheiten des Zollkriminalamtes nun kurzfristig und unkompliziert anfordern.</s>
<s>Umgekehrt laufen verschiedene dezentral gesammelte Informationen im Zollkriminalamt zusammen und können dort weiter ausgewertet werden.</s></p>
            <p><s>Unsere europäischen Partner brauchen einen eindeutigen Ansprechpartner, wenn Ermittlungen auch über die Grenzen hinweg - wir alle betonen immer, dass dies notwendig ist - erfolgreich sein sollen.</s>
<s>Gerade auf der europäischen Ebene sind in den letzten Jahren neue Aufgaben entstanden.</s>
<s>In diesem Zusammenhang denke ich nur an die Bekämpfung der Geldwäsche.</s>
<s>Aber auch bei der Erledigung ihrer klassischen Aufgaben trifft die Zollfahndung heute immer wieder auf Täterstrukturen, die in der gesamten Europäischen Union agieren.</s>
<s>Für die erfolgreiche Bekämpfung ist deshalb eine effektive Amts- und Rechtshilfe durch und für andere Länder immer wichtiger geworden.</s>
<s>Das Zollkriminalamt wird hier eine zuverlässige Verbindung zu den entsprechenden Dienststellen der europäischen Partner sichern.</s></p>
            <p><s>Alle damit verbundenen Veränderungen werden uns in Zukunft helfen, Kriminalität zu bekämpfen.</s>
<s>Deshalb bedaure ich es sehr, dass die Union diesen Gesetzentwurf nicht mittragen will.</s></p>
            <ptr type="aligning" targType="note" targOrder="u" target="bng.00007-0-f4"/>
          </div>
        </body>
        <back>
          <div n="1" complete="y" type="footnotes">
            <note id="bng.00007-0-f1" place="foot">
              <p>
                <s>(Beifall bei der CDU/CSU und der FDP)</s>
              </p>
            </note>
            <note id="bng.00007-0-f2" place="foot">
              <p>
                <s>(Beifall bei Abgeordneten des BÜNDNISSES 90/DIE GRÜNEN und der SPD - Carl-Ludwig Thiele [FDP]: Blödsinn!)</s>
              </p>
            </note>
            <note id="bng.00007-0-f3" place="foot">
              <p>
                <s>(Jochen-Konrad Fromme [CDU/CSU]: Das ist ausreichend!)</s>
              </p>
            </note>
            <note id="bng.00007-0-f4" place="foot">
              <p>
                <s>(Beifall beim BÜNDNIS 90/DIE GRÜNEN und bei der SPD)</s>
              </p>
            </note>
          </div>
        </back>
      </text>