<text>
    <front>
        <titlePage id="bng.00003-0-titlepage">
            <docTitle>
              <titlePart type="unspecified">
                <s>Grietje Bettin, Insolvenzantrag Kirch Media AG</s>
              </titlePart>
              <titlePart type="sub">
                <s>17. April 2002</s>
              </titlePart>
            </docTitle>
          </titlePage>
        </front>
        <body>
          <div n="0" complete="y" type="Rede">
            <ptr type="aligning" targType="head" targOrder="u" target="bng.00003-0-titlepage"/>
            <p>
              <s><hi rend="bo">Vizepräsidentin Petra Bläss:</hi> Das Wort für die Fraktion des Bündnisses 90/Die Grünen hat die Kollegin Grietje Bettin.</s>
            </p>
            <p><s><hi rend="bo">Grietje Bettin</hi> (BÜNDNIS 90/DIE GRÜNEN): Frau Präsidentin!</s>
<s>Liebe Kolleginnen und Kollegen!</s>
<s>Eigentlich dürfte die Kirch-Pleite niemanden wirklich überrascht haben.</s>
<s>Denn wer sich in den letzten Jahren nur ein wenig mit dieser Materie befasst hat, hätte wissen müssen, dass allein der Pay-TV-Sender Premiere World täglich - wohlgemerkt: täglich - rund 2 Millionen Euro Verlust eingefahren hat.</s>
<s>Das entspricht einem Minus von mehr als 700 Millionen Euro pro Jahr, von den anderen defizitären Sendern wie Sat 1, Kabel 1, N 24 und DSF ganz zu schweigen.</s>
<s>Nein, die Pleite von Kirch-Media kam wirklich nicht überraschend.</s></p>
            <ptr type="aligning" targType="note" targOrder="u" target="bng.00003-0-f1"/>
            <p>
              <s>Dieser Kollaps war vorprogrammiert.</s>
            </p>
            <p><s>Als Außenstehende fragt man sich allerdings schon, welchen bayerischen oder außer-bayerischen Amigo-Freundschaften Leo Kirch immer wieder Bankkredite zu verdanken hatte.</s>
<s>Wer konnte oder wollte dort das drohende finanzielle Fiasko nicht sehen oder wahrhaben?</s>
<s>Die Frage, die sich fast schon automatisch stellt, ist: Hat es möglicherweise erhebliche Unwägbarkeiten im Kreditgeschäft der beteiligten Banken gegeben?</s>
<s>Eine Sonderprüfung durch das Bundesaufsichtsamt für das Kreditwesen bei den größeren Kreditgebern ist hier sicherlich geboten.</s></p>
            <p><s>Inzwischen ist wohl jedem klar: Der Kirch-Konzern ist in seiner bisherigen Form nicht mehr zu retten.</s>
<s>Jetzt steht für uns die Sorge um die deutsche Medienlandschaft und die Arbeitsplätze im Vordergrund.</s>
<s>Es geht nicht nur um die Beschäftigten bei Kirch selbst, sondern auch um externe Produktionsfirmen und Zulieferer.</s>
<s>Entscheidend ist für uns, dass es zu einem zukunftsfähigen Sanierungskonzept für die Kirch-Gruppe kommt.</s>
<s>Weitere Kredite dürfen nur unter der Voraussetzung gewährt werden, dass damit langfristig die Firma Kirch und die Arbeitsplätze gesichert werden.</s>
<s>Es darf nicht dazu kommen, dass durch neue Kredite der Konkurs nur verschleppt wird und sich bei der nächsten großen Zahlungsverpflichtung im Oktober das gleiche Problem stellt.</s></p>
            <p><s>Eine pauschale Zerschlagung der Kirch-Gruppe, bei der sich Banken und andere Beteiligte die Rosinen wie die Free-TV-Sender oder die Formel-1-Rechte herauspicken, lehnen wir ab.</s>
<s>Wir fordern eine Gesamtlösung für die Kirch-Gruppe, die allerdings nicht von der Politik und schon gar nicht im Alleingang zu leisten ist, sondern im Zusammenspiel zwischen den Banken, den Investoren und dem Unternehmen zu gewährleisten ist.</s></p>
            <p><s>Neben den finanzpolitischen Konsequenzen erfordert die Krise um Kirch natürlich auch medienpolitische Konsequenzen.</s>
<s>Denn es reicht bei weitem nicht mehr, die nationalen Medienmärkte isoliert zu betrachten.</s>
<s>Andere Medienmogule, auch die jetzt immer wieder als Kirch-Erben genannten Murdoch und Berlusconi, verfügen ebenfalls über vielfältige Beteiligungen auf dem europäischen Kontinent.</s>
<s>Diese Beteiligungen beschränken sich bekannterweise nicht nur auf den Rundfunksektor, sondern umfassen mitunter den gesamten Medienbereich.</s>
<s>Monopole wie in Großbritannien oder Italien, die wahrscheinlich schon eine Gefahr für die Demokratie darstellen können, müssen in Deutschland verhindert werden.</s></p>
            <ptr type="aligning" targType="note" targOrder="u" target="bng.00003-0-f2"/>
            <p><s>Das gilt insbesondere für den Einstieg von Berlusconi, auch und gerade aufgrund seines politischen Gewichts in Italien.</s>
<s>Auch Rupert Murdoch ist sicherlich allein aufgrund seiner aggressiven Boulevardpresse kein Waisenknabe.</s>
<s>Aber das deutsche Medienrecht ist umfassend und nicht mit dem von Großbritannien zu vergleichen.</s></p>
            <ptr type="aligning" targType="note" targOrder="u" target="bng.00003-0-f3"/>
            <p><s>Es gibt in Deutschland vielfältige Instrumente und Möglichkeiten, um Meinungsmacht und Medienkonzentration zu begrenzen.</s>
<s>In Deutschland existieren gesetzliche Grundlagen zur Medienkontrolle und zur Vielfaltssicherung, die auch einem Rupert Murdoch und einem Silvio Berlusconi Grenzen setzen würden.</s></p>
            <p><s>Liebe Kolleginnen und Kollegen, es geht nicht darum, ausländische Medienbeteiligungen in Deutschland grund-sätzlich zu verhindern.</s>
<s>Solche Beteiligungen gibt es jetzt schon, so gehören zum Beispiel 50 Prozent von Super RTL dem amerikanischen Disney-Konzern.</s>
<s>Diese können und dürfen auch zukünftig, zumindest als Minderheitsbeteiligungen, nicht ausgeschlossen werden.</s>
<s>Vielmehr geht es darum - auch das ist eine Lehre aus der Kirch-Pleite -, dass die Kontrollmechanismen insgesamt noch verbessert werden müssen.</s>
<s>Das ist ein ganz entscheidender Punkt.</s></p>
            <ptr type="aligning" targType="note" targOrder="u" target="bng.00003-0-f4"/>
            <p><s>Deshalb fordern wir die Einrichtung einer europäischen Kommission zur Ermittlung der Konzentration im Medienbereich.</s>
<s>Dabei sollen auch Cross-Ownership-Regelungen berücksichtigt werden.</s>
<s>Rundfunk, Print, Online und weitere publizistische Beteiligungen lassen sich heutzutage nicht mehr getrennt betrachten.</s>
<s>Die Schaffung eines koordinierenden Medien- und Kommunikationsrates auf Bundesebene würde unserer Meinung nach ebenfalls helfen, zukünftige Pleiten und Verflechtungen auf dem Mediensektor zu verhindern.</s></p>
            <ptr type="aligning" targType="note" targOrder="u" target="bng.00003-0-f5"/>
            <p>
              <s>Dazu müssen allerdings die verantwortlichen Institutionen, die Landesmedienanstalten, die KEK oder auch das Bundeskartellamt, enger als bisher zusammenarbeiten können.</s>
            </p>
            <p><s>Liebe Kolleginnen und Kollegen, schlussendlich zeigt der Fall Kirch einmal mehr, wie wichtig eine kartellrechtliche und politische Aufsichtsfunktion im Medienbereich ist; denn lässt man einem Unternehmen zu viele Freiheiten, Herr Kollege Otto, verliert es auf den differenzierten Märkten selbst die Übersicht.</s>
<s>Medienpolitik muss daher immer über den Tellerrand hinaus schauen, sie muss gegebenenfalls Standortpolitik entlarven, Marktanteile im Auge behalten und darf bei den einzelnen Verwertungsketten nicht die Übersicht verlieren.</s></p>
            <p>
              <s>Ich danke für Ihre Aufmerksamkeit.</s>
            </p>
            <ptr type="aligning" targType="note" targOrder="u" target="bng.00003-0-f6"/>
          </div>
        </body>
        <back>
          <div n="1" complete="y" type="footnotes">
            <note id="bng.00003-0-f1" place="foot">
              <p>
                <s>(Hans-Joachim Otto [Frankfurt] [FDP]: Ja, Strukturprobleme!)</s>
              </p>
            </note>
            <note id="bng.00003-0-f2" place="foot">
              <p>
                <s>(Hans-Joachim Otto [Frankfurt] [FDP]: Was ist Ihr Vorschlag?)</s>
              </p>
            </note>
            <note id="bng.00003-0-f3" place="foot">
              <p>
                <s>(Hans-Joachim Otto [Frankfurt] [FDP]: Was ist ihr Vorschlag?)</s>
              </p>
            </note>
            <note id="bng.00003-0-f4" place="foot">
              <p>
                <s>(Beifall beim BÜNDNIS 90/DIE GRÜNEN und bei der SPD - Hans-Joachim Otto [Frankfurt] [FDP]: Noch mehr Kontrolle?)</s>
              </p>
            </note>
            <note id="bng.00003-0-f5" place="foot">
              <p>
                <s>(Beifall beim BÜNDNIS 90/DIE GRÜNEN und bei der SPD)</s>
              </p>
            </note>
            <note id="bng.00003-0-f6" place="foot">
              <p>
                <s>(Beifall beim BÜNDNIS 90/DIE GRÜNEN und bei der SPD)</s>
              </p>
            </note>
        </div>
    </back>
</text>