<text>
        <front>
          <titlePage id="bng.00018-0-titlepage">
            <docTitle>
              <titlePart type="unspecified">
                <s>Hans-Christian Ströbele, Investitionsbeihilfen Leuna/Minol</s>
              </titlePart>
              <titlePart type="sub">
                <s>18. April 2002</s>
              </titlePart>
            </docTitle>
          </titlePage>
        </front>
        <body>
          <div n="0" complete="y" type="Rede">
            <ptr type="aligning" targType="head" targOrder="u" target="bng.00018-0-titlepage"/>
            <p><s><hi rend="it bo">Hans-Christian Ströbele</hi> <hi rend="it">(BÜNDNIS 90/DIE GRÜNEN):</hi> Die Antragsteller sind fast alle Kollegen und Kolleginnen aus der Union, die mit mir im Spendenuntersuchungsausschuss sitzen.</s>
<s>Das macht misstrauisch.</s>
<s>Ihre Absicht ist durchsichtig: Sie wollen mal wieder dem ehemaligen Bundeskanzler Dr. Kohl beispringen und der Bundesregierung Untätigkeit und Beteiligung an einer "Verleumdungskampagne" vorwerfen.</s>
<s>Angeblich soll sie den Abschluss eines Prüfverfahrens von Subventionen verzögern, die bei der Privatisierung von Leuna und Minol gezahlt wurden.</s></p>
            <p>
              <s>Hätte sie aber schon zugestimmt, hätten Sie behauptet, was wir im Ausschuss noch klären wollen, sei schon geklärt und uns ginge es nur noch um Rufmord gegen Dr. Kohl.</s>
            </p>
            <p><s>Nein, die Bundesregierung und auch die EU-Kommission tun gut daran, den Bericht unseres Untersuchungsausschusses abzuwarten, bevor weitere Schritte erfolgen.</s>
<s>Schließlich geht es bei den zu prüfenden Subventionen um Steuergelder in beträchtlicher Höhe, nämlich mehr als 1 Milliarde DM.</s>
<s>Die Bürgerinnen und Bürger wollen, dass gründlich geprüft wird, wenn es um den Verdacht von krimineller Subventionserschleichung geht.</s>
<s>Unser Abschlussbericht wird hierzu die gesammelten Daten und Fakten zusammenstellen.</s>
<s>Vielleicht ist es das, was Sie fürchten.</s>
<s>Das wollen Sie offensichtlich nicht abwarten.</s></p>
            <p>
              <s>Verdachtsmomente, die jede Bundesregierung zu einer Prüfung geradezu verpflichten, sind:</s>
            </p>
            <p><s>Erstens.</s>
<s>Akten zum Privatisierungsvorgang Leuna/Minol aus der Zeit der Kanzlerschaft von Dr. Kohl sind spurlos verschwunden.</s>
<s>Auch Aktenkopien sind nicht mehr da.</s>
<s>Soweit überhaupt schriftliche Unterlagen vorhanden sind, sind diese lückenhaft.</s>
<s>Viele Papiere sind den Untersuchungsausschüssen der 12. und 13. Wahlperiode von der Kohl-Regierung vorenthalten worden.</s>
<s>Es ist auch nicht mehr nachvollziehbar, was dem Parlament überhaupt vorgelegt wurde.</s></p>
            <p><s>Zweitens.</s>
<s>Ein zweistelliger Millionenbetrag ist seit Beginn der 90er-Jahre versteckt an die CDU und hohe Funktionsträger dieser Regierungspartei bzw. an Bundeskanzler Dr. Kohl geflossen.</s>
<s>Die Herkunft dieser Gelder ist ungeklärt.</s>
<s>Dr. Kohl behauptet, es waren Spenden.</s>
<s>Aber stimmt das?</s>
<s>Er sagt nicht, von wem die Spenden stammten.</s>
<s>Die CDU hat mindestens seit Beginn der 80er-Jahre mysteriöse Konten, Schließfächer und Stiftungen mit so wohlklingenden Phantasienamen wie "Zaunkönig" in der Schweiz unterhalten, über die Gelder in Millionenhöhe abgewickelt wurden, ohne dass die Herkunft der Gelder geklärt wurde.</s>
<s>Beteiligt hieran waren die ehrenwertesten Kreise der CDU wie Ihr Bundesschatzmeister himself.</s>
<s>Der war übrigens auch im Rahmen der Privatisierung von Leuna/Minol höchst aktiv.</s>
<s>Könnte es Zusammenhänge geben zwischen Schweizer Konten und Geschäften?</s>
<s>Waren es Einflussspenden?</s></p>
            <p><s>Drittens.</s>
<s>Des Weiteren ist Ihr ehemaliger Staatssekretär Dr. Pfahls zu nennen.</s>
<s>Bei der Leuna/Minol-Privatisierung soll Herr Dr. Pfahls auch dabei gewesen sein, nicht nur bei dem Fuchs-Panzergeschäft, das den Ausschuss beschäftigt.</s>
<s>Nach seinem Ausscheiden beim Bundesministerium der Verteidigung im April 1992 begann er seine Lobby-Tätigkeit für Elf Aquitaine.</s>
<s>Inzwischen ist er in Augsburg der Bestechlichkeit und der Steuerhinterziehung angeklagt.</s>
<s>Seit April 1999 ist er untergetaucht.</s>
<s>Aus Unterlagen aus der Schweiz ist ersichtlich, dass auf Konten in Luxemburg, deren wirtschaftlich Berechtigter Dr. Pfahls war, in den letzten Jahren 1992 bis 1995 circa 13 Millionen DM und 8,5 Millionen FF aus den Elf-Zahlungen geflossen sind.</s></p>
            <p><s>Viertens ist noch der ehemalige Bundeswirtschaftsminister Dr. Friedrichs anzuführen.</s>
<s>Dieser war International Advisor der Investmentbank Goldmann und Sachs, just jener Bank also, die das Ausschreibungsverfahren für Leuna/Minol maßgeblich gestaltete.</s>
<s>Gleichzeitig war er zunächst gegen ein monatliches Honorar von 50 000 DM für Elf Aquitaine tätig, für das Unternehmen also, welches bei der - von Goldmann und Sachs gestalteten - Verkaufsausschreibung von Leuna/Minol schließlich den Zuschlag erhielt.</s>
<s>Überdies war er Aufsichtsratsvorsitzender der beiden Unternehmen, Leuna und Minol, die - wer mag hier noch an Zufall glauben?</s>
<s>- an Elf Aquitaine verkauft wurden.</s></p>
            <p><s>Fünftens.</s>
<s>Es gibt Aussagen der ehemaligen Gewaltigen von Elf Aquitaine wie des damaligen Präsidenten Le Floch Prigent über Zahlungen an die CDU.</s>
<s>Le Floch Prigent spricht in seiner Vernehmung am 22. August 2000 von so genannten "Lobbying-Maßnahmen", Schmiergelder also, um 2 Milliarden DM an Subventionen von der EU, vom Bund und den Ländern zu erreichen.</s>
<s>Leider war Herr P. nicht bereit, seine Aussage vor einem deutschen Untersuchungsausschuss zu wiederholen.</s></p>
            <p><s>Sechstens.</s>
<s>Auch der Generalbundesanwalt stellt einen wirren Kreislauf von Geldtransaktionen in Höhe von 256 Millionen FF aus Quellen von Elf Aquitaine ohne erkennbaren realen wirtschaftlichen Hintergrund fest.</s>
<s>Und 11 Millionen DM sind in bar geflossen.</s>
<s>Warum das, wenn es doch nichts zu verbergen gibt?</s></p>
            <p><s>Das sind genug Gründe nachzufragen und zu prüfen, wie dies die Bundesregierung macht.</s>
<s>Ihnen geht es auch nicht um den Standort Leuna, Ihnen geht es darum, endlich Schluss zu machen mit "dieser ganzen Aufklärerei", die für Ihre Partei und Ihren ehemaligen Ehrenvorsitzenden so unangenehm ist.</s>
<s>Dafür ist Ihnen fast jedes Mittel recht.</s></p>
            <p>
              <s>Deshalb zum Schluss mein Rat: Ziehen Sie Ihren Antrag zurück und helfen Sie bei der Aufklärung von Herkunft und Verbleib der CDU-Gelder.</s>
            </p>
          </div>
        </body>
        <back/>
      </text>