<text>
        <front>
          <titlePage id="rbp.01054-0-titlepage">
            <docTitle>
              <titlePart type="unspecified">
                <s>Grußwort von Bundespräsident Horst Köhler zum 200.</s>
                <s>Geburtstag von Hermann Schulze-Delitzsch</s>
              </titlePart>
            </docTitle>
          </titlePage>
        </front>
        <body>
          <div n="0" complete="y" type="book">
            <ptr type="aligning" targType="head" targOrder="u" target="rbp.01054-0-titlepage"/>
            <p><s>Ich möchte mit einer kleinen Zeitreise beginnen.</s>
<s>1926 kam eine Gruppe Jugendlicher aus der Mongolei nach Deutschland- begleitet vom damaligen Bildungsminister.</s>
<s>Die mongolische Regierung schickte insgesamt fast 50 junge Menschen zur Ausbildung für mehrere Jahre nach Deutschland und Frankreich, um auch damit die Modernisierung des Landes voranzutreiben.</s>
<s>Für die jungen Frauen und Männer aus der Mongolei muss das Berlin der 20er Jahre ein gewaltiger kultureller Schock gewesen sein.</s></p>
            <p><s>Die Entsendung belegt, dass die Regierung in Ulan Bator schon damals, nur wenige Jahre nach der Gründung der mongolischen Volksrepublik, bereits weit über die Sowjetunion hinaus nach Westen und nach Deutschland blickte.</s>
<s>Die jungen Mongolen kehrten 1930 in ihr Heimatland zurück.</s>
<s>Viele von ihnen wurden als wissenschaftliche Spitzenkräfte berühmt: Ich nenne hier nur den Begründer der modernen mongolischen Literatur Natsagdorj und den Maler und Ingenieur Namkhaitseren.</s>
<s>Einige der Heimkehrer fielen später in der Mongolei politischen Repressionen der damaligen Machthaber zum Opfer.</s>
<s>Freiheitliches Denken und Diktatur passten nicht zusammen.</s>
<s>Umso wichtiger finde ich es, diese Pioniere der deutsch-mongolischen Beziehungen zu würdigen.</s></p>
            <p><s>Was als schmaler Pfad zwischen unseren Ländern begann, wurde in der Nachkriegszeit zu einer breiten Schnellstraße.</s>
<s>Durch die enge Zusammenarbeit mit der ehemaligen DDR lernten über 30.000 Ihrer Bürger unser Land und unsere Sprache kennen.</s>
<s>Noch heute wirken die engen Kontakte weiter.</s>
<s>Trotz der normalen Konkurrenz mit anderen Fremdsprachen lernen viele mongolische Schüler Deutsch.</s>
<s>Derzeit studieren ungefähr 1.300 mongolische Studenten in Deutschland.</s>
<s>Schon alleine wegen unserer engen Zusammenarbeit im Bildungsbereich, allen voran durch den Deutschen Akademischen Austauschdienst, wird diese gut ausgebaute Fernverbindung zwischen unseren Ländern auch in Zukunft Bestand haben.</s></p>
            <p><s>Das Ende sozialistischer Systeme hat in all seinen Gesellschaften zu tief greifenden Veränderungen geführt, die heute noch nachwirken- das gilt auch für mein Land.</s>
<s>In der Mongolei gab es nach 1990 trotz der Armut vieler Bürger einen friedlichen Wandel.</s>
<s>Ich sage bewusst trotz, da Armut oft ein Nährboden für Gewalt ist.</s>
<s>Dafür gebührt Ihnen unser Respekt.</s>
<s>Die Mongolei hat sich zu Demokratie, Rechtsstaat und Meinungsfreiheit bekannt.</s>
<s>Ich möchte Sie, auch wegen der jüngsten Ereignisse im Umfeld der Wahlen, ermutigen, diesen Weg konsequent weiter zu gehen.</s>
<s>So schwierig es auch sein mag, so wichtig erscheint es mir, dabei auch die tiefer liegenden Ursachen offen zu diskutieren und die Sorgen der Menschen aufzugreifen.</s>
<s>Solche Debatten führen und aushalten zu können, ist und bleibt eine der großen Stärken demokratischer Gesellschaften.</s>
<s>Und ich bin zuversichtlich, dass die Mongolei diese Stärke aufbringt.</s></p>
            <p><s>Meine Zuversicht gründet sich auch auf das, was Ihr Land in den letzten Jahren auf dem Weg zu Demokratie und Marktwirtschaft erreicht hat: Eine der großen deutschen Stiftungen, die Bertelsmann-Stiftung, untersucht und vergleicht weltweit Transformationsprozesse verschiedener Länder.</s>
<s>Die Stiftung hat in ihrem Jahresbericht 2008 die Entwicklung der Mongolei ausgesprochen positiv bewertet.</s>
<s>Und Ihr Land hat das große Glück, über enorme Bodenschätze zu verfügen.</s>
<s>Nutzen Sie die Chance, diese Reichtümer zum langfristigen Nutzen der gesamten Bevölkerung einzusetzen.</s>
<s>Dabei sind vor allem Investitionen in Bildung, und Infrastruktur besonders wichtig.</s></p>
            <p><s>Deutschland unterstützt die Mongolei bei ihrem Transformationsprozess.</s>
<s>Gemessen an der Bevölkerung gehört die Mongolei zu den am stärksten geförderten Partnern der deutschen Entwicklungszusammenarbeit.</s>
<s>Deutschland ist nach Japan traditionell der zweitgrößte bilaterale Geber.</s>
<s>Seit Jahren arbeiten deutsche Experten hier vertrauensvoll Hand in Hand mit ihren mongolischen Kollegen.</s>
<s>Ich habe großen Respekt vor ihrer Leistung.</s></p>
            <p><s>Soviel gute Entwicklungszusammenarbeit auch leisten kann: Wir alle wissen, dass finanzielle Transfers von außen eigene Anstrengungen und Ideen auch nicht annähernd ersetzen können.</s>
<s>Daher sind die Wachstumsraten Ihrer Volkswirtschaft in den letzten Jahren auch so ermutigend.</s>
<s>Ein Großteil des Wachstums konzentriert sich auf den Bergbau, in dem nicht wenige mongolische Ingenieure ihr Handwerk an einer der deutschen Bergbau-Akademien gelernt haben.</s>
<s>Aber unsere Möglichkeiten gehen weit über den Bergbau hinaus, wie die Zusammensetzung der mich begleitenden Wirtschaftsdelegation zeigt.</s>
<s>Es gibt viele Vorschläge für Projekte, so zum Beispiel zur Kohleverflüssigung, in der Mongolei.</s>
<s>Lassen Sie uns gemeinsam daran arbeiten, unsere Handelsbeziehungen noch weiter auszubauen.</s></p>
            <p><s>Ich verstehe die deutsch-mongolischen Beziehungen als eine umfassende Partnerschaft, die auch die Sicherheitspolitik umfasst.</s>
<s>In den letzten Jahren haben Soldaten der Bundeswehr über 100 Angehörige der mongolischen Streitkräfte unter anderem auch auf internationale friedenserhaltende Einsätze vorbereitet.</s>
<s>Ich benutze das Wort" umfassend" für unsere Beziehungen nicht ohne Stolz, wohl wissend, dass die Mongolei nicht jede Partnerschaft mit diesem Begriff auszeichnet.</s>
<s>Mit der heute unterzeichneten Erklärung zeigen wir, dass wir auch in der Zukunft unsere Zusammenarbeit noch weiter ausbauen wollen.</s></p>
            <p><s>Viele Menschen in Deutschland sind fasziniert von der mongolischen Kultur.</s>
<s>Als die Ausstellung" Dschingis Khan und seine Erben" 2005 in Deutschland ihre Pforten öffnete, wurde sie in kürzester Zeit ein großer Publikumserfolg.</s>
<s>Der Ausstellungskatalog mit Beiträgen mongolischer und internationaler Wissenschaftler bietet einen hervorragenden Überblick über Geschichte und Kunst der Mongolei.</s>
<s>Ich freue mich, dass wir gemeinsam aus Anlass des jetzigen Staatsbesuchs eine mongolische Fassung dieses Katalogs erstellen.</s></p>
            <p><s>Die Ausstellung präsentierte auch die Ergebnisse der deutsch-mongolischen Expedition zur Ausgrabung der alten Hauptstadt Karakorum.</s>
<s>Bei einer weiteren Expedition gelang 2006 einem Team von deutschen, mongolischen und russischen Experten unter der Leitung von Professor Parzinger, der mich als Sondergast begleitet, ein sensationeller Fund, der so bedeutend war, dass Sie, Herr Präsident, persönlich die Fundstelle aufsuchten: Die über 2000 Jahre alte" Eismumie aus dem Altai". An ihr lassen sich Lebensweise, Kunst und Technik der Hochkultur der Skythen ablesen.</s>
<s>Für mich ist es ein Zeichen des besonderen Vertrauens, dass gerade deutsche Archäologen so intensiv an der Erforschung der mongolischen Geschichte mitwirken.</s>
<s>Diese Zusammenarbeit stützt sich nicht nur auf das staatliche Deutsche Archäologische Institut, sondern umfasst auch die private Gerda-Henkel-Stiftung, die heute eine Vereinbarung zur Ausweitung ihrer Aktivitäten in der Mongolei unterzeichnet hat.</s></p>
            <p><s>Herr Präsident, meine Damen und Herren, ich kann nicht über die Mongolei sprechen, ohne die Schönheit ihrer Landschaft zu erwähnen.</s>
<s>Gerade die oft unberührt erscheinende Weite fasziniert viele meiner Landsleute.</s>
<s>Ich hoffe, dass noch viele Gäste diese Schönheit nachhaltig genießen können.</s>
<s>Und vielleicht kann uns Deutschen ein Aufenthalt in der Mongolei dabei helfen, so wichtigen Werten wie Gastfreundschaft und Respekt vor der Natur, die Teil der nomadischen Kultur sind, einen höheren Rang einzuräumen, als dies im Alltag unserer industrialisierten Gesellschaft oft der Fall ist.</s>
<s>Unsere Entfernung sollte uns nicht davon abhalten, gegenseitig voneinander zu lernen.</s>
<s>Ein mongolisches Sprichwort sagt dazu:" Zwei Felsen, so nah sie auch beieinander liegen mögen, kommen nie zusammen.</s>
<s>Zwei Menschen, so weit sie auch voneinander entfernt sein mögen, können sich treffen."- Deutsche und Mongolen sind das beste Beispiel dafür.</s></p>
            <p>
              <s>Meine Damen und Herren, ich bitte Sie nun daher, mit mir das Glas zu erheben und einen Toast auszubringen; auf die Gesundheit von Staatspräsident Enkhbayar und seiner Frau, auf das Wohl des mongolischen Volkes und auf die Freundschaft zwischen unseren beiden Ländern.</s>
            </p>
          </div>
        </body>
        <back/>
      </text>