<text>
        <front>
          <titlePage id="bng.01253-0-titlepage">
            <docTitle>
              <titlePart type="unspecified">
                <s>Thilo Hoppe, Weltbevölkerung</s>
              </titlePart>
              <titlePart type="sub">
                <s>2. Dezember 2004</s>
              </titlePart>
            </docTitle>
          </titlePage>
        </front>
        <body>
          <div n="0" complete="y" type="Rede">
            <ptr type="aligning" targType="head" targOrder="u" target="bng.01253-0-titlepage"/>
            <p><s><hi rend="it bo">Thilo Hoppe</hi> <hi rend="it">(BÜNDNIS 90/DIE GRÜNEN):</hi> Schon in der Überschrift des Antrags, dem wir den Titel "Weltbevölkerung und Entwicklung - zehn Jahre nach Kairo" gegeben haben, zeigt sich die Verbindung von wirtschaftlicher und sozialer Entwicklung.</s>
<s>Genau darin lag der Verdienst der Konferenz in Kairo 1994, der "International Conference on Population and Development".</s>
<s>Damit wurde von einem Begriff oder einer Idee von "Bevölkerungspolitik" Abschied genommen, der in Teilen der Welt historisch belastet war und in anderen Teilen der Welt mit repressiven Maßnahmen verbunden war.</s>
<s>Entwicklung und Wachstum der Weltbevölkerung werden also nicht isoliert betrachtet, vielmehr wird der Zusammenhang von wirtschaftlichen, sozialen, ökologischen und kulturellen Fragen hergestellt.</s></p>
            <p><s>Der Aktionsplan von Kairo formuliert also gewissermaßen die Vorbedingungen, die gegeben sein müssen, wenn Einfluss auf das Wachstum der Bevölkerung genommen werden soll.</s>
<s>So werden folgerichtig als zentrale Zielsetzungen benannt: die Beseitigung der Armut; ein nachhaltiges Wirtschaftswachstum im Rahmen einer Entwicklung, die auch die Einführung solidarischer Sozialversicherungssysteme vorsieht; Bildung, insbesondere für Mädchen; die Gleichstellung und Gleichberechtigung der Geschlechter sowie der Schutz und die Förderung der Familie.</s></p>
            <p><s>Es haben sich seit Kairo durchaus Fortschritte für die soziale und wirtschaftliche Lage in Entwicklungsländern ergeben.</s>
<s>So haben zwei Drittel der Länder, die an der Konferenz teilnahmen, politische und gesetzgeberische Initiativen zur Verbesserung der Gleichstellung von Frauen und Männern ergriffen.</s>
<s>Fragen der Bevölkerungsentwicklung werden systematischer, beispielsweise in Programme der Armutsbekämpfung - PRSP -, integriert.</s>
<s>Gleichwohl bedarf es weiterhin einer langfristig angelegten Kooperation auf unterschiedlichen Feldern, um mit politischen Mitteln auf die Entwicklung der Bevölkerung Einfluss zu nehmen.</s></p>
            <p><s>Auch wenn die Weltbevölkerungsentwicklung von regionalen Unterschieden gekennzeichnet ist, lässt sich ein überragender Trend feststellen: Die Bevölkerung in Industrieländern stagniert weitgehend und die Bevölkerung in Entwicklungsländern wächst.</s>
<s>Nach Zahlen der Weltbank leben heute von den mehr als 6 Milliarden Menschen etwa 5 Milliarden in Entwicklungsländern.</s>
<s>Man wird annehmen dürfen, dass die Herausforderungen in der Zukunft nicht geringer werden.</s>
<s>So geht die Weltbank in den nächsten 25 Jahren von einer Zunahme der Weltbevölkerung auf 8 Milliarden Menschen aus.</s></p>
            <p><s>Wie schnell und wie human sich dieser Prozess vollzieht, wird von der Politik der Entwicklungsländer und der Industrieländer abhängen.</s>
<s>So wurde in Kairo zu Recht darauf hingewiesen, welche Bedeutung die Frauen für die Entwicklung haben, sei es bezogen auf die Erziehung, auf die Schaffung von Einkommen oder auf die Sicherung der Grundbedürfnisse.</s>
<s>Die Bundesregierung hat dieses Potenzial erkannt und fördert seit Jahren die Ausbildung von Frauen und Mädchen, den verbesserten Zugang zu Gesundheitsdiensten, Aufklärungsprogramme.</s>
<s>Sie unterstützt Entwicklungsländer beim Aufbau des Gesundheitssystems, der Sicherstellung notwendiger Gesundheitsvorsorge.</s>
<s>Dazu gehören auch Maßnahmen zur Verbesserung der Hygiene und der medizinischen Versorgung von Mutter und Kind.</s></p>
            <p><s>In den Jahren 1994 bis 2002 hat die Bundesregierung insgesamt über 1 Milliarde Euro für die Umsetzung des Kairoer Aktionsplans zur Verfügung gestellt.</s>
<s>Sie hat in mehr als 150 Projekten Maßnahmen unterstützt.</s>
<s>Heute fördert die Bundesregierung nationale Programme in 46 Ländern, drei Regionalprogramme und fünf überregio-nale Projekte.</s>
<s>Das ist gut so und soll auch so bleiben.</s>
<s>Es ist sehr zu hoffen, dass sich auch andere leistungsstarke Industrienationen, die ihre Beiträge für den Kairoer Aktionsplan in den letzten Jahren leider sehr zurückgefahren haben, wieder stärker engagieren.</s></p>
            <p><s>Außerdem unterstützt die Bundesregierung in mehreren Entwicklungs- und Schwellenländern die Einführung eines solidarischen Kranken- und Altersversicherungssystems.</s>
<s>Leider gilt noch immer in vielen Ländern die Faustregel: Wenn du im Alter über die Runden kommen willst, musst du es bis dann geschafft haben, mindestens drei gesunde Söhne großzuziehen.</s>
<s>Erst die Einrichtung einer funktionierenden Altersversorgung, die nicht auf Kinderreichtum basiert, kann ein überdimensioniertes Bevölkerungswachstum stoppen.</s>
<s>Maßnahmen der Geburtenkontrolle allein reichen nicht aus.</s></p>
          </div>
        </body>
        <back/>
      </text>