<text>
        <front>
          <titlePage id="bng.01251-0-titlepage">
            <docTitle>
              <titlePart type="unspecified">
                <s>Undine Kurth, Naturschutz und wirtschaftliche Entwicklung</s>
              </titlePart>
              <titlePart type="sub">
                <s>2. Dezember 2004</s>
              </titlePart>
            </docTitle>
          </titlePage>
        </front>
        <body>
          <div n="0" complete="y" type="Rede">
            <ptr type="aligning" targType="head" targOrder="u" target="bng.01251-0-titlepage"/>
            <p><s><hi rend="it bo">Undine Kurth</hi> <hi rend="it">(Quedlinburg) (BÜNDNIS 90/DIE GRÜNEN):</hi> Im "Living Planet Report 2004" hat der WWF festgestellt, dass die Artenvielfalt in den letzten 30 Jahren um 30 Prozent gesunken ist.</s>
<s>Vor dem Hintergrund derartig gravierender Veränderungen in der Natur diskutieren wir heute abschließen den Antrag von CDU/ CSU.</s></p>
            <p><s>Uns allen sollte es wichtig sein, dass wir nicht dabei stehen bleiben, derartige Zahlen achelzuckend zur Kenntnis zu nehmen.</s>
<s>Vielmehr muss es uns allen darum gehen, sie als Abbild von Prozessen zu verstehen, die mit uns unmittelbar zu tun haben, die nicht nur "irgendwo da draußen" passieren, sondern die wirkliche Veränderungen unserer Lebensgrundlagen bedeuten.</s></p>
            <p><s>Verlust an Leistungsfähigkeit des Naturhaushaltes ist Verlust an unseren ureigenen Lebensgrundlagen.</s>
<s>Wir wissen heute noch nicht, von welcher Verlustrate an diese Prozesse für den Menschen direkt gefährlich werden.</s>
<s>Wir sind aber sicher gut beraten, nicht auf jenen Punkt zu warten, ab dem wir das Rad nicht mehr zurückdrehen können.</s></p>
            <p><s>Ihr Antrag stellt zwar fest, dass der Schutz der natürlichen Lebensgrundlagen national und international eine zentrale Aufgabe darstelle und dass es in den 90er-Jahren hier nennenswerte Erfolge gegeben habe.</s>
<s>Leiser sei diese positive Entwicklung - man staunt und hält den Atem an - justament im Jahre 1998, also mit der Regierungsübernahme von Rot-Grün, zum Erliegen gekommen.</s>
<s>- So viel dann zu dem von Ihnen immer weder beschworenen unideologischen Herangehen an die wichtigen Fragen des Naturschutzes.</s></p>
            <p><s>Auch Ihr Credo zur Lösung der Probleme des Naturschutzes ist übersichtlich: Weniger Staat, weniger Bürokratie und mehr marktwirtschaftliche Instrumente werden sich positiv auf den Umweltschutz auswirken.</s>
<s>Amen.</s>
<s>- Wenn es doch so einfach wäre, liebe Kolleginnen und Kollegen: mehr vertragliche Vereinbarungen, weniger staatliche Vorschriften und Aktivitäten im Naturschutz - und schon ist alles wieder im Lot.</s>
<s>Vertragliche Vereinbarungen sind nicht die einzig richtige Lösung für den Naturschutz; überall dort, wo sie die zweitbeste Lösung sind, sind sie eben nicht die beste Lösung.</s>
<s>Vertragliche Vereinbarungen zum Dogma zu erheben bringt uns nicht weiter und wird auch der Komplexität der Probleme im Natur- und Artenschutz nicht annähernd gerecht.</s></p>
            <p><s>Dass wir Ihren Antrag ablehnen müssen, haben die Beratungen in den Ausschüssen noch einmal untermauert.</s>
<s>Bei Ihnen ist leider kein konzeptioneller Ansatz zu erkennen.</s>
<s>Sie binden einen großen Strauß bunter Forderungen, ohne dass eins zum anderen passt.</s></p>
            <p>
              <s>Ich möchte an dieser Stelle lobend die Arbeit im Parlamentarischen Beirat für Nachhaltigkeit erwähnen, wo es gelungen ist, sich mit allen Fraktionen auf wichtige Grundsätze der Natur- und Artenschutzpolitik zu verständigen:</s>
            </p>
            <p><s>Erstens die Erkenntnis: Natur- und Artenschutz geht alle an.</s>
<s>Er muss als kontinuierliche Querschnittsaufgabe aller Ressorts betrieben werden.</s>
<s>Das Ziel ist der Erhalt der natürlichen Vielfalt und der Aufnahme- und Regenerationsfähigkeit der Umwelt.</s>
<s>Dies ist Voraussetzung für nachhaltiges Wirtschaften.</s>
<s>Zudem: Intakte Landschaften sind ein wichtiger Standortfaktor geworden.</s></p>
            <p>
              <s>Zweitens die Feststellung: Wichtiges Aufgabenfeld des Naturschutzes ist der Arten- und Biotopschutz, wie er in Naturschutzgebieten, Flora-Fauna-Habitat-Gebieten und durch Einrichtung des nationalen Biotopverbundes, Biotopkartierungen und Erarbeitung Roter Listen realisiert wird.</s>
            </p>
            <p><s>Drittens die Erfahrung: Zunehmend finden menschliche Nutzungsinteressen Berücksichtigung.</s>
<s>Der kooperative Naturschutz soll weiter gestärkt werden.</s>
<s>Beispiele dafür sind der Vertragsnaturschutz und die Arbeit der Landschaftspflegeverbände.</s></p>
            <p>
              <s>Auf dieser Grundlage ist eine Verständigung möglich.</s>
            </p>
            <p><s>Erfreulich in der Diskussion zu Ihrem Antrag ist das große Interesse aller Fraktionen an einer Weiterentwicklung des Grünen Bandes entlang der früheren innerdeutschen Grenze.</s>
<s>Die Verhandlungen zur kostenlosen Übertragung von Bundesflächen im Grünen Band an die Länder sind weit fortgeschritten und wir appellieren noch einmal an alle Seiten, hier zügig zu einem Ergebnis zu kommen, sodass im Zusammenwirken von Bund und Ländern das Grüne Band als ökologisches Denkmal und als Erinnerungsstätte an die Teilung Deutschlands gesichert werden kann.</s></p>
            <p><s>Wichtig für einen erfolgreichen Naturschutz ist die richtige Verteilung der Zuständigkeiten zwischen Bund, Ländern und Kommunen, also das, was die Beratungen zur Neuordnung unserer bundesstaatlichen Ordnung hierzu als Ergebnis zeitigen werden.</s>
<s>Dass Natur- und Artenschutz nur länderübergreifend funktionieren kann, bedarf eigentlich keiner näheren Begründung.</s>
<s>Ökologische Probleme sind schließlich nur in bio-geographischen Grenzen lösbar; denn Pflanzen und Tiere kennen keine administrativen Grenzen.</s></p>
            <p><s>Renommierte Umweltrechtler verweisen auf die enorme Schwächung des Naturschutzes, wenn die Gesetzgebungskompetenz des Bundes in diesem Bereich nicht gestärkt, sondern geschwächt würde.</s>
<s>Gerade bei irreversiblen Gemeinschaftsgütern sollten wir nicht Gefahr laufen, Zugriffsrechte der Länder zu definieren, die einen Wettkampf um das schwächste Naturschutzrecht fördern.</s></p>
            <p><s>Auch die EU-rechtlichen Entwicklungen erfordern immer häufiger eine ganzheitliche, bundesweite Betrachtung und Erfüllung von Aufgaben.</s>
<s>Dies zeigt exemplarisch der bundesweite und europaweite Vernetzungsbedarf hinsichtlich des europäischen Biotopverbundes Natura 2000.</s></p>
            <p><s>Bundeseinheitliche Regelungen würden die Länder auch hinsichtlich der deutlich zugenommenen Verwaltungsaufgaben entlasten.</s>
<s>Damit wäre auch die Einsparung von Kosten verbunden.</s></p>
            <p><s>Schließlich ist zu bedenken, dass durch die derzeit unübersichtliche Rechtslage aufgrund der verflochtenen Bund/Länder-Zuständigkeiten Investoren von der Vornahme von wichtigen, landesübergreifenden Investitionen abgehalten werden.</s>
<s>Bundeseinheitliche Regelungen sorgen demgemäß für die Erleichterung der Durchführung von Investitionsvorhaben.</s></p>
            <p>
              <s>Wir setzen deshalb darauf, dass mit der möglichen Neuordnung der bundesstaatlichen Ordnung bessere Möglichkeiten geschaffen werden, die Grundprobleme bei der Sicherung unseres nationalen Naturerbes zu lösen und die möglichen Vorteile optimal zu nutzen.</s>
            </p>
          </div>
        </body>
        <back/>
      </text>