<text>
        <front>
          <titlePage id="bng.00019-0-titlepage">
            <docTitle>
              <titlePart type="unspecified">
                <s>Winfried Hermann, Fahrradfreundliches Deutschland</s>
              </titlePart>
              <titlePart type="sub">
                <s>18. April 2002</s>
              </titlePart>
            </docTitle>
          </titlePage>
        </front>
        <body>
          <div n="0" complete="y" type="Rede">
            <ptr type="aligning" targType="head" targOrder="u" target="bng.00019-0-titlepage"/>
            <p><s><hi rend="it bo">Winfried Hermann</hi> <hi rend="it">(BÜNDNIS 90/DIE GRÜNEN):</hi> Heute ist für Radfahrerinnen und Radfahrer ein großer Tag.</s>
<s>Es gibt etwas zu feiern.</s>
<s>Die Radfreunde und -freundinnen aller Fraktionen sind sich einig: Deutschland soll ein fahrradfreundliches Land werden.</s>
<s>Das ist eine gute Nachricht für alle Radlerinnen und Radler.</s>
<s>Das ist gut für die Umwelt, für die Städte und sehr gut für die Gesundheit.</s>
<s>Hierzu sollen in den kommenden Jahren verstärkt Anstrengungen unternommen werden.</s>
<s>Ein "Masterplan FahrRad" wird nächste Woche vom Bundeskabinett verabschiedet werden.</s>
<s>Damit wird aus dem guten Willen und den schönen Reden ein strategisches Konzept, ein Arbeits- und Koordinationsprozess auf zehn Jahre zur Förderung des Radfahrens.</s></p>
            <p><s>Das Wichtigste ist, dass alle politischen Ebenen zukünftig verstärkt zusammenarbeiten zur Verbesserung der Bedingungen des Radfahrens.</s>
<s>Denn es gibt noch allerhand zu tun, bis Deutschland ein wirklich fahrradfreundliches Land ist:</s></p>
            <p><s>Es gilt: das Radwegenetz auszubauen, zu verbessern und die Lücken zwischen den Wegen zu schließen.</s>
<s>Nicht der teure Extraweg, sondern die preisgünstige Variante mit weißem Pinselstrich am Straßenrand wird bevorzugt.</s>
<s>Auch das überregionale und bundesweite Radwegenetz soll ausgebaut werden.</s>
<s>Radwege entlang der Bundesstraßen können zukünftig auch ohne Ausbau der Straße gebaut werden und sie können ebenfalls abseits der Bundesstraße funktional parallel gelegt werden.</s>
<s>Wir haben im Haushalt 2002 hierfür die Mittel verdoppelt.</s>
<s>Zum ersten Mal hat der Radverkehr einen eigenen Haushaltstitel.</s></p>
            <p>
              <s>Verbessert werden muss auch die Infrastruktur für das Radfahren: von der Radstation über Mitnahmemöglichkeiten im ÖPNV bis hin zu sicheren Abstellplätzen.</s>
            </p>
            <p><s>Abgebaut werden müssen Hemmnisse in der Straßenverkehrsordnung, die das Radfahren behindern.</s>
<s>So muss zum Beispiel die Radwegebenutzungspflicht wegfallen und der Velotaxiverkehr muss dauerhaft rechtlich abgesichert werden, um nur einmal zwei Beispiele zu nennen.</s></p>
            <p><s>Wir müssen dafür sorgen, dass das Radfahren bei allen Planungsprozessen inner- und außerhalb von Städten von Anfang an mit eingeplant wird.</s>
<s>Wir brauchen als Leitbild die fahrrad- und fußgängerfreundliche Stadt.</s></p>
            <p><s>Wir sollten auf allen politischen Ebenen gemeinsam ein radfahrerfreundliches Klima schaffen und deutlich machen, dass das Fahrrad kein randständiges Verkehrsmittel, sondern ein modernes, intelligentes, schnelles, gesundes und umweltfreundliches Verkehrsmittel ist.</s>
<s>Hierzu brauchen wir zielgerichtet Wettbewerbe, die einen positiven Beitrag in der Lage zu leisten sind, damit sich in Deutschland möglichst viele Schulen, Betriebe, Verwaltungen, Unternehmen, Gemeinden und Landkreise um das Etikett "fahrradfreundlich" bewerben.</s></p>
            <p>
              <s>Schließlich brauchen wir dauerhaft auf allen staatlichen Ebenen in den kommenden Jahren eine finanzielle Absicherung für die Realisierung zur verstärkten Förderung des Radfahrens.</s>
            </p>
            <p>
              <s>Wenn das alle tun, wenn alle, die dazu einen Beitrag leisten können, dies auch wirklich tun, dann können wir problemlos das ambitionierte Ziel schaffen, den Anteil des Radverkehrs am Verkehrsaufkommen zu verdoppeln.</s>
            </p>
            <p><s>Wir beschließen heute einen Antrag der Koalitionsfraktionen, der weitgehend auch die Anliegen der Oppositionsanträge mit aufnimmt und selbst weit darüber hinausgeht.</s>
<s>Es ist selten, dass man bei der Beschlussfassung schon sagen kann: Die Regierung hat die Aufforderungen des Parlamentes umgesetzt.</s>
<s>Der "Masterplan FahrRad", der nächste Woche im Kabinett verabschiedet werden wird, liegt rechtzeitig zu Beginn der Radsaison vor.</s>
<s>Dank an das Ministerium, das es so rasch den ersten "Masterplan FahrRad" für Deutschland vorgelegt hat.</s></p>
          </div>
        </body>
        <back/>
      </text>