#FORMAT=WebAnno TSV 3.3
#T_SP=webanno.custom.MET_A|MFlag|Rolle
#T_SP=webanno.custom.MET_B|basic|c_mark
#T_SP=webanno.custom.MET_B2|b_Lex
#T_SP=webanno.custom.MET_D|a_Par
#T_RL=webanno.custom.METD|BT_webanno.custom.MET_A


#Text=Die Mikrowelle ist erfunden worden , um Essen schnell und einfach zu erwärmen .
1-1	0-3	Die	_	_	_	_	_	_	_	ART	Nom.Sg.Fem	der	false	_
1-2	4-14	Mikrowelle	_	_	_	_	_	_	_	NN	Nom.Sg.Fem	Mikrowelle	_	_
1-3	15-18	ist	_	_	_	_	_	_	_	VAFIN	3.Sg.Pres.Ind	sein	_	_
1-4	19-27	erfunden	_	_	_	_	_	_	_	VVPP	Psp	erfinden	_	_
1-5	28-34	worden	_	_	_	_	_	_	_	VAPP	Psp	werden	_	_
1-6	35-36	,	_	_	_	_	_	_	_	$,	_	,	_	_
1-7	37-39	um	_	_	_	_	_	_	_	KOUI	_	um	false	_
1-8	40-45	Essen	_	_	_	_	_	_	_	NN	Acc.Sg.Neut	Essen	_	_
1-9	46-53	schnell	_	_	_	_	_	_	_	ADJD	Pos	schnell	_	_
1-10	54-57	und	_	_	_	_	_	_	_	KON	_	und	false	_
1-11	58-65	einfach	_	_	_	_	_	_	_	ADV	_	einfach	_	_
1-12	66-68	zu	_	_	_	_	_	_	_	PTKZU	_	zu	false	_
1-13	69-77	erwärmen	_	_	_	_	_	_	_	VVINF	Inf	erwärmen	_	_
1-14	78-79	.	_	_	_	_	_	_	_	$.	_	.	_	_

#Text=Der Name Mikrowelle kommt von der Energie , die zum Erhitzen des Essens verwendet wird , Mikrowellenstrahlung , die die Zellen und Moleküle der Lebensmittel durchdringt .
2-1	82-85	Der	_	_	_	_	_	_	_	ART	Nom.Sg.Masc	der	false	_
2-2	86-90	Name	_	_	_	_	_	_	_	NN	Nom.Sg.Masc	Name	_	_
2-3	91-101	Mikrowelle	_	_	_	_	_	_	_	NN	Nom.Sg.Fem	Mikrowelle	_	_
2-4	102-107	kommt	false	0Kern	true	false	auf Ziel gerichtete Bewegung	sich ergeben, von etw. herrühren	_	VVFIN	3.Sg.Pres.Ind	kommen	_	true
2-5	108-111	von	_	_	_	_	_	_	_	APPR	_	von	false	_
2-6	112-115	der	_	_	_	_	_	_	_	ART	Dat.Sg.Fem	der	false	_
2-7	116-123	Energie	_	_	_	_	_	_	_	NN	Dat.Sg.Fem	Energie	_	_
2-8	124-125	,	_	_	_	_	_	_	_	$,	_	,	_	_
2-9	126-129	die	_	_	_	_	_	_	_	PRELS	Nom.Sg.Fem	der	_	_
2-10	130-133	zum	_	_	_	_	_	_	_	APPRART	Dat.Sg.Neut	zu	false	_
2-11	134-142	Erhitzen	_	_	_	_	_	_	_	NN	Dat.Sg.Neut	erhitzen	_	_
2-12	143-146	des	_	_	_	_	_	_	_	ART	Gen.Sg.Neut	der	false	_
2-13	147-153	Essens	_	_	_	_	_	_	_	NN	Gen.Sg.Neut	essen	_	_
2-14	154-163	verwendet	_	_	_	_	_	_	_	VVPP	Psp	verwenden	_	_
2-15	164-168	wird	_	_	_	_	_	_	_	VAFIN	3.Sg.Pres.Ind	werden	_	_
2-16	169-170	,	_	_	_	_	_	_	_	$,	_	,	_	_
2-17	171-191	Mikrowellenstrahlung	_	_	_	_	_	_	_	NN	Acc.Sg.Fem	Mikrowellenstrahlung	_	_
2-18	192-193	,	_	_	_	_	_	_	_	$,	_	,	_	_
2-19	194-197	die	_	_	_	_	_	_	_	PRELS	Nom.Sg.Fem	der	_	_
2-20	198-201	die	_	_	_	_	_	_	_	ART	Acc.Pl.Fem	der	false	_
2-21	202-208	Zellen	_	_	_	_	_	_	_	NN	Acc.Pl.Fem	Zelle	_	_
2-22	209-212	und	_	_	_	_	_	_	_	KON	_	und	false	_
2-23	213-221	Moleküle	_	_	_	_	_	_	_	NN	Acc.Sg.Fem	Moleküle	_	_
2-24	222-225	der	_	_	_	_	_	_	_	ART	Gen.Pl.Neut	der	false	_
2-25	226-238	Lebensmittel	_	_	_	_	_	_	_	NN	Gen.Pl.Neut	Lebensmittel	_	_
2-26	239-250	durchdringt	_	_	_	_	_	_	_	VVFIN	3.Sg.Pres.Ind	durchdringen	_	_
2-27	251-252	.	_	_	_	_	_	_	_	$.	_	.	_	_

#Text=Die Frequenz der Wellen versetzt die Wassermoleküle in Schwingung , diese Bewegung erzeugt Wärme .
3-1	255-258	Die	_	_	_	_	_	_	_	ART	Nom.Sg.Fem	der	false	_
3-2	259-267	Frequenz	_	_	_	_	_	_	_	NN	Nom.Sg.Fem	Frequenz	_	_
3-3	268-271	der	_	_	_	_	_	_	_	ART	Gen.Pl.Fem	der	false	_
3-4	272-278	Wellen	_	_	_	_	_	_	_	NN	Gen.Pl.Fem	Welle	_	_
3-5	279-287	versetzt	_	_	_	_	_	_	_	VVFIN	3.Sg.Pres.Ind	versetzen	_	_
3-6	288-291	die	_	_	_	_	_	_	_	ART	Acc.Sg.Fem	der	false	_
3-7	292-306	Wassermoleküle	_	_	_	_	_	_	_	NN	Acc.Sg.Fem	Wassermoleküle	_	_
3-8	307-309	in	_	_	_	_	_	_	_	APPR	_	in	false	_
3-9	310-320	Schwingung	_	_	_	_	_	_	_	NN	Acc.Sg.Fem	Schwingung	_	_
3-10	321-322	,	_	_	_	_	_	_	_	$,	_	,	_	_
3-11	323-328	diese	_	_	_	_	_	_	_	PDAT	Acc.Sg.Fem	dieser	_	_
3-12	329-337	Bewegung	_	_	_	_	_	_	_	NN	Acc.Sg.Fem	Bewegung	_	_
3-13	338-345	erzeugt	_	_	_	_	_	_	_	VVFIN	3.Sg.Pres.Ind	erzeugen	_	_
3-14	346-351	Wärme	_	_	_	_	_	_	_	NN	Acc.Sg.Fem	Wärme	_	_
3-15	352-353	.	_	_	_	_	_	_	_	$.	_	.	_	_

#Text=Diese Mikrowellen werden von einem Gerät namens Magnetron innerhalb des Mikrowellenofens erzeugt .
4-1	356-361	Diese	_	_	_	_	_	_	_	PDAT	Nom.Pl.Fem	dieser	_	_
4-2	362-373	Mikrowellen	_	_	_	_	_	_	_	NN	Nom.Pl.Fem	Mikrowelle	_	_
4-3	374-380	werden	_	_	_	_	_	_	_	VAFIN	3.Pl.Pres.Ind	werden	_	_
4-4	381-384	von	_	_	_	_	_	_	_	APPR	_	von	false	_
4-5	385-390	einem	_	_	_	_	_	_	_	ART	Dat.Sg.Neut	ein	false	_
4-6	391-396	Gerät	_	_	_	_	_	_	_	NN	Dat.Sg.Neut	Gerät	_	_
4-7	397-403	namens	_	_	_	_	_	_	_	APPR	_	namens	false	_
4-8	404-413	Magnetron	_	_	_	_	_	_	_	NE	Nom.Sg.*	Magnetron	_	_
4-9	414-423	innerhalb	_	_	_	_	_	_	_	APPR	_	innerhalb	false	_
4-10	424-427	des	_	_	_	_	_	_	_	ART	Gen.Sg.Masc	der	false	_
4-11	428-444	Mikrowellenofens	_	_	_	_	_	_	_	NN	Gen.Sg.Masc	Mikrowellenofen	_	_
4-12	445-452	erzeugt	_	_	_	_	_	_	_	VVPP	Psp	erzeugen	_	_
4-13	453-454	.	_	_	_	_	_	_	_	$.	_	.	_	_

#Text=Dr . Percy Spencer , ein Ingenieur bei der Raytheon Corporation , beobachtete die Strahlungseffekte der Magnetron Röhre , als ein Schokoriegel in seiner Tasche schmolz .
5-1	457-459	Dr	_	_	_	_	_	_	_	XY	_	Dr	_	_
5-2	460-461	.	_	_	_	_	_	_	_	$.	_	.	_	_
5-3	462-467	Percy	_	_	_	_	_	_	_	NE	Nom.Sg.Masc	Percy	_	_
5-4	468-475	Spencer	_	_	_	_	_	_	_	NE	Nom.Sg.Masc	Spencer	_	_
5-5	476-477	,	_	_	_	_	_	_	_	$,	_	,	_	_
5-6	478-481	ein	_	_	_	_	_	_	_	ART	Nom.Sg.Masc	ein	false	_
5-7	482-491	Ingenieur	_	_	_	_	_	_	_	NN	Nom.Sg.Masc	Ingenieur	_	_
5-8	492-495	bei	_	_	_	_	_	_	_	APPR	_	bei	false	_
5-9	496-499	der	_	_	_	_	_	_	_	ART	Dat.Sg.Fem	der	false	_
5-10	500-508	Raytheon	_	_	_	_	_	_	_	NE	*.*.*	Raytheon	_	_
5-11	509-520	Corporation	_	_	_	_	_	_	_	NE	Dat.Sg.Fem	Corporation	_	_
5-12	521-522	,	_	_	_	_	_	_	_	$,	_	,	_	_
5-13	523-534	beobachtete	_	_	_	_	_	_	_	VVFIN	3.Sg.Past.Ind	beobachten	_	_
5-14	535-538	die	_	_	_	_	_	_	_	ART	Acc.Pl.Masc	der	false	_
5-15	539-556	Strahlungseffekte	_	_	_	_	_	_	_	NN	Acc.Pl.Masc	Strahlungseffekt	_	_
5-16	557-560	der	_	_	_	_	_	_	_	ART	Gen.Sg.Fem	der	false	_
5-17	561-570	Magnetron	_	_	_	_	_	_	_	NE	*.*.*	Magnetron	_	_
5-18	571-576	Röhre	_	_	_	_	_	_	_	NE	Nom.Sg.Masc	Röhre	_	_
5-19	577-578	,	_	_	_	_	_	_	_	$,	_	,	_	_
5-20	579-582	als	_	_	_	_	_	_	_	KOUS	_	als	false	_
5-21	583-586	ein	_	_	_	_	_	_	_	ART	Nom.Sg.Masc	ein	false	_
5-22	587-599	Schokoriegel	_	_	_	_	_	_	_	NN	Nom.Sg.Masc	Schokoriegel	_	_
5-23	600-602	in	_	_	_	_	_	_	_	APPR	_	in	false	_
5-24	603-609	seiner	_	_	_	_	_	_	_	PPOSAT	Dat.Sg.Fem	sein	_	_
5-25	610-616	Tasche	_	_	_	_	_	_	_	NN	Dat.Sg.Fem	Tasche	_	_
5-26	617-624	schmolz	_	_	_	_	_	_	_	VVFIN	3.Sg.Past.Ind	schmelzen	_	_
5-27	625-626	.	_	_	_	_	_	_	_	$.	_	.	_	_

#Text=Er versuchte dies dann mit geöltem Mais ( der knallte ) und einem Ei ( das explodierte ) .
6-1	629-631	Er	_	_	_	_	_	_	_	PPER	3.Nom.Sg.Masc	er	_	_
6-2	632-641	versuchte	_	_	_	_	_	_	_	VVFIN	3.Sg.Past.Ind	versuchen	_	_
6-3	642-646	dies	_	_	_	_	_	_	_	PDS	Acc.Sg.Neut	dieser	_	_
6-4	647-651	dann	_	_	_	_	_	_	_	ADV	_	dann	_	_
6-5	652-655	mit	_	_	_	_	_	_	_	APPR	_	mit	false	_
6-6	656-663	geöltem	_	_	_	_	_	_	_	ADJA	Pos.Dat.Sg.Masc	geölt	_	_
6-7	664-668	Mais	_	_	_	_	_	_	_	NN	Dat.Sg.Masc	Mais	_	_
6-8	669-670	(	_	_	_	_	_	_	_	$(	_	(	_	_
6-9	671-674	der	_	_	_	_	_	_	_	ART	Nom.Sg.Masc	der	false	_
6-10	675-682	knallte	_	_	_	_	_	_	_	VVFIN	3.Sg.Past.Ind	knallen	_	_
6-11	683-684	)	_	_	_	_	_	_	_	$(	_	)	_	_
6-12	685-688	und	_	_	_	_	_	_	_	KON	_	und	false	_
6-13	689-694	einem	_	_	_	_	_	_	_	ART	Dat.Sg.Neut	ein	false	_
6-14	695-697	Ei	_	_	_	_	_	_	_	NN	Dat.Sg.Neut	Ei	_	_
6-15	698-699	(	_	_	_	_	_	_	_	$(	_	(	_	_
6-16	700-703	das	_	_	_	_	_	_	_	ART	Nom.Sg.Neut	der	false	_
6-17	704-715	explodierte	_	_	_	_	_	_	_	ADJA	Pos.Nom.Sg.Neut	explodiert	_	_
6-18	716-717	)	_	_	_	_	_	_	_	$(	_	)	_	_
6-19	718-719	.	_	_	_	_	_	_	_	$.	_	.	_	_

#Text=Er beobachtete eine schnelle Hitzeentwicklung und schließlich das Kochen dieser Lebensmittel .
7-1	722-724	Er	_	_	_	_	_	_	_	PPER	3.Nom.Sg.Masc	er	_	_
7-2	725-736	beobachtete	_	_	_	_	_	_	_	VVFIN	3.Sg.Past.Ind	beobachten	_	_
7-3	737-741	eine	_	_	_	_	_	_	_	ART	Acc.Sg.Fem	ein	false	_
7-4	742-750	schnelle	_	_	_	_	_	_	_	ADJA	Pos.Acc.Sg.Fem	schnell	_	_
7-5	751-767	Hitzeentwicklung	_	_	_	_	_	_	_	NN	Acc.Sg.Fem	Hitzeentwicklung	_	_
7-6	768-771	und	_	_	_	_	_	_	_	KON	_	und	false	_
7-7	772-783	schließlich	_	_	_	_	_	_	_	ADV	_	schließlich	_	_
7-8	784-787	das	_	_	_	_	_	_	_	ART	Acc.Sg.Neut	der	false	_
7-9	788-794	Kochen	_	_	_	_	_	_	_	NN	Acc.Sg.Neut	kochen	_	_
7-10	795-801	dieser	_	_	_	_	_	_	_	PDAT	Gen.Pl.Neut	dieser	_	_
7-11	802-814	Lebensmittel	_	_	_	_	_	_	_	NN	Gen.Pl.Neut	Lebensmittel	_	_
7-12	815-816	.	_	_	_	_	_	_	_	$.	_	.	_	_

#Text=Die Mikrowelle ist mit einem Stecker an eine Steckdose angeschlossen .
8-1	819-822	Die	_	_	_	_	_	_	_	ART	Nom.Sg.Fem	der	false	_
8-2	823-833	Mikrowelle	_	_	_	_	_	_	_	NN	Nom.Sg.Fem	Mikrowelle	_	_
8-3	834-837	ist	_	_	_	_	_	_	_	VAFIN	3.Sg.Pres.Ind	sein	_	_
8-4	838-841	mit	_	_	_	_	_	_	_	APPR	_	mit	false	_
8-5	842-847	einem	_	_	_	_	_	_	_	ART	Dat.Sg.Masc	ein	false	_
8-6	848-855	Stecker	_	_	_	_	_	_	_	NN	Dat.Sg.Masc	Stecker	_	_
8-7	856-858	an	_	_	_	_	_	_	_	APPR	_	an	false	_
8-8	859-863	eine	_	_	_	_	_	_	_	ART	Acc.Sg.Fem	ein	false	_
8-9	864-873	Steckdose	_	_	_	_	_	_	_	NN	Acc.Sg.Fem	Steckdose	_	_
8-10	874-887	angeschlossen	_	_	_	_	_	_	_	VVPP	Psp	anschließen	_	_
8-11	888-889	.	_	_	_	_	_	_	_	$.	_	.	_	_

#Text=Dadurch wird die Mikrowelle mit Strom betrieben !
9-1	892-899	Dadurch	_	_	_	_	_	_	_	PROAV	_	dadurch	_	_
9-2	900-904	wird	_	_	_	_	_	_	_	VAFIN	3.Sg.Pres.Ind	werden	_	_
9-3	905-908	die	_	_	_	_	_	_	_	ART	Nom.Sg.Fem	der	false	_
9-4	909-919	Mikrowelle	_	_	_	_	_	_	_	NN	Nom.Sg.Fem	Mikrowelle	_	_
9-5	920-923	mit	_	_	_	_	_	_	_	APPR	_	mit	false	_
9-6	924-929	Strom	_	_	_	_	_	_	_	NN	Dat.Sg.Masc	Strom	_	_
9-7	930-939	betrieben	_	_	_	_	_	_	_	VVPP	Psp	betreiben	_	_
9-8	940-941	!	_	_	_	_	_	_	_	$.	_	!	_	_

#Text=Ein internes Gerät , genannt Magnetron ist in der Mikrowelle drin .
10-1	944-947	Ein	_	_	_	_	_	_	_	ART	Nom.Sg.Neut	ein	false	_
10-2	948-956	internes	_	_	_	_	_	_	_	ADJA	Pos.Nom.Sg.Neut	intern	_	_
10-3	957-962	Gerät	_	_	_	_	_	_	_	NN	Nom.Sg.Neut	Gerät	_	_
10-4	963-964	,	_	_	_	_	_	_	_	$,	_	,	_	_
10-5	965-972	genannt	_	_	_	_	_	_	_	VVPP	Psp	nennen	_	_
10-6	973-982	Magnetron	_	_	_	_	_	_	_	NE	Nom.Sg.*	Magnetron	_	_
10-7	983-986	ist	_	_	_	_	_	_	_	VAFIN	3.Sg.Pres.Ind	sein	_	_
10-8	987-989	in	_	_	_	_	_	_	_	APPR	_	in	false	_
10-9	990-993	der	_	_	_	_	_	_	_	ART	Dat.Sg.Fem	der	false	_
10-10	994-1004	Mikrowelle	_	_	_	_	_	_	_	NN	Dat.Sg.Fem	Mikrowelle	_	_
10-11	1005-1009	drin	_	_	_	_	_	_	_	ADV	_	drin	_	_
10-12	1010-1011	.	_	_	_	_	_	_	_	$.	_	.	_	_

#Text=Wenn du „ Start “ drückst , beginnt das Magnetron , Mikrowellen auszusenden .
11-1	1014-1018	Wenn	_	_	_	_	_	_	_	KOUS	_	wenn	false	_
11-2	1019-1021	du	_	_	_	_	_	_	_	PPER	2.Nom.Sg.*	du	_	_
11-3	1022-1023	„	_	_	_	_	_	_	_	APPR	_	„	false	_
11-4	1024-1029	Start	_	_	_	_	_	_	_	NN	Acc.Sg.Masc	Start	_	_
11-5	1030-1031	“	_	_	_	_	_	_	_	$(	_	“	_	_
11-6	1032-1039	drückst	_	_	_	_	_	_	_	VVFIN	2.Sg.Pres.Ind	drücksen	_	_
11-7	1040-1041	,	_	_	_	_	_	_	_	$,	_	,	_	_
11-8	1042-1049	beginnt	_	_	_	_	_	_	_	VVFIN	3.Sg.Pres.Ind	beginnen	_	_
11-9	1050-1053	das	_	_	_	_	_	_	_	ART	Nom.Sg.Neut	der	false	_
11-10	1054-1063	Magnetron	_	_	_	_	_	_	_	NN	Nom.Sg.Neut	Magnetron	_	_
11-11	1064-1065	,	_	_	_	_	_	_	_	$,	_	,	_	_
11-12	1066-1077	Mikrowellen	_	_	_	_	_	_	_	NN	Acc.Pl.Fem	Mikrowelle	_	_
11-13	1078-1089	auszusenden	_	_	_	_	_	_	_	VVIZU	Infzu	aussenden	_	_
11-14	1090-1091	.	_	_	_	_	_	_	_	$.	_	.	_	_

#Text=Die sind wie Radiowellen , aber mit einer höheren Frequenz ( der Abstand zwischen den Wellen ist viel kürzer , so dass sie mehr Energie enthalten ) .
12-1	1094-1097	Die	_	_	_	_	_	_	_	PDS	Nom.Pl.*	der	_	_
12-2	1098-1102	sind	_	_	_	_	_	_	_	VAFIN	3.Pl.Pres.Ind	sein	_	_
12-3	1103-1106	wie	_	_	_	_	_	_	_	KOKOM	_	wie	false	_
12-4	1107-1118	Radiowellen	_	_	_	_	_	_	_	NN	Nom.Pl.Fem	Radiowelle	_	_
12-5	1119-1120	,	_	_	_	_	_	_	_	$,	_	,	_	_
12-6	1121-1125	aber	_	_	_	_	_	_	_	KON	_	aber	false	_
12-7	1126-1129	mit	_	_	_	_	_	_	_	APPR	_	mit	false	_
12-8	1130-1135	einer	_	_	_	_	_	_	_	ART	Dat.Sg.Fem	ein	false	_
12-9	1136-1143	höheren	_	_	_	_	_	_	_	ADJA	Comp.Dat.Sg.Fem	hoch	_	_
12-10	1144-1152	Frequenz	_	_	_	_	_	_	_	NN	Dat.Sg.Fem	Frequenz	_	_
12-11	1153-1154	(	_	_	_	_	_	_	_	$(	_	(	_	_
12-12	1155-1158	der	_	_	_	_	_	_	_	ART	Nom.Sg.Masc	der	false	_
12-13	1159-1166	Abstand	_	_	_	_	_	_	_	NN	Nom.Sg.Masc	Abstand	_	_
12-14	1167-1175	zwischen	_	_	_	_	_	_	_	APPR	_	zwischen	false	_
12-15	1176-1179	den	_	_	_	_	_	_	_	ART	Dat.Pl.Fem	der	false	_
12-16	1180-1186	Wellen	_	_	_	_	_	_	_	NN	Dat.Pl.Fem	Welle	_	_
12-17	1187-1190	ist	_	_	_	_	_	_	_	VAFIN	3.Sg.Pres.Ind	sein	_	_
12-18	1191-1195	viel	_	_	_	_	_	_	_	ADV	_	viel	_	_
12-19	1196-1202	kürzer	_	_	_	_	_	_	_	ADJD	Comp	kurz	_	_
12-20	1203-1204	,	_	_	_	_	_	_	_	$,	_	,	_	_
12-21	1205-1207	so	_	_	_	_	_	_	_	ADV	_	so	_	_
12-22	1208-1212	dass	_	_	_	_	_	_	_	KOUS	_	dass	false	_
12-23	1213-1216	sie	_	_	_	_	_	_	_	PPER	3.Nom.Pl.Fem	sie	_	_
12-24	1217-1221	mehr	_	_	_	_	_	_	_	PIAT	*.*.*	mehr	_	_
12-25	1222-1229	Energie	_	_	_	_	_	_	_	NN	Acc.Sg.Fem	Energie	_	_
12-26	1230-1239	enthalten	_	_	_	_	_	_	_	VVFIN	3.Pl.Pres.Ind	enthalten	_	_
12-27	1240-1241	)	_	_	_	_	_	_	_	$(	_	)	_	_
12-28	1242-1243	.	_	_	_	_	_	_	_	$.	_	.	_	_

#Text=Diese Wellen hüpfen auf und ab und links und rechts in der Mikrowelle herum .
13-1	1246-1251	Diese	_	_	_	_	_	_	_	PDAT	Nom.Pl.Fem	dieser	_	_
13-2	1252-1258	Wellen	_	_	_	_	_	_	_	NN	Nom.Pl.Fem	Welle	_	_
13-3	1259-1265	hüpfen	false	0Kern	true	false	in kleinen Sprüngen laufen	bewegen sich	_	VVFIN	3.Pl.Pres.Ind	hüpfen	_	_
13-4	1266-1269	auf	_	_	_	_	_	_	_	PTKVZ	_	auf	false	_
13-5	1270-1273	und	_	_	_	_	_	_	_	KON	_	und	false	_
13-6	1274-1276	ab	_	_	_	_	_	_	_	ADV	_	ab	_	_
13-7	1277-1280	und	_	_	_	_	_	_	_	KON	_	und	false	_
13-8	1281-1286	links	_	_	_	_	_	_	_	ADV	_	links	_	_
13-9	1287-1290	und	_	_	_	_	_	_	_	KON	_	und	false	_
13-10	1291-1297	rechts	_	_	_	_	_	_	_	ADV	_	rechts	_	_
13-11	1298-1300	in	_	_	_	_	_	_	_	APPR	_	in	false	_
13-12	1301-1304	der	_	_	_	_	_	_	_	ART	Dat.Sg.Fem	der	false	_
13-13	1305-1315	Mikrowelle	_	_	_	_	_	_	_	NN	Dat.Sg.Fem	Mikrowelle	_	_
13-14	1316-1321	herum	_	_	_	_	_	_	_	PTKVZ	_	herum	false	_
13-15	1322-1323	.	_	_	_	_	_	_	_	$.	_	.	_	_

#Text=Wenn sie mit den Lebensmitteln in Kontakt kommen , bewirkt die Energie der Mikrowellen , dass sich die Moleküle in den Lebensmitteln in Bewegung setzen .
14-1	1326-1330	Wenn	_	_	_	_	_	_	_	KOUS	_	wenn	false	_
14-2	1331-1334	sie	_	_	_	_	_	_	_	PPER	3.Nom.Pl.*	sie	_	_
14-3	1335-1338	mit	_	_	_	_	_	_	_	APPR	_	mit	false	_
14-4	1339-1342	den	_	_	_	_	_	_	_	ART	Dat.Pl.Neut	der	false	_
14-5	1343-1356	Lebensmitteln	_	_	_	_	_	_	_	NN	Dat.Pl.Neut	Lebensmittel	_	_
14-6	1357-1359	in	_	_	_	_	_	_	_	APPR	_	in	false	_
14-7	1360-1367	Kontakt	_	_	_	_	_	_	_	NN	Acc.Sg.Masc	Kontakt	_	_
14-8	1368-1374	kommen	_	_	_	_	_	_	_	VVFIN	3.Pl.Pres.Ind	kommen	_	false
14-9	1375-1376	,	_	_	_	_	_	_	_	$,	_	,	_	_
14-10	1377-1384	bewirkt	_	_	_	_	_	_	_	VVFIN	3.Sg.Pres.Ind	bewirken	_	_
14-11	1385-1388	die	_	_	_	_	_	_	_	ART	Nom.Sg.Fem	der	false	_
14-12	1389-1396	Energie	_	_	_	_	_	_	_	NN	Nom.Sg.Fem	Energie	_	_
14-13	1397-1400	der	_	_	_	_	_	_	_	ART	Gen.Pl.Fem	der	false	_
14-14	1401-1412	Mikrowellen	_	_	_	_	_	_	_	NN	Gen.Pl.Fem	Mikrowelle	_	_
14-15	1413-1414	,	_	_	_	_	_	_	_	$,	_	,	_	_
14-16	1415-1419	dass	_	_	_	_	_	_	_	KOUS	_	dass	false	_
14-17	1420-1424	sich	_	_	_	_	_	_	_	PRF	3.Acc.Pl	sich	_	_
14-18	1425-1428	die	_	_	_	_	_	_	_	ART	Nom.Sg.Fem	der	false	_
14-19	1429-1437	Moleküle	_	_	_	_	_	_	_	NN	Nom.Sg.Fem	Moleküle	_	_
14-20	1438-1440	in	_	_	_	_	_	_	_	APPR	_	in	false	_
14-21	1441-1444	den	_	_	_	_	_	_	_	ART	Dat.Pl.Neut	der	false	_
14-22	1445-1458	Lebensmitteln	_	_	_	_	_	_	_	NN	Dat.Pl.Neut	Lebensmittel	_	_
14-23	1459-1461	in	_	_	_	_	_	_	_	APPR	_	in	false	_
14-24	1462-1470	Bewegung	_	_	_	_	_	_	_	NN	Acc.Sg.Fem	Bewegung	_	_
14-25	1471-1477	setzen	_	_	_	_	_	_	_	VVFIN	3.Pl.Pres.Ind	setzen	_	false
14-26	1478-1479	.	_	_	_	_	_	_	_	$.	_	.	_	_

#Text=Das ist im Grunde genommen Wärme – Moleküle werden angeregt und bewegen sich schnell – und das bedeutet , dass es heißer wird .
15-1	1482-1485	Das	_	_	_	_	_	_	_	PDS	Nom.Sg.Neut	der	_	_
15-2	1486-1489	ist	_	_	_	_	_	_	_	VAFIN	3.Sg.Pres.Ind	sein	_	_
15-3	1490-1492	im	false	2sem	_	_	_	_	_	APPRART	Dat.Sg.Masc	in	true	_
15-4	1493-1499	Grunde	false	2sem	_	_	_	_	_	NN	Dat.Sg.Masc	Grund	_	_
15-5	1500-1508	genommen	false	0Kern	true	false	ergreifen, erfassen	letztendlich	15-4|15-3	VVPP	Psp	nehmen	_	true
15-6	1509-1514	Wärme	_	_	_	_	_	_	_	NN	Nom.Sg.Fem	Wärme	_	_
15-7	1515-1516	–	_	_	_	_	_	_	_	$(	_	–	_	_
15-8	1517-1525	Moleküle	_	_	_	_	_	_	_	NN	Nom.Sg.Fem	Moleküle	_	_
15-9	1526-1532	werden	_	_	_	_	_	_	_	VAFIN	3.Pl.Pres.Ind	werden	_	_
15-10	1533-1541	angeregt	_	_	_	_	_	_	_	VVPP	Psp	anregen	_	_
15-11	1542-1545	und	_	_	_	_	_	_	_	KON	_	und	false	_
15-12	1546-1553	bewegen	_	_	_	_	_	_	_	VVFIN	3.Pl.Pres.Ind	bewegen	_	_
15-13	1554-1558	sich	_	_	_	_	_	_	_	PRF	3.Acc.Pl	sich	_	_
15-14	1559-1566	schnell	_	_	_	_	_	_	_	ADJD	Pos	schnell	_	_
15-15	1567-1568	–	_	_	_	_	_	_	_	$(	_	–	_	_
15-16	1569-1572	und	_	_	_	_	_	_	_	KON	_	und	false	_
15-17	1573-1576	das	_	_	_	_	_	_	_	PDS	Nom.Sg.Neut	der	_	_
15-18	1577-1585	bedeutet	_	_	_	_	_	_	_	VVFIN	3.Sg.Pres.Ind	bedeuten	_	_
15-19	1586-1587	,	_	_	_	_	_	_	_	$,	_	,	_	_
15-20	1588-1592	dass	_	_	_	_	_	_	_	KOUS	_	dass	false	_
15-21	1593-1595	es	_	_	_	_	_	_	_	PPER	3.Nom.Sg.Neut	es	_	_
15-22	1596-1602	heißer	_	_	_	_	_	_	_	ADJD	Comp	heiß	_	_
15-23	1603-1607	wird	_	_	_	_	_	_	_	VAFIN	3.Sg.Pres.Ind	werden	_	_
15-24	1608-1609	.	_	_	_	_	_	_	_	$.	_	.	_	_

#Text=Dadurch wird das Essen gegart !
16-1	1612-1619	Dadurch	_	_	_	_	_	_	_	PROAV	_	dadurch	_	_
16-2	1620-1624	wird	_	_	_	_	_	_	_	VAFIN	3.Sg.Pres.Ind	werden	_	_
16-3	1625-1628	das	_	_	_	_	_	_	_	ART	Nom.Sg.Neut	der	false	_
16-4	1629-1634	Essen	_	_	_	_	_	_	_	NN	Nom.Sg.Neut	essen	_	_
16-5	1635-1641	gegart	_	_	_	_	_	_	_	VVPP	Psp	garen	_	_
16-6	1642-1643	!	_	_	_	_	_	_	_	$.	_	!	_	_

#Text=Mikrowellen funktionieren besonders gut , um Wassermoleküle zu erhitzen , aber sie erhitzen auch Fette und Zucker in deiner Nahrung .
17-1	1646-1657	Mikrowellen	_	_	_	_	_	_	_	NN	Nom.Pl.Fem	Mikrowelle	_	_
17-2	1658-1671	funktionieren	_	_	_	_	_	_	_	VVFIN	3.Pl.Pres.Ind	funktionieren	_	_
17-3	1672-1681	besonders	_	_	_	_	_	_	_	ADV	_	besonders	_	_
17-4	1682-1685	gut	_	_	_	_	_	_	_	ADJD	Pos	gut	_	_
17-5	1686-1687	,	_	_	_	_	_	_	_	$,	_	,	_	_
17-6	1688-1690	um	_	_	_	_	_	_	_	KOUI	_	um	false	_
17-7	1691-1705	Wassermoleküle	_	_	_	_	_	_	_	NN	Acc.Sg.Fem	Wassermoleküle	_	_
17-8	1706-1708	zu	_	_	_	_	_	_	_	PTKZU	_	zu	false	_
17-9	1709-1717	erhitzen	_	_	_	_	_	_	_	VVINF	Inf	erhitzen	_	_
17-10	1718-1719	,	_	_	_	_	_	_	_	$,	_	,	_	_
17-11	1720-1724	aber	_	_	_	_	_	_	_	KON	_	aber	false	_
17-12	1725-1728	sie	_	_	_	_	_	_	_	PPER	3.Nom.Pl.Fem	sie	_	_
17-13	1729-1737	erhitzen	_	_	_	_	_	_	_	VVFIN	3.Pl.Pres.Ind	erhitzen	_	_
17-14	1738-1742	auch	_	_	_	_	_	_	_	ADV	_	auch	_	_
17-15	1743-1748	Fette	_	_	_	_	_	_	_	NN	Acc.Sg.Fem	Fette	_	_
17-16	1749-1752	und	_	_	_	_	_	_	_	KON	_	und	false	_
17-17	1753-1759	Zucker	_	_	_	_	_	_	_	NN	Acc.Pl.Masc	Zucker	_	_
17-18	1760-1762	in	_	_	_	_	_	_	_	APPR	_	in	false	_
17-19	1763-1769	deiner	_	_	_	_	_	_	_	PPOSAT	Dat.Sg.Fem	dein	_	_
17-20	1770-1777	Nahrung	_	_	_	_	_	_	_	NN	Dat.Sg.Fem	Nahrung	_	_
17-21	1778-1779	.	_	_	_	_	_	_	_	$.	_	.	_	_

#Text=Deshalb erhitzen sich Lebensmittel mit Fetten und Zuckern in ihnen viel schneller und viel stärker als Lebensmittel ohne sie .
18-1	1782-1789	Deshalb	_	_	_	_	_	_	_	PROAV	_	deshalb	_	_
18-2	1790-1798	erhitzen	_	_	_	_	_	_	_	VVFIN	3.Pl.Pres.Ind	erhitzen	_	_
18-3	1799-1803	sich	_	_	_	_	_	_	_	PRF	3.Acc.Pl	sich	_	_
18-4	1804-1816	Lebensmittel	_	_	_	_	_	_	_	NN	Nom.Pl.Neut	Lebensmittel	_	_
18-5	1817-1820	mit	_	_	_	_	_	_	_	APPR	_	mit	false	_
18-6	1821-1827	Fetten	_	_	_	_	_	_	_	NN	Dat.Pl.Fem	Fette	_	_
18-7	1828-1831	und	_	_	_	_	_	_	_	KON	_	und	false	_
18-8	1832-1839	Zuckern	_	_	_	_	_	_	_	NN	Dat.Pl.Masc	Zucker	_	_
18-9	1840-1842	in	_	_	_	_	_	_	_	APPR	_	in	false	_
18-10	1843-1848	ihnen	_	_	_	_	_	_	_	PPER	3.Dat.Pl.*	ihnen	_	_
18-11	1849-1853	viel	_	_	_	_	_	_	_	ADV	_	viel	_	_
18-12	1854-1863	schneller	_	_	_	_	_	_	_	ADJD	Comp	schnell	_	_
18-13	1864-1867	und	_	_	_	_	_	_	_	KON	_	und	false	_
18-14	1868-1872	viel	_	_	_	_	_	_	_	ADV	_	viel	_	_
18-15	1873-1880	stärker	false	0Kern	true	false	Kraft besitzend	mehr	_	ADJD	Comp	stark	_	_
18-16	1881-1884	als	_	_	_	_	_	_	_	KOKOM	_	als	false	_
18-17	1885-1897	Lebensmittel	_	_	_	_	_	_	_	NN	Nom.Pl.Neut	Lebensmittel	_	_
18-18	1898-1902	ohne	_	_	_	_	_	_	_	APPR	_	ohne	false	_
18-19	1903-1906	sie	_	_	_	_	_	_	_	PPER	3.Acc.Pl.Fem	sie	_	_
18-20	1907-1908	.	_	_	_	_	_	_	_	$.	_	.	_	_

#Text=Eine Mikrowelle ist nicht sehr gefährlich , aber sie enthält elektrische Komponenten , die gefährlich sein können wenn man die Mikrowelle auseinandernimmt .
19-1	1911-1915	Eine	_	_	_	_	_	_	_	ART	Nom.Sg.Fem	ein	false	_
19-2	1916-1926	Mikrowelle	_	_	_	_	_	_	_	NN	Nom.Sg.Fem	Mikrowelle	_	_
19-3	1927-1930	ist	_	_	_	_	_	_	_	VAFIN	3.Sg.Pres.Ind	sein	_	_
19-4	1931-1936	nicht	_	_	_	_	_	_	_	PTKNEG	_	nicht	_	_
19-5	1937-1941	sehr	_	_	_	_	_	_	_	ADV	_	sehr	_	_
19-6	1942-1952	gefährlich	_	_	_	_	_	_	_	ADJD	Pos	gefährlich	_	_
19-7	1953-1954	,	_	_	_	_	_	_	_	$,	_	,	_	_
19-8	1955-1959	aber	_	_	_	_	_	_	_	KON	_	aber	false	_
19-9	1960-1963	sie	_	_	_	_	_	_	_	PPER	3.Nom.Sg.Fem	sie	_	_
19-10	1964-1971	enthält	_	_	_	_	_	_	_	VVFIN	3.Sg.Pres.Ind	enthalten	_	_
19-11	1972-1983	elektrische	_	_	_	_	_	_	_	ADJA	Pos.Acc.Pl.Fem	elektrisch	_	_
19-12	1984-1995	Komponenten	_	_	_	_	_	_	_	NN	Acc.Pl.Fem	Komponente	_	_
19-13	1996-1997	,	_	_	_	_	_	_	_	$,	_	,	_	_
19-14	1998-2001	die	_	_	_	_	_	_	_	PRELS	Nom.Pl.Fem	der	_	_
19-15	2002-2012	gefährlich	_	_	_	_	_	_	_	ADJD	Pos	gefährlich	_	_
19-16	2013-2017	sein	_	_	_	_	_	_	_	VAINF	Inf	sein	_	_
19-17	2018-2024	können	_	_	_	_	_	_	_	VMFIN	3.Pl.Pres.Ind	können	_	_
19-18	2025-2029	wenn	_	_	_	_	_	_	_	KOUS	_	wenn	false	_
19-19	2030-2033	man	_	_	_	_	_	_	_	PIS	Nom.Sg.*	man	_	_
19-20	2034-2037	die	_	_	_	_	_	_	_	ART	Acc.Sg.Fem	der	false	_
19-21	2038-2048	Mikrowelle	_	_	_	_	_	_	_	NN	Acc.Sg.Fem	Mikrowelle	_	_
19-22	2049-2065	auseinandernimmt	_	_	_	_	_	_	_	VVFIN	3.Sg.Pres.Ind	auseinandernehmen	_	_
19-23	2066-2067	.	_	_	_	_	_	_	_	$.	_	.	_	_

#Text=Ein Metallgitter an der Tür verhindert , dass während die Mikrowelle läuft Mikrowellenstrahlung aus der Mikrowelle austritt .
20-1	2070-2073	Ein	_	_	_	_	_	_	_	ART	Nom.Sg.Neut	ein	false	_
20-2	2074-2086	Metallgitter	_	_	_	_	_	_	_	NN	Nom.Sg.Neut	Metallgitter	_	_
20-3	2087-2089	an	_	_	_	_	_	_	_	APPR	_	an	false	_
20-4	2090-2093	der	_	_	_	_	_	_	_	ART	Dat.Sg.Fem	der	false	_
20-5	2094-2097	Tür	_	_	_	_	_	_	_	NN	Dat.Sg.Fem	Tür	_	_
20-6	2098-2108	verhindert	_	_	_	_	_	_	_	VVFIN	3.Sg.Pres.Ind	verhindern	_	_
20-7	2109-2110	,	_	_	_	_	_	_	_	$,	_	,	_	_
20-8	2111-2115	dass	_	_	_	_	_	_	_	KOUS	_	dass	false	_
20-9	2116-2123	während	_	_	_	_	_	_	_	KOUS	_	während	false	_
20-10	2124-2127	die	_	_	_	_	_	_	_	ART	Nom.Sg.Fem	der	false	_
20-11	2128-2138	Mikrowelle	_	_	_	_	_	_	_	NN	Nom.Sg.Fem	Mikrowelle	_	_
20-12	2139-2144	läuft	false	0Kern	true	false	gehen, sich zu Fuß fortbewegen	in Betrieb sein, an sein	_	VVFIN	3.Sg.Pres.Ind	laufen	_	_
20-13	2145-2165	Mikrowellenstrahlung	_	_	_	_	_	_	_	NN	Acc.Sg.Fem	Mikrowellenstrahlung	_	_
20-14	2166-2169	aus	_	_	_	_	_	_	_	APPR	_	aus	false	_
20-15	2170-2173	der	_	_	_	_	_	_	_	ART	Dat.Sg.Fem	der	false	_
20-16	2174-2184	Mikrowelle	_	_	_	_	_	_	_	NN	Dat.Sg.Fem	Mikrowelle	_	_
20-17	2185-2193	austritt	false	0Kern	true	false	nach draußen treten, kommen	hervorquellen, unkontrolliert ausströmen	_	VVFIN	3.Sg.Pres.Ind	austreten	_	_
20-18	2194-2195	.	_	_	_	_	_	_	_	$.	_	.	_	_

#Text=Sobald die Mikrowelle stoppt , verschwinden die Mikrowellen sofort und sind daher nicht gefährlich , wenn du die Tür öffnest .
21-1	2198-2204	Sobald	_	_	_	_	_	_	_	KOUS	_	sobald	false	_
21-2	2205-2208	die	_	_	_	_	_	_	_	ART	Nom.Sg.Fem	der	false	_
21-3	2209-2219	Mikrowelle	_	_	_	_	_	_	_	NN	Nom.Sg.Fem	Mikrowelle	_	_
21-4	2220-2226	stoppt	_	_	_	_	_	_	_	VVFIN	3.Sg.Pres.Ind	stoppen	_	_
21-5	2227-2228	,	_	_	_	_	_	_	_	$,	_	,	_	_
21-6	2229-2241	verschwinden	_	_	_	_	_	_	_	VVFIN	3.Pl.Pres.Ind	verschwinden	_	_
21-7	2242-2245	die	_	_	_	_	_	_	_	ART	Nom.Pl.Fem	der	false	_
21-8	2246-2257	Mikrowellen	_	_	_	_	_	_	_	NN	Nom.Pl.Fem	Mikrowelle	_	_
21-9	2258-2264	sofort	_	_	_	_	_	_	_	ADV	_	sofort	_	_
21-10	2265-2268	und	_	_	_	_	_	_	_	KON	_	und	false	_
21-11	2269-2273	sind	_	_	_	_	_	_	_	VAFIN	3.Pl.Pres.Ind	sein	_	_
21-12	2274-2279	daher	_	_	_	_	_	_	_	PROAV	_	daher	_	_
21-13	2280-2285	nicht	_	_	_	_	_	_	_	PTKNEG	_	nicht	_	_
21-14	2286-2296	gefährlich	_	_	_	_	_	_	_	ADJD	Pos	gefährlich	_	_
21-15	2297-2298	,	_	_	_	_	_	_	_	$,	_	,	_	_
21-16	2299-2303	wenn	_	_	_	_	_	_	_	KOUS	_	wenn	false	_
21-17	2304-2306	du	_	_	_	_	_	_	_	PPER	2.Nom.Sg.*	du	_	_
21-18	2307-2310	die	_	_	_	_	_	_	_	ART	Acc.Sg.Fem	der	false	_
21-19	2311-2314	Tür	_	_	_	_	_	_	_	NN	Acc.Sg.Fem	Tür	_	_
21-20	2315-2322	öffnest	_	_	_	_	_	_	_	VVFIN	3.Sg.Pres.Ind	öffnesen	_	_
21-21	2323-2324	.	_	_	_	_	_	_	_	$.	_	.	_	_

#Text=Wenn jedoch ein Loch in der Tür ist oder die Mikrowelle eine Fehlfunktion hat , können Mikrowellen aus dem Ofen austreten und dich verbrennen oder kochen , wenn du direkt davor stehst .
22-1	2327-2331	Wenn	_	_	_	_	_	_	_	KOUS	_	wenn	false	_
22-2	2332-2338	jedoch	_	_	_	_	_	_	_	ADV	_	jedoch	_	_
22-3	2339-2342	ein	_	_	_	_	_	_	_	ART	Nom.Sg.Neut	ein	false	_
22-4	2343-2347	Loch	_	_	_	_	_	_	_	NN	Nom.Sg.Neut	Loch	_	_
22-5	2348-2350	in	_	_	_	_	_	_	_	APPR	_	in	false	_
22-6	2351-2354	der	_	_	_	_	_	_	_	ART	Dat.Sg.Fem	der	false	_
22-7	2355-2358	Tür	_	_	_	_	_	_	_	NN	Dat.Sg.Fem	Tür	_	_
22-8	2359-2362	ist	_	_	_	_	_	_	_	VAFIN	3.Sg.Pres.Ind	sein	_	_
22-9	2363-2367	oder	_	_	_	_	_	_	_	KON	_	oder	false	_
22-10	2368-2371	die	_	_	_	_	_	_	_	ART	Nom.Sg.Fem	der	false	_
22-11	2372-2382	Mikrowelle	_	_	_	_	_	_	_	NN	Nom.Sg.Fem	Mikrowelle	_	_
22-12	2383-2387	eine	_	_	_	_	_	_	_	ART	Acc.Sg.Fem	ein	false	_
22-13	2388-2400	Fehlfunktion	_	_	_	_	_	_	_	NN	Acc.Sg.Fem	Fehlfunktion	_	_
22-14	2401-2404	hat	_	_	_	_	_	_	_	VAFIN	3.Sg.Pres.Ind	haben	_	false
22-15	2405-2406	,	_	_	_	_	_	_	_	$,	_	,	_	_
22-16	2407-2413	können	_	_	_	_	_	_	_	VMFIN	3.Pl.Pres.Ind	können	_	_
22-17	2414-2425	Mikrowellen	_	_	_	_	_	_	_	NN	Nom.Pl.Fem	Mikrowelle	_	_
22-18	2426-2429	aus	_	_	_	_	_	_	_	APPR	_	aus	false	_
22-19	2430-2433	dem	_	_	_	_	_	_	_	ART	Dat.Sg.Masc	der	false	_
22-20	2434-2438	Ofen	_	_	_	_	_	_	_	NN	Dat.Sg.Masc	Ofen	_	_
22-21	2439-2448	austreten	false	0Kern	true	false	nach draußen treten, kommen	hervorquellen, unkontrolliert ausströmen	_	VVINF	Inf	austreten	_	_
22-22	2449-2452	und	_	_	_	_	_	_	_	KON	_	und	false	_
22-23	2453-2457	dich	_	_	_	_	_	_	_	PRF	3.Acc.Pl	sich	_	_
22-24	2458-2468	verbrennen	_	_	_	_	_	_	_	VVINF	Inf	verbrennen	_	_
22-25	2469-2473	oder	_	_	_	_	_	_	_	KON	_	oder	false	_
22-26	2474-2480	kochen	_	_	_	_	_	_	_	VVINF	Inf	kochen	_	_
22-27	2481-2482	,	_	_	_	_	_	_	_	$,	_	,	_	_
22-28	2483-2487	wenn	_	_	_	_	_	_	_	KOUS	_	wenn	false	_
22-29	2488-2490	du	_	_	_	_	_	_	_	PPER	2.Nom.Sg.*	du	_	_
22-30	2491-2497	direkt	_	_	_	_	_	_	_	ADJD	Pos	direkt	_	_
22-31	2498-2503	davor	_	_	_	_	_	_	_	PROAV	_	davor	_	_
22-32	2504-2510	stehst	_	_	_	_	_	_	_	VVFIN	3.Sg.Pres.Ind	stehsen	_	_
22-33	2511-2512	.	_	_	_	_	_	_	_	$.	_	.	_	_

#Text=Es wurde auch behauptet , dass austretende Mikrowellen Geburtsfehler bei schwangeren Frauen verursachen könnten .
23-1	2515-2517	Es	_	_	_	_	_	_	_	PPER	3.Nom.Sg.Neut	es	_	_
23-2	2518-2523	wurde	_	_	_	_	_	_	_	VAFIN	3.Sg.Past.Ind	werden	_	_
23-3	2524-2528	auch	_	_	_	_	_	_	_	ADV	_	auch	_	_
23-4	2529-2538	behauptet	_	_	_	_	_	_	_	VVPP	Psp	behaupten	_	_
23-5	2539-2540	,	_	_	_	_	_	_	_	$,	_	,	_	_
23-6	2541-2545	dass	_	_	_	_	_	_	_	KOUS	_	dass	false	_
23-7	2546-2557	austretende	_	_	_	_	_	_	_	ADJA	Pos.Acc.Pl.Fem	austretend	_	_
23-8	2558-2569	Mikrowellen	_	_	_	_	_	_	_	NN	Nom.Pl.Fem	Mikrowelle	_	_
23-9	2570-2583	Geburtsfehler	_	_	_	_	_	_	_	NN	Nom.Pl.Masc	Geburtsfehler	_	_
23-10	2584-2587	bei	_	_	_	_	_	_	_	APPR	_	bei	false	_
23-11	2588-2599	schwangeren	_	_	_	_	_	_	_	ADJA	Pos.Dat.Pl.Fem	schwanger	_	_
23-12	2600-2606	Frauen	_	_	_	_	_	_	_	NN	Dat.Pl.Fem	Frau	_	_
23-13	2607-2618	verursachen	_	_	_	_	_	_	_	VVINF	Inf	verursachen	_	_
23-14	2619-2626	könnten	_	_	_	_	_	_	_	VMFIN	3.Pl.Past.Subj	können	_	_
23-15	2627-2628	.	_	_	_	_	_	_	_	$.	_	.	_	_

#Text=Sie sollten keine Metallgegenstände , wie z .
24-1	2631-2634	Sie	_	_	_	_	_	_	_	PPER	3.Nom.Pl.*	sie	_	_
24-2	2635-2642	sollten	_	_	_	_	_	_	_	VMFIN	3.Pl.Past.Ind	sollen	_	_
24-3	2643-2648	keine	_	_	_	_	_	_	_	PIAT	Acc.Pl.Masc	kein	_	_
24-4	2649-2666	Metallgegenstände	_	_	_	_	_	_	_	NN	Acc.Pl.Masc	Metallgegenstand	_	_
24-5	2667-2668	,	_	_	_	_	_	_	_	$,	_	,	_	_
24-6	2669-2672	wie	_	_	_	_	_	_	_	PWAV	_	wie	_	_
24-7	2673-2674	z	_	_	_	_	_	_	_	CARD	_	z	_	_
24-8	2675-2676	.	_	_	_	_	_	_	_	$.	_	.	_	_

#Text=B . eine Gabel , in die Mikrowelle legen , da dies zu Lichtbögen führen kann , die den Ofen beschädigen .
25-1	2679-2680	B	_	_	_	_	_	_	_	XY	_	B	_	_
25-2	2681-2682	.	_	_	_	_	_	_	_	$.	_	.	_	_
25-3	2683-2687	eine	_	_	_	_	_	_	_	ART	Acc.Sg.Fem	ein	false	_
25-4	2688-2693	Gabel	_	_	_	_	_	_	_	NN	Acc.Sg.Fem	Gabel	_	_
25-5	2694-2695	,	_	_	_	_	_	_	_	$,	_	,	_	_
25-6	2696-2698	in	_	_	_	_	_	_	_	APPR	_	in	false	_
25-7	2699-2702	die	_	_	_	_	_	_	_	ART	Acc.Sg.Fem	der	false	_
25-8	2703-2713	Mikrowelle	_	_	_	_	_	_	_	NN	Acc.Sg.Fem	Mikrowelle	_	_
25-9	2714-2719	legen	_	_	_	_	_	_	_	VVINF	Inf	legen	_	_
25-10	2720-2721	,	_	_	_	_	_	_	_	$,	_	,	_	_
25-11	2722-2724	da	_	_	_	_	_	_	_	KOUS	_	da	false	_
25-12	2725-2729	dies	_	_	_	_	_	_	_	PDS	Nom.Sg.Neut	dieser	_	_
25-13	2730-2732	zu	_	_	_	_	_	_	_	APPR	_	zu	false	_
25-14	2733-2743	Lichtbögen	_	_	_	_	_	_	_	NN	Dat.Pl.Masc	Lichtbogen	_	_
25-15	2744-2750	führen	false	0Kern	true	false	jmdn. leiten, lenken	es kommt dazu	_	VVINF	Inf	führen	_	true
25-16	2751-2755	kann	_	_	_	_	_	_	_	VMFIN	3.Sg.Pres.Ind	können	_	_
25-17	2756-2757	,	_	_	_	_	_	_	_	$,	_	,	_	_
25-18	2758-2761	die	_	_	_	_	_	_	_	PRELS	Nom.Pl.Masc	der	_	_
25-19	2762-2765	den	_	_	_	_	_	_	_	ART	Acc.Sg.Masc	der	false	_
25-20	2766-2770	Ofen	_	_	_	_	_	_	_	NN	Acc.Sg.Masc	Ofen	_	_
25-21	2771-2782	beschädigen	_	_	_	_	_	_	_	VVFIN	3.Pl.Pres.Ind	beschädigen	_	_
25-22	2783-2784	.	_	_	_	_	_	_	_	$.	_	.	_	_

#Text=Eine weitere Gefahr von Mikrowellen besteht darin , dass Wasser bei zu langer Erhitzung überhitzt werden kann – es wird über seinen Siedepunkt hinaus erhitzt , obwohl es nicht zu sieden scheint .
26-1	2787-2791	Eine	_	_	_	_	_	_	_	ART	Nom.Sg.Fem	ein	false	_
26-2	2792-2799	weitere	_	_	_	_	_	_	_	ADJA	Comp.Nom.Sg.Fem	weit	_	_
26-3	2800-2806	Gefahr	_	_	_	_	_	_	_	NN	Nom.Sg.Fem	Gefahr	_	_
26-4	2807-2810	von	_	_	_	_	_	_	_	APPR	_	von	false	_
26-5	2811-2822	Mikrowellen	_	_	_	_	_	_	_	NN	Dat.Pl.Fem	Mikrowelle	_	_
26-6	2823-2830	besteht	_	_	_	_	_	_	_	VVFIN	3.Sg.Pres.Ind	bestehen	_	_
26-7	2831-2836	darin	_	_	_	_	_	_	_	PROAV	_	darin	_	_
26-8	2837-2838	,	_	_	_	_	_	_	_	$,	_	,	_	_
26-9	2839-2843	dass	_	_	_	_	_	_	_	KOUS	_	dass	false	_
26-10	2844-2850	Wasser	_	_	_	_	_	_	_	NN	Nom.Sg.Neut	Wasser	_	_
26-11	2851-2854	bei	_	_	_	_	_	_	_	APPR	_	bei	false	_
26-12	2855-2857	zu	_	_	_	_	_	_	_	APPR	_	zu	false	_
26-13	2858-2864	langer	_	_	_	_	_	_	_	ADJA	Pos.Dat.Sg.Fem	lang	_	_
26-14	2865-2874	Erhitzung	_	_	_	_	_	_	_	NN	Dat.Sg.Fem	Erhitzung	_	_
26-15	2875-2884	überhitzt	_	_	_	_	_	_	_	VVPP	Psp	überhitzen	_	_
26-16	2885-2891	werden	_	_	_	_	_	_	_	VAINF	Inf	werden	_	_
26-17	2892-2896	kann	_	_	_	_	_	_	_	VMFIN	3.Sg.Pres.Ind	können	_	_
26-18	2897-2898	–	_	_	_	_	_	_	_	$.	_	–	_	_
26-19	2899-2901	es	_	_	_	_	_	_	_	PPER	3.Nom.Sg.Neut	es	_	_
26-20	2902-2906	wird	_	_	_	_	_	_	_	VAFIN	3.Sg.Pres.Ind	werden	_	_
26-21	2907-2911	über	_	_	_	_	_	_	_	APPR	_	über	false	_
26-22	2912-2918	seinen	_	_	_	_	_	_	_	PPOSAT	Acc.Sg.Masc	sein	_	_
26-23	2919-2929	Siedepunkt	_	_	_	_	_	_	_	NN	Acc.Sg.Masc	Siedepunkt	_	_
26-24	2930-2936	hinaus	_	_	_	_	_	_	_	APZR	_	hinaus	false	_
26-25	2937-2944	erhitzt	_	_	_	_	_	_	_	VVPP	Psp	erhitzen	_	_
26-26	2945-2946	,	_	_	_	_	_	_	_	$,	_	,	_	_
26-27	2947-2953	obwohl	_	_	_	_	_	_	_	KOUS	_	obwohl	false	_
26-28	2954-2956	es	_	_	_	_	_	_	_	PPER	3.Nom.Sg.Neut	es	_	_
26-29	2957-2962	nicht	_	_	_	_	_	_	_	PTKNEG	_	nicht	_	_
26-30	2963-2965	zu	_	_	_	_	_	_	_	PTKZU	_	zu	false	_
26-31	2966-2972	sieden	_	_	_	_	_	_	_	VVINF	Inf	sieden	_	_
26-32	2973-2980	scheint	_	_	_	_	_	_	_	VVFIN	3.Sg.Pres.Ind	scheinen	_	_
26-33	2981-2982	.	_	_	_	_	_	_	_	$.	_	.	_	_

#Text=Es könnte plötzlich kochen , wenn du es bewegst und dich so verbrühen .
27-1	2985-2987	Es	_	_	_	_	_	_	_	PPER	3.Nom.Sg.Neut	es	_	_
27-2	2988-2994	könnte	_	_	_	_	_	_	_	VMFIN	3.Sg.Past.Subj	können	_	_
27-3	2995-3004	plötzlich	_	_	_	_	_	_	_	ADJD	Pos	plötzlich	_	_
27-4	3005-3011	kochen	_	_	_	_	_	_	_	VVINF	Inf	kochen	_	_
27-5	3012-3013	,	_	_	_	_	_	_	_	$,	_	,	_	_
27-6	3014-3018	wenn	_	_	_	_	_	_	_	KOUS	_	wenn	false	_
27-7	3019-3021	du	_	_	_	_	_	_	_	PPER	2.Nom.Sg.*	du	_	_
27-8	3022-3024	es	_	_	_	_	_	_	_	PPER	3.Acc.Sg.Neut	es	_	_
27-9	3025-3032	bewegst	_	_	_	_	_	_	_	VVFIN	2.Sg.Pres.Ind	bewegen	_	_
27-10	3033-3036	und	_	_	_	_	_	_	_	KON	_	und	false	_
27-11	3037-3041	dich	_	_	_	_	_	_	_	PRF	2.Acc.Sg	sich	_	_
27-12	3042-3044	so	_	_	_	_	_	_	_	ADV	_	so	_	_
27-13	3045-3054	verbrühen	_	_	_	_	_	_	_	VVFIN	3.Pl.Pres.Ind	verbrühen	_	_
27-14	3055-3056	.	_	_	_	_	_	_	_	$.	_	.	_	_

#Text=Mikrowellen kochen Lebensmittel scheinbar von innen nach außen .
28-1	3059-3070	Mikrowellen	_	_	_	_	_	_	_	NN	Nom.Pl.Fem	Mikrowelle	_	_
28-2	3071-3077	kochen	_	_	_	_	_	_	_	VVFIN	3.Pl.Pres.Ind	kochen	_	_
28-3	3078-3090	Lebensmittel	_	_	_	_	_	_	_	NN	Acc.Pl.Neut	Lebensmittel	_	_
28-4	3091-3100	scheinbar	_	_	_	_	_	_	_	ADJD	Pos	scheinbar	_	_
28-5	3101-3104	von	_	_	_	_	_	_	_	APPR	_	von	false	_
28-6	3105-3110	innen	_	_	_	_	_	_	_	ADV	_	innen	_	_
28-7	3111-3115	nach	_	_	_	_	_	_	_	APPR	_	nach	false	_
28-8	3116-3121	außen	_	_	_	_	_	_	_	ADV	_	außen	_	_
28-9	3122-3123	.	_	_	_	_	_	_	_	$.	_	.	_	_

#Text=Mikrowellenherde unterscheiden sich in der Wattzahl ( wie viel Leistung sie zum Kochen benötigen ) .
29-1	3126-3142	Mikrowellenherde	_	_	_	_	_	_	_	NN	Nom.Sg.Fem	Mikrowellenherde	_	_
29-2	3143-3156	unterscheiden	_	_	_	_	_	_	_	VVFIN	3.Pl.Pres.Ind	unterscheiden	_	_
29-3	3157-3161	sich	_	_	_	_	_	_	_	PRF	3.Acc.Pl	sich	_	_
29-4	3162-3164	in	_	_	_	_	_	_	_	APPR	_	in	false	_
29-5	3165-3168	der	_	_	_	_	_	_	_	ART	Dat.Sg.Fem	der	false	_
29-6	3169-3177	Wattzahl	_	_	_	_	_	_	_	NN	Dat.Sg.Fem	Wattzahl	_	_
29-7	3178-3179	(	_	_	_	_	_	_	_	$(	_	(	_	_
29-8	3180-3183	wie	_	_	_	_	_	_	_	KOKOM	_	wie	false	_
29-9	3184-3188	viel	_	_	_	_	_	_	_	PIAT	*.*.*	viel	_	_
29-10	3189-3197	Leistung	_	_	_	_	_	_	_	NN	Acc.Sg.Fem	Leistung	_	_
29-11	3198-3201	sie	_	_	_	_	_	_	_	PPER	3.Nom.Pl.*	sie	_	_
29-12	3202-3205	zum	_	_	_	_	_	_	_	APPRART	Dat.Sg.Neut	zu	false	_
29-13	3206-3212	Kochen	_	_	_	_	_	_	_	NN	Dat.Sg.Neut	kochen	_	_
29-14	3213-3222	benötigen	_	_	_	_	_	_	_	VVFIN	3.Pl.Pres.Ind	benötigen	_	_
29-15	3223-3224	)	_	_	_	_	_	_	_	$(	_	)	_	_
29-16	3225-3226	.	_	_	_	_	_	_	_	$.	_	.	_	_

#Text=Eine Mikrowelle mit mittlerer Leistung hat vielleicht 1.000 Watt , also ein Kilowatt .
30-1	3229-3233	Eine	_	_	_	_	_	_	_	ART	Nom.Sg.Fem	ein	false	_
30-2	3234-3244	Mikrowelle	_	_	_	_	_	_	_	NN	Nom.Sg.Fem	Mikrowelle	_	_
30-3	3245-3248	mit	_	_	_	_	_	_	_	APPR	_	mit	false	_
30-4	3249-3258	mittlerer	_	_	_	_	_	_	_	ADJA	Pos.Dat.Sg.Fem	mittlerer	_	_
30-5	3259-3267	Leistung	_	_	_	_	_	_	_	NN	Dat.Sg.Fem	Leistung	_	_
30-6	3268-3271	hat	_	_	_	_	_	_	_	VAFIN	3.Sg.Pres.Ind	haben	_	false
30-7	3272-3282	vielleicht	_	_	_	_	_	_	_	ADV	_	vielleicht	_	_
30-8	3283-3288	1.000	_	_	_	_	_	_	_	CARD	_	1.000	_	_
30-9	3289-3293	Watt	_	_	_	_	_	_	_	NN	*.*.Neut	Watt	_	_
30-10	3294-3295	,	_	_	_	_	_	_	_	$,	_	,	_	_
30-11	3296-3300	also	_	_	_	_	_	_	_	ADV	_	also	_	_
30-12	3301-3304	ein	_	_	_	_	_	_	_	ART	Acc.Sg.Neut	ein	false	_
30-13	3305-3313	Kilowatt	_	_	_	_	_	_	_	NN	Acc.Sg.Neut	Kilowatt	_	_
30-14	3314-3315	.	_	_	_	_	_	_	_	$.	_	.	_	_

#Text=Eine größere Mikrowelle hat vielleicht 1,5 Kilowatt .
31-1	3318-3322	Eine	_	_	_	_	_	_	_	ART	Nom.Sg.Fem	ein	false	_
31-2	3323-3330	größere	_	_	_	_	_	_	_	ADJA	Comp.Nom.Sg.Fem	groß	_	_
31-3	3331-3341	Mikrowelle	_	_	_	_	_	_	_	NN	Nom.Sg.Fem	Mikrowelle	_	_
31-4	3342-3345	hat	_	_	_	_	_	_	_	VAFIN	3.Sg.Pres.Ind	haben	_	false
31-5	3346-3356	vielleicht	_	_	_	_	_	_	_	ADV	_	vielleicht	_	_
31-6	3357-3360	1,5	_	_	_	_	_	_	_	CARD	_	1,5	_	_
31-7	3361-3369	Kilowatt	_	_	_	_	_	_	_	NN	*.*.Neut	Kilowatt	_	_
31-8	3370-3371	.	_	_	_	_	_	_	_	$.	_	.	_	_

#Text=Mikrowellen haben das Kochen und Wiedererwärmen von Essen sehr , SEHR viel einfacher gemacht .
32-1	3374-3385	Mikrowellen	_	_	_	_	_	_	_	NN	Nom.Pl.Fem	Mikrowelle	_	_
32-2	3386-3391	haben	_	_	_	_	_	_	_	VAFIN	3.Pl.Pres.Ind	haben	_	false
32-3	3392-3395	das	_	_	_	_	_	_	_	ART	Acc.Sg.Neut	der	false	_
32-4	3396-3402	Kochen	_	_	_	_	_	_	_	NN	Acc.Sg.Neut	kochen	_	_
32-5	3403-3406	und	_	_	_	_	_	_	_	KON	_	und	false	_
32-6	3407-3421	Wiedererwärmen	_	_	_	_	_	_	_	NN	Acc.Sg.Neut	wiedererwärmen	_	_
32-7	3422-3425	von	_	_	_	_	_	_	_	APPR	_	von	false	_
32-8	3426-3431	Essen	_	_	_	_	_	_	_	NE	Dat.Sg.Neut	Essen	_	_
32-9	3432-3436	sehr	_	_	_	_	_	_	_	ADV	_	sehr	_	_
32-10	3437-3438	,	_	_	_	_	_	_	_	$,	_	,	_	_
32-11	3439-3443	SEHR	_	_	_	_	_	_	_	NE	Nom.Sg.*	SEHR	_	_
32-12	3444-3448	viel	_	_	_	_	_	_	_	ADV	_	viel	_	_
32-13	3449-3458	einfacher	_	_	_	_	_	_	_	ADJD	Comp	einfach	_	_
32-14	3459-3466	gemacht	_	_	_	_	_	_	_	VVPP	Psp	machen	_	false
32-15	3467-3468	.	_	_	_	_	_	_	_	$.	_	.	_	_

#Text=Wie bereits erwähnt , musste das Magnetron erst erfunden werden , bevor man Mikrowellen zum Kochen verwenden konnte .
33-1	3471-3474	Wie	_	_	_	_	_	_	_	PWAV	_	wie	_	_
33-2	3475-3482	bereits	_	_	_	_	_	_	_	ADV	_	bereits	_	_
33-3	3483-3490	erwähnt	_	_	_	_	_	_	_	VVPP	Psp	erwähnen	_	_
33-4	3491-3492	,	_	_	_	_	_	_	_	$,	_	,	_	_
33-5	3493-3499	musste	_	_	_	_	_	_	_	VVFIN	3.Sg.Past.Ind	mussen	_	_
33-6	3500-3503	das	_	_	_	_	_	_	_	ART	Nom.Sg.Neut	der	false	_
33-7	3504-3513	Magnetron	_	_	_	_	_	_	_	NN	Nom.Sg.Neut	Magnetron	_	_
33-8	3514-3518	erst	_	_	_	_	_	_	_	ADV	_	erst	_	_
33-9	3519-3527	erfunden	_	_	_	_	_	_	_	VVPP	Psp	erfinden	_	_
33-10	3528-3534	werden	_	_	_	_	_	_	_	VAINF	Inf	werden	_	_
33-11	3535-3536	,	_	_	_	_	_	_	_	$,	_	,	_	_
33-12	3537-3542	bevor	_	_	_	_	_	_	_	KOUS	_	bevor	false	_
33-13	3543-3546	man	_	_	_	_	_	_	_	PIS	Nom.Sg.*	man	_	_
33-14	3547-3558	Mikrowellen	_	_	_	_	_	_	_	NN	Acc.Pl.Fem	Mikrowelle	_	_
33-15	3559-3562	zum	_	_	_	_	_	_	_	APPRART	Dat.Sg.Neut	zu	false	_
33-16	3563-3569	Kochen	_	_	_	_	_	_	_	NN	Dat.Sg.Neut	kochen	_	_
33-17	3570-3579	verwenden	_	_	_	_	_	_	_	VVINF	Inf	verwenden	_	_
33-18	3580-3586	konnte	_	_	_	_	_	_	_	VMFIN	3.Sg.Past.Ind	können	_	_
