#ID_SENT-ID_TOKEN	#CHAR_OFFSET	#TOKEN	#MET_A|MFlag	#MET_A|Rolle	#MET_B|basic	#MET_B|c_mark	#MET_B2|b_Lex	#MET_D|a_Par	#SATELLITES	#POS	#MORPH	#LEMMA	#METAPHORICAL_FUNC_WORD	#METAPHORICAL_FUNC_VERB_PHRASE
1-1	0-3	Ich	_	_	_	_	_	_	_	PPER	1.Nom.Sg.*	ich	_	_
1-2	4-10	möchte	_	_	_	_	_	_	_	VMFIN	1.Sg.Pres.Ind	möchten	_	_
1-3	11-14	mit	_	_	_	_	_	_	_	APPR	_	mit	false	_
1-4	15-20	einer	_	_	_	_	_	_	_	ART	Dat.Sg.Fem	ein	false	_
1-5	21-28	kleinen	_	_	_	_	_	_	_	ADJA	Pos.Dat.Sg.Fem	klein	_	_
1-6	29-38	Zeitreise	_	_	_	_	_	_	_	NN	Dat.Sg.Fem	Zeitreise	_	_
1-7	39-47	beginnen	_	_	_	_	_	_	_	VVINF	Inf	beginnen	_	_
1-8	48-49	.	_	_	_	_	_	_	_	$.	_	.	_	_
1-9	50-54	1926	_	_	_	_	_	_	_	CARD	_	1926	_	_
1-10	55-58	kam	_	_	_	_	_	_	_	VVFIN	3.Sg.Past.Ind	kommen	_	false
1-11	59-63	eine	_	_	_	_	_	_	_	ART	Nom.Sg.Fem	ein	false	_
1-12	64-70	Gruppe	_	_	_	_	_	_	_	NN	Nom.Sg.Fem	Gruppe	_	_
1-13	71-83	Jugendlicher	_	_	_	_	_	_	_	NN	Gen.Pl.*	jugendliche	_	_
1-14	84-87	aus	_	_	_	_	_	_	_	APPR	_	aus	false	_
1-15	88-91	der	_	_	_	_	_	_	_	ART	Dat.Sg.Fem	der	false	_
1-16	92-100	Mongolei	_	_	_	_	_	_	_	NE	Dat.Sg.Fem	Mongolei	_	_
1-17	101-105	nach	_	_	_	_	_	_	_	APPR	_	nach	false	_
1-18	106-117	Deutschland	_	_	_	_	_	_	_	NE	Dat.Sg.Neut	Deutschland	_	_
1-19	118-119	-	_	_	_	_	_	_	_	$(	_	-	_	_
1-20	120-129	begleitet	_	_	_	_	_	_	_	VVPP	Psp	begleiten	_	_
1-21	130-133	vom	_	_	_	_	_	_	_	APPRART	Dat.Sg.Masc	von	false	_
1-22	134-143	damaligen	_	_	_	_	_	_	_	ADJA	Pos.Dat.Sg.Masc	damalig	_	_
1-23	144-160	Bildungsminister	_	_	_	_	_	_	_	NN	Dat.Sg.Masc	Bildungsminister	_	_
1-24	161-162	.	_	_	_	_	_	_	_	$.	_	.	_	_
2-1	165-168	Die	_	_	_	_	_	_	_	ART	Nom.Sg.Fem	der	false	_
2-2	169-180	mongolische	_	_	_	_	_	_	_	ADJA	Pos.Nom.Sg.Fem	mongolisch	_	_
2-3	181-190	Regierung	_	_	_	_	_	_	_	NN	Nom.Sg.Fem	Regierung	_	_
2-4	191-199	schickte	_	_	_	_	_	_	_	VVFIN	3.Sg.Past.Ind	schicken	_	_
2-5	200-209	insgesamt	_	_	_	_	_	_	_	ADV	_	insgesamt	_	_
2-6	210-214	fast	_	_	_	_	_	_	_	ADV	_	fast	_	_
2-7	215-217	50	_	_	_	_	_	_	_	CARD	_	50	_	_
2-8	218-223	junge	_	_	_	_	_	_	_	ADJA	Pos.Acc.Pl.Masc	jung	_	_
2-9	224-232	Menschen	_	_	_	_	_	_	_	NN	Acc.Pl.Masc	Mensch	_	_
2-10	233-236	zur	_	_	_	_	_	_	_	APPRART	Dat.Sg.Fem	zu	false	_
2-11	237-247	Ausbildung	_	_	_	_	_	_	_	NN	Dat.Sg.Fem	Ausbildung	_	_
2-12	248-251	für	_	_	_	_	_	_	_	APPR	_	für	false	_
2-13	252-259	mehrere	_	_	_	_	_	_	_	PIAT	Acc.Pl.Neut	mehrere	_	_
2-14	260-265	Jahre	_	_	_	_	_	_	_	NN	Acc.Pl.Neut	Jahr	_	_
2-15	266-270	nach	_	_	_	_	_	_	_	APPR	_	nach	false	_
2-16	271-282	Deutschland	_	_	_	_	_	_	_	NE	Dat.Sg.Neut	Deutschland	_	_
2-17	283-286	und	_	_	_	_	_	_	_	KON	_	und	false	_
2-18	287-297	Frankreich	_	_	_	_	_	_	_	NE	Dat.Sg.Neut	Frankreich	_	_
2-19	298-299	,	_	_	_	_	_	_	_	$,	_	,	_	_
2-20	300-302	um	_	_	_	_	_	_	_	KOUI	_	um	false	_
2-21	303-307	auch	_	_	_	_	_	_	_	ADV	_	auch	_	_
2-22	308-313	damit	_	_	_	_	_	_	_	PROAV	_	damit	_	_
2-23	314-317	die	_	_	_	_	_	_	_	ART	Acc.Sg.Fem	der	false	_
2-24	318-332	Modernisierung	_	_	_	_	_	_	_	NN	Acc.Sg.Fem	Modernisierung	_	_
2-25	333-336	des	_	_	_	_	_	_	_	ART	Gen.Sg.Neut	der	false	_
2-26	337-343	Landes	_	_	_	_	_	_	_	NN	Gen.Sg.Neut	Land	_	_
2-27	344-358	voranzutreiben	_	_	_	_	_	_	_	VVIZU	Infzu	vorantreiben	_	_
2-28	359-360	.	_	_	_	_	_	_	_	$.	_	.	_	_
3-1	363-366	Für	_	_	_	_	_	_	_	APPR	_	für	false	_
3-2	367-370	die	_	_	_	_	_	_	_	ART	Acc.Pl.*	der	false	_
3-3	371-377	jungen	_	_	_	_	_	_	_	ADJA	Pos.Acc.Pl.*	jung	_	_
3-4	378-384	Frauen	_	_	_	_	_	_	_	NN	Acc.Pl.Fem	Frau	_	_
3-5	385-388	und	_	_	_	_	_	_	_	KON	_	und	false	_
3-6	389-395	Männer	_	_	_	_	_	_	_	NN	Acc.Pl.Masc	Mann	_	_
3-7	396-399	aus	_	_	_	_	_	_	_	APPR	_	aus	false	_
3-8	400-403	der	_	_	_	_	_	_	_	ART	Dat.Sg.Fem	der	false	_
3-9	404-412	Mongolei	_	_	_	_	_	_	_	NE	Dat.Sg.Fem	Mongolei	_	_
3-10	413-417	muss	_	_	_	_	_	_	_	VMFIN	3.Sg.Pres.Ind	müssen	_	_
3-11	418-421	das	_	_	_	_	_	_	_	ART	Nom.Sg.Neut	der	false	_
3-12	422-428	Berlin	_	_	_	_	_	_	_	NE	Nom.Sg.Neut	Berlin	_	_
3-13	429-432	der	_	_	_	_	_	_	_	ART	Gen.Pl.Neut	der	false	_
3-14	433-437	20er	_	_	_	_	_	_	_	ADJA	Pos.*.*.*	20er	_	_
3-15	438-443	Jahre	_	_	_	_	_	_	_	NN	Gen.Pl.Neut	Jahr	_	_
3-16	444-447	ein	_	_	_	_	_	_	_	ART	Nom.Sg.Masc	ein	false	_
3-17	448-458	gewaltiger	_	_	_	_	_	_	_	ADJA	Pos.Nom.Sg.Masc	gewaltig	_	_
3-18	459-470	kultureller	_	_	_	_	_	_	_	ADJA	Pos.Nom.Sg.Masc	kulturell	_	_
3-19	471-477	Schock	_	_	_	_	_	_	_	NN	Nom.Sg.Masc	Schock	_	_
3-20	478-485	gewesen	_	_	_	_	_	_	_	VAPP	Psp	sein	_	_
3-21	486-490	sein	_	_	_	_	_	_	_	VAINF	Inf	sein	_	_
3-22	491-492	.	_	_	_	_	_	_	_	$.	_	.	_	_
4-1	495-498	Die	_	_	_	_	_	_	_	ART	Nom.Sg.Fem	der	false	_
4-2	499-509	Entsendung	_	_	_	_	_	_	_	NN	Nom.Sg.Fem	Entsendung	_	_
4-3	510-516	belegt	_	_	_	_	_	_	_	VVFIN	3.Sg.Pres.Ind	belegen	_	_
4-4	517-518	,	_	_	_	_	_	_	_	$,	_	,	_	_
4-5	519-523	dass	_	_	_	_	_	_	_	KOUS	_	dass	false	_
4-6	524-527	die	_	_	_	_	_	_	_	ART	Nom.Sg.Fem	der	false	_
4-7	528-537	Regierung	_	_	_	_	_	_	_	NN	Nom.Sg.Fem	Regierung	_	_
4-8	538-540	in	_	_	_	_	_	_	_	APPR	_	in	false	_
4-9	541-545	Ulan	_	_	_	_	_	_	_	NE	Nom.Sg.Masc	Ulan	_	_
4-10	546-551	Bator	_	_	_	_	_	_	_	NE	Dat.Sg.Masc	Bator	_	_
4-11	552-557	schon	_	_	_	_	_	_	_	ADV	_	schon	_	_
4-12	558-564	damals	_	_	_	_	_	_	_	ADV	_	damals	_	_
4-13	565-566	,	_	_	_	_	_	_	_	$,	_	,	_	_
4-14	567-570	nur	_	_	_	_	_	_	_	ADV	_	nur	_	_
4-15	571-577	wenige	_	_	_	_	_	_	_	PIAT	Acc.Pl.Neut	weniger	_	_
4-16	578-583	Jahre	_	_	_	_	_	_	_	NN	Acc.Pl.Neut	Jahr	_	_
4-17	584-588	nach	_	_	_	_	_	_	_	APPR	_	nach	false	_
4-18	589-592	der	_	_	_	_	_	_	_	ART	Dat.Sg.Fem	der	false	_
4-19	593-601	Gründung	_	_	_	_	_	_	_	NN	Dat.Sg.Fem	Gründung	_	_
4-20	602-605	der	_	_	_	_	_	_	_	ART	Gen.Sg.Fem	der	false	_
4-21	606-618	mongolischen	_	_	_	_	_	_	_	ADJA	Pos.Gen.Sg.Fem	mongolisch	_	_
4-22	619-632	Volksrepublik	_	_	_	_	_	_	_	NN	Gen.Sg.Fem	Volksrepublik	_	_
4-23	633-634	,	_	_	_	_	_	_	_	$,	_	,	_	_
4-24	635-642	bereits	_	_	_	_	_	_	_	ADV	_	bereits	_	_
4-25	643-647	weit	_	_	_	_	_	_	_	ADJD	Pos	weit	_	_
4-26	648-652	über	_	_	_	_	_	_	_	APPR	_	über	false	_
4-27	653-656	die	_	_	_	_	_	_	_	ART	Acc.Sg.Fem	der	false	_
4-28	657-668	Sowjetunion	_	_	_	_	_	_	_	NE	Acc.Sg.Fem	Sowjetunion	_	_
4-29	669-675	hinaus	_	_	_	_	_	_	_	APZR	_	hinaus	false	_
4-30	676-680	nach	_	_	_	_	_	_	_	APPR	_	nach	false	_
4-31	681-687	Westen	_	_	_	_	_	_	_	NN	Dat.Sg.Masc	Westen	_	_
4-32	688-691	und	_	_	_	_	_	_	_	KON	_	und	false	_
4-33	692-696	nach	_	_	_	_	_	_	_	APPR	_	nach	false	_
4-34	697-708	Deutschland	_	_	_	_	_	_	_	NE	Dat.Sg.Neut	Deutschland	_	_
4-35	709-716	blickte	_	_	_	_	_	_	_	VVFIN	3.Sg.Past.Ind	blicken	_	_
4-36	717-718	.	_	_	_	_	_	_	_	$.	_	.	_	_
5-1	721-724	Die	_	_	_	_	_	_	_	ART	Nom.Pl.Neut	der	false	_
5-2	725-731	jungen	_	_	_	_	_	_	_	ADJA	Pos.Nom.Pl.Neut	jung	_	_
5-3	732-740	Mongolen	_	_	_	_	_	_	_	NN	Nom.Pl.Neut	Mongole	_	_
5-4	741-748	kehrten	_	_	_	_	_	_	_	VVFIN	3.Pl.Past.Ind	kehren	_	_
5-5	749-753	1930	_	_	_	_	_	_	_	CARD	_	1930	_	_
5-6	754-756	in	_	_	_	_	_	_	_	APPR	_	in	false	_
5-7	757-760	ihr	_	_	_	_	_	_	_	PPOSAT	Acc.Sg.Neut	ihr	_	_
5-8	761-771	Heimatland	_	_	_	_	_	_	_	NN	Acc.Sg.Neut	Heimatland	_	_
5-9	772-778	zurück	_	_	_	_	_	_	_	PTKVZ	_	zurück	false	_
5-10	779-780	.	_	_	_	_	_	_	_	$.	_	.	_	_
6-1	783-788	Viele	_	_	_	_	_	_	_	PIS	Nom.Pl.*	viele	_	_
6-2	789-792	von	_	_	_	_	_	_	_	APPR	_	von	false	_
6-3	793-798	ihnen	_	_	_	_	_	_	_	PPER	3.Dat.Pl.*	ihnen	_	_
6-4	799-805	wurden	_	_	_	_	_	_	_	VAFIN	3.Pl.Past.Ind	werden	_	_
6-5	806-809	als	_	_	_	_	_	_	_	APPR	_	als	false	_
6-6	810-827	wissenschaftliche	_	_	_	_	_	_	_	ADJA	Pos.Nom.Pl.Fem	wissenschaftlich	_	_
6-7	828-841	Spitzenkräfte	_	_	_	_	_	_	_	NN	Nom.Pl.Fem	Spitzenkraft	_	_
6-8	842-849	berühmt	_	_	_	_	_	_	_	ADJD	Pos	berühmt	_	_
6-9	850-851	:	_	_	_	_	_	_	_	$.	_	:	_	_
6-10	852-855	Ich	_	_	_	_	_	_	_	PPER	1.Nom.Sg.*	ich	_	_
6-11	856-861	nenne	_	_	_	_	_	_	_	VVFIN	1.Sg.Pres.Ind	nennen	_	_
6-12	862-866	hier	_	_	_	_	_	_	_	ADV	_	hier	_	_
6-13	867-870	nur	_	_	_	_	_	_	_	ADV	_	nur	_	_
6-14	871-874	den	_	_	_	_	_	_	_	ART	Acc.Sg.Masc	der	false	_
6-15	875-884	Begründer	_	_	_	_	_	_	_	NN	Acc.Sg.Masc	Begründer	_	_
6-16	885-888	der	_	_	_	_	_	_	_	ART	Gen.Sg.Fem	der	false	_
6-17	889-897	modernen	_	_	_	_	_	_	_	ADJA	Pos.Gen.Sg.Fem	modern	_	_
6-18	898-910	mongolischen	_	_	_	_	_	_	_	ADJA	Pos.Gen.Sg.Fem	mongolisch	_	_
6-19	911-920	Literatur	_	_	_	_	_	_	_	NN	Gen.Sg.Fem	Literatur	_	_
6-20	921-931	Natsagdorj	_	_	_	_	_	_	_	NE	Nom.Sg.*	Natsagdorj	_	_
6-21	932-935	und	_	_	_	_	_	_	_	KON	_	und	false	_
6-22	936-939	den	_	_	_	_	_	_	_	ART	Acc.Sg.Masc	der	false	_
6-23	940-945	Maler	_	_	_	_	_	_	_	NN	Acc.Sg.Masc	Maler	_	_
6-24	946-949	und	_	_	_	_	_	_	_	KON	_	und	false	_
6-25	950-959	Ingenieur	_	_	_	_	_	_	_	NE	Nom.Sg.Masc	Ingenieur	_	_
6-26	960-973	Namkhaitseren	_	_	_	_	_	_	_	NE	Acc.Sg.Masc	Namkhaitseren	_	_
6-27	974-975	.	_	_	_	_	_	_	_	$.	_	.	_	_
7-1	978-984	Einige	_	_	_	_	_	_	_	PIS	Nom.Pl.Masc	einige	_	_
7-2	985-988	der	_	_	_	_	_	_	_	ART	Gen.Pl.Masc	der	false	_
7-3	989-999	Heimkehrer	_	_	_	_	_	_	_	NN	Gen.Pl.Masc	Heimkehrer	_	_
7-4	1000-1006	fielen	_	_	_	_	_	_	_	VVFIN	3.Pl.Past.Ind	fallen	_	_
7-5	1007-1013	später	_	_	_	_	_	_	_	ADJD	Comp	spät	_	_
7-6	1014-1016	in	_	_	_	_	_	_	_	APPR	_	in	false	_
7-7	1017-1020	der	_	_	_	_	_	_	_	ART	Dat.Sg.Fem	der	false	_
7-8	1021-1029	Mongolei	_	_	_	_	_	_	_	NE	Dat.Sg.Fem	Mongolei	_	_
7-9	1030-1041	politischen	_	_	_	_	_	_	_	ADJA	Pos.Dat.Pl.Fem	politisch	_	_
7-10	1042-1054	Repressionen	_	_	_	_	_	_	_	NN	Gen.Pl.Fem	Repression	_	_
7-11	1055-1058	der	_	_	_	_	_	_	_	ART	Gen.Pl.Masc	der	false	_
7-12	1059-1068	damaligen	_	_	_	_	_	_	_	ADJA	Pos.Gen.Pl.Masc	damalig	_	_
7-13	1069-1079	Machthaber	_	_	_	_	_	_	_	NN	Gen.Pl.Masc	Machthaber	_	_
7-14	1080-1083	zum	_	_	_	_	_	_	_	APPRART	Dat.Sg.Neut	zu	false	_
7-15	1084-1089	Opfer	_	_	_	_	_	_	_	NN	Dat.Sg.Neut	Opfer	_	_
7-16	1090-1091	.	_	_	_	_	_	_	_	$.	_	.	_	_
8-1	1094-1108	Freiheitliches	_	_	_	_	_	_	_	ADJA	Pos.Nom.Sg.Neut	freiheitlich	_	_
8-2	1109-1115	Denken	_	_	_	_	_	_	_	NN	Nom.Sg.Neut	denken	_	_
8-3	1116-1119	und	_	_	_	_	_	_	_	KON	_	und	false	_
8-4	1120-1128	Diktatur	_	_	_	_	_	_	_	NN	Nom.Sg.Fem	Diktatur	_	_
8-5	1129-1136	passten	_	_	_	_	_	_	_	VVFIN	3.Pl.Pres.Ind	passten	_	_
8-6	1137-1142	nicht	_	_	_	_	_	_	_	PTKNEG	_	nicht	_	_
8-7	1143-1151	zusammen	_	_	_	_	_	_	_	PTKVZ	_	zusammen	false	_
8-8	1152-1153	.	_	_	_	_	_	_	_	$.	_	.	_	_
9-1	1156-1160	Umso	_	_	_	_	_	_	_	ADV	_	umso	_	_
9-2	1161-1170	wichtiger	_	_	_	_	_	_	_	ADJD	Comp	wichtig	_	_
9-3	1171-1176	finde	_	_	_	_	_	_	_	VVFIN	1.Sg.Pres.Ind	finden	_	false
9-4	1177-1180	ich	_	_	_	_	_	_	_	PPER	1.Nom.Sg.*	ich	_	_
9-5	1181-1183	es	_	_	_	_	_	_	_	PPER	3.Acc.Sg.Neut	es	_	_
9-6	1184-1185	,	_	_	_	_	_	_	_	$,	_	,	_	_
9-7	1186-1191	diese	_	_	_	_	_	_	_	PDAT	Acc.Pl.Masc	dieser	_	_
9-8	1192-1200	Pioniere	_	_	_	_	_	_	_	NN	Acc.Pl.Masc	Pionier	_	_
9-9	1201-1204	der	_	_	_	_	_	_	_	ART	Gen.Pl.Fem	der	false	_
9-10	1205-1212	deutsch	_	_	_	_	_	_	_	ADJD	Pos	deutsch	_	_
9-11	1213-1225	mongolischen	_	_	_	_	_	_	_	ADJA	Pos.Gen.Pl.Fem	mongolisch	_	_
9-12	1226-1237	Beziehungen	_	_	_	_	_	_	_	NN	Gen.Pl.Fem	Beziehung	_	_
9-13	1238-1240	zu	_	_	_	_	_	_	_	PTKZU	_	zu	false	_
9-14	1241-1249	würdigen	_	_	_	_	_	_	_	VVINF	Inf	würdigen	_	_
9-15	1250-1251	.	_	_	_	_	_	_	_	$.	_	.	_	_
10-1	1254-1257	Was	_	_	_	_	_	_	_	PWS	Nom.Sg.Neut	was	_	_
10-2	1258-1261	als	_	_	_	_	_	_	_	APPR	_	als	false	_
10-3	1262-1270	schmaler	false	2sem	_	_	_	_	_	ADJA	Pos.Nom.Sg.Masc	schmal	_	_
10-4	1271-1275	Pfad	false	0Kern	true	true	schmaler Weg	lose Zusammenarbeit	10-3	NN	Nom.Sg.Masc	Pfad	_	_
10-5	1276-1284	zwischen	_	_	_	_	_	_	_	APPR	_	zwischen	false	_
10-6	1285-1292	unseren	_	_	_	_	_	_	_	PPOSAT	Dat.Pl.Neut	unser	_	_
10-7	1293-1300	Ländern	_	_	_	_	_	_	_	NN	Dat.Pl.Neut	Land	_	_
10-8	1301-1307	begann	_	_	_	_	_	_	_	VVFIN	3.Sg.Past.Ind	beginnen	_	_
10-9	1308-1309	,	_	_	_	_	_	_	_	$,	_	,	_	_
10-10	1310-1315	wurde	_	_	_	_	_	_	_	VAFIN	3.Sg.Past.Ind	werden	_	_
10-11	1316-1318	in	_	_	_	_	_	_	_	APPR	_	in	false	_
10-12	1319-1322	der	_	_	_	_	_	_	_	ART	Dat.Sg.Fem	der	false	_
10-13	1323-1337	Nachkriegszeit	_	_	_	_	_	_	_	NN	Dat.Sg.Fem	Nachkriegszeit	_	_
10-14	1338-1340	zu	_	_	_	_	_	_	_	APPR	_	zu	false	_
10-15	1341-1346	einer	_	_	_	_	_	_	_	ART	Dat.Sg.Fem	ein	false	_
10-16	1347-1354	breiten	false	2sem	_	_	_	_	_	ADJA	Pos.Dat.Sg.Fem	breit	_	_
10-17	1355-1368	Schnellstraße	false	0Kern	true	true	gut ausgebaute Straße für den Schnellverkehr	enge Zusammenarbeit	10-16	NN	Dat.Sg.Fem	Schnellstraße	_	_
10-18	1369-1370	.	_	_	_	_	_	_	_	$.	_	.	_	_
11-1	1373-1378	Durch	_	_	_	_	_	_	_	APPR	_	durch	false	_
11-2	1379-1382	die	_	_	_	_	_	_	_	ART	Acc.Sg.Fem	der	false	_
11-3	1383-1387	enge	_	_	_	_	_	_	_	ADJA	Pos.Acc.Sg.Fem	eng	_	_
11-4	1388-1402	Zusammenarbeit	_	_	_	_	_	_	_	NN	Acc.Sg.Fem	Zusammenarbeit	_	_
11-5	1403-1406	mit	_	_	_	_	_	_	_	APPR	_	mit	false	_
11-6	1407-1410	der	_	_	_	_	_	_	_	ART	Dat.Sg.Fem	der	false	_
11-7	1411-1421	ehemaligen	_	_	_	_	_	_	_	ADJA	Pos.Dat.Sg.Fem	ehemalig	_	_
11-8	1422-1425	DDR	_	_	_	_	_	_	_	NE	Dat.Sg.Fem	DDR	_	_
11-9	1426-1433	lernten	_	_	_	_	_	_	_	VVFIN	3.Pl.Past.Ind	lernen	_	_
11-10	1434-1438	über	_	_	_	_	_	_	_	ADV	_	über	_	_
11-11	1439-1445	30.000	_	_	_	_	_	_	_	CARD	_	30.000	_	_
11-12	1446-1451	Ihrer	_	_	_	_	_	_	_	PPOSAT	Gen.Pl.Masc	ihr	_	_
11-13	1452-1458	Bürger	_	_	_	_	_	_	_	NN	Gen.Pl.Masc	Bürger	_	_
11-14	1459-1464	unser	_	_	_	_	_	_	_	PPOSAT	Acc.Sg.Neut	unser	_	_
11-15	1465-1469	Land	_	_	_	_	_	_	_	NN	Acc.Sg.Neut	Land	_	_
11-16	1470-1473	und	_	_	_	_	_	_	_	KON	_	und	false	_
11-17	1474-1480	unsere	_	_	_	_	_	_	_	PPOSAT	Acc.Sg.Fem	unser	_	_
11-18	1481-1488	Sprache	_	_	_	_	_	_	_	NN	Acc.Sg.Fem	Sprache	_	_
11-19	1489-1495	kennen	_	_	_	_	_	_	_	VVINF	Inf	kennen	_	_
11-20	1496-1497	.	_	_	_	_	_	_	_	$.	_	.	_	_
12-1	1500-1504	Noch	_	_	_	_	_	_	_	ADV	_	noch	_	_
12-2	1505-1510	heute	_	_	_	_	_	_	_	ADV	_	heute	_	_
12-3	1511-1517	wirken	_	_	_	_	_	_	_	VVFIN	3.Pl.Pres.Ind	wirken	_	_
12-4	1518-1521	die	_	_	_	_	_	_	_	ART	Nom.Pl.Masc	der	false	_
12-5	1522-1527	engen	_	_	_	_	_	_	_	ADJA	Pos.Nom.Pl.Masc	eng	_	_
12-6	1528-1536	Kontakte	_	_	_	_	_	_	_	NN	Nom.Pl.Masc	Kontakt	_	_
12-7	1537-1543	weiter	_	_	_	_	_	_	_	PTKVZ	_	weiter	false	_
12-8	1544-1545	.	_	_	_	_	_	_	_	$.	_	.	_	_
13-1	1548-1553	Trotz	_	_	_	_	_	_	_	APPR	_	trotz	false	_
13-2	1554-1557	der	_	_	_	_	_	_	_	ART	*.Sg.Fem	der	false	_
13-3	1558-1566	normalen	_	_	_	_	_	_	_	ADJA	Pos.*.Sg.Fem	normal	_	_
13-4	1567-1577	Konkurrenz	_	_	_	_	_	_	_	NN	*.Sg.Fem	Konkurrenz	_	_
13-5	1578-1581	mit	_	_	_	_	_	_	_	APPR	_	mit	false	_
13-6	1582-1589	anderen	_	_	_	_	_	_	_	ADJA	Pos.Dat.Pl.Fem	anderer	_	_
13-7	1590-1603	Fremdsprachen	_	_	_	_	_	_	_	NN	Dat.Pl.Fem	Fremdsprache	_	_
13-8	1604-1610	lernen	_	_	_	_	_	_	_	VVFIN	3.Pl.Pres.Ind	lernen	_	_
13-9	1611-1616	viele	_	_	_	_	_	_	_	PIAT	Nom.Pl.Masc	vieler	_	_
13-10	1617-1628	mongolische	_	_	_	_	_	_	_	ADJA	Pos.Nom.Pl.Masc	mongolisch	_	_
13-11	1629-1636	Schüler	_	_	_	_	_	_	_	NN	Nom.Pl.Masc	Schüler	_	_
13-12	1637-1644	Deutsch	_	_	_	_	_	_	_	NN	Acc.Sg.Neut	Deutsch	_	_
13-13	1645-1646	.	_	_	_	_	_	_	_	$.	_	.	_	_
14-1	1649-1656	Derzeit	_	_	_	_	_	_	_	ADV	_	derzeit	_	_
14-2	1657-1666	studieren	_	_	_	_	_	_	_	VVFIN	3.Pl.Pres.Ind	studieren	_	_
14-3	1667-1675	ungefähr	_	_	_	_	_	_	_	ADJD	Pos	ungefähr	_	_
14-4	1676-1681	1.300	_	_	_	_	_	_	_	CARD	_	1.300	_	_
14-5	1682-1693	mongolische	_	_	_	_	_	_	_	ADJA	Pos.Nom.Pl.Masc	mongolisch	_	_
14-6	1694-1703	Studenten	_	_	_	_	_	_	_	NN	Nom.Pl.Masc	Student	_	_
14-7	1704-1706	in	_	_	_	_	_	_	_	APPR	_	in	false	_
14-8	1707-1718	Deutschland	_	_	_	_	_	_	_	NE	Dat.Sg.Neut	Deutschland	_	_
14-9	1719-1720	.	_	_	_	_	_	_	_	$.	_	.	_	_
15-1	1723-1728	Schon	_	_	_	_	_	_	_	ADV	_	schon	_	_
15-2	1729-1736	alleine	_	_	_	_	_	_	_	ADV	_	alleine	_	_
15-3	1737-1742	wegen	_	_	_	_	_	_	_	APPR	_	wegen	false	_
15-4	1743-1750	unserer	_	_	_	_	_	_	_	PPOSAT	*.Sg.Fem	mein	_	_
15-5	1751-1756	engen	_	_	_	_	_	_	_	ADJA	Pos.*.Sg.Fem	eng	_	_
15-6	1757-1771	Zusammenarbeit	_	_	_	_	_	_	_	NN	*.Sg.Fem	Zusammenarbeit	_	_
15-7	1772-1774	im	_	_	_	_	_	_	_	APPRART	Dat.Sg.Masc	in	false	_
15-8	1775-1790	Bildungsbereich	_	_	_	_	_	_	_	NN	Dat.Sg.Masc	Bildungsbereich	_	_
15-9	1791-1792	,	_	_	_	_	_	_	_	$,	_	,	_	_
15-10	1793-1798	allen	_	_	_	_	_	_	_	PIS	Dat.Pl.*	alle	_	_
15-11	1799-1804	voran	_	_	_	_	_	_	_	ADV	_	voran	_	_
15-12	1805-1810	durch	_	_	_	_	_	_	_	APPR	_	durch	false	_
15-13	1811-1814	den	_	_	_	_	_	_	_	ART	Acc.Sg.Masc	der	false	_
15-14	1815-1824	Deutschen	_	_	_	_	_	_	_	ADJA	Pos.Acc.Sg.Masc	deutsch	_	_
15-15	1825-1837	Akademischen	_	_	_	_	_	_	_	ADJA	Pos.Acc.Sg.Masc	akademisch	_	_
15-16	1838-1853	Austauschdienst	_	_	_	_	_	_	_	NN	Acc.Sg.Masc	Austauschdienst	_	_
15-17	1854-1855	,	_	_	_	_	_	_	_	$,	_	,	_	_
15-18	1856-1860	wird	_	_	_	_	_	_	_	VAFIN	3.Sg.Pres.Ind	werden	_	_
15-19	1861-1866	diese	_	_	_	_	_	_	_	PDAT	Nom.Sg.Fem	dieser	_	_
15-20	1867-1870	gut	false	2sem	_	_	_	_	_	ADJD	Pos	gut	_	_
15-21	1871-1881	ausgebaute	false	2sem	_	_	_	_	_	ADJA	Pos.Nom.Sg.Fem	ausgebaut	_	_
15-22	1882-1896	Fernverbindung	false	0Kern	true	true	Verkehrsverbindung	enge Zusammenarbeit	15-21|15-20	NN	Nom.Sg.Fem	Fernverbindung	_	_
15-23	1897-1905	zwischen	_	_	_	_	_	_	_	APPR	_	zwischen	false	_
15-24	1906-1913	unseren	_	_	_	_	_	_	_	PPOSAT	Dat.Pl.Neut	unser	_	_
15-25	1914-1921	Ländern	_	_	_	_	_	_	_	NN	Dat.Pl.Neut	Land	_	_
15-26	1922-1926	auch	_	_	_	_	_	_	_	ADV	_	auch	_	_
15-27	1927-1929	in	_	_	_	_	_	_	_	APPR	_	in	false	_
15-28	1930-1937	Zukunft	_	_	_	_	_	_	_	NN	Dat.Sg.Fem	Zukunft	_	_
15-29	1938-1945	Bestand	_	_	_	_	_	_	_	NN	Acc.Sg.Masc	Bestand	_	_
15-30	1946-1951	haben	_	_	_	_	_	_	_	VAINF	Inf	haben	_	false
15-31	1952-1953	.	_	_	_	_	_	_	_	$.	_	.	_	_
16-1	1956-1959	Das	_	_	_	_	_	_	_	ART	Nom.Sg.Neut	der	false	_
16-2	1960-1964	Ende	_	_	_	_	_	_	_	NN	Nom.Sg.Neut	Ende	_	_
16-3	1965-1980	sozialistischer	_	_	_	_	_	_	_	ADJA	Pos.Gen.Pl.Neut	sozialistisch	_	_
16-4	1981-1988	Systeme	_	_	_	_	_	_	_	NN	Gen.Pl.Neut	System	_	_
16-5	1989-1992	hat	_	_	_	_	_	_	_	VAFIN	3.Sg.Pres.Ind	haben	_	false
16-6	1993-1995	in	_	_	_	_	_	_	_	APPR	_	in	false	_
16-7	1996-1999	all	_	_	_	_	_	_	_	PIAT	*.*.*	all	_	_
16-8	2000-2006	seinen	_	_	_	_	_	_	_	PPOSAT	Dat.Pl.Fem	sein	_	_
16-9	2007-2021	Gesellschaften	_	_	_	_	_	_	_	NN	Dat.Pl.Fem	Gesellschaft	_	_
16-10	2022-2024	zu	_	_	_	_	_	_	_	APPR	_	zu	false	_
16-11	2025-2029	tief	_	_	_	_	_	_	_	ADJD	Pos	tief	_	_
16-12	2030-2040	greifenden	_	_	_	_	_	_	_	ADJA	Pos.Dat.Pl.Fem	greifend	_	_
16-13	2041-2054	Veränderungen	_	_	_	_	_	_	_	NN	Dat.Pl.Fem	Veränderung	_	_
16-14	2055-2062	geführt	_	_	_	_	_	_	_	VVPP	Psp	führen	_	false
16-15	2063-2064	,	_	_	_	_	_	_	_	$,	_	,	_	_
16-16	2065-2068	die	_	_	_	_	_	_	_	PRELS	Nom.Pl.Fem	der	_	_
16-17	2069-2074	heute	_	_	_	_	_	_	_	ADV	_	heute	_	_
16-18	2075-2079	noch	_	_	_	_	_	_	_	ADV	_	noch	_	_
16-19	2080-2090	nachwirken	_	_	_	_	_	_	_	VVFIN	3.Pl.Pres.Ind	nachwirken	_	_
16-20	2091-2092	-	_	_	_	_	_	_	_	$(	_	-	_	_
16-21	2093-2096	das	_	_	_	_	_	_	_	PDS	Nom.Sg.Neut	der	_	_
16-22	2097-2101	gilt	_	_	_	_	_	_	_	VVFIN	3.Sg.Pres.Ind	gelten	_	_
16-23	2102-2106	auch	_	_	_	_	_	_	_	ADV	_	auch	_	_
16-24	2107-2110	für	_	_	_	_	_	_	_	APPR	_	für	false	_
16-25	2111-2115	mein	_	_	_	_	_	_	_	PPOSAT	Acc.Sg.Neut	mein	_	_
16-26	2116-2120	Land	_	_	_	_	_	_	_	NN	Acc.Sg.Neut	Land	_	_
16-27	2121-2122	.	_	_	_	_	_	_	_	$.	_	.	_	_
17-1	2125-2127	In	_	_	_	_	_	_	_	APPR	_	in	false	_
17-2	2128-2131	der	_	_	_	_	_	_	_	ART	Dat.Sg.Fem	der	false	_
17-3	2132-2140	Mongolei	_	_	_	_	_	_	_	NE	Dat.Sg.Fem	Mongolei	_	_
17-4	2141-2144	gab	_	_	_	_	_	_	_	VVFIN	3.Sg.Past.Ind	geben	_	false
17-5	2145-2147	es	_	_	_	_	_	_	_	PPER	3.Nom.Sg.Neut	es	_	_
17-6	2148-2152	nach	_	_	_	_	_	_	_	APPR	_	nach	false	_
17-7	2153-2157	1990	_	_	_	_	_	_	_	CARD	_	1990	_	_
17-8	2158-2163	trotz	_	_	_	_	_	_	_	APPR	_	trotz	false	_
17-9	2164-2167	der	_	_	_	_	_	_	_	ART	*.Sg.Fem	der	false	_
17-10	2168-2173	Armut	_	_	_	_	_	_	_	NN	*.Sg.Fem	Armut	_	_
17-11	2174-2180	vieler	_	_	_	_	_	_	_	PIAT	Gen.Pl.Masc	vieler	_	_
17-12	2181-2187	Bürger	_	_	_	_	_	_	_	NN	Gen.Pl.Masc	Bürger	_	_
17-13	2188-2193	einen	_	_	_	_	_	_	_	ART	Acc.Sg.Masc	ein	false	_
17-14	2194-2205	friedlichen	_	_	_	_	_	_	_	ADJA	Pos.Acc.Sg.Masc	friedlich	_	_
17-15	2206-2212	Wandel	_	_	_	_	_	_	_	NN	Acc.Sg.Masc	Wandel	_	_
17-16	2213-2214	.	_	_	_	_	_	_	_	$.	_	.	_	_
18-1	2217-2220	Ich	_	_	_	_	_	_	_	PPER	1.Nom.Sg.*	ich	_	_
18-2	2221-2225	sage	_	_	_	_	_	_	_	VVFIN	1.Sg.Pres.Ind	sagen	_	_
18-3	2226-2233	bewusst	_	_	_	_	_	_	_	ADJD	Pos	bewusst	_	_
18-4	2234-2239	trotz	_	_	_	_	_	_	_	PTKVZ	_	trotz	false	_
18-5	2240-2241	,	_	_	_	_	_	_	_	$,	_	,	_	_
18-6	2242-2244	da	_	_	_	_	_	_	_	KOUS	_	da	false	_
18-7	2245-2250	Armut	_	_	_	_	_	_	_	NN	Nom.Sg.Fem	Armut	_	_
18-8	2251-2254	oft	_	_	_	_	_	_	_	ADV	_	oft	_	_
18-9	2255-2258	ein	_	_	_	_	_	_	_	ART	Nom.Sg.Masc	ein	false	_
18-10	2259-2268	Nährboden	false	0Kern	true	true	Substanz aus flüssigen oder festen Stoffen als Untergrund für Pilz- oder Bakterienkulturen sowie zur Anzucht von Zellgewebe	zu Gewalt führen	_	NN	Nom.Sg.Masc	Nährboden	_	_
18-11	2269-2272	für	_	_	_	_	_	_	_	APPR	_	für	false	_
18-12	2273-2279	Gewalt	_	_	_	_	_	_	_	NN	Acc.Sg.Fem	Gewalt	_	_
18-13	2280-2283	ist	_	_	_	_	_	_	_	VAFIN	3.Sg.Pres.Ind	sein	_	_
18-14	2284-2285	.	_	_	_	_	_	_	_	$.	_	.	_	_
19-1	2288-2293	Dafür	_	_	_	_	_	_	_	PROAV	_	dafür	_	_
19-2	2294-2301	gebührt	_	_	_	_	_	_	_	VVFIN	3.Sg.Pres.Ind	gebühren	_	_
19-3	2302-2307	Ihnen	_	_	_	_	_	_	_	PPER	3.Dat.Pl.*	ihnen	_	_
19-4	2308-2313	unser	_	_	_	_	_	_	_	PPOSAT	Nom.Sg.Masc	unser	_	_
19-5	2314-2321	Respekt	_	_	_	_	_	_	_	NN	Nom.Sg.Masc	Respekt	_	_
19-6	2322-2323	.	_	_	_	_	_	_	_	$.	_	.	_	_
20-1	2326-2329	Die	_	_	_	_	_	_	_	ART	Nom.Sg.Fem	der	false	_
20-2	2330-2338	Mongolei	_	_	_	_	_	_	_	NE	Nom.Sg.Fem	Mongolei	_	_
20-3	2339-2342	hat	_	_	_	_	_	_	_	VAFIN	3.Sg.Pres.Ind	haben	_	false
20-4	2343-2347	sich	_	_	_	_	_	_	_	PRF	3.Acc.Sg	sich	_	_
20-5	2348-2350	zu	_	_	_	_	_	_	_	APPR	_	zu	false	_
20-6	2351-2361	Demokratie	_	_	_	_	_	_	_	NN	Dat.Sg.Fem	Demokratie	_	_
20-7	2362-2363	,	_	_	_	_	_	_	_	$,	_	,	_	_
20-8	2364-2375	Rechtsstaat	_	_	_	_	_	_	_	NN	Dat.Sg.Masc	Rechtsstaat	_	_
20-9	2376-2379	und	_	_	_	_	_	_	_	KON	_	und	false	_
20-10	2380-2396	Meinungsfreiheit	_	_	_	_	_	_	_	NN	Dat.Sg.Fem	Meinungsfreiheit	_	_
20-11	2397-2404	bekannt	_	_	_	_	_	_	_	VVPP	Psp	bekennen	_	_
20-12	2405-2406	.	_	_	_	_	_	_	_	$.	_	.	_	_
21-1	2409-2412	Ich	_	_	_	_	_	_	_	PPER	1.Nom.Sg.*	ich	_	_
21-2	2413-2419	möchte	_	_	_	_	_	_	_	VMFIN	1.Sg.Pres.Ind	möchten	_	_
21-3	2420-2423	Sie	_	_	_	_	_	_	_	PPER	3.Acc.Pl.*	sie	_	_
21-4	2424-2425	,	_	_	_	_	_	_	_	$,	_	,	_	_
21-5	2426-2430	auch	_	_	_	_	_	_	_	ADV	_	auch	_	_
21-6	2431-2436	wegen	_	_	_	_	_	_	_	APPR	_	wegen	false	_
21-7	2437-2440	der	_	_	_	_	_	_	_	ART	Gen.Pl.Neut	der	false	_
21-8	2441-2449	jüngsten	_	_	_	_	_	_	_	ADJA	Sup.Gen.Pl.Neut	jung	_	_
21-9	2450-2460	Ereignisse	_	_	_	_	_	_	_	NN	Gen.Pl.Neut	Ereignis	_	_
21-10	2461-2463	im	_	_	_	_	_	_	_	APPRART	Dat.Sg.Neut	in	false	_
21-11	2464-2470	Umfeld	_	_	_	_	_	_	_	NN	Dat.Sg.Neut	Umfeld	_	_
21-12	2471-2474	der	_	_	_	_	_	_	_	ART	Gen.Pl.Fem	der	false	_
21-13	2475-2481	Wahlen	_	_	_	_	_	_	_	NN	Gen.Pl.Fem	Wahl	_	_
21-14	2482-2483	,	_	_	_	_	_	_	_	$,	_	,	_	_
21-15	2484-2493	ermutigen	_	_	_	_	_	_	_	VVINF	Inf	ermutigen	_	_
21-16	2494-2495	,	_	_	_	_	_	_	_	$,	_	,	_	_
21-17	2496-2502	diesen	_	_	_	_	_	_	_	PDAT	Acc.Sg.Masc	dieser	_	_
21-18	2503-2506	Weg	_	_	_	_	_	_	_	NN	Acc.Sg.Masc	Weg	_	_
21-19	2507-2517	konsequent	_	_	_	_	_	_	_	ADJD	Pos	konsequent	_	_
21-20	2518-2524	weiter	_	_	_	_	_	_	_	ADV	_	weiter	_	_
21-21	2525-2527	zu	_	_	_	_	_	_	_	PTKZU	_	zu	false	_
21-22	2528-2533	gehen	_	_	_	_	_	_	_	VVINF	Inf	gehen	_	false
21-23	2534-2535	.	_	_	_	_	_	_	_	$.	_	.	_	_
22-1	2538-2540	So	_	_	_	_	_	_	_	ADV	_	so	_	_
22-2	2541-2550	schwierig	_	_	_	_	_	_	_	ADJD	Pos	schwierig	_	_
22-3	2551-2553	es	_	_	_	_	_	_	_	PPER	3.Nom.Sg.Neut	es	_	_
22-4	2554-2558	auch	_	_	_	_	_	_	_	ADV	_	auch	_	_
22-5	2559-2563	sein	_	_	_	_	_	_	_	VAINF	Inf	sein	_	_
22-6	2564-2567	mag	_	_	_	_	_	_	_	VMFIN	3.Sg.Pres.Ind	mögen	_	_
22-7	2568-2569	,	_	_	_	_	_	_	_	$,	_	,	_	_
22-8	2570-2572	so	_	_	_	_	_	_	_	ADV	_	so	_	_
22-9	2573-2580	wichtig	_	_	_	_	_	_	_	ADJD	Pos	wichtig	_	_
22-10	2581-2590	erscheint	_	_	_	_	_	_	_	VVFIN	3.Sg.Pres.Ind	erscheinen	_	_
22-11	2591-2593	es	_	_	_	_	_	_	_	PPER	3.Nom.Sg.Neut	es	_	_
22-12	2594-2597	mir	_	_	_	_	_	_	_	PPER	1.Dat.Sg.*	mir	_	_
22-13	2598-2599	,	_	_	_	_	_	_	_	$,	_	,	_	_
22-14	2600-2605	dabei	_	_	_	_	_	_	_	PROAV	_	dabei	_	_
22-15	2606-2610	auch	_	_	_	_	_	_	_	ADV	_	auch	_	_
22-16	2611-2614	die	_	_	_	_	_	_	_	ART	Acc.Pl.Fem	der	false	_
22-17	2615-2621	tiefer	_	_	_	_	_	_	_	ADJD	Comp	tief	_	_
22-18	2622-2631	liegenden	_	_	_	_	_	_	_	ADJA	Pos.Acc.Pl.Fem	liegend	_	_
22-19	2632-2640	Ursachen	_	_	_	_	_	_	_	NN	Acc.Pl.Fem	Ursache	_	_
22-20	2641-2646	offen	_	_	_	_	_	_	_	ADJD	Pos	offen	_	_
22-21	2647-2649	zu	_	_	_	_	_	_	_	PTKZU	_	zu	false	_
22-22	2650-2661	diskutieren	_	_	_	_	_	_	_	VVINF	Inf	diskutieren	_	_
22-23	2662-2665	und	_	_	_	_	_	_	_	KON	_	und	false	_
22-24	2666-2669	die	_	_	_	_	_	_	_	ART	Acc.Pl.Fem	der	false	_
22-25	2670-2676	Sorgen	_	_	_	_	_	_	_	NN	Acc.Pl.Fem	Sorge	_	_
22-26	2677-2680	der	_	_	_	_	_	_	_	ART	Gen.Pl.Masc	der	false	_
22-27	2681-2689	Menschen	_	_	_	_	_	_	_	NN	Gen.Pl.Masc	Mensch	_	_
22-28	2690-2702	aufzugreifen	_	_	_	_	_	_	_	VVIZU	Infzu	aufgreifen	_	_
22-29	2703-2704	.	_	_	_	_	_	_	_	$.	_	.	_	_
23-1	2707-2713	Solche	_	_	_	_	_	_	_	PIAT	Acc.Pl.Fem	solcher	_	_
23-2	2714-2722	Debatten	_	_	_	_	_	_	_	NN	Acc.Pl.Fem	Debatte	_	_
23-3	2723-2729	führen	_	_	_	_	_	_	_	VVINF	Inf	führen	_	false
23-4	2730-2733	und	_	_	_	_	_	_	_	KON	_	und	false	_
23-5	2734-2743	aushalten	_	_	_	_	_	_	_	VVINF	Inf	aushalten	_	_
23-6	2744-2746	zu	_	_	_	_	_	_	_	PTKZU	_	zu	false	_
23-7	2747-2753	können	_	_	_	_	_	_	_	VMINF	Inf	können	_	_
23-8	2754-2755	,	_	_	_	_	_	_	_	$,	_	,	_	_
23-9	2756-2759	ist	_	_	_	_	_	_	_	VAFIN	3.Sg.Pres.Ind	sein	_	_
23-10	2760-2763	und	_	_	_	_	_	_	_	KON	_	und	false	_
23-11	2764-2770	bleibt	_	_	_	_	_	_	_	VVFIN	3.Sg.Pres.Ind	bleiben	_	_
23-12	2771-2775	eine	_	_	_	_	_	_	_	PIS	Nom.Sg.Fem	einer	_	_
23-13	2776-2779	der	_	_	_	_	_	_	_	ART	Gen.Pl.Fem	der	false	_
23-14	2780-2786	großen	_	_	_	_	_	_	_	ADJA	Pos.Gen.Pl.Fem	groß	_	_
23-15	2787-2794	Stärken	_	_	_	_	_	_	_	NN	Gen.Pl.Fem	Stärke	_	_
23-16	2795-2809	demokratischer	_	_	_	_	_	_	_	ADJA	Pos.Gen.Pl.Fem	demokratisch	_	_
23-17	2810-2824	Gesellschaften	_	_	_	_	_	_	_	NN	Gen.Pl.Fem	Gesellschaft	_	_
23-18	2825-2826	.	_	_	_	_	_	_	_	$.	_	.	_	_
24-1	2829-2832	Und	_	_	_	_	_	_	_	KON	_	und	false	_
24-2	2833-2836	ich	_	_	_	_	_	_	_	PPER	1.Nom.Sg.*	ich	_	_
24-3	2837-2840	bin	_	_	_	_	_	_	_	VAFIN	1.Sg.Pres.Ind	sein	_	_
24-4	2841-2855	zuversichtlich	_	_	_	_	_	_	_	ADJD	Pos	zuversichtlich	_	_
24-5	2856-2857	,	_	_	_	_	_	_	_	$,	_	,	_	_
24-6	2858-2862	dass	_	_	_	_	_	_	_	KOUS	_	dass	false	_
24-7	2863-2866	die	_	_	_	_	_	_	_	ART	Nom.Sg.Fem	der	false	_
24-8	2867-2875	Mongolei	_	_	_	_	_	_	_	NE	Nom.Sg.Fem	Mongolei	_	_
24-9	2876-2881	diese	_	_	_	_	_	_	_	PDAT	Acc.Sg.Fem	dieser	_	_
24-10	2882-2888	Stärke	_	_	_	_	_	_	_	NN	Acc.Sg.Fem	Stärke	_	_
24-11	2889-2898	aufbringt	_	_	_	_	_	_	_	VVFIN	3.Sg.Pres.Ind	aufbringen	_	_
24-12	2899-2900	.	_	_	_	_	_	_	_	$.	_	.	_	_
25-1	2903-2908	Meine	_	_	_	_	_	_	_	PPOSAT	Nom.Sg.Fem	mein	_	_
25-2	2909-2919	Zuversicht	_	_	_	_	_	_	_	NN	Nom.Sg.Fem	Zuversicht	_	_
25-3	2920-2927	gründet	_	_	_	_	_	_	_	VVFIN	3.Sg.Pres.Ind	gründen	_	_
25-4	2928-2932	sich	_	_	_	_	_	_	_	PRF	3.Acc.Sg	sich	_	_
25-5	2933-2937	auch	_	_	_	_	_	_	_	ADV	_	auch	_	_
25-6	2938-2941	auf	_	_	_	_	_	_	_	APPR	_	auf	false	_
25-7	2942-2945	das	_	_	_	_	_	_	_	PDS	Acc.Sg.Neut	der	_	_
25-8	2946-2947	,	_	_	_	_	_	_	_	$,	_	,	_	_
25-9	2948-2951	was	_	_	_	_	_	_	_	PRELS	Acc.Sg.Neut	wer	_	_
25-10	2952-2955	Ihr	_	_	_	_	_	_	_	PPOSAT	Nom.Sg.Neut	ihr	_	_
25-11	2956-2960	Land	_	_	_	_	_	_	_	NN	Nom.Sg.Neut	Land	_	_
25-12	2961-2963	in	_	_	_	_	_	_	_	APPR	_	in	false	_
25-13	2964-2967	den	_	_	_	_	_	_	_	ART	Dat.Pl.Neut	der	false	_
25-14	2968-2975	letzten	_	_	_	_	_	_	_	ADJA	Pos.Dat.Pl.Neut	letzter	_	_
25-15	2976-2982	Jahren	_	_	_	_	_	_	_	NN	Dat.Pl.Neut	Jahr	_	_
25-16	2983-2986	auf	_	_	_	_	_	_	_	APPR	_	auf	false	_
25-17	2987-2990	dem	_	_	_	_	_	_	_	ART	Dat.Sg.Masc	der	false	_
25-18	2991-2994	Weg	_	_	_	_	_	_	_	NN	Dat.Sg.Masc	Weg	_	_
25-19	2995-2997	zu	_	_	_	_	_	_	_	APPR	_	zu	false	_
25-20	2998-3008	Demokratie	_	_	_	_	_	_	_	NN	Dat.Sg.Fem	Demokratie	_	_
25-21	3009-3012	und	_	_	_	_	_	_	_	KON	_	und	false	_
25-22	3013-3028	Marktwirtschaft	_	_	_	_	_	_	_	NN	Dat.Sg.Fem	Marktwirtschaft	_	_
25-23	3029-3037	erreicht	_	_	_	_	_	_	_	VVPP	Psp	erreichen	_	_
25-24	3038-3041	hat	_	_	_	_	_	_	_	VAFIN	3.Sg.Pres.Ind	haben	_	false
25-25	3042-3043	:	_	_	_	_	_	_	_	$.	_	:	_	_
25-26	3044-3048	Eine	_	_	_	_	_	_	_	PIS	Nom.Sg.Fem	einer	_	_
25-27	3049-3052	der	_	_	_	_	_	_	_	ART	Gen.Pl.Fem	der	false	_
25-28	3053-3059	großen	_	_	_	_	_	_	_	ADJA	Pos.Gen.Pl.Fem	groß	_	_
25-29	3060-3069	deutschen	_	_	_	_	_	_	_	ADJA	Pos.Gen.Pl.Fem	deutsch	_	_
25-30	3070-3080	Stiftungen	_	_	_	_	_	_	_	NN	Gen.Pl.Fem	Stiftung	_	_
25-31	3081-3082	,	_	_	_	_	_	_	_	$,	_	,	_	_
25-32	3083-3086	die	_	_	_	_	_	_	_	ART	Nom.Sg.Fem	der	false	_
25-33	3087-3098	Bertelsmann	_	_	_	_	_	_	_	NE	Nom.Sg.*	Bertelsmann	_	_
25-34	3099-3107	Stiftung	_	_	_	_	_	_	_	NN	Nom.Sg.Fem	Stiftung	_	_
25-35	3108-3109	,	_	_	_	_	_	_	_	$,	_	,	_	_
25-36	3110-3120	untersucht	_	_	_	_	_	_	_	VVFIN	3.Sg.Pres.Ind	untersuchen	_	_
25-37	3121-3124	und	_	_	_	_	_	_	_	KON	_	und	false	_
25-38	3125-3135	vergleicht	_	_	_	_	_	_	_	VVFIN	3.Sg.Pres.Ind	vergleichen	_	_
25-39	3136-3144	weltweit	_	_	_	_	_	_	_	ADJD	Pos	weltweit	_	_
25-40	3145-3168	Transformationsprozesse	_	_	_	_	_	_	_	NN	Acc.Pl.Masc	Transformationsprozeß	_	_
25-41	3169-3182	verschiedener	_	_	_	_	_	_	_	ADJA	Pos.Gen.Pl.Neut	verschieden	_	_
25-42	3183-3189	Länder	_	_	_	_	_	_	_	NN	Gen.Pl.Neut	Land	_	_
25-43	3190-3191	.	_	_	_	_	_	_	_	$.	_	.	_	_
26-1	3194-3197	Die	_	_	_	_	_	_	_	ART	Nom.Sg.Fem	der	false	_
26-2	3198-3206	Stiftung	_	_	_	_	_	_	_	NN	Nom.Sg.Fem	Stiftung	_	_
26-3	3207-3210	hat	_	_	_	_	_	_	_	VAFIN	3.Sg.Pres.Ind	haben	_	false
26-4	3211-3213	in	_	_	_	_	_	_	_	APPR	_	in	false	_
26-5	3214-3219	ihrem	_	_	_	_	_	_	_	PPOSAT	Dat.Sg.Masc	ihr	_	_
26-6	3220-3233	Jahresbericht	_	_	_	_	_	_	_	NN	Dat.Sg.Masc	Jahresbericht	_	_
26-7	3234-3238	2008	_	_	_	_	_	_	_	CARD	_	2008	_	_
26-8	3239-3242	die	_	_	_	_	_	_	_	ART	Acc.Sg.Fem	der	false	_
26-9	3243-3254	Entwicklung	_	_	_	_	_	_	_	NN	Acc.Sg.Fem	Entwicklung	_	_
26-10	3255-3258	der	_	_	_	_	_	_	_	ART	Gen.Sg.Fem	der	false	_
26-11	3259-3267	Mongolei	_	_	_	_	_	_	_	NE	Gen.Sg.Fem	Mongolei	_	_
26-12	3268-3281	ausgesprochen	_	_	_	_	_	_	_	ADJD	Pos	ausgesprochen	_	_
26-13	3282-3289	positiv	_	_	_	_	_	_	_	ADJD	Pos	positiv	_	_
26-14	3290-3298	bewertet	_	_	_	_	_	_	_	VVPP	Psp	bewerten	_	_
26-15	3299-3300	.	_	_	_	_	_	_	_	$.	_	.	_	_
27-1	3303-3306	Und	_	_	_	_	_	_	_	KON	_	und	false	_
27-2	3307-3310	Ihr	_	_	_	_	_	_	_	PPOSAT	Nom.Sg.Neut	ihr	_	_
27-3	3311-3315	Land	_	_	_	_	_	_	_	NN	Nom.Sg.Neut	Land	_	_
27-4	3316-3319	hat	_	_	_	_	_	_	_	VAFIN	3.Sg.Pres.Ind	haben	_	false
27-5	3320-3323	das	_	_	_	_	_	_	_	ART	Acc.Sg.Neut	der	false	_
27-6	3324-3329	große	_	_	_	_	_	_	_	ADJA	Pos.Acc.Sg.Neut	groß	_	_
27-7	3330-3335	Glück	_	_	_	_	_	_	_	NN	Acc.Sg.Neut	Glück	_	_
27-8	3336-3337	,	_	_	_	_	_	_	_	$,	_	,	_	_
27-9	3338-3342	über	_	_	_	_	_	_	_	APPR	_	über	false	_
27-10	3343-3349	enorme	_	_	_	_	_	_	_	ADJA	Pos.Acc.Pl.Masc	enorm	_	_
27-11	3350-3362	Bodenschätze	_	_	_	_	_	_	_	NN	Acc.Pl.Masc	Bodenschatz	_	_
27-12	3363-3365	zu	_	_	_	_	_	_	_	PTKZU	_	zu	false	_
27-13	3366-3374	verfügen	_	_	_	_	_	_	_	VVINF	Inf	verfügen	_	_
27-14	3375-3376	.	_	_	_	_	_	_	_	$.	_	.	_	_
28-1	3379-3385	Nutzen	_	_	_	_	_	_	_	VVFIN	3.Sg.Pres.Ind	nutzen	_	_
28-2	3386-3389	Sie	_	_	_	_	_	_	_	PPER	3.Nom.Pl.*	sie	_	_
28-3	3390-3393	die	_	_	_	_	_	_	_	ART	Acc.Sg.Fem	der	false	_
28-4	3394-3400	Chance	_	_	_	_	_	_	_	NN	Acc.Sg.Fem	Chance	_	_
28-5	3401-3402	,	_	_	_	_	_	_	_	$,	_	,	_	_
28-6	3403-3408	diese	_	_	_	_	_	_	_	PDAT	Acc.Pl.Masc	dieser	_	_
28-7	3409-3419	Reichtümer	_	_	_	_	_	_	_	NN	Acc.Pl.Masc	Reichtum	_	_
28-8	3420-3423	zum	_	_	_	_	_	_	_	APPRART	Dat.Sg.Masc	zu	false	_
28-9	3424-3437	langfristigen	_	_	_	_	_	_	_	ADJA	Pos.Dat.Sg.Masc	langfristig	_	_
28-10	3438-3444	Nutzen	_	_	_	_	_	_	_	NN	Dat.Sg.Masc	Nutzen	_	_
28-11	3445-3448	der	_	_	_	_	_	_	_	ART	Gen.Sg.Fem	der	false	_
28-12	3449-3457	gesamten	_	_	_	_	_	_	_	ADJA	Pos.Gen.Sg.Fem	gesamt	_	_
28-13	3458-3469	Bevölkerung	_	_	_	_	_	_	_	NN	Gen.Sg.Fem	Bevölkerung	_	_
28-14	3470-3481	einzusetzen	_	_	_	_	_	_	_	VVIZU	Infzu	einsetzen	_	_
28-15	3482-3483	.	_	_	_	_	_	_	_	$.	_	.	_	_
29-1	3486-3491	Dabei	_	_	_	_	_	_	_	PROAV	_	dabei	_	_
29-2	3492-3496	sind	_	_	_	_	_	_	_	VAFIN	3.Pl.Pres.Ind	sein	_	_
29-3	3497-3500	vor	_	_	_	_	_	_	_	APPR	_	vor	false	_
29-4	3501-3506	allem	_	_	_	_	_	_	_	PIS	Dat.Sg.Neut	alle	_	_
29-5	3507-3520	Investitionen	_	_	_	_	_	_	_	NN	Nom.Pl.Fem	Investition	_	_
29-6	3521-3523	in	_	_	_	_	_	_	_	APPR	_	in	false	_
29-7	3524-3531	Bildung	_	_	_	_	_	_	_	NN	Dat.Sg.Fem	Bildung	_	_
29-8	3532-3533	,	_	_	_	_	_	_	_	$,	_	,	_	_
29-9	3534-3537	und	_	_	_	_	_	_	_	KON	_	und	false	_
29-10	3538-3551	Infrastruktur	_	_	_	_	_	_	_	NN	Dat.Sg.Fem	Infrastruktur	_	_
29-11	3552-3561	besonders	_	_	_	_	_	_	_	ADV	_	besonders	_	_
29-12	3562-3569	wichtig	_	_	_	_	_	_	_	ADJD	Pos	wichtig	_	_
29-13	3570-3571	.	_	_	_	_	_	_	_	$.	_	.	_	_
30-1	3574-3585	Deutschland	_	_	_	_	_	_	_	NE	Nom.Sg.Neut	Deutschland	_	_
30-2	3586-3597	unterstützt	_	_	_	_	_	_	_	VVFIN	3.Sg.Pres.Ind	unterstützen	_	_
30-3	3598-3601	die	_	_	_	_	_	_	_	ART	Acc.Sg.Fem	der	false	_
30-4	3602-3610	Mongolei	_	_	_	_	_	_	_	NE	Acc.Sg.Fem	Mongolei	_	_
30-5	3611-3614	bei	_	_	_	_	_	_	_	APPR	_	bei	false	_
30-6	3615-3620	ihrem	_	_	_	_	_	_	_	PPOSAT	Dat.Sg.Masc	ihr	_	_
30-7	3621-3643	Transformationsprozess	_	_	_	_	_	_	_	NN	Dat.Sg.Masc	Transformationsprozeß	_	_
30-8	3644-3645	.	_	_	_	_	_	_	_	$.	_	.	_	_
31-1	3648-3656	Gemessen	_	_	_	_	_	_	_	VVPP	Psp	messen	_	_
31-2	3657-3659	an	_	_	_	_	_	_	_	APPR	_	an	false	_
31-3	3660-3663	der	_	_	_	_	_	_	_	ART	Dat.Sg.Fem	der	false	_
31-4	3664-3675	Bevölkerung	_	_	_	_	_	_	_	NN	Dat.Sg.Fem	Bevölkerung	_	_
31-5	3676-3682	gehört	_	_	_	_	_	_	_	VVFIN	3.Sg.Pres.Ind	gehören	_	_
31-6	3683-3686	die	_	_	_	_	_	_	_	ART	Nom.Sg.Fem	der	false	_
31-7	3687-3695	Mongolei	_	_	_	_	_	_	_	NE	Nom.Sg.Fem	Mongolei	_	_
31-8	3696-3698	zu	_	_	_	_	_	_	_	APPR	_	zu	false	_
31-9	3699-3702	den	_	_	_	_	_	_	_	ART	Dat.Pl.Masc	der	false	_
31-10	3703-3705	am	_	_	_	_	_	_	_	PTKA	_	am	_	_
31-11	3706-3715	stärksten	_	_	_	_	_	_	_	ADJD	Sup	stark	_	_
31-12	3716-3727	geförderten	_	_	_	_	_	_	_	ADJA	Pos.Dat.Pl.Masc	gefördert	_	_
31-13	3728-3736	Partnern	_	_	_	_	_	_	_	NN	Dat.Pl.Masc	Partner	_	_
31-14	3737-3740	der	_	_	_	_	_	_	_	ART	Gen.Sg.Fem	der	false	_
31-15	3741-3750	deutschen	_	_	_	_	_	_	_	ADJA	Pos.Gen.Sg.Fem	deutsch	_	_
31-16	3751-3777	Entwicklungszusammenarbeit	_	_	_	_	_	_	_	NN	Gen.Sg.Fem	Entwicklungszusammenarbeit	_	_
31-17	3778-3779	.	_	_	_	_	_	_	_	$.	_	.	_	_
32-1	3782-3793	Deutschland	_	_	_	_	_	_	_	NE	Nom.Sg.Neut	Deutschland	_	_
32-2	3794-3797	ist	_	_	_	_	_	_	_	VAFIN	3.Sg.Pres.Ind	sein	_	_
32-3	3798-3802	nach	_	_	_	_	_	_	_	APPR	_	nach	false	_
32-4	3803-3808	Japan	_	_	_	_	_	_	_	NE	Dat.Sg.Neut	Japan	_	_
32-5	3809-3821	traditionell	_	_	_	_	_	_	_	ADJD	Pos	traditionell	_	_
32-6	3822-3825	der	_	_	_	_	_	_	_	ART	Nom.Sg.Masc	der	false	_
32-7	3826-3837	zweitgrößte	_	_	_	_	_	_	_	ADJA	Pos.Nom.Sg.Masc	zweitgrößter	_	_
32-8	3838-3848	bilaterale	_	_	_	_	_	_	_	ADJA	Pos.Nom.Sg.Masc	bilateral	_	_
32-9	3849-3854	Geber	_	_	_	_	_	_	_	NN	Nom.Sg.Masc	Geber	_	_
32-10	3855-3856	.	_	_	_	_	_	_	_	$.	_	.	_	_
33-1	3859-3863	Seit	_	_	_	_	_	_	_	APPR	_	seit	false	_
33-2	3864-3870	Jahren	_	_	_	_	_	_	_	NN	Dat.Pl.Neut	Jahr	_	_
33-3	3871-3879	arbeiten	_	_	_	_	_	_	_	VVFIN	3.Pl.Pres.Ind	arbeiten	_	_
33-4	3880-3888	deutsche	_	_	_	_	_	_	_	ADJA	Pos.Nom.Pl.Masc	deutsch	_	_
33-5	3889-3897	Experten	_	_	_	_	_	_	_	NN	Nom.Pl.Masc	Experte	_	_
33-6	3898-3902	hier	_	_	_	_	_	_	_	ADV	_	hier	_	_
33-7	3903-3917	vertrauensvoll	_	_	_	_	_	_	_	ADJD	Pos	vertrauensvoll	_	_
33-8	3918-3922	Hand	false	0Kern	true	true	unterster Teil des Armes	gemeinsam	33-10	NN	Acc.Sg.Fem	Hand	_	_
33-9	3923-3925	in	_	_	_	_	_	_	_	APPR	_	in	false	_
33-10	3926-3930	Hand	false	3idiom	_	_	_	_	_	NN	Dat.Sg.Fem	Hand	_	_
33-11	3931-3934	mit	_	_	_	_	_	_	_	APPR	_	mit	false	_
33-12	3935-3940	ihren	_	_	_	_	_	_	_	PPOSAT	Dat.Pl.Masc	ihr	_	_
33-13	3941-3953	mongolischen	_	_	_	_	_	_	_	ADJA	Pos.Dat.Pl.Masc	mongolisch	_	_
33-14	3954-3962	Kollegen	_	_	_	_	_	_	_	NN	Dat.Pl.Masc	Kollege	_	_
33-15	3963-3964	.	_	_	_	_	_	_	_	$.	_	.	_	_
34-1	3967-3970	Ich	_	_	_	_	_	_	_	PPER	1.Nom.Sg.*	ich	_	_
34-2	3971-3975	habe	_	_	_	_	_	_	_	VAFIN	1.Sg.Pres.Ind	haben	_	false
34-3	3976-3982	großen	_	_	_	_	_	_	_	ADJA	Pos.Acc.Sg.Masc	groß	_	_
34-4	3983-3990	Respekt	_	_	_	_	_	_	_	NN	Acc.Sg.Masc	Respekt	_	_
34-5	3991-3994	vor	_	_	_	_	_	_	_	APPR	_	vor	false	_
34-6	3995-4000	ihrer	_	_	_	_	_	_	_	PPOSAT	Dat.Sg.Fem	ihr	_	_
34-7	4001-4009	Leistung	_	_	_	_	_	_	_	NN	Dat.Sg.Fem	Leistung	_	_
34-8	4010-4011	.	_	_	_	_	_	_	_	$.	_	.	_	_
35-1	4014-4020	Soviel	_	_	_	_	_	_	_	PIAT	*.*.*	soviel	_	_
35-2	4021-4025	gute	_	_	_	_	_	_	_	ADJA	Pos.Acc.Sg.Fem	gut	_	_
35-3	4026-4052	Entwicklungszusammenarbeit	_	_	_	_	_	_	_	NN	Acc.Sg.Fem	Entwicklungszusammenarbeit	_	_
35-4	4053-4057	auch	_	_	_	_	_	_	_	ADV	_	auch	_	_
35-5	4058-4065	leisten	_	_	_	_	_	_	_	VVINF	Inf	leisten	_	_
35-6	4066-4070	kann	_	_	_	_	_	_	_	VMFIN	3.Sg.Pres.Ind	können	_	_
35-7	4071-4072	:	_	_	_	_	_	_	_	$.	_	:	_	_
35-8	4073-4076	Wir	_	_	_	_	_	_	_	PPER	1.Nom.Pl.*	wir	_	_
35-9	4077-4081	alle	_	_	_	_	_	_	_	PIS	Nom.Pl.*	alle	_	_
35-10	4082-4088	wissen	_	_	_	_	_	_	_	VVFIN	1.Pl.Pres.Ind	wissen	_	_
35-11	4089-4090	,	_	_	_	_	_	_	_	$,	_	,	_	_
35-12	4091-4095	dass	_	_	_	_	_	_	_	KOUS	_	dass	false	_
35-13	4096-4107	finanzielle	_	_	_	_	_	_	_	ADJA	Pos.Nom.Pl.Masc	finanziell	_	_
35-14	4108-4117	Transfers	_	_	_	_	_	_	_	NN	Nom.Pl.Masc	Transfer	_	_
35-15	4118-4121	von	_	_	_	_	_	_	_	APPR	_	von	false	_
35-16	4122-4127	außen	_	_	_	_	_	_	_	ADV	_	außen	_	_
35-17	4128-4134	eigene	_	_	_	_	_	_	_	ADJA	Pos.Acc.Pl.Fem	eigen	_	_
35-18	4135-4148	Anstrengungen	_	_	_	_	_	_	_	NN	Acc.Pl.Fem	Anstrengung	_	_
35-19	4149-4152	und	_	_	_	_	_	_	_	KON	_	und	false	_
35-20	4153-4158	Ideen	_	_	_	_	_	_	_	NN	Acc.Pl.Fem	Idee	_	_
35-21	4159-4163	auch	_	_	_	_	_	_	_	ADV	_	auch	_	_
35-22	4164-4169	nicht	_	_	_	_	_	_	_	PTKNEG	_	nicht	_	_
35-23	4170-4179	annähernd	_	_	_	_	_	_	_	ADJD	Pos	annähernd	_	_
35-24	4180-4188	ersetzen	_	_	_	_	_	_	_	VVINF	Inf	ersetzen	_	_
35-25	4189-4195	können	_	_	_	_	_	_	_	VMFIN	3.Pl.Pres.Ind	können	_	_
35-26	4196-4197	.	_	_	_	_	_	_	_	$.	_	.	_	_
36-1	4200-4205	Daher	_	_	_	_	_	_	_	PROAV	_	daher	_	_
36-2	4206-4210	sind	_	_	_	_	_	_	_	VAFIN	3.Pl.Pres.Ind	sein	_	_
36-3	4211-4214	die	_	_	_	_	_	_	_	ART	Nom.Pl.Fem	der	false	_
36-4	4215-4229	Wachstumsraten	_	_	_	_	_	_	_	NN	Nom.Pl.Fem	Wachstumsrate	_	_
36-5	4230-4235	Ihrer	_	_	_	_	_	_	_	PPOSAT	Gen.Sg.Fem	ihr	_	_
36-6	4236-4251	Volkswirtschaft	_	_	_	_	_	_	_	NN	Gen.Sg.Fem	Volkswirtschaft	_	_
36-7	4252-4254	in	_	_	_	_	_	_	_	APPR	_	in	false	_
36-8	4255-4258	den	_	_	_	_	_	_	_	ART	Dat.Pl.Neut	der	false	_
36-9	4259-4266	letzten	_	_	_	_	_	_	_	ADJA	Pos.Dat.Pl.Neut	letzter	_	_
36-10	4267-4273	Jahren	_	_	_	_	_	_	_	NN	Dat.Pl.Neut	Jahr	_	_
36-11	4274-4278	auch	_	_	_	_	_	_	_	ADV	_	auch	_	_
36-12	4279-4281	so	_	_	_	_	_	_	_	ADV	_	so	_	_
36-13	4282-4292	ermutigend	_	_	_	_	_	_	_	ADJD	Pos	ermutigend	_	_
36-14	4293-4294	.	_	_	_	_	_	_	_	$.	_	.	_	_
37-1	4297-4300	Ein	_	_	_	_	_	_	_	ART	Nom.Sg.Masc	ein	false	_
37-2	4301-4309	Großteil	_	_	_	_	_	_	_	NN	Nom.Sg.Masc	Großteil	_	_
37-3	4310-4313	des	_	_	_	_	_	_	_	ART	Gen.Sg.Neut	der	false	_
37-4	4314-4323	Wachstums	_	_	_	_	_	_	_	NN	Gen.Sg.Neut	Wachstum	_	_
37-5	4324-4336	konzentriert	_	_	_	_	_	_	_	VVFIN	3.Sg.Pres.Ind	konzentrieren	_	_
37-6	4337-4341	sich	_	_	_	_	_	_	_	PRF	3.Acc.Sg	sich	_	_
37-7	4342-4345	auf	_	_	_	_	_	_	_	APPR	_	auf	false	_
37-8	4346-4349	den	_	_	_	_	_	_	_	ART	Acc.Sg.Masc	der	false	_
37-9	4350-4357	Bergbau	_	_	_	_	_	_	_	NN	Acc.Sg.Masc	Bergbau	_	_
37-10	4358-4359	,	_	_	_	_	_	_	_	$,	_	,	_	_
37-11	4360-4362	in	_	_	_	_	_	_	_	APPR	_	in	false	_
37-12	4363-4366	dem	_	_	_	_	_	_	_	PRELS	Dat.Sg.Masc	der	_	_
37-13	4367-4372	nicht	_	_	_	_	_	_	_	PTKNEG	_	nicht	_	_
37-14	4373-4379	wenige	_	_	_	_	_	_	_	PIAT	Nom.Pl.Masc	weniger	_	_
37-15	4380-4391	mongolische	_	_	_	_	_	_	_	ADJA	Pos.Nom.Pl.Masc	mongolisch	_	_
37-16	4392-4402	Ingenieure	_	_	_	_	_	_	_	NN	Nom.Pl.Masc	Ingenieur	_	_
37-17	4403-4406	ihr	_	_	_	_	_	_	_	PPOSAT	Acc.Sg.Neut	ihr	_	_
37-18	4407-4415	Handwerk	_	_	_	_	_	_	_	NN	Acc.Sg.Neut	Handwerk	_	_
37-19	4416-4418	an	_	_	_	_	_	_	_	APPR	_	an	false	_
37-20	4419-4424	einer	_	_	_	_	_	_	_	PIS	Dat.Sg.Fem	einer	_	_
37-21	4425-4428	der	_	_	_	_	_	_	_	ART	Gen.Pl.Masc	der	false	_
37-22	4429-4438	deutschen	_	_	_	_	_	_	_	ADJA	Pos.Dat.Sg.Fem	deutsch	_	_
37-23	4439-4446	Bergbau	_	_	_	_	_	_	_	NN	Gen.Pl.Masc	Bergbau	_	_
37-24	4447-4456	Akademien	_	_	_	_	_	_	_	NN	Acc.Pl.Fem	Akademie	_	_
37-25	4457-4464	gelernt	_	_	_	_	_	_	_	VVPP	Psp	lernen	_	_
37-26	4465-4470	haben	_	_	_	_	_	_	_	VAFIN	3.Pl.Pres.Ind	haben	_	false
37-27	4471-4472	.	_	_	_	_	_	_	_	$.	_	.	_	_
38-1	4475-4479	Aber	_	_	_	_	_	_	_	KON	_	aber	false	_
38-2	4480-4486	unsere	_	_	_	_	_	_	_	PPOSAT	Nom.Pl.Fem	unser	_	_
38-3	4487-4500	Möglichkeiten	_	_	_	_	_	_	_	NN	Nom.Pl.Fem	Möglichkeit	_	_
38-4	4501-4506	gehen	_	_	_	_	_	_	_	VVFIN	3.Pl.Pres.Ind	gehen	_	false
38-5	4507-4511	weit	_	_	_	_	_	_	_	ADJD	Pos	weit	_	_
38-6	4512-4516	über	_	_	_	_	_	_	_	APPR	_	über	false	_
38-7	4517-4520	den	_	_	_	_	_	_	_	ART	Acc.Sg.Masc	der	false	_
38-8	4521-4528	Bergbau	_	_	_	_	_	_	_	NN	Acc.Sg.Masc	Bergbau	_	_
38-9	4529-4535	hinaus	_	_	_	_	_	_	_	PTKVZ	_	hinaus	false	_
38-10	4536-4537	,	_	_	_	_	_	_	_	$,	_	,	_	_
38-11	4538-4541	wie	_	_	_	_	_	_	_	PWAV	_	wie	_	_
38-12	4542-4545	die	_	_	_	_	_	_	_	ART	Nom.Sg.Fem	der	false	_
38-13	4546-4561	Zusammensetzung	_	_	_	_	_	_	_	NN	Nom.Sg.Fem	Zusammensetzung	_	_
38-14	4562-4565	der	_	_	_	_	_	_	_	ART	Gen.Sg.Fem	der	false	_
38-15	4566-4570	mich	_	_	_	_	_	_	_	PPER	1.Acc.Sg.*	mich	_	_
38-16	4571-4583	begleitenden	_	_	_	_	_	_	_	ADJA	Pos.Gen.Sg.Fem	begleitend	_	_
38-17	4584-4605	Wirtschaftsdelegation	_	_	_	_	_	_	_	NN	Gen.Sg.Fem	Wirtschaftsdelegation	_	_
38-18	4606-4611	zeigt	_	_	_	_	_	_	_	VVFIN	3.Sg.Pres.Ind	zeigen	_	_
38-19	4612-4613	.	_	_	_	_	_	_	_	$.	_	.	_	_
39-1	4616-4618	Es	_	_	_	_	_	_	_	PPER	3.Nom.Sg.Neut	es	_	_
39-2	4619-4623	gibt	_	_	_	_	_	_	_	VVFIN	3.Sg.Pres.Ind	geben	_	false
39-3	4624-4629	viele	_	_	_	_	_	_	_	PIAT	Acc.Pl.Masc	vieler	_	_
39-4	4630-4640	Vorschläge	_	_	_	_	_	_	_	NN	Acc.Pl.Masc	Vorschlag	_	_
39-5	4641-4644	für	_	_	_	_	_	_	_	APPR	_	für	false	_
39-6	4645-4653	Projekte	_	_	_	_	_	_	_	NN	Acc.Pl.Neut	Projekt	_	_
39-7	4654-4655	,	_	_	_	_	_	_	_	$,	_	,	_	_
39-8	4656-4658	so	_	_	_	_	_	_	_	ADV	_	so	_	_
39-9	4659-4662	zum	_	_	_	_	_	_	_	APPRART	Dat.Sg.Neut	zu	false	_
39-10	4663-4671	Beispiel	_	_	_	_	_	_	_	NN	Dat.Sg.Neut	Beispiel	_	_
39-11	4672-4675	zur	_	_	_	_	_	_	_	APPRART	Dat.Sg.Fem	zu	false	_
39-12	4676-4694	Kohleverflüssigung	_	_	_	_	_	_	_	NN	Dat.Sg.Fem	Kohleverflüssigung	_	_
39-13	4695-4696	,	_	_	_	_	_	_	_	$,	_	,	_	_
39-14	4697-4699	in	_	_	_	_	_	_	_	APPR	_	in	false	_
39-15	4700-4703	der	_	_	_	_	_	_	_	ART	Dat.Sg.Fem	der	false	_
39-16	4704-4712	Mongolei	_	_	_	_	_	_	_	NE	Dat.Sg.Fem	Mongolei	_	_
39-17	4713-4714	.	_	_	_	_	_	_	_	$.	_	.	_	_
40-1	4717-4723	Lassen	_	_	_	_	_	_	_	VVFIN	3.Pl.Pres.Ind	lassen	_	_
40-2	4724-4727	Sie	_	_	_	_	_	_	_	PPER	3.Nom.Pl.*	sie	_	_
40-3	4728-4731	uns	_	_	_	_	_	_	_	PPER	1.Acc.Pl.*	uns	_	_
40-4	4732-4741	gemeinsam	_	_	_	_	_	_	_	ADJD	Pos	gemeinsam	_	_
40-5	4742-4747	daran	_	_	_	_	_	_	_	PROAV	_	daran	_	_
40-6	4748-4756	arbeiten	_	_	_	_	_	_	_	VVINF	Inf	arbeiten	_	_
40-7	4757-4758	,	_	_	_	_	_	_	_	$,	_	,	_	_
40-8	4759-4765	unsere	_	_	_	_	_	_	_	PPOSAT	Acc.Pl.Fem	unser	_	_
40-9	4766-4784	Handelsbeziehungen	_	_	_	_	_	_	_	NN	Acc.Pl.Fem	Handelsbeziehung	_	_
40-10	4785-4789	noch	_	_	_	_	_	_	_	ADV	_	noch	_	_
40-11	4790-4796	weiter	_	_	_	_	_	_	_	ADV	_	weiter	_	_
40-12	4797-4807	auszubauen	_	_	_	_	_	_	_	VVIZU	Infzu	ausbauen	_	_
40-13	4808-4809	.	_	_	_	_	_	_	_	$.	_	.	_	_
41-1	4812-4815	Ich	_	_	_	_	_	_	_	PPER	1.Nom.Sg.*	ich	_	_
41-2	4816-4824	verstehe	_	_	_	_	_	_	_	VVFIN	1.Sg.Pres.Ind	verstehen	_	_
41-3	4825-4828	die	_	_	_	_	_	_	_	ART	Acc.Pl.Fem	der	false	_
41-4	4829-4836	deutsch	_	_	_	_	_	_	_	ADJD	Pos	deutsch	_	_
41-5	4837-4849	mongolischen	_	_	_	_	_	_	_	ADJA	Pos.Acc.Pl.Fem	mongolisch	_	_
41-6	4850-4861	Beziehungen	_	_	_	_	_	_	_	NN	Acc.Pl.Fem	Beziehung	_	_
41-7	4862-4865	als	_	_	_	_	_	_	_	APPR	_	als	false	_
41-8	4866-4870	eine	_	_	_	_	_	_	_	ART	Acc.Sg.Fem	ein	false	_
41-9	4871-4881	umfassende	_	_	_	_	_	_	_	ADJA	Pos.Acc.Sg.Fem	umfassend	_	_
41-10	4882-4895	Partnerschaft	_	_	_	_	_	_	_	NN	Acc.Sg.Fem	Partnerschaft	_	_
41-11	4896-4897	,	_	_	_	_	_	_	_	$,	_	,	_	_
41-12	4898-4901	die	_	_	_	_	_	_	_	PRELS	Nom.Sg.Fem	der	_	_
41-13	4902-4906	auch	_	_	_	_	_	_	_	ADV	_	auch	_	_
41-14	4907-4910	die	_	_	_	_	_	_	_	ART	Acc.Sg.Fem	der	false	_
41-15	4911-4929	Sicherheitspolitik	_	_	_	_	_	_	_	NN	Acc.Sg.Fem	Sicherheitspolitik	_	_
41-16	4930-4937	umfasst	_	_	_	_	_	_	_	VVFIN	3.Sg.Pres.Ind	umfassen	_	_
41-17	4938-4939	.	_	_	_	_	_	_	_	$.	_	.	_	_
42-1	4942-4944	In	_	_	_	_	_	_	_	APPR	_	in	false	_
42-2	4945-4948	den	_	_	_	_	_	_	_	ART	Dat.Pl.Neut	der	false	_
42-3	4949-4956	letzten	_	_	_	_	_	_	_	ADJA	Pos.Dat.Pl.Neut	letzter	_	_
42-4	4957-4963	Jahren	_	_	_	_	_	_	_	NN	Dat.Pl.Neut	Jahr	_	_
42-5	4964-4969	haben	_	_	_	_	_	_	_	VAFIN	3.Pl.Pres.Ind	haben	_	false
42-6	4970-4978	Soldaten	_	_	_	_	_	_	_	NN	Nom.Pl.Masc	Soldat	_	_
42-7	4979-4982	der	_	_	_	_	_	_	_	ART	Gen.Sg.Fem	der	false	_
42-8	4983-4993	Bundeswehr	_	_	_	_	_	_	_	NN	Gen.Sg.Fem	Bundeswehr	_	_
42-9	4994-4998	über	_	_	_	_	_	_	_	ADV	_	über	_	_
42-10	4999-5002	100	_	_	_	_	_	_	_	CARD	_	100	_	_
42-11	5003-5013	Angehörige	_	_	_	_	_	_	_	NN	Acc.Pl.*	angehörige	_	_
42-12	5014-5017	der	_	_	_	_	_	_	_	ART	Gen.Pl.Fem	der	false	_
42-13	5018-5030	mongolischen	_	_	_	_	_	_	_	ADJA	Pos.Gen.Pl.Fem	mongolisch	_	_
42-14	5031-5043	Streitkräfte	_	_	_	_	_	_	_	NN	Gen.Pl.Fem	Streitkraft	_	_
42-15	5044-5049	unter	_	_	_	_	_	_	_	APPR	_	unter	false	_
42-16	5050-5057	anderem	_	_	_	_	_	_	_	PIS	Dat.Sg.Neut	anderer	_	_
42-17	5058-5062	auch	_	_	_	_	_	_	_	ADV	_	auch	_	_
42-18	5063-5066	auf	_	_	_	_	_	_	_	APPR	_	auf	false	_
42-19	5067-5081	internationale	_	_	_	_	_	_	_	ADJA	Pos.Acc.Pl.Masc	international	_	_
42-20	5082-5100	friedenserhaltende	_	_	_	_	_	_	_	ADJA	Pos.Acc.Pl.Masc	friedenserhaltend	_	_
42-21	5101-5109	Einsätze	_	_	_	_	_	_	_	NN	Acc.Pl.Masc	Einsatz	_	_
42-22	5110-5121	vorbereitet	_	_	_	_	_	_	_	VVPP	Psp	vorbereiten	_	_
42-23	5122-5123	.	_	_	_	_	_	_	_	$.	_	.	_	_
43-1	5126-5129	Ich	_	_	_	_	_	_	_	PPER	1.Nom.Sg.*	ich	_	_
43-2	5130-5137	benutze	_	_	_	_	_	_	_	VVFIN	1.Sg.Pres.Ind	benutzen	_	_
43-3	5138-5141	das	_	_	_	_	_	_	_	ART	Acc.Sg.Neut	der	false	_
43-4	5142-5146	Wort	_	_	_	_	_	_	_	NN	Acc.Sg.Neut	Wort	_	_
43-5	5147-5148	"	_	_	_	_	_	_	_	$(	_	"	_	_
43-6	5149-5158	umfassend	_	_	_	_	_	_	_	ADJD	Pos	umfassend	_	_
43-7	5159-5160	"	_	_	_	_	_	_	_	$(	_	"	_	_
43-8	5161-5164	für	_	_	_	_	_	_	_	APPR	_	für	false	_
43-9	5165-5171	unsere	_	_	_	_	_	_	_	PPOSAT	Acc.Pl.Fem	unser	_	_
43-10	5172-5183	Beziehungen	_	_	_	_	_	_	_	NN	Acc.Pl.Fem	Beziehung	_	_
43-11	5184-5189	nicht	_	_	_	_	_	_	_	PTKNEG	_	nicht	_	_
43-12	5190-5194	ohne	_	_	_	_	_	_	_	APPR	_	ohne	false	_
43-13	5195-5200	Stolz	_	_	_	_	_	_	_	NN	Acc.Sg.Masc	Stolz	_	_
43-14	5201-5202	,	_	_	_	_	_	_	_	$,	_	,	_	_
43-15	5203-5207	wohl	_	_	_	_	_	_	_	ADV	_	wohl	_	_
43-16	5208-5215	wissend	_	_	_	_	_	_	_	ADJD	Pos	wissend	_	_
43-17	5216-5217	,	_	_	_	_	_	_	_	$,	_	,	_	_
43-18	5218-5222	dass	_	_	_	_	_	_	_	KOUS	_	dass	false	_
43-19	5223-5226	die	_	_	_	_	_	_	_	ART	Nom.Sg.Fem	der	false	_
43-20	5227-5235	Mongolei	_	_	_	_	_	_	_	NE	Nom.Sg.Fem	Mongolei	_	_
43-21	5236-5241	nicht	_	_	_	_	_	_	_	PTKNEG	_	nicht	_	_
43-22	5242-5246	jede	_	_	_	_	_	_	_	PIAT	Acc.Sg.Fem	jeder	_	_
43-23	5247-5260	Partnerschaft	_	_	_	_	_	_	_	NN	Acc.Sg.Fem	Partnerschaft	_	_
43-24	5261-5264	mit	_	_	_	_	_	_	_	APPR	_	mit	false	_
43-25	5265-5271	diesem	_	_	_	_	_	_	_	PDAT	Dat.Sg.Masc	dieser	_	_
43-26	5272-5279	Begriff	_	_	_	_	_	_	_	NN	Dat.Sg.Masc	Begriff	_	_
43-27	5280-5291	auszeichnet	_	_	_	_	_	_	_	VVFIN	3.Sg.Pres.Ind	auszeichnen	_	_
43-28	5292-5293	.	_	_	_	_	_	_	_	$.	_	.	_	_
44-1	5296-5299	Mit	_	_	_	_	_	_	_	APPR	_	mit	false	_
44-2	5300-5303	der	_	_	_	_	_	_	_	ART	Dat.Sg.Fem	der	false	_
44-3	5304-5309	heute	_	_	_	_	_	_	_	ADV	_	heute	_	_
44-4	5310-5325	unterzeichneten	_	_	_	_	_	_	_	ADJA	Pos.Dat.Sg.Fem	unterzeichnet	_	_
44-5	5326-5335	Erklärung	_	_	_	_	_	_	_	NN	Dat.Sg.Fem	Erklärung	_	_
44-6	5336-5342	zeigen	_	_	_	_	_	_	_	VVFIN	1.Pl.Pres.Ind	zeigen	_	_
44-7	5343-5346	wir	_	_	_	_	_	_	_	PPER	1.Nom.Pl.*	wir	_	_
44-8	5347-5348	,	_	_	_	_	_	_	_	$,	_	,	_	_
44-9	5349-5353	dass	_	_	_	_	_	_	_	KOUS	_	dass	false	_
44-10	5354-5357	wir	_	_	_	_	_	_	_	PPER	1.Nom.Pl.*	wir	_	_
44-11	5358-5362	auch	_	_	_	_	_	_	_	ADV	_	auch	_	_
44-12	5363-5365	in	_	_	_	_	_	_	_	APPR	_	in	false	_
44-13	5366-5369	der	_	_	_	_	_	_	_	ART	Dat.Sg.Fem	der	false	_
44-14	5370-5377	Zukunft	_	_	_	_	_	_	_	NN	Dat.Sg.Fem	Zukunft	_	_
44-15	5378-5384	unsere	_	_	_	_	_	_	_	PPOSAT	Acc.Sg.Fem	unser	_	_
44-16	5385-5399	Zusammenarbeit	_	_	_	_	_	_	_	NN	Acc.Sg.Fem	Zusammenarbeit	_	_
44-17	5400-5404	noch	_	_	_	_	_	_	_	ADV	_	noch	_	_
44-18	5405-5411	weiter	_	_	_	_	_	_	_	ADV	_	weiter	_	_
44-19	5412-5420	ausbauen	_	_	_	_	_	_	_	VVINF	Inf	ausbauen	_	_
44-20	5421-5427	wollen	_	_	_	_	_	_	_	VMFIN	1.Pl.Pres.Ind	wollen	_	_
44-21	5428-5429	.	_	_	_	_	_	_	_	$.	_	.	_	_
45-1	5432-5437	Viele	_	_	_	_	_	_	_	PIAT	Nom.Pl.Masc	vieler	_	_
45-2	5438-5446	Menschen	_	_	_	_	_	_	_	NN	Nom.Pl.Masc	Mensch	_	_
45-3	5447-5449	in	_	_	_	_	_	_	_	APPR	_	in	false	_
45-4	5450-5461	Deutschland	_	_	_	_	_	_	_	NE	Dat.Sg.Neut	Deutschland	_	_
45-5	5462-5466	sind	_	_	_	_	_	_	_	VAFIN	3.Pl.Pres.Ind	sein	_	_
45-6	5467-5477	fasziniert	_	_	_	_	_	_	_	VVPP	Psp	faszinieren	_	_
45-7	5478-5481	von	_	_	_	_	_	_	_	APPR	_	von	false	_
45-8	5482-5485	der	_	_	_	_	_	_	_	ART	Dat.Sg.Fem	der	false	_
45-9	5486-5498	mongolischen	_	_	_	_	_	_	_	ADJA	Pos.Dat.Sg.Fem	mongolisch	_	_
45-10	5499-5505	Kultur	_	_	_	_	_	_	_	NN	Dat.Sg.Fem	Kultur	_	_
45-11	5506-5507	.	_	_	_	_	_	_	_	$.	_	.	_	_
46-1	5510-5513	Als	_	_	_	_	_	_	_	KOUS	_	als	false	_
46-2	5514-5517	die	_	_	_	_	_	_	_	ART	Nom.Sg.Fem	der	false	_
46-3	5518-5529	Ausstellung	_	_	_	_	_	_	_	NN	Nom.Sg.Fem	Ausstellung	_	_
46-4	5530-5531	"	_	_	_	_	_	_	_	$(	_	"	_	_
46-5	5532-5541	Dschingis	_	_	_	_	_	_	_	NE	Gen.Sg.Masc	Dschingi	_	_
46-6	5542-5546	Khan	_	_	_	_	_	_	_	NE	Nom.Sg.Masc	Khan	_	_
46-7	5547-5550	und	_	_	_	_	_	_	_	KON	_	und	false	_
46-8	5551-5556	seine	_	_	_	_	_	_	_	PPOSAT	Nom.Pl.Masc	sein	_	_
46-9	5557-5562	Erben	_	_	_	_	_	_	_	NN	Nom.Pl.Masc	Erbe	_	_
46-10	5563-5564	"	_	_	_	_	_	_	_	$(	_	"	_	_
46-11	5565-5569	2005	_	_	_	_	_	_	_	CARD	_	2005	_	_
46-12	5570-5572	in	_	_	_	_	_	_	_	APPR	_	in	false	_
46-13	5573-5584	Deutschland	_	_	_	_	_	_	_	NE	Dat.Sg.Neut	Deutschland	_	_
46-14	5585-5589	ihre	_	_	_	_	_	_	_	PPOSAT	Acc.Pl.Fem	ihr	_	_
46-15	5590-5597	Pforten	_	_	_	_	_	_	_	NN	Acc.Pl.Fem	Pforte	_	_
46-16	5598-5605	öffnete	_	_	_	_	_	_	_	VVFIN	3.Sg.Past.Ind	öffnen	_	_
46-17	5606-5607	,	_	_	_	_	_	_	_	$,	_	,	_	_
46-18	5608-5613	wurde	_	_	_	_	_	_	_	VAFIN	3.Sg.Past.Ind	werden	_	_
46-19	5614-5617	sie	_	_	_	_	_	_	_	PPER	3.Nom.Sg.Fem	sie	_	_
46-20	5618-5620	in	_	_	_	_	_	_	_	APPR	_	in	false	_
46-21	5621-5630	kürzester	_	_	_	_	_	_	_	ADJA	Sup.Dat.Sg.Fem	kurz	_	_
46-22	5631-5635	Zeit	_	_	_	_	_	_	_	NN	Dat.Sg.Fem	Zeit	_	_
46-23	5636-5639	ein	_	_	_	_	_	_	_	ART	Nom.Sg.Masc	ein	false	_
46-24	5640-5646	großer	_	_	_	_	_	_	_	ADJA	Pos.Nom.Sg.Masc	groß	_	_
46-25	5647-5662	Publikumserfolg	_	_	_	_	_	_	_	NN	Nom.Sg.Masc	Publikumserfolg	_	_
46-26	5663-5664	.	_	_	_	_	_	_	_	$.	_	.	_	_
47-1	5667-5670	Der	_	_	_	_	_	_	_	ART	Nom.Sg.Masc	der	false	_
47-2	5671-5690	Ausstellungskatalog	_	_	_	_	_	_	_	NN	Nom.Sg.Masc	Ausstellungskatalog	_	_
47-3	5691-5694	mit	_	_	_	_	_	_	_	APPR	_	mit	false	_
47-4	5695-5704	Beiträgen	_	_	_	_	_	_	_	NN	Dat.Pl.Masc	Beitrag	_	_
47-5	5705-5717	mongolischer	_	_	_	_	_	_	_	ADJA	Pos.Gen.Pl.Masc	mongolisch	_	_
47-6	5718-5721	und	_	_	_	_	_	_	_	KON	_	und	false	_
47-7	5722-5737	internationaler	_	_	_	_	_	_	_	ADJA	Pos.Gen.Pl.Masc	international	_	_
47-8	5738-5753	Wissenschaftler	_	_	_	_	_	_	_	NN	Gen.Pl.Masc	Wissenschaftler	_	_
47-9	5754-5760	bietet	_	_	_	_	_	_	_	VVFIN	3.Sg.Pres.Ind	bieten	_	_
47-10	5761-5766	einen	_	_	_	_	_	_	_	ART	Acc.Sg.Masc	ein	false	_
47-11	5767-5781	hervorragenden	_	_	_	_	_	_	_	ADJA	Pos.Acc.Sg.Masc	hervorragend	_	_
47-12	5782-5791	Überblick	_	_	_	_	_	_	_	NN	Acc.Sg.Masc	Überblick	_	_
47-13	5792-5796	über	_	_	_	_	_	_	_	APPR	_	über	false	_
47-14	5797-5807	Geschichte	_	_	_	_	_	_	_	NN	Acc.Sg.Fem	Geschichte	_	_
47-15	5808-5811	und	_	_	_	_	_	_	_	KON	_	und	false	_
47-16	5812-5817	Kunst	_	_	_	_	_	_	_	NN	Acc.Sg.Fem	Kunst	_	_
47-17	5818-5821	der	_	_	_	_	_	_	_	ART	Gen.Sg.Fem	der	false	_
47-18	5822-5830	Mongolei	_	_	_	_	_	_	_	NE	Gen.Sg.Fem	Mongolei	_	_
47-19	5831-5832	.	_	_	_	_	_	_	_	$.	_	.	_	_
48-1	5835-5838	Ich	_	_	_	_	_	_	_	PPER	1.Nom.Sg.*	ich	_	_
48-2	5839-5844	freue	_	_	_	_	_	_	_	VVFIN	1.Sg.Pres.Ind	freuen	_	_
48-3	5845-5849	mich	_	_	_	_	_	_	_	PRF	1.Acc.Sg	sich	_	_
48-4	5850-5851	,	_	_	_	_	_	_	_	$,	_	,	_	_
48-5	5852-5856	dass	_	_	_	_	_	_	_	KOUS	_	dass	false	_
48-6	5857-5860	wir	_	_	_	_	_	_	_	PPER	1.Nom.Pl.*	wir	_	_
48-7	5861-5870	gemeinsam	_	_	_	_	_	_	_	ADJD	Pos	gemeinsam	_	_
48-8	5871-5874	aus	_	_	_	_	_	_	_	APPR	_	aus	false	_
48-9	5875-5881	Anlass	_	_	_	_	_	_	_	NN	Dat.Sg.Masc	Anlass	_	_
48-10	5882-5885	des	_	_	_	_	_	_	_	ART	Gen.Sg.Masc	der	false	_
48-11	5886-5894	jetzigen	_	_	_	_	_	_	_	ADJA	Pos.Gen.Sg.Masc	jetzig	_	_
48-12	5895-5908	Staatsbesuchs	_	_	_	_	_	_	_	NN	Gen.Sg.Masc	Staatsbesuch	_	_
48-13	5909-5913	eine	_	_	_	_	_	_	_	ART	Acc.Sg.Fem	ein	false	_
48-14	5914-5925	mongolische	_	_	_	_	_	_	_	ADJA	Pos.Acc.Sg.Fem	mongolisch	_	_
48-15	5926-5933	Fassung	_	_	_	_	_	_	_	NN	Acc.Sg.Fem	Fassung	_	_
48-16	5934-5940	dieses	_	_	_	_	_	_	_	PDAT	Gen.Sg.Masc	dieser	_	_
48-17	5941-5949	Katalogs	_	_	_	_	_	_	_	NN	Gen.Sg.Masc	Katalog	_	_
48-18	5950-5959	erstellen	_	_	_	_	_	_	_	VVFIN	1.Pl.Pres.Ind	erstellen	_	_
48-19	5960-5961	.	_	_	_	_	_	_	_	$.	_	.	_	_
49-1	5964-5967	Die	_	_	_	_	_	_	_	ART	Nom.Sg.Fem	der	false	_
49-2	5968-5979	Ausstellung	_	_	_	_	_	_	_	NN	Nom.Sg.Fem	Ausstellung	_	_
49-3	5980-5992	präsentierte	_	_	_	_	_	_	_	VVFIN	3.Sg.Past.Ind	präsentieren	_	_
49-4	5993-5997	auch	_	_	_	_	_	_	_	ADV	_	auch	_	_
49-5	5998-6001	die	_	_	_	_	_	_	_	ART	Acc.Pl.Neut	der	false	_
49-6	6002-6012	Ergebnisse	_	_	_	_	_	_	_	NN	Acc.Pl.Neut	Ergebnis	_	_
49-7	6013-6016	der	_	_	_	_	_	_	_	ART	Gen.Sg.Fem	der	false	_
49-8	6017-6024	deutsch	_	_	_	_	_	_	_	ADJD	Pos	deutsch	_	_
49-9	6025-6037	mongolischen	_	_	_	_	_	_	_	ADJA	Pos.Gen.Sg.Fem	mongolisch	_	_
49-10	6038-6048	Expedition	_	_	_	_	_	_	_	NN	Gen.Sg.Fem	Expedition	_	_
49-11	6049-6052	zur	_	_	_	_	_	_	_	APPRART	Dat.Sg.Fem	zu	false	_
49-12	6053-6063	Ausgrabung	_	_	_	_	_	_	_	NN	Dat.Sg.Fem	Ausgrabung	_	_
49-13	6064-6067	der	_	_	_	_	_	_	_	ART	Gen.Sg.Fem	der	false	_
49-14	6068-6073	alten	_	_	_	_	_	_	_	ADJA	Pos.Gen.Sg.Fem	alt	_	_
49-15	6074-6084	Hauptstadt	_	_	_	_	_	_	_	NN	Gen.Sg.Fem	Hauptstadt	_	_
49-16	6085-6094	Karakorum	_	_	_	_	_	_	_	NE	Nom.Sg.Neut	Karakorum	_	_
49-17	6095-6096	.	_	_	_	_	_	_	_	$.	_	.	_	_
50-1	6099-6102	Bei	_	_	_	_	_	_	_	APPR	_	bei	false	_
50-2	6103-6108	einer	_	_	_	_	_	_	_	ART	Dat.Sg.Fem	ein	false	_
50-3	6109-6117	weiteren	_	_	_	_	_	_	_	ADJA	Comp.Dat.Sg.Fem	weit	_	_
50-4	6118-6128	Expedition	_	_	_	_	_	_	_	NN	Dat.Sg.Fem	Expedition	_	_
50-5	6129-6135	gelang	_	_	_	_	_	_	_	VVFIN	3.Sg.Past.Ind	gelingen	_	_
50-6	6136-6140	2006	_	_	_	_	_	_	_	CARD	_	2006	_	_
50-7	6141-6146	einem	_	_	_	_	_	_	_	ART	Dat.Sg.Neut	ein	false	_
50-8	6147-6151	Team	_	_	_	_	_	_	_	NN	Dat.Sg.Neut	Team	_	_
50-9	6152-6155	von	_	_	_	_	_	_	_	APPR	_	von	false	_
50-10	6156-6165	deutschen	_	_	_	_	_	_	_	ADJA	Pos.Dat.Pl.Masc	deutsch	_	_
50-11	6166-6167	,	_	_	_	_	_	_	_	$,	_	,	_	_
50-12	6168-6180	mongolischen	_	_	_	_	_	_	_	ADJA	Pos.Dat.Pl.Masc	mongolisch	_	_
50-13	6181-6184	und	_	_	_	_	_	_	_	KON	_	und	false	_
50-14	6185-6195	russischen	_	_	_	_	_	_	_	ADJA	Pos.Dat.Pl.Masc	russisch	_	_
50-15	6196-6204	Experten	_	_	_	_	_	_	_	NN	Dat.Pl.Masc	Experte	_	_
50-16	6205-6210	unter	_	_	_	_	_	_	_	APPR	_	unter	false	_
50-17	6211-6214	der	_	_	_	_	_	_	_	ART	Dat.Sg.Fem	der	false	_
50-18	6215-6222	Leitung	_	_	_	_	_	_	_	NN	Dat.Sg.Fem	Leitung	_	_
50-19	6223-6226	von	_	_	_	_	_	_	_	APPR	_	von	false	_
50-20	6227-6236	Professor	_	_	_	_	_	_	_	NN	Nom.Sg.Masc	Professor	_	_
50-21	6237-6246	Parzinger	_	_	_	_	_	_	_	NE	Dat.Sg.Masc	Parzinger	_	_
50-22	6247-6248	,	_	_	_	_	_	_	_	$,	_	,	_	_
50-23	6249-6252	der	_	_	_	_	_	_	_	PRELS	Nom.Sg.Masc	der	_	_
50-24	6253-6257	mich	_	_	_	_	_	_	_	PPER	1.Acc.Sg.*	mich	_	_
50-25	6258-6261	als	_	_	_	_	_	_	_	APPR	_	als	false	_
50-26	6262-6272	Sondergast	_	_	_	_	_	_	_	NN	Nom.Sg.Masc	Sondergast	_	_
50-27	6273-6282	begleitet	_	_	_	_	_	_	_	VVFIN	3.Sg.Pres.Ind	begleiten	_	_
50-28	6283-6284	,	_	_	_	_	_	_	_	$,	_	,	_	_
50-29	6285-6288	ein	_	_	_	_	_	_	_	ART	Nom.Sg.Masc	ein	false	_
50-30	6289-6303	sensationeller	_	_	_	_	_	_	_	ADJA	Pos.Nom.Sg.Masc	sensationell	_	_
50-31	6304-6308	Fund	_	_	_	_	_	_	_	NN	Nom.Sg.Masc	Fund	_	_
50-32	6309-6310	,	_	_	_	_	_	_	_	$,	_	,	_	_
50-33	6311-6314	der	_	_	_	_	_	_	_	PRELS	Nom.Sg.Masc	der	_	_
50-34	6315-6317	so	_	_	_	_	_	_	_	ADV	_	so	_	_
50-35	6318-6327	bedeutend	_	_	_	_	_	_	_	ADJD	Pos	bedeutend	_	_
50-36	6328-6331	war	_	_	_	_	_	_	_	VAFIN	3.Sg.Past.Ind	sein	_	_
50-37	6332-6333	,	_	_	_	_	_	_	_	$,	_	,	_	_
50-38	6334-6338	dass	_	_	_	_	_	_	_	KOUS	_	dass	false	_
50-39	6339-6342	Sie	_	_	_	_	_	_	_	PPER	3.Nom.Sg.Fem	sie	_	_
50-40	6343-6344	,	_	_	_	_	_	_	_	$,	_	,	_	_
50-41	6345-6349	Herr	_	_	_	_	_	_	_	NN	Nom.Sg.Masc	Herr	_	_
50-42	6350-6359	Präsident	_	_	_	_	_	_	_	NN	Nom.Sg.Masc	Präsident	_	_
50-43	6360-6361	,	_	_	_	_	_	_	_	$,	_	,	_	_
50-44	6362-6372	persönlich	_	_	_	_	_	_	_	ADJD	Pos	persönlich	_	_
50-45	6373-6376	die	_	_	_	_	_	_	_	ART	Acc.Sg.Fem	der	false	_
50-46	6377-6387	Fundstelle	_	_	_	_	_	_	_	NN	Acc.Sg.Fem	Fundstelle	_	_
50-47	6388-6398	aufsuchten	_	_	_	_	_	_	_	VVFIN	3.Pl.Past.Ind	aufsuchten	_	_
50-48	6399-6400	:	_	_	_	_	_	_	_	$.	_	:	_	_
50-49	6401-6404	Die	_	_	_	_	_	_	_	ART	Acc.Sg.Fem	der	false	_
50-50	6405-6409	über	_	_	_	_	_	_	_	ADV	_	über	_	_
50-51	6410-6414	2000	_	_	_	_	_	_	_	CARD	_	2000	_	_
50-52	6415-6420	Jahre	_	_	_	_	_	_	_	NN	Acc.Pl.Neut	Jahr	_	_
50-53	6421-6425	alte	_	_	_	_	_	_	_	ADJA	Pos.Nom.Sg.Fem	alt	_	_
50-54	6426-6427	"	_	_	_	_	_	_	_	$(	_	"	_	_
50-55	6428-6436	Eismumie	_	_	_	_	_	_	_	NN	Nom.Sg.Fem	Eismumie	_	_
50-56	6437-6440	aus	_	_	_	_	_	_	_	APPR	_	aus	false	_
50-57	6441-6444	dem	_	_	_	_	_	_	_	ART	Dat.Sg.Masc	der	false	_
50-58	6445-6450	Altai	_	_	_	_	_	_	_	NN	Dat.Sg.Masc	Altai	_	_
50-59	6451-6452	"	_	_	_	_	_	_	_	$(	_	"	_	_
50-60	6453-6454	.	_	_	_	_	_	_	_	$.	_	.	_	_
51-1	6457-6459	An	_	_	_	_	_	_	_	APPR	_	an	false	_
51-2	6460-6463	ihr	_	_	_	_	_	_	_	PPER	3.Dat.Sg.Fem	ihr	_	_
51-3	6464-6470	lassen	_	_	_	_	_	_	_	VVFIN	3.Pl.Pres.Ind	lassen	_	_
51-4	6471-6475	sich	_	_	_	_	_	_	_	PRF	3.Acc.Pl	sich	_	_
51-5	6476-6487	Lebensweise	_	_	_	_	_	_	_	NN	Nom.Sg.Fem	Lebensweise	_	_
51-6	6488-6489	,	_	_	_	_	_	_	_	$,	_	,	_	_
51-7	6490-6495	Kunst	_	_	_	_	_	_	_	NN	Nom.Sg.Fem	Kunst	_	_
51-8	6496-6499	und	_	_	_	_	_	_	_	KON	_	und	false	_
51-9	6500-6507	Technik	_	_	_	_	_	_	_	NN	Nom.Sg.Fem	Technik	_	_
51-10	6508-6511	der	_	_	_	_	_	_	_	ART	Gen.Sg.Fem	der	false	_
51-11	6512-6522	Hochkultur	_	_	_	_	_	_	_	NN	Gen.Sg.Fem	Hochkultur	_	_
51-12	6523-6526	der	_	_	_	_	_	_	_	ART	Gen.Pl.Masc	der	false	_
51-13	6527-6534	Skythen	_	_	_	_	_	_	_	NN	Gen.Pl.Masc	Skythos	_	_
51-14	6535-6542	ablesen	_	_	_	_	_	_	_	VVINF	Inf	ablesen	_	_
51-15	6543-6544	.	_	_	_	_	_	_	_	$.	_	.	_	_
52-1	6547-6550	Für	_	_	_	_	_	_	_	APPR	_	für	false	_
52-2	6551-6555	mich	_	_	_	_	_	_	_	PPER	1.Acc.Sg.*	mich	_	_
52-3	6556-6559	ist	_	_	_	_	_	_	_	VAFIN	3.Sg.Pres.Ind	sein	_	_
52-4	6560-6562	es	_	_	_	_	_	_	_	PPER	3.Nom.Sg.Neut	es	_	_
52-5	6563-6566	ein	_	_	_	_	_	_	_	ART	Nom.Sg.Neut	ein	false	_
52-6	6567-6574	Zeichen	_	_	_	_	_	_	_	NN	Nom.Sg.Neut	Zeichen	_	_
52-7	6575-6578	des	_	_	_	_	_	_	_	ART	Gen.Sg.Neut	der	false	_
52-8	6579-6589	besonderen	_	_	_	_	_	_	_	ADJA	Pos.Gen.Sg.Neut	besonderer	_	_
52-9	6590-6600	Vertrauens	_	_	_	_	_	_	_	NN	Gen.Sg.Neut	Vertrauen	_	_
52-10	6601-6602	,	_	_	_	_	_	_	_	$,	_	,	_	_
52-11	6603-6607	dass	_	_	_	_	_	_	_	KOUS	_	dass	false	_
52-12	6608-6614	gerade	_	_	_	_	_	_	_	ADV	_	gerade	_	_
52-13	6615-6623	deutsche	_	_	_	_	_	_	_	ADJA	Pos.Nom.Pl.Masc	deutsch	_	_
52-14	6624-6635	Archäologen	_	_	_	_	_	_	_	NN	Nom.Pl.Masc	Archäologe	_	_
52-15	6636-6638	so	_	_	_	_	_	_	_	ADV	_	so	_	_
52-16	6639-6647	intensiv	_	_	_	_	_	_	_	ADJD	Pos	intensiv	_	_
52-17	6648-6650	an	_	_	_	_	_	_	_	APPR	_	an	false	_
52-18	6651-6654	der	_	_	_	_	_	_	_	ART	Dat.Sg.Fem	der	false	_
52-19	6655-6666	Erforschung	_	_	_	_	_	_	_	NN	Dat.Sg.Fem	Erforschung	_	_
52-20	6667-6670	der	_	_	_	_	_	_	_	ART	Gen.Sg.Fem	der	false	_
52-21	6671-6683	mongolischen	_	_	_	_	_	_	_	ADJA	Pos.Gen.Sg.Fem	mongolisch	_	_
52-22	6684-6694	Geschichte	_	_	_	_	_	_	_	NN	Gen.Sg.Fem	Geschichte	_	_
52-23	6695-6704	mitwirken	_	_	_	_	_	_	_	VVFIN	3.Pl.Pres.Ind	mitwirken	_	_
52-24	6705-6706	.	_	_	_	_	_	_	_	$.	_	.	_	_
53-1	6709-6714	Diese	_	_	_	_	_	_	_	PDAT	Nom.Sg.Fem	dieser	_	_
53-2	6715-6729	Zusammenarbeit	_	_	_	_	_	_	_	NN	Nom.Sg.Fem	Zusammenarbeit	_	_
53-3	6730-6736	stützt	_	_	_	_	_	_	_	VVFIN	3.Sg.Pres.Ind	stützen	_	_
53-4	6737-6741	sich	_	_	_	_	_	_	_	PRF	3.Acc.Sg	sich	_	_
53-5	6742-6747	nicht	_	_	_	_	_	_	_	PTKNEG	_	nicht	_	_
53-6	6748-6751	nur	_	_	_	_	_	_	_	ADV	_	nur	_	_
53-7	6752-6755	auf	_	_	_	_	_	_	_	APPR	_	auf	false	_
53-8	6756-6759	das	_	_	_	_	_	_	_	ART	Acc.Sg.Neut	der	false	_
53-9	6760-6770	staatliche	_	_	_	_	_	_	_	ADJA	Pos.Acc.Sg.Neut	staatlich	_	_
53-10	6771-6779	Deutsche	_	_	_	_	_	_	_	ADJA	Pos.Acc.Sg.Neut	deutsch	_	_
53-11	6780-6794	Archäologische	_	_	_	_	_	_	_	ADJA	Pos.Acc.Sg.Neut	archäologisch	_	_
53-12	6795-6803	Institut	_	_	_	_	_	_	_	NN	Acc.Sg.Neut	Institut	_	_
53-13	6804-6805	,	_	_	_	_	_	_	_	$,	_	,	_	_
53-14	6806-6813	sondern	_	_	_	_	_	_	_	KON	_	sondern	false	_
53-15	6814-6821	umfasst	_	_	_	_	_	_	_	VVFIN	3.Sg.Pres.Ind	umfassen	_	_
53-16	6822-6826	auch	_	_	_	_	_	_	_	ADV	_	auch	_	_
53-17	6827-6830	die	_	_	_	_	_	_	_	ART	Acc.Sg.Fem	der	false	_
53-18	6831-6838	private	_	_	_	_	_	_	_	ADJA	Pos.Acc.Sg.Fem	privat	_	_
53-19	6839-6844	Gerda	_	_	_	_	_	_	_	NE	Nom.Sg.Fem	Gerda	_	_
53-20	6845-6851	Henkel	_	_	_	_	_	_	_	NE	Nom.Sg.Fem	Henkel	_	_
53-21	6852-6860	Stiftung	_	_	_	_	_	_	_	NN	Acc.Sg.Fem	Stiftung	_	_
53-22	6861-6862	,	_	_	_	_	_	_	_	$,	_	,	_	_
53-23	6863-6866	die	_	_	_	_	_	_	_	PRELS	Nom.Sg.Fem	der	_	_
53-24	6867-6872	heute	_	_	_	_	_	_	_	ADV	_	heute	_	_
53-25	6873-6877	eine	_	_	_	_	_	_	_	ART	Acc.Sg.Fem	ein	false	_
53-26	6878-6890	Vereinbarung	_	_	_	_	_	_	_	NN	Acc.Sg.Fem	Vereinbarung	_	_
53-27	6891-6894	zur	_	_	_	_	_	_	_	APPRART	Dat.Sg.Fem	zu	false	_
53-28	6895-6905	Ausweitung	_	_	_	_	_	_	_	NN	Dat.Sg.Fem	Ausweitung	_	_
53-29	6906-6911	ihrer	_	_	_	_	_	_	_	PPOSAT	Gen.Pl.Fem	ihr	_	_
53-30	6912-6923	Aktivitäten	_	_	_	_	_	_	_	NN	Gen.Pl.Fem	Aktivität	_	_
53-31	6924-6926	in	_	_	_	_	_	_	_	APPR	_	in	false	_
53-32	6927-6930	der	_	_	_	_	_	_	_	ART	Dat.Sg.Fem	der	false	_
53-33	6931-6939	Mongolei	_	_	_	_	_	_	_	NE	Dat.Sg.Fem	Mongolei	_	_
53-34	6940-6953	unterzeichnet	_	_	_	_	_	_	_	VVPP	Psp	unterzeichnen	_	_
53-35	6954-6957	hat	_	_	_	_	_	_	_	VAFIN	3.Sg.Pres.Ind	haben	_	false
53-36	6958-6959	.	_	_	_	_	_	_	_	$.	_	.	_	_
54-1	6962-6966	Herr	_	_	_	_	_	_	_	NN	Nom.Sg.Masc	Herr	_	_
54-2	6967-6976	Präsident	_	_	_	_	_	_	_	NN	Nom.Sg.Masc	Präsident	_	_
54-3	6977-6978	,	_	_	_	_	_	_	_	$,	_	,	_	_
54-4	6979-6984	meine	_	_	_	_	_	_	_	PPOSAT	Nom.Pl.*	mein	_	_
54-5	6985-6990	Damen	_	_	_	_	_	_	_	NN	Nom.Pl.Fem	Dame	_	_
54-6	6991-6994	und	_	_	_	_	_	_	_	KON	_	und	false	_
54-7	6995-7001	Herren	_	_	_	_	_	_	_	NN	Nom.Pl.Masc	Herr	_	_
54-8	7002-7003	,	_	_	_	_	_	_	_	$,	_	,	_	_
54-9	7004-7007	ich	_	_	_	_	_	_	_	PPER	1.Nom.Sg.*	ich	_	_
54-10	7008-7012	kann	_	_	_	_	_	_	_	VMFIN	1.Sg.Pres.Ind	können	_	_
54-11	7013-7018	nicht	_	_	_	_	_	_	_	PTKNEG	_	nicht	_	_
54-12	7019-7023	über	_	_	_	_	_	_	_	APPR	_	über	false	_
54-13	7024-7027	die	_	_	_	_	_	_	_	ART	Acc.Sg.Fem	der	false	_
54-14	7028-7036	Mongolei	_	_	_	_	_	_	_	NE	Acc.Pl.*	Mongolei	_	_
54-15	7037-7045	sprechen	_	_	_	_	_	_	_	VVINF	Inf	sprechen	_	_
54-16	7046-7047	,	_	_	_	_	_	_	_	$,	_	,	_	_
54-17	7048-7052	ohne	_	_	_	_	_	_	_	KOUI	_	ohne	false	_
54-18	7053-7056	die	_	_	_	_	_	_	_	ART	Acc.Sg.Fem	der	false	_
54-19	7057-7066	Schönheit	_	_	_	_	_	_	_	NN	Acc.Sg.Fem	Schönheit	_	_
54-20	7067-7072	ihrer	_	_	_	_	_	_	_	PPOSAT	Gen.Sg.Fem	ihr	_	_
54-21	7073-7083	Landschaft	_	_	_	_	_	_	_	NN	Gen.Sg.Fem	Landschaft	_	_
54-22	7084-7086	zu	_	_	_	_	_	_	_	PTKZU	_	zu	false	_
54-23	7087-7095	erwähnen	_	_	_	_	_	_	_	VVINF	Inf	erwähnen	_	_
54-24	7096-7097	.	_	_	_	_	_	_	_	$.	_	.	_	_
55-1	7100-7106	Gerade	_	_	_	_	_	_	_	ADV	_	gerade	_	_
55-2	7107-7110	die	_	_	_	_	_	_	_	ART	Acc.Sg.Fem	der	false	_
55-3	7111-7114	oft	_	_	_	_	_	_	_	ADV	_	oft	_	_
55-4	7115-7124	unberührt	_	_	_	_	_	_	_	ADJD	Pos	unberührt	_	_
55-5	7125-7137	erscheinende	_	_	_	_	_	_	_	ADJA	Pos.Nom.Sg.Fem	erscheinend	_	_
55-6	7138-7143	Weite	_	_	_	_	_	_	_	NN	Nom.Sg.Fem	Weite	_	_
55-7	7144-7154	fasziniert	_	_	_	_	_	_	_	VVFIN	3.Sg.Pres.Ind	faszinieren	_	_
55-8	7155-7160	viele	_	_	_	_	_	_	_	PIAT	Acc.Pl.*	vieler	_	_
55-9	7161-7167	meiner	_	_	_	_	_	_	_	PPOSAT	Gen.Pl.*	mein	_	_
55-10	7168-7178	Landsleute	_	_	_	_	_	_	_	NN	Gen.Pl.*	Landsleute	_	_
55-11	7179-7180	.	_	_	_	_	_	_	_	$.	_	.	_	_
56-1	7183-7186	Ich	_	_	_	_	_	_	_	PPER	1.Nom.Sg.*	ich	_	_
56-2	7187-7192	hoffe	_	_	_	_	_	_	_	VVFIN	1.Sg.Pres.Ind	hoffen	_	_
56-3	7193-7194	,	_	_	_	_	_	_	_	$,	_	,	_	_
56-4	7195-7199	dass	_	_	_	_	_	_	_	KOUS	_	dass	false	_
56-5	7200-7204	noch	_	_	_	_	_	_	_	ADV	_	noch	_	_
56-6	7205-7210	viele	_	_	_	_	_	_	_	PIAT	Nom.Pl.Masc	vieler	_	_
56-7	7211-7216	Gäste	_	_	_	_	_	_	_	NN	Nom.Pl.Masc	Gast	_	_
56-8	7217-7222	diese	_	_	_	_	_	_	_	PDAT	Acc.Sg.Fem	dieser	_	_
56-9	7223-7232	Schönheit	_	_	_	_	_	_	_	NN	Acc.Sg.Fem	Schönheit	_	_
56-10	7233-7243	nachhaltig	_	_	_	_	_	_	_	ADJD	Pos	nachhaltig	_	_
56-11	7244-7252	genießen	_	_	_	_	_	_	_	VVINF	Inf	genießen	_	_
56-12	7253-7259	können	_	_	_	_	_	_	_	VMFIN	3.Pl.Pres.Ind	können	_	_
56-13	7260-7261	.	_	_	_	_	_	_	_	$.	_	.	_	_
57-1	7264-7267	Und	_	_	_	_	_	_	_	KON	_	und	false	_
57-2	7268-7278	vielleicht	_	_	_	_	_	_	_	ADV	_	vielleicht	_	_
57-3	7279-7283	kann	_	_	_	_	_	_	_	VMFIN	3.Sg.Pres.Ind	können	_	_
57-4	7284-7287	uns	_	_	_	_	_	_	_	PPER	1.Dat.Pl.*	uns	_	_
57-5	7288-7297	Deutschen	_	_	_	_	_	_	_	NN	Dat.Pl.*	deutsche	_	_
57-6	7298-7301	ein	_	_	_	_	_	_	_	ART	Nom.Sg.Masc	ein	false	_
57-7	7302-7312	Aufenthalt	_	_	_	_	_	_	_	NN	Nom.Sg.Masc	Aufenthalt	_	_
57-8	7313-7315	in	_	_	_	_	_	_	_	APPR	_	in	false	_
57-9	7316-7319	der	_	_	_	_	_	_	_	ART	Dat.Sg.Fem	der	false	_
57-10	7320-7328	Mongolei	_	_	_	_	_	_	_	NE	Dat.Sg.Fem	Mongolei	_	_
57-11	7329-7334	dabei	_	_	_	_	_	_	_	PROAV	_	dabei	_	_
57-12	7335-7341	helfen	_	_	_	_	_	_	_	VVINF	Inf	helfen	_	_
57-13	7342-7343	,	_	_	_	_	_	_	_	$,	_	,	_	_
57-14	7344-7346	so	_	_	_	_	_	_	_	ADV	_	so	_	_
57-15	7347-7356	wichtigen	_	_	_	_	_	_	_	ADJA	Pos.Dat.Pl.Masc	wichtig	_	_
57-16	7357-7363	Werten	_	_	_	_	_	_	_	NN	Dat.Pl.Masc	Wert	_	_
57-17	7364-7367	wie	_	_	_	_	_	_	_	KOKOM	_	wie	false	_
57-18	7368-7384	Gastfreundschaft	_	_	_	_	_	_	_	NN	Nom.Sg.Fem	Gastfreundschaft	_	_
57-19	7385-7388	und	_	_	_	_	_	_	_	KON	_	und	false	_
57-20	7389-7396	Respekt	_	_	_	_	_	_	_	NN	Nom.Sg.Masc	Respekt	_	_
57-21	7397-7400	vor	_	_	_	_	_	_	_	APPR	_	vor	false	_
57-22	7401-7404	der	_	_	_	_	_	_	_	ART	Dat.Sg.Fem	der	false	_
57-23	7405-7410	Natur	_	_	_	_	_	_	_	NN	Dat.Sg.Fem	Natur	_	_
57-24	7411-7412	,	_	_	_	_	_	_	_	$,	_	,	_	_
57-25	7413-7416	die	_	_	_	_	_	_	_	PRELS	Nom.Pl.Masc	der	_	_
57-26	7417-7421	Teil	_	_	_	_	_	_	_	NN	Nom.Sg.Masc	Teil	_	_
57-27	7422-7425	der	_	_	_	_	_	_	_	ART	Gen.Sg.Fem	der	false	_
57-28	7426-7437	nomadischen	_	_	_	_	_	_	_	ADJA	Pos.Gen.Sg.Fem	nomadisch	_	_
57-29	7438-7444	Kultur	_	_	_	_	_	_	_	NN	Gen.Sg.Fem	Kultur	_	_
57-30	7445-7449	sind	_	_	_	_	_	_	_	VAFIN	3.Pl.Pres.Ind	sein	_	_
57-31	7450-7451	,	_	_	_	_	_	_	_	$,	_	,	_	_
57-32	7452-7457	einen	_	_	_	_	_	_	_	ART	Acc.Sg.Masc	ein	false	_
57-33	7458-7465	höheren	_	_	_	_	_	_	_	ADJA	Comp.Acc.Sg.Masc	hoch	_	_
57-34	7466-7470	Rang	_	_	_	_	_	_	_	NN	Acc.Sg.Masc	Rang	_	_
57-35	7471-7482	einzuräumen	_	_	_	_	_	_	_	VVIZU	Infzu	einräumen	_	_
57-36	7483-7484	,	_	_	_	_	_	_	_	$,	_	,	_	_
57-37	7485-7488	als	_	_	_	_	_	_	_	KOKOM	_	als	false	_
57-38	7489-7493	dies	_	_	_	_	_	_	_	PDS	Nom.Sg.Neut	dieser	_	_
57-39	7494-7496	im	_	_	_	_	_	_	_	APPRART	Dat.Sg.Masc	in	false	_
57-40	7497-7503	Alltag	_	_	_	_	_	_	_	NN	Dat.Sg.Masc	Alltag	_	_
57-41	7504-7511	unserer	_	_	_	_	_	_	_	PPOSAT	Gen.Sg.Fem	unser	_	_
57-42	7512-7530	industrialisierten	_	_	_	_	_	_	_	ADJA	Pos.Gen.Sg.Fem	industrialisiert	_	_
57-43	7531-7543	Gesellschaft	_	_	_	_	_	_	_	NN	Gen.Sg.Fem	Gesellschaft	_	_
57-44	7544-7547	oft	_	_	_	_	_	_	_	ADV	_	oft	_	_
57-45	7548-7551	der	_	_	_	_	_	_	_	ART	Nom.Sg.Masc	der	false	_
57-46	7552-7556	Fall	_	_	_	_	_	_	_	NN	Nom.Sg.Masc	Fall	_	_
57-47	7557-7560	ist	_	_	_	_	_	_	_	VAFIN	3.Sg.Pres.Ind	sein	_	_
57-48	7561-7562	.	_	_	_	_	_	_	_	$.	_	.	_	_
58-1	7565-7571	Unsere	_	_	_	_	_	_	_	PPOSAT	Nom.Sg.Fem	unser	_	_
58-2	7572-7582	Entfernung	_	_	_	_	_	_	_	NN	Nom.Sg.Fem	Entfernung	_	_
58-3	7583-7589	sollte	_	_	_	_	_	_	_	VMFIN	3.Sg.Past.Ind	sollen	_	_
58-4	7590-7593	uns	_	_	_	_	_	_	_	PPER	1.Acc.Pl.*	uns	_	_
58-5	7594-7599	nicht	_	_	_	_	_	_	_	PTKNEG	_	nicht	_	_
58-6	7600-7605	davon	_	_	_	_	_	_	_	PROAV	_	davon	_	_
58-7	7606-7614	abhalten	_	_	_	_	_	_	_	VVINF	Inf	abhalten	_	_
58-8	7615-7616	,	_	_	_	_	_	_	_	$,	_	,	_	_
58-9	7617-7628	gegenseitig	_	_	_	_	_	_	_	ADJD	Pos	gegenseitig	_	_
58-10	7629-7640	voneinander	_	_	_	_	_	_	_	ADV	_	voneinander	_	_
58-11	7641-7643	zu	_	_	_	_	_	_	_	PTKZU	_	zu	false	_
58-12	7644-7650	lernen	_	_	_	_	_	_	_	VVINF	Inf	lernen	_	_
58-13	7651-7652	.	_	_	_	_	_	_	_	$.	_	.	_	_
59-1	7655-7658	Ein	_	_	_	_	_	_	_	ART	Nom.Sg.Neut	ein	false	_
59-2	7659-7671	mongolisches	_	_	_	_	_	_	_	ADJA	Pos.Nom.Sg.Neut	mongolisch	_	_
59-3	7672-7682	Sprichwort	_	_	_	_	_	_	_	NN	Nom.Sg.Neut	Sprichwort	_	_
59-4	7683-7687	sagt	_	_	_	_	_	_	_	VVFIN	3.Sg.Pres.Ind	sagen	_	_
59-5	7688-7692	dazu	_	_	_	_	_	_	_	PROAV	_	dazu	_	_
59-6	7693-7694	:	_	_	_	_	_	_	_	$.	_	:	_	_
59-7	7695-7696	"	_	_	_	_	_	_	_	$(	_	"	_	_
59-8	7697-7701	Zwei	_	_	_	_	_	_	_	CARD	_	zwei	_	_
59-9	7702-7708	Felsen	_	_	_	_	_	_	_	NN	Nom.Pl.Masc	Fels	_	_
59-10	7709-7710	,	_	_	_	_	_	_	_	$,	_	,	_	_
59-11	7711-7713	so	_	_	_	_	_	_	_	ADV	_	so	_	_
59-12	7714-7717	nah	_	_	_	_	_	_	_	ADJD	Pos	nah	_	_
59-13	7718-7721	sie	_	_	_	_	_	_	_	PPER	3.Nom.Pl.Masc	sie	_	_
59-14	7722-7726	auch	_	_	_	_	_	_	_	ADV	_	auch	_	_
59-15	7727-7738	beieinander	_	_	_	_	_	_	_	ADV	_	beieinander	_	_
59-16	7739-7745	liegen	_	_	_	_	_	_	_	VVINF	Inf	liegen	_	false
59-17	7746-7751	mögen	_	_	_	_	_	_	_	VMFIN	3.Pl.Pres.Ind	mögen	_	_
59-18	7752-7753	,	_	_	_	_	_	_	_	$,	_	,	_	_
59-19	7754-7760	kommen	_	_	_	_	_	_	_	VVFIN	3.Pl.Pres.Ind	kommen	_	false
59-20	7761-7764	nie	_	_	_	_	_	_	_	ADV	_	nie	_	_
59-21	7765-7773	zusammen	_	_	_	_	_	_	_	PTKVZ	_	zusammen	false	_
59-22	7774-7775	.	_	_	_	_	_	_	_	$.	_	.	_	_
60-1	7778-7782	Zwei	_	_	_	_	_	_	_	CARD	_	zwei	_	_
60-2	7783-7791	Menschen	_	_	_	_	_	_	_	NN	Nom.Pl.Masc	Mensch	_	_
60-3	7792-7793	,	_	_	_	_	_	_	_	$,	_	,	_	_
60-4	7794-7796	so	_	_	_	_	_	_	_	ADV	_	so	_	_
60-5	7797-7801	weit	_	_	_	_	_	_	_	ADJD	Pos	weit	_	_
60-6	7802-7805	sie	_	_	_	_	_	_	_	PPER	3.Nom.Pl.Masc	sie	_	_
60-7	7806-7810	auch	_	_	_	_	_	_	_	ADV	_	auch	_	_
60-8	7811-7822	voneinander	_	_	_	_	_	_	_	ADV	_	voneinander	_	_
60-9	7823-7831	entfernt	_	_	_	_	_	_	_	ADJD	Pos	entfernt	_	_
60-10	7832-7836	sein	_	_	_	_	_	_	_	VAINF	Inf	sein	_	_
60-11	7837-7842	mögen	_	_	_	_	_	_	_	VMFIN	3.Pl.Pres.Ind	mögen	_	_
60-12	7843-7844	,	_	_	_	_	_	_	_	$,	_	,	_	_
60-13	7845-7851	können	_	_	_	_	_	_	_	VMFIN	3.Pl.Pres.Ind	können	_	_
60-14	7852-7856	sich	_	_	_	_	_	_	_	PRF	3.Acc.Pl	sich	_	_
60-15	7857-7864	treffen	_	_	_	_	_	_	_	VVINF	Inf	treffen	_	false
60-16	7865-7866	.	_	_	_	_	_	_	_	$.	_	.	_	_
60-17	7867-7868	"	_	_	_	_	_	_	_	$(	_	"	_	_
60-18	7869-7870	-	_	_	_	_	_	_	_	$(	_	-	_	_
60-19	7871-7879	Deutsche	_	_	_	_	_	_	_	NN	Nom.Pl.*	deutsche	_	_
60-20	7880-7883	und	_	_	_	_	_	_	_	KON	_	und	false	_
60-21	7884-7892	Mongolen	_	_	_	_	_	_	_	NN	Nom.Pl.Neut	Mongole	_	_
60-22	7893-7897	sind	_	_	_	_	_	_	_	VAFIN	3.Pl.Pres.Ind	sein	_	_
60-23	7898-7901	das	_	_	_	_	_	_	_	ART	Nom.Sg.Neut	der	false	_
60-24	7902-7907	beste	_	_	_	_	_	_	_	ADJA	Sup.Nom.Sg.Neut	gut	_	_
60-25	7908-7916	Beispiel	_	_	_	_	_	_	_	NN	Nom.Sg.Neut	Beispiel	_	_
60-26	7917-7922	dafür	_	_	_	_	_	_	_	PROAV	_	dafür	_	_
60-27	7923-7924	.	_	_	_	_	_	_	_	$.	_	.	_	_
61-1	7927-7932	Meine	_	_	_	_	_	_	_	PPOSAT	Nom.Pl.*	mein	_	_
61-2	7933-7938	Damen	_	_	_	_	_	_	_	NN	Nom.Pl.Fem	Dame	_	_
61-3	7939-7942	und	_	_	_	_	_	_	_	KON	_	und	false	_
61-4	7943-7949	Herren	_	_	_	_	_	_	_	NN	Nom.Pl.Masc	Herr	_	_
61-5	7950-7951	,	_	_	_	_	_	_	_	$,	_	,	_	_
61-6	7952-7955	ich	_	_	_	_	_	_	_	PPER	1.Nom.Sg.*	ich	_	_
61-7	7956-7961	bitte	_	_	_	_	_	_	_	VVFIN	1.Sg.Pres.Ind	bitten	_	_
61-8	7962-7965	Sie	_	_	_	_	_	_	_	PPER	3.Acc.Pl.*	sie	_	_
61-9	7966-7969	nun	_	_	_	_	_	_	_	ADV	_	nun	_	_
61-10	7970-7975	daher	_	_	_	_	_	_	_	PROAV	_	daher	_	_
61-11	7976-7977	,	_	_	_	_	_	_	_	$,	_	,	_	_
61-12	7978-7981	mit	_	_	_	_	_	_	_	APPR	_	mit	false	_
61-13	7982-7985	mir	_	_	_	_	_	_	_	PPER	1.Dat.Sg.*	mir	_	_
61-14	7986-7989	das	_	_	_	_	_	_	_	ART	Acc.Sg.Neut	der	false	_
61-15	7990-7994	Glas	_	_	_	_	_	_	_	NN	Acc.Sg.Neut	Glas	_	_
61-16	7995-7997	zu	_	_	_	_	_	_	_	PTKZU	_	zu	false	_
61-17	7998-8005	erheben	_	_	_	_	_	_	_	VVINF	Inf	erheben	_	_
61-18	8006-8009	und	_	_	_	_	_	_	_	KON	_	und	false	_
61-19	8010-8015	einen	_	_	_	_	_	_	_	ART	Acc.Sg.Masc	ein	false	_
61-20	8016-8021	Toast	_	_	_	_	_	_	_	NN	Acc.Sg.Masc	Toast	_	_
61-21	8022-8034	auszubringen	_	_	_	_	_	_	_	VVIZU	Infzu	ausbringen	_	_
61-22	8035-8036	;	_	_	_	_	_	_	_	$.	_	;	_	_
61-23	8037-8040	auf	_	_	_	_	_	_	_	APPR	_	auf	false	_
61-24	8041-8044	die	_	_	_	_	_	_	_	ART	Acc.Sg.Fem	der	false	_
61-25	8045-8055	Gesundheit	_	_	_	_	_	_	_	NN	Acc.Sg.Fem	Gesundheit	_	_
61-26	8056-8059	von	_	_	_	_	_	_	_	APPR	_	von	false	_
61-27	8060-8075	Staatspräsident	_	_	_	_	_	_	_	NN	Nom.Sg.Masc	Staatspräsident	_	_
61-28	8076-8085	Enkhbayar	_	_	_	_	_	_	_	NE	Dat.Sg.Masc	Enkhbayar	_	_
61-29	8086-8089	und	_	_	_	_	_	_	_	KON	_	und	false	_
61-30	8090-8096	seiner	_	_	_	_	_	_	_	PPOSAT	Dat.Sg.Fem	sein	_	_
61-31	8097-8101	Frau	_	_	_	_	_	_	_	NN	Dat.Sg.Fem	Frau	_	_
61-32	8102-8103	,	_	_	_	_	_	_	_	$,	_	,	_	_
61-33	8104-8107	auf	_	_	_	_	_	_	_	APPR	_	auf	false	_
61-34	8108-8111	das	_	_	_	_	_	_	_	ART	Acc.Sg.Neut	der	false	_
61-35	8112-8116	Wohl	_	_	_	_	_	_	_	NN	Acc.Sg.Neut	Wohl	_	_
61-36	8117-8120	des	_	_	_	_	_	_	_	ART	Gen.Sg.Neut	der	false	_
61-37	8121-8133	mongolischen	_	_	_	_	_	_	_	ADJA	Pos.Gen.Sg.Neut	mongolisch	_	_
61-38	8134-8140	Volkes	_	_	_	_	_	_	_	NN	Gen.Sg.Neut	Volk	_	_
61-39	8141-8144	und	_	_	_	_	_	_	_	KON	_	und	false	_
61-40	8145-8148	auf	_	_	_	_	_	_	_	APPR	_	auf	false	_
61-41	8149-8152	die	_	_	_	_	_	_	_	ART	Acc.Sg.Fem	der	false	_
61-42	8153-8165	Freundschaft	_	_	_	_	_	_	_	NN	Acc.Sg.Fem	Freundschaft	_	_
61-43	8166-8174	zwischen	_	_	_	_	_	_	_	APPR	_	zwischen	false	_
61-44	8175-8182	unseren	_	_	_	_	_	_	_	PPOSAT	Dat.Pl.Neut	unser	_	_
61-45	8183-8189	beiden	_	_	_	_	_	_	_	PIAT	Dat.Pl.Neut	beide	_	_
61-46	8190-8197	Ländern	_	_	_	_	_	_	_	NN	Dat.Pl.Neut	Land	_	_
