#FORMAT=WebAnno TSV 3.3
#T_SP=webanno.custom.MET_A|MFlag|Rolle
#T_SP=webanno.custom.MET_B|basic|c_mark
#T_SP=webanno.custom.MET_B2|b_Lex
#T_SP=webanno.custom.MET_D|a_Par
#T_RL=webanno.custom.METD|BT_webanno.custom.MET_A


#Text=Eine Schraube ist eine der sechs einfachen Maschinen .
1-1	0-4	Eine	_	_	_	_	_	_	_	ART	Nom.Sg.Fem	ein
1-2	5-13	Schraube	_	_	_	_	_	_	_	NN	Nom.Sg.Fem	Schraube
1-3	14-17	ist	_	_	_	_	_	_	_	VAFIN	3.Sg.Pres.Ind	sein
1-4	18-22	eine	_	_	_	_	_	_	_	PIS	Nom.Sg.Fem	einer
1-5	23-26	der	_	_	_	_	_	_	_	ART	Gen.Pl.Fem	der
1-6	27-32	sechs	_	_	_	_	_	_	_	CARD	_	sechs
1-7	33-42	einfachen	_	_	_	_	_	_	_	ADJA	Pos.Gen.Pl.Fem	einfach
1-8	43-52	Maschinen	_	_	_	_	_	_	_	NN	Gen.Pl.Fem	Maschine
1-9	53-54	.	_	_	_	_	_	_	_	$.	_	.

#Text=Schrauben haben ein sogenanntes Gewinde , wie ein Korkenzieher , das um einen Zylinder , den Schraubenkörper windet .
2-1	57-66	Schrauben	_	_	_	_	_	_	_	NN	Nom.Pl.Fem	Schraube
2-2	67-72	haben	_	_	_	_	_	_	_	VAFIN	3.Pl.Pres.Ind	haben
2-3	73-76	ein	_	_	_	_	_	_	_	ART	Acc.Sg.Neut	ein
2-4	77-88	sogenanntes	_	_	_	_	_	_	_	ADJA	Pos.Acc.Sg.Neut	sogenannter
2-5	89-96	Gewinde	_	_	_	_	_	_	_	NN	Acc.Sg.Neut	Gewinde
2-6	97-98	,	_	_	_	_	_	_	_	$,	_	,
2-7	99-102	wie	_	_	_	_	_	_	_	KOKOM	_	wie
2-8	103-106	ein	_	_	_	_	_	_	_	ART	Nom.Sg.Masc	ein
2-9	107-119	Korkenzieher	_	_	_	_	_	_	_	NN	Nom.Sg.Masc	Korkenzieher
2-10	120-121	,	_	_	_	_	_	_	_	$,	_	,
2-11	122-125	das	_	_	_	_	_	_	_	PRELS	Nom.Sg.Neut	der
2-12	126-128	um	_	_	_	_	_	_	_	APPR	_	um
2-13	129-134	einen	_	_	_	_	_	_	_	ART	Acc.Sg.Masc	ein
2-14	135-143	Zylinder	_	_	_	_	_	_	_	NN	Acc.Sg.Masc	Zylinder
2-15	144-145	,	_	_	_	_	_	_	_	$,	_	,
2-16	146-149	den	_	_	_	_	_	_	_	ART	Acc.Sg.Masc	der
2-17	150-165	Schraubenkörper	_	_	_	_	_	_	_	NN	Acc.Sg.Masc	Schraubenkörper
2-18	166-172	windet	_	_	_	_	_	_	_	VVFIN	3.Sg.Pres.Ind	winden
2-19	173-174	.	_	_	_	_	_	_	_	$.	_	.

#Text=Der Kopf der Schraube ist besonders geformt , sodass man ihn mit einem Schraubendreher oder einem Schraubenschlüssel drehen kann .
3-1	177-180	Der	_	_	_	_	_	_	_	ART	Nom.Sg.Masc	der
3-2	181-185	Kopf	false	0Kern	true	false	oberster, wichtigster Körperteil des Menschen	Teil einer Schraube	_	NN	Nom.Sg.Masc	Kopf
3-3	186-189	der	_	_	_	_	_	_	_	ART	Gen.Sg.Fem	der
3-4	190-198	Schraube	_	_	_	_	_	_	_	NN	Gen.Sg.Fem	Schraube
3-5	199-202	ist	_	_	_	_	_	_	_	VAFIN	3.Sg.Pres.Ind	sein
3-6	203-212	besonders	_	_	_	_	_	_	_	ADV	_	besonders
3-7	213-220	geformt	_	_	_	_	_	_	_	VVPP	Psp	formen
3-8	221-222	,	_	_	_	_	_	_	_	$,	_	,
3-9	223-229	sodass	_	_	_	_	_	_	_	KOUS	_	sodass
3-10	230-233	man	_	_	_	_	_	_	_	PIS	Nom.Sg.*	man
3-11	234-237	ihn	_	_	_	_	_	_	_	PPER	3.Acc.Sg.Masc	ihn
3-12	238-241	mit	_	_	_	_	_	_	_	APPR	_	mit
3-13	242-247	einem	_	_	_	_	_	_	_	ART	Dat.Sg.Masc	ein
3-14	248-263	Schraubendreher	_	_	_	_	_	_	_	NN	Dat.Sg.Masc	Schraubendreher
3-15	264-268	oder	_	_	_	_	_	_	_	KON	_	oder
3-16	269-274	einem	_	_	_	_	_	_	_	ART	Dat.Sg.Masc	ein
3-17	275-293	Schraubenschlüssel	_	_	_	_	_	_	_	NN	Dat.Sg.Masc	Schraubenschlüssel
3-18	294-300	drehen	_	_	_	_	_	_	_	VVINF	Inf	drehen
3-19	301-305	kann	_	_	_	_	_	_	_	VMFIN	3.Sg.Pres.Ind	können
3-20	306-307	.	_	_	_	_	_	_	_	$.	_	.

#Text=Auf diese Weise schraubt man Schrauben hinein und heraus .
4-1	310-313	Auf	_	_	_	_	_	_	_	APPR	_	auf
4-2	314-319	diese	_	_	_	_	_	_	_	PDAT	Acc.Sg.Fem	dieser
4-3	320-325	Weise	_	_	_	_	_	_	_	NN	Acc.Sg.Fem	Weise
4-4	326-334	schraubt	_	_	_	_	_	_	_	VVFIN	3.Sg.Pres.Ind	schrauben
4-5	335-338	man	_	_	_	_	_	_	_	PIS	Nom.Sg.*	man
4-6	339-348	Schrauben	_	_	_	_	_	_	_	NN	Acc.Pl.Fem	Schraube
4-7	349-355	hinein	_	_	_	_	_	_	_	PTKVZ	_	hinein
4-8	356-359	und	_	_	_	_	_	_	_	KON	_	und
4-9	360-366	heraus	_	_	_	_	_	_	_	PTKVZ	_	heraus
4-10	367-368	.	_	_	_	_	_	_	_	$.	_	.

#Text=Hauptsächlich hält man mit Schrauben Dinge zusammen ( zum Beispiel Holz ) , aber man nutzt sie auch im Dinge in bestimmte Positionen zu bringen , dann spricht man auch von Justierschrauben .
5-1	371-384	Hauptsächlich	_	_	_	_	_	_	_	ADJD	Pos	hauptsächlich
5-2	385-389	hält	_	_	_	_	_	_	_	VVFIN	3.Sg.Pres.Ind	halten
5-3	390-393	man	_	_	_	_	_	_	_	PIS	Nom.Sg.*	man
5-4	394-397	mit	_	_	_	_	_	_	_	APPR	_	mit
5-5	398-407	Schrauben	_	_	_	_	_	_	_	NN	Dat.Pl.Fem	Schraube
5-6	408-413	Dinge	_	_	_	_	_	_	_	NN	Acc.Pl.Neut	Ding
5-7	414-422	zusammen	_	_	_	_	_	_	_	PTKVZ	_	zusammen
5-8	423-424	(	_	_	_	_	_	_	_	$(	_	(
5-9	425-428	zum	_	_	_	_	_	_	_	APPRART	Dat.Sg.Neut	zu
5-10	429-437	Beispiel	_	_	_	_	_	_	_	NN	Dat.Sg.Neut	Beispiel
5-11	438-442	Holz	_	_	_	_	_	_	_	NN	Nom.Sg.Neut	Holz
5-12	443-444	)	_	_	_	_	_	_	_	$(	_	)
5-13	445-446	,	_	_	_	_	_	_	_	$,	_	,
5-14	447-451	aber	_	_	_	_	_	_	_	KON	_	aber
5-15	452-455	man	_	_	_	_	_	_	_	PIS	Nom.Sg.*	man
5-16	456-461	nutzt	_	_	_	_	_	_	_	VVFIN	3.Sg.Pres.Ind	nutzen
5-17	462-465	sie	_	_	_	_	_	_	_	PPER	3.Acc.Pl.Neut	sie
5-18	466-470	auch	_	_	_	_	_	_	_	ADV	_	auch
5-19	471-473	im	_	_	_	_	_	_	_	APPRART	Dat.Sg.Neut	in
5-20	474-479	Dinge	_	_	_	_	_	_	_	NN	Dat.Sg.Neut	Ding
5-21	480-482	in	_	_	_	_	_	_	_	APPR	_	in
5-22	483-492	bestimmte	_	_	_	_	_	_	_	ADJA	Pos.Acc.Pl.Fem	bestimmt
5-23	493-503	Positionen	_	_	_	_	_	_	_	NN	Acc.Pl.Fem	Position
5-24	504-506	zu	_	_	_	_	_	_	_	PTKZU	_	zu
5-25	507-514	bringen	_	_	_	_	_	_	_	VVINF	Inf	bringen
5-26	515-516	,	_	_	_	_	_	_	_	$,	_	,
5-27	517-521	dann	_	_	_	_	_	_	_	ADV	_	dann
5-28	522-529	spricht	_	_	_	_	_	_	_	VVFIN	3.Sg.Pres.Ind	sprechen
5-29	530-533	man	_	_	_	_	_	_	_	PIS	Nom.Sg.*	man
5-30	534-538	auch	_	_	_	_	_	_	_	ADV	_	auch
5-31	539-542	von	_	_	_	_	_	_	_	APPR	_	von
5-32	543-559	Justierschrauben	_	_	_	_	_	_	_	NN	Dat.Pl.Fem	Justierschraube
5-33	560-561	.	_	_	_	_	_	_	_	$.	_	.

#Text=Justieren heißt etwas einzustellen .
6-1	564-573	Justieren	_	_	_	_	_	_	_	NN	Nom.Sg.Neut	justieren
6-2	574-579	heißt	_	_	_	_	_	_	_	VVFIN	3.Sg.Pres.Ind	heißen
6-3	580-585	etwas	_	_	_	_	_	_	_	PIS	*.*.Neut	etwas
6-4	586-598	einzustellen	_	_	_	_	_	_	_	VVIZU	Infzu	einstellen
6-5	599-600	.	_	_	_	_	_	_	_	$.	_	.

#Text=Nicht alle Schrauben haben einen Schraubenkopf der größer ist , als die Schraube selbst , aber die meisten .
7-1	603-608	Nicht	_	_	_	_	_	_	_	PTKNEG	_	nicht
7-2	609-613	alle	_	_	_	_	_	_	_	PIAT	Nom.Pl.Fem	aller
7-3	614-623	Schrauben	_	_	_	_	_	_	_	NN	Nom.Pl.Fem	Schraube
7-4	624-629	haben	_	_	_	_	_	_	_	VAFIN	3.Pl.Pres.Ind	haben
7-5	630-635	einen	_	_	_	_	_	_	_	ART	Acc.Sg.Masc	ein
7-6	636-649	Schraubenkopf	_	_	_	_	_	_	_	NN	Acc.Sg.Masc	Schraubenkopf
7-7	650-653	der	_	_	_	_	_	_	_	ART	Gen.Sg.Fem	der
7-8	654-660	größer	_	_	_	_	_	_	_	ADJD	Comp	groß
7-9	661-664	ist	_	_	_	_	_	_	_	VAFIN	3.Sg.Pres.Ind	sein
7-10	665-666	,	_	_	_	_	_	_	_	$,	_	,
7-11	667-670	als	_	_	_	_	_	_	_	KOKOM	_	als
7-12	671-674	die	_	_	_	_	_	_	_	ART	Nom.Sg.Fem	der
7-13	675-683	Schraube	_	_	_	_	_	_	_	NN	Nom.Sg.Fem	Schraube
7-14	684-690	selbst	_	_	_	_	_	_	_	ADV	_	selbst
7-15	691-692	,	_	_	_	_	_	_	_	$,	_	,
7-16	693-697	aber	_	_	_	_	_	_	_	KON	_	aber
7-17	698-701	die	_	_	_	_	_	_	_	ART	Nom.Pl.*	der
7-18	702-709	meisten	_	_	_	_	_	_	_	PIS	Nom.Pl.*	meister
7-19	710-711	.	_	_	_	_	_	_	_	$.	_	.

#Text=Schrauben ohne Spitze am Ende werden zumeist mit Muttern oder einer anderen Form von Gegengewinde ( also dem Gewinde in das hineingeschraubt wird ) benutzt .
8-1	714-723	Schrauben	_	_	_	_	_	_	_	NN	Nom.Pl.Fem	Schraube
8-2	724-728	ohne	_	_	_	_	_	_	_	APPR	_	ohne
8-3	729-735	Spitze	_	_	_	_	_	_	_	NN	Acc.Sg.Fem	Spitze
8-4	736-738	am	_	_	_	_	_	_	_	APPRART	Dat.Sg.Neut	an
8-5	739-743	Ende	_	_	_	_	_	_	_	NN	Dat.Sg.Neut	Ende
8-6	744-750	werden	_	_	_	_	_	_	_	VAFIN	3.Pl.Pres.Ind	werden
8-7	751-758	zumeist	_	_	_	_	_	_	_	ADV	_	zumeist
8-8	759-762	mit	_	_	_	_	_	_	_	APPR	_	mit
8-9	763-770	Muttern	_	_	_	_	_	_	_	NN	Dat.Sg.Fem	Muttern
8-10	771-775	oder	_	_	_	_	_	_	_	KON	_	oder
8-11	776-781	einer	_	_	_	_	_	_	_	ART	Dat.Sg.Fem	ein
8-12	782-789	anderen	_	_	_	_	_	_	_	ADJA	Pos.Dat.Sg.Fem	anderer
8-13	790-794	Form	_	_	_	_	_	_	_	NN	Dat.Sg.Fem	Form
8-14	795-798	von	_	_	_	_	_	_	_	APPR	_	von
8-15	799-811	Gegengewinde	_	_	_	_	_	_	_	NN	Dat.Sg.Fem	Gegengewinde
8-16	812-813	(	_	_	_	_	_	_	_	$(	_	(
8-17	814-818	also	_	_	_	_	_	_	_	ADV	_	also
8-18	819-822	dem	_	_	_	_	_	_	_	ART	Dat.Sg.Masc	der
8-19	823-830	Gewinde	_	_	_	_	_	_	_	NN	Dat.Sg.Masc	Gewind
8-20	831-833	in	_	_	_	_	_	_	_	APPR	_	in
8-21	834-837	das	_	_	_	_	_	_	_	PDS	Acc.Sg.Neut	der
8-22	838-854	hineingeschraubt	_	_	_	_	_	_	_	VVPP	Psp	hineinschrauben
8-23	855-859	wird	_	_	_	_	_	_	_	VAFIN	3.Sg.Pres.Ind	werden
8-24	860-861	)	_	_	_	_	_	_	_	$(	_	)
8-25	862-869	benutzt	_	_	_	_	_	_	_	VVPP	Psp	benutzen
8-26	870-871	.	_	_	_	_	_	_	_	$.	_	.

#Text=Geschichtswissenschaftler wissen nicht genau , wer die Schraube erfunden hat .
9-1	874-899	Geschichtswissenschaftler	_	_	_	_	_	_	_	NN	Nom.Pl.Masc	Geschichtswissenschaftler
9-2	900-906	wissen	_	_	_	_	_	_	_	VVFIN	3.Pl.Pres.Ind	wissen
9-3	907-912	nicht	_	_	_	_	_	_	_	PTKNEG	_	nicht
9-4	913-918	genau	_	_	_	_	_	_	_	ADJD	Pos	genau
9-5	919-920	,	_	_	_	_	_	_	_	$,	_	,
9-6	921-924	wer	_	_	_	_	_	_	_	PWS	Nom.Sg.Masc	wer
9-7	925-928	die	_	_	_	_	_	_	_	ART	Acc.Sg.Fem	der
9-8	929-937	Schraube	_	_	_	_	_	_	_	NN	Acc.Sg.Fem	Schraube
9-9	938-946	erfunden	_	_	_	_	_	_	_	VVPP	Psp	erfinden
9-10	947-950	hat	_	_	_	_	_	_	_	VAFIN	3.Sg.Pres.Ind	haben
9-11	951-952	.	_	_	_	_	_	_	_	$.	_	.

#Text=Obwohl es so wirkt , als wäre die Schraube erst in den letzten paar Jahrtausenden erfunden worden .
10-1	955-961	Obwohl	_	_	_	_	_	_	_	KOUS	_	obwohl
10-2	962-964	es	_	_	_	_	_	_	_	PPER	3.Nom.Sg.Neut	es
10-3	965-967	so	_	_	_	_	_	_	_	ADV	_	so
10-4	968-973	wirkt	_	_	_	_	_	_	_	VVFIN	3.Sg.Pres.Ind	wirken
10-5	974-975	,	_	_	_	_	_	_	_	$,	_	,
10-6	976-979	als	_	_	_	_	_	_	_	KOKOM	_	als
10-7	980-984	wäre	_	_	_	_	_	_	_	VAFIN	3.Sg.Past.Subj	sein
10-8	985-988	die	_	_	_	_	_	_	_	ART	Nom.Sg.Fem	der
10-9	989-997	Schraube	_	_	_	_	_	_	_	NN	Nom.Sg.Fem	Schraube
10-10	998-1002	erst	_	_	_	_	_	_	_	ADV	_	erst
10-11	1003-1005	in	_	_	_	_	_	_	_	APPR	_	in
10-12	1006-1009	den	_	_	_	_	_	_	_	ART	Dat.Pl.Neut	der
10-13	1010-1017	letzten	_	_	_	_	_	_	_	ADJA	Pos.Dat.Pl.Neut	letzter
10-14	1018-1022	paar	_	_	_	_	_	_	_	PIAT	*.*.*	paar
10-15	1023-1036	Jahrtausenden	_	_	_	_	_	_	_	NN	Dat.Pl.Neut	Jahrtausend
10-16	1037-1045	erfunden	_	_	_	_	_	_	_	VVPP	Psp	erfinden
10-17	1046-1052	worden	_	_	_	_	_	_	_	VAPP	Psp	werden
10-18	1053-1054	.	_	_	_	_	_	_	_	$.	_	.

#Text=Die Schraube ( als Schraube zum Wasserbefördern ) wurde womöglich zuerst von Sennacherib , dem König Assyriens
11-1	1057-1060	Die	_	_	_	_	_	_	_	ART	Nom.Sg.Fem	der
11-2	1061-1069	Schraube	_	_	_	_	_	_	_	NN	Nom.Sg.Fem	Schraube
11-3	1070-1071	(	_	_	_	_	_	_	_	$(	_	(
11-4	1072-1075	als	_	_	_	_	_	_	_	APPR	_	als
11-5	1076-1084	Schraube	_	_	_	_	_	_	_	NN	Nom.Sg.Fem	Schraube
11-6	1085-1088	zum	_	_	_	_	_	_	_	APPRART	Dat.Sg.Neut	zu
11-7	1089-1104	Wasserbefördern	_	_	_	_	_	_	_	NN	Dat.Sg.Neut	Wasserbefördern
11-8	1105-1106	)	_	_	_	_	_	_	_	$(	_	)
11-9	1107-1112	wurde	_	_	_	_	_	_	_	VAFIN	3.Sg.Past.Ind	werden
11-10	1113-1122	womöglich	_	_	_	_	_	_	_	ADV	_	womöglich
11-11	1123-1129	zuerst	_	_	_	_	_	_	_	ADV	_	zuerst
11-12	1130-1133	von	_	_	_	_	_	_	_	APPR	_	von
11-13	1134-1145	Sennacherib	_	_	_	_	_	_	_	NE	Dat.Sg.*	Sennacherib
11-14	1146-1147	,	_	_	_	_	_	_	_	$,	_	,
11-15	1148-1151	dem	_	_	_	_	_	_	_	ART	Dat.Sg.Masc	der
11-16	1152-1157	König	_	_	_	_	_	_	_	NN	Dat.Sg.Masc	König
11-17	1158-1167	Assyriens	_	_	_	_	_	_	_	NE	Gen.Sg.Neut	Assyrien

#Text=( der heutige Irak ), 700 Jahre bevor Jesus geboren wurde , eingesetzt . 450 Jahre später baute der griechische Erfinder Archimedes eine Schraubenpumpe .
12-1	1170-1171	(	_	_	_	_	_	_	_	$(	_	(
12-2	1172-1175	der	_	_	_	_	_	_	_	ART	Nom.Sg.Masc	der
12-3	1176-1183	heutige	_	_	_	_	_	_	_	ADJA	Pos.Nom.Sg.Masc	heutig
12-4	1184-1188	Irak	_	_	_	_	_	_	_	NE	Nom.Sg.Masc	Irak
12-5	1189-1190	)	_	_	_	_	_	_	_	$(	_	)
12-6	1190-1191	,	_	_	_	_	_	_	_	$,	_	,
12-7	1192-1195	700	_	_	_	_	_	_	_	CARD	_	700
12-8	1196-1201	Jahre	_	_	_	_	_	_	_	NN	Acc.Pl.Neut	Jahr
12-9	1202-1207	bevor	_	_	_	_	_	_	_	KOUS	_	bevor
12-10	1208-1213	Jesus	_	_	_	_	_	_	_	NE	Dat.Sg.*	Jesus
12-11	1214-1221	geboren	_	_	_	_	_	_	_	VVPP	Psp	gebären
12-12	1222-1227	wurde	_	_	_	_	_	_	_	VAFIN	3.Sg.Past.Ind	werden
12-13	1228-1229	,	_	_	_	_	_	_	_	$,	_	,
12-14	1230-1240	eingesetzt	_	_	_	_	_	_	_	VVPP	Psp	einsetzen
12-15	1241-1242	.	_	_	_	_	_	_	_	$.	_	.
12-16	1243-1246	450	_	_	_	_	_	_	_	CARD	_	450
12-17	1247-1252	Jahre	_	_	_	_	_	_	_	NN	Acc.Pl.Neut	Jahr
12-18	1253-1259	später	_	_	_	_	_	_	_	ADJD	Comp	spät
12-19	1260-1265	baute	_	_	_	_	_	_	_	VVFIN	3.Sg.Past.Ind	bauen
12-20	1266-1269	der	_	_	_	_	_	_	_	ART	Nom.Sg.Masc	der
12-21	1270-1281	griechische	_	_	_	_	_	_	_	ADJA	Pos.Nom.Sg.Masc	griechisch
12-22	1282-1290	Erfinder	_	_	_	_	_	_	_	NN	Nom.Sg.Masc	Erfinder
12-23	1291-1301	Archimedes	_	_	_	_	_	_	_	NE	Gen.Sg.Neut	Archimede
12-24	1302-1306	eine	_	_	_	_	_	_	_	ART	Acc.Sg.Fem	ein
12-25	1307-1321	Schraubenpumpe	_	_	_	_	_	_	_	NN	Acc.Sg.Fem	Schraubenpumpe
12-26	1322-1323	.	_	_	_	_	_	_	_	$.	_	.

#Text=Archimedes Maschine hatte eine drehende Wand in einem Zylinder , wie du auf dem Bild sehen kannst .
13-1	1326-1336	Archimedes	_	_	_	_	_	_	_	NE	Gen.Sg.*	Archimede
13-2	1337-1345	Maschine	_	_	_	_	_	_	_	NN	Nom.Sg.Fem	Maschine
13-3	1346-1351	hatte	_	_	_	_	_	_	_	VAFIN	3.Sg.Past.Ind	haben
13-4	1352-1356	eine	_	_	_	_	_	_	_	ART	Acc.Sg.Fem	ein
13-5	1357-1365	drehende	_	_	_	_	_	_	_	ADJA	Pos.Acc.Sg.Fem	drehend
13-6	1366-1370	Wand	_	_	_	_	_	_	_	NN	Acc.Sg.Fem	Wand
13-7	1371-1373	in	_	_	_	_	_	_	_	APPR	_	in
13-8	1374-1379	einem	_	_	_	_	_	_	_	ART	Dat.Sg.Neut	ein
13-9	1380-1388	Zylinder	_	_	_	_	_	_	_	NN	Dat.Sg.Neut	Zylinder
13-10	1389-1390	,	_	_	_	_	_	_	_	$,	_	,
13-11	1391-1394	wie	_	_	_	_	_	_	_	PWAV	_	wie
13-12	1395-1397	du	_	_	_	_	_	_	_	PPER	2.Nom.Sg.*	du
13-13	1398-1401	auf	_	_	_	_	_	_	_	APPR	_	auf
13-14	1402-1405	dem	_	_	_	_	_	_	_	ART	Dat.Sg.Neut	der
13-15	1406-1410	Bild	_	_	_	_	_	_	_	NN	Dat.Sg.Neut	Bild
13-16	1411-1416	sehen	_	_	_	_	_	_	_	VVINF	Inf	sehen
13-17	1417-1423	kannst	_	_	_	_	_	_	_	VVFIN	2.Sg.Pres.Ind	kannen
13-18	1424-1425	.	_	_	_	_	_	_	_	$.	_	.

#Text=Selbst heute benutzten wir das Prinzip noch , um Flüssigkeiten oder andere Stoffe zu bewegen .
14-1	1428-1434	Selbst	_	_	_	_	_	_	_	ADV	_	selbst
14-2	1435-1440	heute	_	_	_	_	_	_	_	ADV	_	heute
14-3	1441-1450	benutzten	_	_	_	_	_	_	_	VVFIN	1.Pl.Past.Ind	benutzen
14-4	1451-1454	wir	_	_	_	_	_	_	_	PPER	1.Nom.Pl.*	wir
14-5	1455-1458	das	_	_	_	_	_	_	_	ART	Acc.Sg.Neut	der
14-6	1459-1466	Prinzip	_	_	_	_	_	_	_	NN	Acc.Sg.Neut	Prinzip
14-7	1467-1471	noch	_	_	_	_	_	_	_	ADV	_	noch
14-8	1472-1473	,	_	_	_	_	_	_	_	$,	_	,
14-9	1474-1476	um	_	_	_	_	_	_	_	KOUI	_	um
14-10	1477-1490	Flüssigkeiten	_	_	_	_	_	_	_	NN	Acc.Pl.Fem	Flüssigkeit
14-11	1491-1495	oder	_	_	_	_	_	_	_	KON	_	oder
14-12	1496-1502	andere	_	_	_	_	_	_	_	ADJA	Pos.Acc.Pl.Masc	anderer
14-13	1503-1509	Stoffe	_	_	_	_	_	_	_	NN	Acc.Pl.Masc	Stoff
14-14	1510-1512	zu	_	_	_	_	_	_	_	PTKZU	_	zu
14-15	1513-1520	bewegen	_	_	_	_	_	_	_	VVINF	Inf	bewegen
14-16	1521-1522	.	_	_	_	_	_	_	_	$.	_	.

#Text=Kurze Zeit nach Archimedes wurden hölzerne Schrauben im gesamten Mittelmeerraum in Öl - und Weinpressen eingesetzt .
15-1	1525-1530	Kurze	false	0Kern	true	false	von geringer Ausdehnung in der Länge	von geringem Zeitumfang	15-2	ADJA	Pos.Acc.Sg.Fem	kurz
15-2	1531-1535	Zeit	false	2sem	_	_	_	_	_	NN	Acc.Sg.Fem	Zeit
15-3	1536-1540	nach	_	_	_	_	_	_	_	APPR	_	nach
15-4	1541-1551	Archimedes	_	_	_	_	_	_	_	NE	Dat.Sg.Neut	Archimedes
15-5	1552-1558	wurden	_	_	_	_	_	_	_	VAFIN	3.Pl.Past.Ind	werden
15-6	1559-1567	hölzerne	_	_	_	_	_	_	_	ADJA	Pos.Nom.Pl.Fem	hölzern
15-7	1568-1577	Schrauben	_	_	_	_	_	_	_	NN	Nom.Pl.Fem	Schraube
15-8	1578-1580	im	_	_	_	_	_	_	_	APPRART	Dat.Sg.Masc	in
15-9	1581-1589	gesamten	_	_	_	_	_	_	_	ADJA	Pos.Dat.Sg.Masc	gesamt
15-10	1590-1604	Mittelmeerraum	_	_	_	_	_	_	_	NN	Dat.Sg.Masc	Mittelmeerraum
15-11	1605-1607	in	_	_	_	_	_	_	_	APPR	_	in
15-12	1608-1610	Öl	_	_	_	_	_	_	_	NN	Dat.Sg.Neut	Öl
15-13	1611-1612	-	_	_	_	_	_	_	_	$(	_	-
15-14	1613-1616	und	_	_	_	_	_	_	_	KON	_	und
15-15	1617-1628	Weinpressen	_	_	_	_	_	_	_	NN	Nom.Pl.Fem	Weinpresse
15-16	1629-1639	eingesetzt	_	_	_	_	_	_	_	VVPP	Psp	einsetzen
15-17	1640-1641	.	_	_	_	_	_	_	_	$.	_	.

#Text=Die Schraube aus Metall war bis vor 250 Jahren sehr selten , solange wie sie noch geschmiedet werden musste .
16-1	1644-1647	Die	_	_	_	_	_	_	_	ART	Nom.Sg.Fem	der
16-2	1648-1656	Schraube	_	_	_	_	_	_	_	NN	Nom.Sg.Fem	Schraube
16-3	1657-1660	aus	_	_	_	_	_	_	_	APPR	_	aus
16-4	1661-1667	Metall	_	_	_	_	_	_	_	NN	Dat.Sg.Neut	Metall
16-5	1668-1671	war	_	_	_	_	_	_	_	VAFIN	3.Sg.Past.Ind	sein
16-6	1672-1675	bis	_	_	_	_	_	_	_	APPR	_	bis
16-7	1676-1679	vor	_	_	_	_	_	_	_	APPR	_	vor
16-8	1680-1683	250	_	_	_	_	_	_	_	CARD	_	250
16-9	1684-1690	Jahren	_	_	_	_	_	_	_	NN	Dat.Pl.Neut	Jahr
16-10	1691-1695	sehr	_	_	_	_	_	_	_	ADV	_	sehr
16-11	1696-1702	selten	_	_	_	_	_	_	_	ADJD	Pos	selten
16-12	1703-1704	,	_	_	_	_	_	_	_	$,	_	,
16-13	1705-1712	solange	_	_	_	_	_	_	_	KOUS	_	solange
16-14	1713-1716	wie	_	_	_	_	_	_	_	PWAV	_	wie
16-15	1717-1720	sie	_	_	_	_	_	_	_	PPER	3.Nom.Pl.Neut	sie
16-16	1721-1725	noch	_	_	_	_	_	_	_	ADV	_	noch
16-17	1726-1737	geschmiedet	_	_	_	_	_	_	_	VVPP	Psp	schmieden
16-18	1738-1744	werden	_	_	_	_	_	_	_	VAINF	Inf	werden
16-19	1745-1751	musste	_	_	_	_	_	_	_	VVFIN	3.Sg.Past.Ind	mussen
16-20	1752-1753	.	_	_	_	_	_	_	_	$.	_	.

#Text=Erst die Erfindung von Maschinen , die Schrauben schnell herstellen konnten , änderte das .
17-1	1756-1760	Erst	_	_	_	_	_	_	_	ADV	_	erst
17-2	1761-1764	die	_	_	_	_	_	_	_	ART	Nom.Sg.Fem	der
17-3	1765-1774	Erfindung	_	_	_	_	_	_	_	NN	Nom.Sg.Fem	Erfindung
17-4	1775-1778	von	_	_	_	_	_	_	_	APPR	_	von
17-5	1779-1788	Maschinen	_	_	_	_	_	_	_	NN	Dat.Pl.Fem	Maschine
17-6	1789-1790	,	_	_	_	_	_	_	_	$,	_	,
17-7	1791-1794	die	_	_	_	_	_	_	_	PRELS	Nom.Pl.Fem	der
17-8	1795-1804	Schrauben	_	_	_	_	_	_	_	NN	Acc.Pl.Fem	Schraube
17-9	1805-1812	schnell	_	_	_	_	_	_	_	ADJD	Pos	schnell
17-10	1813-1823	herstellen	_	_	_	_	_	_	_	VVINF	Inf	herstellen
17-11	1824-1831	konnten	_	_	_	_	_	_	_	VMFIN	3.Pl.Past.Ind	können
17-12	1832-1833	,	_	_	_	_	_	_	_	$,	_	,
17-13	1834-1841	änderte	_	_	_	_	_	_	_	VVFIN	3.Sg.Past.Ind	ändern
17-14	1842-1845	das	_	_	_	_	_	_	_	PDS	Nom.Sg.Neut	der
17-15	1846-1847	.	_	_	_	_	_	_	_	$.	_	.

#Text=Um 1770 erfand der Brite Jesse Ramsden ( Sprich : Dschessi Rämsden ) eine Maschine dafür .
18-1	1850-1852	Um	_	_	_	_	_	_	_	APPR	_	um
18-2	1853-1857	1770	_	_	_	_	_	_	_	CARD	_	1770
18-3	1858-1864	erfand	_	_	_	_	_	_	_	VVFIN	3.Sg.Past.Ind	erfinden
18-4	1865-1868	der	_	_	_	_	_	_	_	ART	Nom.Sg.Masc	der
18-5	1869-1874	Brite	_	_	_	_	_	_	_	NN	Nom.Sg.Masc	Brite
18-6	1875-1880	Jesse	_	_	_	_	_	_	_	NE	Nom.Sg.Masc	Jesse
18-7	1881-1888	Ramsden	_	_	_	_	_	_	_	NE	Nom.Sg.Masc	Ramsden
18-8	1889-1890	(	_	_	_	_	_	_	_	$(	_	(
18-9	1891-1897	Sprich	_	_	_	_	_	_	_	NN	Nom.Sg.Masc	Sprich
18-10	1898-1899	:	_	_	_	_	_	_	_	$.	_	:
18-11	1900-1908	Dschessi	_	_	_	_	_	_	_	NE	Nom.Sg.Masc	Dschessi
18-12	1909-1916	Rämsden	_	_	_	_	_	_	_	NE	Nom.Sg.Masc	Rämsden
18-13	1917-1918	)	_	_	_	_	_	_	_	$(	_	)
18-14	1919-1923	eine	_	_	_	_	_	_	_	ART	Acc.Sg.Fem	ein
18-15	1924-1932	Maschine	_	_	_	_	_	_	_	NN	Acc.Sg.Fem	Maschine
18-16	1933-1938	dafür	_	_	_	_	_	_	_	PROAV	_	dafür
18-17	1939-1940	.	_	_	_	_	_	_	_	$.	_	.

#Text=Die ersten Schraubendreher entstanden um 1800 .
19-1	1943-1946	Die	_	_	_	_	_	_	_	ART	Nom.Pl.Masc	der
19-2	1947-1953	ersten	_	_	_	_	_	_	_	ADJA	Pos.Nom.Pl.Masc	erster
19-3	1954-1969	Schraubendreher	_	_	_	_	_	_	_	NN	Nom.Pl.Masc	Schraubendreher
19-4	1970-1980	entstanden	_	_	_	_	_	_	_	VVFIN	3.Pl.Past.Ind	entstehen
19-5	1981-1983	um	_	_	_	_	_	_	_	APPR	_	um
19-6	1984-1988	1800	_	_	_	_	_	_	_	CARD	_	1800
19-7	1989-1990	.	_	_	_	_	_	_	_	$.	_	.

#Text=Diese Entwicklungen sorgten dafür , dass Schrauben und Muttern nun immer häufiger eingesetzt wurden .
20-1	1993-1998	Diese	_	_	_	_	_	_	_	PDAT	Nom.Pl.Fem	dieser
20-2	1999-2012	Entwicklungen	_	_	_	_	_	_	_	NN	Nom.Pl.Fem	Entwicklung
20-3	2013-2020	sorgten	_	_	_	_	_	_	_	VVFIN	3.Pl.Past.Ind	sorgen
20-4	2021-2026	dafür	_	_	_	_	_	_	_	PROAV	_	dafür
20-5	2027-2028	,	_	_	_	_	_	_	_	$,	_	,
20-6	2029-2033	dass	_	_	_	_	_	_	_	KOUS	_	dass
20-7	2034-2043	Schrauben	_	_	_	_	_	_	_	NN	Nom.Pl.Fem	Schraube
20-8	2044-2047	und	_	_	_	_	_	_	_	KON	_	und
20-9	2048-2055	Muttern	_	_	_	_	_	_	_	NN	Nom.Pl.Fem	Mutter
20-10	2056-2059	nun	_	_	_	_	_	_	_	ADV	_	nun
20-11	2060-2065	immer	_	_	_	_	_	_	_	ADV	_	immer
20-12	2066-2074	häufiger	_	_	_	_	_	_	_	ADJD	Comp	häufig
20-13	2075-2085	eingesetzt	_	_	_	_	_	_	_	VVPP	Psp	einsetzen
20-14	2086-2092	wurden	_	_	_	_	_	_	_	VAFIN	3.Pl.Past.Ind	werden
20-15	2093-2094	.	_	_	_	_	_	_	_	$.	_	.

#Text=In den Jahren danach waren als erstes einfache Schrauben mit einer kleinen Kerbe für Schraubendreher oder einem quadratischen oder sechseckigen Kopf für Schraubenschlüssel üblich .
21-1	2097-2099	In	_	_	_	_	_	_	_	APPR	_	in
21-2	2100-2103	den	_	_	_	_	_	_	_	ART	Dat.Pl.Neut	der
21-3	2104-2110	Jahren	_	_	_	_	_	_	_	NN	Dat.Pl.Neut	Jahr
21-4	2111-2117	danach	_	_	_	_	_	_	_	PROAV	_	danach
21-5	2118-2123	waren	_	_	_	_	_	_	_	VAFIN	3.Pl.Past.Ind	sein
21-6	2124-2127	als	_	_	_	_	_	_	_	APPR	_	als
21-7	2128-2134	erstes	_	_	_	_	_	_	_	ADJA	Pos.Nom.Sg.Neut	erster
21-8	2135-2143	einfache	_	_	_	_	_	_	_	ADJA	Pos.Nom.Sg.Neut	einfach
21-9	2144-2153	Schrauben	_	_	_	_	_	_	_	NN	Nom.Pl.Fem	Schraube
21-10	2154-2157	mit	_	_	_	_	_	_	_	APPR	_	mit
21-11	2158-2163	einer	_	_	_	_	_	_	_	ART	Dat.Sg.Fem	ein
21-12	2164-2171	kleinen	_	_	_	_	_	_	_	ADJA	Pos.Dat.Sg.Fem	klein
21-13	2172-2177	Kerbe	_	_	_	_	_	_	_	NN	Dat.Sg.Fem	Kerbe
21-14	2178-2181	für	_	_	_	_	_	_	_	APPR	_	für
21-15	2182-2197	Schraubendreher	_	_	_	_	_	_	_	NN	Acc.Pl.Masc	Schraubendreher
21-16	2198-2202	oder	_	_	_	_	_	_	_	KON	_	oder
21-17	2203-2208	einem	_	_	_	_	_	_	_	ART	Dat.Sg.Masc	ein
21-18	2209-2222	quadratischen	_	_	_	_	_	_	_	ADJA	Pos.Dat.Sg.Masc	quadratisch
21-19	2223-2227	oder	_	_	_	_	_	_	_	KON	_	oder
21-20	2228-2240	sechseckigen	_	_	_	_	_	_	_	ADJA	Pos.Dat.Sg.Masc	sechseckig
21-21	2241-2245	Kopf	_	_	_	_	_	_	_	NN	Dat.Sg.Masc	Kopf
21-22	2246-2249	für	_	_	_	_	_	_	_	APPR	_	für
21-23	2250-2268	Schraubenschlüssel	_	_	_	_	_	_	_	NN	Acc.Pl.Masc	Schraubenschlüssel
21-24	2269-2275	üblich	_	_	_	_	_	_	_	ADJD	Pos	üblich
21-25	2276-2277	.	_	_	_	_	_	_	_	$.	_	.

#Text=Um 1930 erfand Henry F . Phillips den Phillips Kopf für Schrauben .
22-1	2280-2282	Um	_	_	_	_	_	_	_	APPR	_	um
22-2	2283-2287	1930	_	_	_	_	_	_	_	CARD	_	1930
22-3	2288-2294	erfand	_	_	_	_	_	_	_	VVFIN	3.Sg.Past.Ind	erfinden
22-4	2295-2300	Henry	_	_	_	_	_	_	_	NE	Nom.Sg.Masc	Henry
22-5	2301-2302	F	_	_	_	_	_	_	_	NE	Nom.Sg.Masc	F
22-6	2303-2304	.	_	_	_	_	_	_	_	$.	_	.
22-7	2305-2313	Phillips	_	_	_	_	_	_	_	NN	Nom.Pl.Masc	Phillip
22-8	2314-2317	den	_	_	_	_	_	_	_	ART	Acc.Sg.Masc	der
22-9	2318-2326	Phillips	_	_	_	_	_	_	_	NN	Acc.Sg.Masc	Phillips
22-10	2327-2331	Kopf	_	_	_	_	_	_	_	NN	Nom.Sg.Masc	Kopf
22-11	2332-2335	für	_	_	_	_	_	_	_	APPR	_	für
22-12	2336-2345	Schrauben	_	_	_	_	_	_	_	NN	Acc.Pl.Fem	Schraube
22-13	2346-2347	.	_	_	_	_	_	_	_	$.	_	.

#Text=Diese Schrauben kennen wir heute als Kreuzschlitz Schrauben , sie haben für das Werkzeug eine kreuzförmige Einkerbung für den Schraubendreher .
23-1	2350-2355	Diese	_	_	_	_	_	_	_	PDAT	Acc.Pl.Fem	dieser
23-2	2356-2365	Schrauben	_	_	_	_	_	_	_	NN	Acc.Pl.Fem	Schraube
23-3	2366-2372	kennen	_	_	_	_	_	_	_	VVFIN	1.Pl.Pres.Ind	kennen
23-4	2373-2376	wir	_	_	_	_	_	_	_	PPER	1.Nom.Pl.*	wir
23-5	2377-2382	heute	_	_	_	_	_	_	_	ADV	_	heute
23-6	2383-2386	als	_	_	_	_	_	_	_	APPR	_	als
23-7	2387-2399	Kreuzschlitz	_	_	_	_	_	_	_	NN	Acc.Sg.Masc	Kreuzschlitz
23-8	2400-2409	Schrauben	_	_	_	_	_	_	_	NN	Acc.Pl.Fem	Schraube
23-9	2410-2411	,	_	_	_	_	_	_	_	$,	_	,
23-10	2412-2415	sie	_	_	_	_	_	_	_	PPER	3.Nom.Pl.Fem	sie
23-11	2416-2421	haben	_	_	_	_	_	_	_	VAFIN	3.Pl.Pres.Ind	haben
23-12	2422-2425	für	_	_	_	_	_	_	_	APPR	_	für
23-13	2426-2429	das	_	_	_	_	_	_	_	ART	Acc.Sg.Neut	der
23-14	2430-2438	Werkzeug	_	_	_	_	_	_	_	NN	Acc.Sg.Neut	Werkzeug
23-15	2439-2443	eine	_	_	_	_	_	_	_	ART	Acc.Sg.Fem	ein
23-16	2444-2456	kreuzförmige	_	_	_	_	_	_	_	ADJA	Pos.Acc.Sg.Fem	kreuzförmig
23-17	2457-2467	Einkerbung	_	_	_	_	_	_	_	NN	Acc.Sg.Fem	Einkerbung
23-18	2468-2471	für	_	_	_	_	_	_	_	APPR	_	für
23-19	2472-2475	den	_	_	_	_	_	_	_	ART	Acc.Sg.Masc	der
23-20	2476-2491	Schraubendreher	_	_	_	_	_	_	_	NN	Acc.Sg.Masc	Schraubendreher
23-21	2492-2493	.	_	_	_	_	_	_	_	$.	_	.

#Text=Heute kennen wir zwei unterschiedliche Arten Kreutzschlitzschrauben , du solltest darauf achten sie nicht zu verwechseln , sonst gehen die Schrauben und die Schraubendreher vielleicht kaputt und eine Schraube lässt sich vielleicht nicht mehr lösen .
24-1	2496-2501	Heute	_	_	_	_	_	_	_	ADV	_	heute
24-2	2502-2508	kennen	_	_	_	_	_	_	_	VVFIN	1.Pl.Pres.Ind	kennen
24-3	2509-2512	wir	_	_	_	_	_	_	_	PPER	1.Nom.Pl.*	wir
24-4	2513-2517	zwei	_	_	_	_	_	_	_	CARD	_	zwei
24-5	2518-2534	unterschiedliche	_	_	_	_	_	_	_	ADJA	Pos.Acc.Pl.Fem	unterschiedlich
24-6	2535-2540	Arten	_	_	_	_	_	_	_	NN	Acc.Pl.Fem	Art
24-7	2541-2563	Kreutzschlitzschrauben	_	_	_	_	_	_	_	NN	Acc.Pl.Fem	Kreutzschlitzschraube
24-8	2564-2565	,	_	_	_	_	_	_	_	$,	_	,
24-9	2566-2568	du	_	_	_	_	_	_	_	PPER	2.Nom.Sg.*	du
24-10	2569-2577	solltest	_	_	_	_	_	_	_	VMFIN	1.Pl.Past.Subj	sollen
24-11	2578-2584	darauf	_	_	_	_	_	_	_	PROAV	_	darauf
24-12	2585-2591	achten	_	_	_	_	_	_	_	VVFIN	3.Pl.Pres.Ind	achten
24-13	2592-2595	sie	_	_	_	_	_	_	_	PPER	3.Nom.Pl.*	sie
24-14	2596-2601	nicht	_	_	_	_	_	_	_	PTKNEG	_	nicht
24-15	2602-2604	zu	_	_	_	_	_	_	_	PTKZU	_	zu
24-16	2605-2616	verwechseln	_	_	_	_	_	_	_	VVINF	Inf	verwechseln
24-17	2617-2618	,	_	_	_	_	_	_	_	$,	_	,
24-18	2619-2624	sonst	_	_	_	_	_	_	_	ADV	_	sonst
24-19	2625-2630	gehen	_	_	_	_	_	_	_	VVFIN	3.Pl.Pres.Ind	gehen
24-20	2631-2634	die	_	_	_	_	_	_	_	ART	Nom.Pl.Fem	der
24-21	2635-2644	Schrauben	_	_	_	_	_	_	_	NN	Nom.Pl.Fem	Schraube
24-22	2645-2648	und	_	_	_	_	_	_	_	KON	_	und
24-23	2649-2652	die	_	_	_	_	_	_	_	ART	Nom.Pl.Masc	der
24-24	2653-2668	Schraubendreher	_	_	_	_	_	_	_	NN	Nom.Pl.Masc	Schraubendreher
24-25	2669-2679	vielleicht	_	_	_	_	_	_	_	ADV	_	vielleicht
24-26	2680-2686	kaputt	_	_	_	_	_	_	_	PTKVZ	_	kaputt
24-27	2687-2690	und	_	_	_	_	_	_	_	KON	_	und
24-28	2691-2695	eine	_	_	_	_	_	_	_	ART	Nom.Sg.Fem	ein
24-29	2696-2704	Schraube	_	_	_	_	_	_	_	NN	Nom.Sg.Fem	Schraube
24-30	2705-2710	lässt	_	_	_	_	_	_	_	VVFIN	3.Sg.Pres.Ind	lassen
24-31	2711-2715	sich	_	_	_	_	_	_	_	PRF	3.Acc.Sg	sich
24-32	2716-2726	vielleicht	_	_	_	_	_	_	_	ADV	_	vielleicht
24-33	2727-2732	nicht	_	_	_	_	_	_	_	PTKNEG	_	nicht
24-34	2733-2737	mehr	_	_	_	_	_	_	_	ADV	_	mehr
24-35	2738-2743	lösen	_	_	_	_	_	_	_	VVINF	Inf	lösen
24-36	2744-2745	.	_	_	_	_	_	_	_	$.	_	.

#Text=Schrauben übersetzen Kraft .
25-1	2748-2757	Schrauben	_	_	_	_	_	_	_	NN	Nom.Pl.Fem	Schraube
25-2	2758-2768	übersetzen	false	0Kern	true	false	einen Text in eine andere Sprache übertragen	übertragen	_	VVFIN	3.Pl.Pres.Ind	übersetzen
25-3	2769-2774	Kraft	_	_	_	_	_	_	_	NN	Acc.Sg.Fem	Kraft
25-4	2775-2776	.	_	_	_	_	_	_	_	$.	_	.

#Text=Eine Kraft , die sich dreht wird in eine Kraft gewandelt , die von oben nach unten oder anders herum wirkt .
26-1	2779-2783	Eine	_	_	_	_	_	_	_	ART	Nom.Sg.Fem	ein
26-2	2784-2789	Kraft	_	_	_	_	_	_	_	NN	Nom.Sg.Fem	Kraft
26-3	2790-2791	,	_	_	_	_	_	_	_	$,	_	,
26-4	2792-2795	die	_	_	_	_	_	_	_	PRELS	Nom.Sg.Fem	der
26-5	2796-2800	sich	_	_	_	_	_	_	_	PRF	3.Acc.Sg	sich
26-6	2801-2806	dreht	_	_	_	_	_	_	_	VVFIN	3.Sg.Pres.Ind	drehen
26-7	2807-2811	wird	_	_	_	_	_	_	_	VAFIN	3.Sg.Pres.Ind	werden
26-8	2812-2814	in	_	_	_	_	_	_	_	APPR	_	in
26-9	2815-2819	eine	_	_	_	_	_	_	_	ART	Acc.Sg.Fem	ein
26-10	2820-2825	Kraft	_	_	_	_	_	_	_	NN	Acc.Sg.Fem	Kraft
26-11	2826-2835	gewandelt	_	_	_	_	_	_	_	VVPP	Psp	wandeln
26-12	2836-2837	,	_	_	_	_	_	_	_	$,	_	,
26-13	2838-2841	die	_	_	_	_	_	_	_	PRELS	Nom.Sg.Fem	der
26-14	2842-2845	von	_	_	_	_	_	_	_	APPR	_	von
26-15	2846-2850	oben	_	_	_	_	_	_	_	ADV	_	oben
26-16	2851-2855	nach	_	_	_	_	_	_	_	APPR	_	nach
26-17	2856-2861	unten	_	_	_	_	_	_	_	ADV	_	unten
26-18	2862-2866	oder	_	_	_	_	_	_	_	KON	_	oder
26-19	2867-2873	anders	_	_	_	_	_	_	_	ADV	_	anders
26-20	2874-2879	herum	_	_	_	_	_	_	_	ADV	_	herum
26-21	2880-2885	wirkt	_	_	_	_	_	_	_	VVFIN	3.Sg.Pres.Ind	wirken
26-22	2886-2887	.	_	_	_	_	_	_	_	$.	_	.

#Text=Diese Kraft kann dann benutzt werden gegen etwas gegenzudrücken ( zum Beispiel , wenn ein Schrank zusammengeschraubt wird ) oder etwas zu ziehen , wie beim Korken einer Flasche .
27-1	2890-2895	Diese	_	_	_	_	_	_	_	PDAT	Nom.Sg.Fem	dieser
27-2	2896-2901	Kraft	_	_	_	_	_	_	_	NN	Nom.Sg.Fem	Kraft
27-3	2902-2906	kann	_	_	_	_	_	_	_	VMFIN	3.Sg.Pres.Ind	können
27-4	2907-2911	dann	_	_	_	_	_	_	_	ADV	_	dann
27-5	2912-2919	benutzt	_	_	_	_	_	_	_	VVPP	Psp	benutzen
27-6	2920-2926	werden	_	_	_	_	_	_	_	VAINF	Inf	werden
27-7	2927-2932	gegen	_	_	_	_	_	_	_	APPR	_	gegen
27-8	2933-2938	etwas	_	_	_	_	_	_	_	PIS	*.*.Neut	etwas
27-9	2939-2953	gegenzudrücken	_	_	_	_	_	_	_	VVIZU	Infzu	gegendrücken
27-10	2954-2955	(	_	_	_	_	_	_	_	$(	_	(
27-11	2956-2959	zum	_	_	_	_	_	_	_	APPRART	Dat.Sg.Neut	zu
27-12	2960-2968	Beispiel	_	_	_	_	_	_	_	NN	Dat.Sg.Neut	Beispiel
27-13	2969-2970	,	_	_	_	_	_	_	_	$,	_	,
27-14	2971-2975	wenn	_	_	_	_	_	_	_	KOUS	_	wenn
27-15	2976-2979	ein	_	_	_	_	_	_	_	ART	Nom.Sg.Masc	ein
27-16	2980-2987	Schrank	_	_	_	_	_	_	_	NN	Nom.Sg.Masc	Schrank
27-17	2988-3006	zusammengeschraubt	_	_	_	_	_	_	_	VVPP	Psp	zusammenschrauben
27-18	3007-3011	wird	_	_	_	_	_	_	_	VAFIN	3.Sg.Pres.Ind	werden
27-19	3012-3013	)	_	_	_	_	_	_	_	$(	_	)
27-20	3014-3018	oder	_	_	_	_	_	_	_	KON	_	oder
27-21	3019-3024	etwas	_	_	_	_	_	_	_	PIS	*.*.Neut	etwas
27-22	3025-3027	zu	_	_	_	_	_	_	_	PTKZU	_	zu
27-23	3028-3034	ziehen	_	_	_	_	_	_	_	VVINF	Inf	ziehen
27-24	3035-3036	,	_	_	_	_	_	_	_	$,	_	,
27-25	3037-3040	wie	_	_	_	_	_	_	_	KOKOM	_	wie
27-26	3041-3045	beim	_	_	_	_	_	_	_	APPRART	Dat.Sg.Neut	bei
27-27	3046-3052	Korken	_	_	_	_	_	_	_	NN	Dat.Sg.Neut	Korken
27-28	3053-3058	einer	_	_	_	_	_	_	_	ART	Gen.Sg.Fem	ein
27-29	3059-3066	Flasche	_	_	_	_	_	_	_	NN	Gen.Sg.Fem	Flasche
27-30	3067-3068	.	_	_	_	_	_	_	_	$.	_	.

#Text=Maschinen , die nur dazu da sind , gegen etwas gegen zu drücken nennen wir Pressen .
28-1	3071-3080	Maschinen	_	_	_	_	_	_	_	NN	Nom.Pl.Fem	Maschine
28-2	3081-3082	,	_	_	_	_	_	_	_	$,	_	,
28-3	3083-3086	die	_	_	_	_	_	_	_	PRELS	Nom.Pl.Fem	der
28-4	3087-3090	nur	_	_	_	_	_	_	_	ADV	_	nur
28-5	3091-3095	dazu	_	_	_	_	_	_	_	PROAV	_	dazu
28-6	3096-3098	da	_	_	_	_	_	_	_	ADV	_	da
28-7	3099-3103	sind	_	_	_	_	_	_	_	VAFIN	3.Pl.Pres.Ind	sein
28-8	3104-3105	,	_	_	_	_	_	_	_	$,	_	,
28-9	3106-3111	gegen	_	_	_	_	_	_	_	APPR	_	gegen
28-10	3112-3117	etwas	_	_	_	_	_	_	_	PIS	*.*.Neut	etwas
28-11	3118-3123	gegen	_	_	_	_	_	_	_	APPR	_	gegen
28-12	3124-3126	zu	_	_	_	_	_	_	_	PTKZU	_	zu
28-13	3127-3134	drücken	_	_	_	_	_	_	_	VVINF	Inf	drücken
28-14	3135-3141	nennen	_	_	_	_	_	_	_	VVFIN	1.Pl.Pres.Ind	nennen
28-15	3142-3145	wir	_	_	_	_	_	_	_	PPER	1.Nom.Pl.*	wir
28-16	3146-3153	Pressen	_	_	_	_	_	_	_	NN	Acc.Pl.Fem	Presse
28-17	3154-3155	.	_	_	_	_	_	_	_	$.	_	.

#Text=Du benutzt Dinge , die mit Pressen hergestellt werden täglich : Saft wird so aus Früchten gepresst und früher wurden Bücher so gedruckt .
29-1	3158-3160	Du	_	_	_	_	_	_	_	PPER	2.Nom.Sg.*	du
29-2	3161-3168	benutzt	_	_	_	_	_	_	_	VVFIN	3.Sg.Pres.Ind	benutzen
29-3	3169-3174	Dinge	_	_	_	_	_	_	_	NN	Acc.Pl.Neut	Ding
29-4	3175-3176	,	_	_	_	_	_	_	_	$,	_	,
29-5	3177-3180	die	_	_	_	_	_	_	_	PRELS	Nom.Pl.Neut	der
29-6	3181-3184	mit	_	_	_	_	_	_	_	APPR	_	mit
29-7	3185-3192	Pressen	_	_	_	_	_	_	_	NN	Dat.Pl.Fem	Presse
29-8	3193-3204	hergestellt	_	_	_	_	_	_	_	VVPP	Psp	herstellen
29-9	3205-3211	werden	_	_	_	_	_	_	_	VAFIN	3.Pl.Pres.Ind	werden
29-10	3212-3219	täglich	_	_	_	_	_	_	_	ADJD	Pos	täglich
29-11	3220-3221	:	_	_	_	_	_	_	_	$.	_	:
29-12	3222-3226	Saft	_	_	_	_	_	_	_	NN	Nom.Sg.Masc	Saft
29-13	3227-3231	wird	_	_	_	_	_	_	_	VAFIN	3.Sg.Pres.Ind	werden
29-14	3232-3234	so	_	_	_	_	_	_	_	ADV	_	so
29-15	3235-3238	aus	_	_	_	_	_	_	_	APPR	_	aus
29-16	3239-3247	Früchten	_	_	_	_	_	_	_	NN	Dat.Pl.Fem	Frucht
29-17	3248-3256	gepresst	_	_	_	_	_	_	_	VVPP	Psp	pressen
29-18	3257-3260	und	_	_	_	_	_	_	_	KON	_	und
29-19	3261-3267	früher	_	_	_	_	_	_	_	ADJD	Comp	früh
29-20	3268-3274	wurden	_	_	_	_	_	_	_	VAFIN	3.Pl.Past.Ind	werden
29-21	3275-3281	Bücher	_	_	_	_	_	_	_	NN	Nom.Pl.Neut	Bücher
29-22	3282-3284	so	_	_	_	_	_	_	_	ADV	_	so
29-23	3285-3293	gedruckt	_	_	_	_	_	_	_	VVPP	Psp	drucken
29-24	3294-3295	.	_	_	_	_	_	_	_	$.	_	.

#Text=Die Kraft kann auch benutzt werden , um zwei Dinge zusammen zu halten .
30-1	3298-3301	Die	_	_	_	_	_	_	_	ART	Nom.Sg.Fem	der
30-2	3302-3307	Kraft	_	_	_	_	_	_	_	NN	Nom.Sg.Fem	Kraft
30-3	3308-3312	kann	_	_	_	_	_	_	_	VMFIN	3.Sg.Pres.Ind	können
30-4	3313-3317	auch	_	_	_	_	_	_	_	ADV	_	auch
30-5	3318-3325	benutzt	_	_	_	_	_	_	_	VVPP	Psp	benutzen
30-6	3326-3332	werden	_	_	_	_	_	_	_	VAINF	Inf	werden
30-7	3333-3334	,	_	_	_	_	_	_	_	$,	_	,
30-8	3335-3337	um	_	_	_	_	_	_	_	KOUI	_	um
30-9	3338-3342	zwei	_	_	_	_	_	_	_	CARD	_	zwei
30-10	3343-3348	Dinge	_	_	_	_	_	_	_	NN	Acc.Pl.Neut	Ding
30-11	3349-3357	zusammen	_	_	_	_	_	_	_	ADV	_	zusammen
30-12	3358-3360	zu	_	_	_	_	_	_	_	PTKZU	_	zu
30-13	3361-3367	halten	_	_	_	_	_	_	_	VVINF	Inf	halten
30-14	3368-3369	.	_	_	_	_	_	_	_	$.	_	.

#Text=Schrauben bieten gegenüber Nägeln diverse Vorteile : Sie sind einfacher und mehrfach wieder zu verwenden .
31-1	3372-3381	Schrauben	_	_	_	_	_	_	_	NN	Nom.Pl.Fem	Schraube
31-2	3382-3388	bieten	false	0Kern	true	false	jmdm. etw. in Aussicht stellen, versprechen, zusichern	besitzen	_	VVFIN	3.Pl.Pres.Ind	bieten
31-3	3389-3398	gegenüber	_	_	_	_	_	_	_	APPR	_	gegenüber
31-4	3399-3405	Nägeln	_	_	_	_	_	_	_	NN	Dat.Pl.Masc	Nägel
31-5	3406-3413	diverse	_	_	_	_	_	_	_	ADJA	Pos.Acc.Pl.Masc	diver
31-6	3414-3422	Vorteile	_	_	_	_	_	_	_	NN	Acc.Pl.Masc	Vorteil
31-7	3423-3424	:	_	_	_	_	_	_	_	$.	_	:
31-8	3425-3428	Sie	_	_	_	_	_	_	_	PPER	3.Nom.Pl.Masc	sie
31-9	3429-3433	sind	_	_	_	_	_	_	_	VAFIN	3.Pl.Pres.Ind	sein
31-10	3434-3443	einfacher	_	_	_	_	_	_	_	ADJD	Comp	einfach
31-11	3444-3447	und	_	_	_	_	_	_	_	KON	_	und
31-12	3448-3456	mehrfach	_	_	_	_	_	_	_	ADJD	Pos	mehrfach
31-13	3457-3463	wieder	_	_	_	_	_	_	_	ADV	_	wieder
31-14	3464-3466	zu	_	_	_	_	_	_	_	PTKZU	_	zu
31-15	3467-3476	verwenden	_	_	_	_	_	_	_	VVINF	Inf	verwenden
31-16	3477-3478	.	_	_	_	_	_	_	_	$.	_	.

#Text=Warum verwenden wir dann überhaupt noch Nägel wirst du fragen : Nägel bieten besseren Halt in ganz bestimmten Situationen , sie sind schneller und billiger als Schrauben .
32-1	3481-3486	Warum	_	_	_	_	_	_	_	PWAV	_	warum
32-2	3487-3496	verwenden	_	_	_	_	_	_	_	VVFIN	1.Pl.Pres.Ind	verwenden
32-3	3497-3500	wir	_	_	_	_	_	_	_	PPER	1.Nom.Pl.*	wir
32-4	3501-3505	dann	_	_	_	_	_	_	_	ADV	_	dann
32-5	3506-3515	überhaupt	_	_	_	_	_	_	_	ADV	_	überhaupt
32-6	3516-3520	noch	_	_	_	_	_	_	_	ADV	_	noch
32-7	3521-3526	Nägel	_	_	_	_	_	_	_	NN	Acc.Pl.Masc	Nägel
32-8	3527-3532	wirst	_	_	_	_	_	_	_	VAFIN	2.Sg.Pres.Ind	werden
32-9	3533-3535	du	_	_	_	_	_	_	_	PPER	2.Nom.Sg.*	du
32-10	3536-3542	fragen	_	_	_	_	_	_	_	VVINF	Inf	fragen
32-11	3543-3544	:	_	_	_	_	_	_	_	$.	_	:
32-12	3545-3550	Nägel	_	_	_	_	_	_	_	NN	Nom.Pl.Masc	Nägel
32-13	3551-3557	bieten	_	_	_	_	_	_	_	VVFIN	3.Pl.Pres.Ind	bieten
32-14	3558-3566	besseren	_	_	_	_	_	_	_	ADJA	Comp.Acc.Sg.Masc	gut
32-15	3567-3571	Halt	_	_	_	_	_	_	_	NN	Acc.Sg.Masc	Halt
32-16	3572-3574	in	_	_	_	_	_	_	_	APPR	_	in
32-17	3575-3579	ganz	_	_	_	_	_	_	_	ADV	_	ganz
32-18	3580-3590	bestimmten	_	_	_	_	_	_	_	ADJA	Pos.Dat.Pl.Fem	bestimmt
32-19	3591-3602	Situationen	_	_	_	_	_	_	_	NN	Dat.Pl.Fem	Situation
32-20	3603-3604	,	_	_	_	_	_	_	_	$,	_	,
32-21	3605-3608	sie	_	_	_	_	_	_	_	PPER	3.Nom.Pl.Fem	sie
32-22	3609-3613	sind	_	_	_	_	_	_	_	VAFIN	3.Pl.Pres.Ind	sein
32-23	3614-3623	schneller	_	_	_	_	_	_	_	ADJD	Comp	schnell
32-24	3624-3627	und	_	_	_	_	_	_	_	KON	_	und
32-25	3628-3636	billiger	_	_	_	_	_	_	_	ADJD	Comp	billig
32-26	3637-3640	als	_	_	_	_	_	_	_	KOKOM	_	als
32-27	3641-3650	Schrauben	_	_	_	_	_	_	_	NN	Nom.Pl.Fem	Schraube
32-28	3651-3652	.	_	_	_	_	_	_	_	$.	_	.

#Text=Schrauben können auch benutzt werden , um Dinge zu heben .
33-1	3655-3664	Schrauben	_	_	_	_	_	_	_	NN	Nom.Pl.Fem	Schraube
33-2	3665-3671	können	_	_	_	_	_	_	_	VMFIN	3.Pl.Pres.Ind	können
33-3	3672-3676	auch	_	_	_	_	_	_	_	ADV	_	auch
33-4	3677-3684	benutzt	_	_	_	_	_	_	_	VVPP	Psp	benutzen
33-5	3685-3691	werden	_	_	_	_	_	_	_	VAINF	Inf	werden
33-6	3692-3693	,	_	_	_	_	_	_	_	$,	_	,
33-7	3694-3696	um	_	_	_	_	_	_	_	KOUI	_	um
33-8	3697-3702	Dinge	_	_	_	_	_	_	_	NN	Acc.Pl.Neut	Ding
33-9	3703-3705	zu	_	_	_	_	_	_	_	PTKZU	_	zu
33-10	3706-3711	heben	_	_	_	_	_	_	_	VVINF	Inf	heben
33-11	3712-3713	.	_	_	_	_	_	_	_	$.	_	.

#Text=Das haben wir oben schon bei der Wasserpumpe kennen gelernt .
34-1	3716-3719	Das	_	_	_	_	_	_	_	PDS	Acc.Sg.Neut	der
34-2	3720-3725	haben	_	_	_	_	_	_	_	VAFIN	1.Pl.Pres.Ind	haben
34-3	3726-3729	wir	_	_	_	_	_	_	_	PPER	1.Nom.Pl.*	wir
34-4	3730-3734	oben	_	_	_	_	_	_	_	ADV	_	oben
34-5	3735-3740	schon	_	_	_	_	_	_	_	ADV	_	schon
34-6	3741-3744	bei	_	_	_	_	_	_	_	APPR	_	bei
34-7	3745-3748	der	_	_	_	_	_	_	_	ART	Dat.Sg.Fem	der
34-8	3749-3760	Wasserpumpe	_	_	_	_	_	_	_	NN	Dat.Sg.Fem	Wasserpumpe
34-9	3761-3767	kennen	_	_	_	_	_	_	_	VVINF	Inf	kennen
34-10	3768-3775	gelernt	_	_	_	_	_	_	_	VVPP	Psp	lernen
34-11	3776-3777	.	_	_	_	_	_	_	_	$.	_	.

#Text=Wir nennen das eine Förderschnecke , und so entladen zum Beispiel Zementlaster ihre Ladung .
35-1	3780-3783	Wir	_	_	_	_	_	_	_	PPER	1.Nom.Pl.*	wir
35-2	3784-3790	nennen	_	_	_	_	_	_	_	VVFIN	1.Pl.Pres.Ind	nennen
35-3	3791-3794	das	_	_	_	_	_	_	_	PDS	Acc.Sg.Neut	der
35-4	3795-3799	eine	_	_	_	_	_	_	_	ART	Acc.Sg.Fem	ein
35-5	3800-3814	Förderschnecke	_	_	_	_	_	_	_	NN	Acc.Sg.Fem	Förderschnecke
35-6	3815-3816	,	_	_	_	_	_	_	_	$,	_	,
35-7	3817-3820	und	_	_	_	_	_	_	_	KON	_	und
35-8	3821-3823	so	_	_	_	_	_	_	_	ADV	_	so
35-9	3824-3832	entladen	_	_	_	_	_	_	_	VVFIN	1.Pl.Pres.Ind	entladen
35-10	3833-3836	zum	_	_	_	_	_	_	_	APPRART	Dat.Sg.Neut	zu
35-11	3837-3845	Beispiel	_	_	_	_	_	_	_	NN	Dat.Sg.Neut	Beispiel
35-12	3846-3858	Zementlaster	_	_	_	_	_	_	_	NN	Nom.Pl.Masc	Zementlaster
35-13	3859-3863	ihre	_	_	_	_	_	_	_	PPOSAT	Acc.Sg.Fem	ihr
35-14	3864-3870	Ladung	_	_	_	_	_	_	_	NN	Acc.Sg.Fem	Ladung
35-15	3871-3872	.	_	_	_	_	_	_	_	$.	_	.

#Text=Eine Schraube bekommt ihre Energie aus der Art , wie sie gedreht wird : Einem Schraubendreher , einem Schraubenschlüssel oder einer Maschine , wie ein Akkuschrauber .
36-1	3875-3879	Eine	_	_	_	_	_	_	_	ART	Nom.Sg.Fem	ein
36-2	3880-3888	Schraube	_	_	_	_	_	_	_	NN	Nom.Sg.Fem	Schraube
36-3	3889-3896	bekommt	_	_	_	_	_	_	_	VVFIN	3.Sg.Pres.Ind	bekommen
36-4	3897-3901	ihre	_	_	_	_	_	_	_	PPOSAT	Acc.Sg.Fem	ihr
36-5	3902-3909	Energie	_	_	_	_	_	_	_	NN	Acc.Sg.Fem	Energie
36-6	3910-3913	aus	_	_	_	_	_	_	_	APPR	_	aus
36-7	3914-3917	der	_	_	_	_	_	_	_	ART	Dat.Sg.Fem	der
36-8	3918-3921	Art	_	_	_	_	_	_	_	NN	Dat.Sg.Fem	Art
36-9	3922-3923	,	_	_	_	_	_	_	_	$,	_	,
36-10	3924-3927	wie	_	_	_	_	_	_	_	PWAV	_	wie
36-11	3928-3931	sie	_	_	_	_	_	_	_	PPER	3.Nom.Sg.Fem	sie
36-12	3932-3939	gedreht	_	_	_	_	_	_	_	VVPP	Psp	drehen
36-13	3940-3944	wird	_	_	_	_	_	_	_	VAFIN	3.Sg.Pres.Ind	werden
36-14	3945-3946	:	_	_	_	_	_	_	_	$.	_	:
36-15	3947-3952	Einem	_	_	_	_	_	_	_	ART	Dat.Sg.Masc	ein
36-16	3953-3968	Schraubendreher	_	_	_	_	_	_	_	NN	Dat.Sg.Masc	Schraubendreher
36-17	3969-3970	,	_	_	_	_	_	_	_	$,	_	,
36-18	3971-3976	einem	_	_	_	_	_	_	_	ART	Dat.Sg.Masc	ein
36-19	3977-3995	Schraubenschlüssel	_	_	_	_	_	_	_	NN	Dat.Sg.Masc	Schraubenschlüssel
36-20	3996-4000	oder	_	_	_	_	_	_	_	KON	_	oder
36-21	4001-4006	einer	_	_	_	_	_	_	_	ART	Dat.Sg.Fem	ein
36-22	4007-4015	Maschine	_	_	_	_	_	_	_	NN	Dat.Sg.Fem	Maschine
36-23	4016-4017	,	_	_	_	_	_	_	_	$,	_	,
36-24	4018-4021	wie	_	_	_	_	_	_	_	KOKOM	_	wie
36-25	4022-4025	ein	_	_	_	_	_	_	_	ART	Nom.Sg.Masc	ein
36-26	4026-4039	Akkuschrauber	_	_	_	_	_	_	_	NN	Nom.Sg.Masc	Akkuschrauber
36-27	4040-4041	.	_	_	_	_	_	_	_	$.	_	.

#Text=Entweder lieferst du also mit deinen Muskeln Energie für die Schraube , oder du nimmst dafür ein maschinelles Hilfsmittel .
37-1	4044-4052	Entweder	_	_	_	_	_	_	_	KON	_	entweder
37-2	4053-4061	lieferst	false	0Kern	true	false	eine bestellte oder bereits gekaufte Ware an einen vereinbarten Ort senden, jmdm. bringen, zustellen	produzieren	_	VVFIN	2.Sg.Pres.Ind	liefern
37-3	4062-4064	du	_	_	_	_	_	_	_	PPER	2.Nom.Sg.*	du
37-4	4065-4069	also	_	_	_	_	_	_	_	ADV	_	also
37-5	4070-4073	mit	_	_	_	_	_	_	_	APPR	_	mit
37-6	4074-4080	deinen	_	_	_	_	_	_	_	PPOSAT	Dat.Pl.Masc	dein
37-7	4081-4088	Muskeln	_	_	_	_	_	_	_	NN	Dat.Pl.Masc	Muskel
37-8	4089-4096	Energie	_	_	_	_	_	_	_	NN	Acc.Sg.Fem	Energie
37-9	4097-4100	für	_	_	_	_	_	_	_	APPR	_	für
37-10	4101-4104	die	_	_	_	_	_	_	_	ART	Acc.Sg.Fem	der
37-11	4105-4113	Schraube	_	_	_	_	_	_	_	NN	Acc.Sg.Fem	Schraube
37-12	4114-4115	,	_	_	_	_	_	_	_	$,	_	,
37-13	4116-4120	oder	_	_	_	_	_	_	_	KON	_	oder
37-14	4121-4123	du	_	_	_	_	_	_	_	PPER	2.Nom.Sg.*	du
37-15	4124-4130	nimmst	_	_	_	_	_	_	_	VVFIN	2.Sg.Pres.Ind	nehmen
37-16	4131-4136	dafür	_	_	_	_	_	_	_	PROAV	_	dafür
37-17	4137-4140	ein	_	_	_	_	_	_	_	ART	Acc.Sg.Neut	ein
37-18	4141-4153	maschinelles	_	_	_	_	_	_	_	ADJA	Pos.Acc.Sg.Neut	maschinell
37-19	4154-4165	Hilfsmittel	_	_	_	_	_	_	_	NN	Acc.Sg.Neut	Hilfsmittel
37-20	4166-4167	.	_	_	_	_	_	_	_	$.	_	.

#Text=Die Menge Energie , die du in die Verbindung einfügst ist auch davon abhängig , wie lang der Hebel ist , den du benutzt .
38-1	4170-4173	Die	_	_	_	_	_	_	_	ART	Nom.Sg.Fem	der
38-2	4174-4179	Menge	_	_	_	_	_	_	_	NN	Nom.Sg.Fem	Menge
38-3	4180-4187	Energie	_	_	_	_	_	_	_	NN	Nom.Sg.Fem	Energie
38-4	4188-4189	,	_	_	_	_	_	_	_	$,	_	,
38-5	4190-4193	die	_	_	_	_	_	_	_	PRELS	Nom.Sg.Fem	der
38-6	4194-4196	du	_	_	_	_	_	_	_	PPER	2.Nom.Sg.*	du
38-7	4197-4199	in	_	_	_	_	_	_	_	APPR	_	in
38-8	4200-4203	die	_	_	_	_	_	_	_	ART	Acc.Sg.Fem	der
38-9	4204-4214	Verbindung	_	_	_	_	_	_	_	NN	Acc.Sg.Fem	Verbindung
38-10	4215-4223	einfügst	_	_	_	_	_	_	_	ADV	_	einfügst
38-11	4224-4227	ist	_	_	_	_	_	_	_	VAFIN	3.Sg.Pres.Ind	sein
38-12	4228-4232	auch	_	_	_	_	_	_	_	ADV	_	auch
38-13	4233-4238	davon	_	_	_	_	_	_	_	PROAV	_	davon
38-14	4239-4247	abhängig	_	_	_	_	_	_	_	ADJD	Pos	abhängig
38-15	4248-4249	,	_	_	_	_	_	_	_	$,	_	,
38-16	4250-4253	wie	_	_	_	_	_	_	_	PWAV	_	wie
38-17	4254-4258	lang	_	_	_	_	_	_	_	ADJD	Pos	lang
38-18	4259-4262	der	_	_	_	_	_	_	_	ART	Nom.Sg.Masc	der
38-19	4263-4268	Hebel	_	_	_	_	_	_	_	NN	Nom.Sg.Masc	Hebel
38-20	4269-4272	ist	_	_	_	_	_	_	_	VAFIN	3.Sg.Pres.Ind	sein
38-21	4273-4274	,	_	_	_	_	_	_	_	$,	_	,
38-22	4275-4278	den	_	_	_	_	_	_	_	PRELS	Acc.Sg.Masc	der
38-23	4279-4281	du	_	_	_	_	_	_	_	PPER	2.Nom.Sg.*	du
38-24	4282-4289	benutzt	_	_	_	_	_	_	_	VVFIN	3.Sg.Pres.Ind	benutzen
38-25	4290-4291	.	_	_	_	_	_	_	_	$.	_	.

#Text=Mit einem langen Schraubenschlüssel ist es einfacher eine Schraube fest zu ziehen , als mit einem kurzen .
39-1	4294-4297	Mit	_	_	_	_	_	_	_	APPR	_	mit
39-2	4298-4303	einem	_	_	_	_	_	_	_	ART	Dat.Sg.Masc	ein
39-3	4304-4310	langen	_	_	_	_	_	_	_	ADJA	Pos.Dat.Sg.Masc	lang
39-4	4311-4329	Schraubenschlüssel	_	_	_	_	_	_	_	NN	Dat.Sg.Masc	Schraubenschlüssel
39-5	4330-4333	ist	_	_	_	_	_	_	_	VAFIN	3.Sg.Pres.Ind	sein
39-6	4334-4336	es	_	_	_	_	_	_	_	PPER	3.Nom.Sg.Neut	es
39-7	4337-4346	einfacher	_	_	_	_	_	_	_	ADJD	Comp	einfach
39-8	4347-4351	eine	_	_	_	_	_	_	_	ART	Acc.Sg.Fem	ein
39-9	4352-4360	Schraube	_	_	_	_	_	_	_	NN	Nom.Sg.Fem	Schraube
39-10	4361-4365	fest	_	_	_	_	_	_	_	ADJD	Pos	fest
39-11	4366-4368	zu	_	_	_	_	_	_	_	PTKZU	_	zu
39-12	4369-4375	ziehen	_	_	_	_	_	_	_	VVINF	Inf	ziehen
39-13	4376-4377	,	_	_	_	_	_	_	_	$,	_	,
39-14	4378-4381	als	_	_	_	_	_	_	_	KOKOM	_	als
39-15	4382-4385	mit	_	_	_	_	_	_	_	APPR	_	mit
39-16	4386-4391	einem	_	_	_	_	_	_	_	ART	Dat.Sg.Neut	ein
39-17	4392-4398	kurzen	_	_	_	_	_	_	_	ADJA	Pos.Dat.Sg.Neut	kurz
39-18	4399-4400	.	_	_	_	_	_	_	_	$.	_	.

#Text=Einen weiteren Einfluss hat das Gewinde der Schraube .
40-1	4403-4408	Einen	_	_	_	_	_	_	_	ART	Acc.Sg.Masc	ein
40-2	4409-4417	weiteren	_	_	_	_	_	_	_	ADJA	Comp.Acc.Sg.Masc	weit
40-3	4418-4426	Einfluss	_	_	_	_	_	_	_	NN	Acc.Sg.Masc	Einfluss
40-4	4427-4430	hat	_	_	_	_	_	_	_	VAFIN	3.Sg.Pres.Ind	haben
40-5	4431-4434	das	_	_	_	_	_	_	_	PDS	Nom.Sg.Neut	der
40-6	4435-4442	Gewinde	_	_	_	_	_	_	_	NN	Nom.Sg.Neut	Gewinde
40-7	4443-4446	der	_	_	_	_	_	_	_	ART	Gen.Sg.Fem	der
40-8	4447-4455	Schraube	_	_	_	_	_	_	_	NN	Gen.Sg.Fem	Schraube
40-9	4456-4457	.	_	_	_	_	_	_	_	$.	_	.

#Text=Ist das Gewinde sehr fein , kannst du mehr Energie in der Verbindung benutzen , als bei einem groben Gewinde .
41-1	4460-4463	Ist	_	_	_	_	_	_	_	VAFIN	3.Sg.Pres.Ind	sein
41-2	4464-4467	das	_	_	_	_	_	_	_	ART	Nom.Sg.Neut	der
41-3	4468-4475	Gewinde	_	_	_	_	_	_	_	NN	Nom.Sg.Neut	Gewinde
41-4	4476-4480	sehr	_	_	_	_	_	_	_	ADV	_	sehr
41-5	4481-4485	fein	_	_	_	_	_	_	_	ADJD	Pos	fein
41-6	4486-4487	,	_	_	_	_	_	_	_	$,	_	,
41-7	4488-4494	kannst	_	_	_	_	_	_	_	VVFIN	2.Sg.Pres.Ind	kannen
41-8	4495-4497	du	_	_	_	_	_	_	_	PPER	2.Nom.Sg.*	du
41-9	4498-4502	mehr	_	_	_	_	_	_	_	PIAT	*.*.*	mehr
41-10	4503-4510	Energie	_	_	_	_	_	_	_	NN	Acc.Sg.Fem	Energie
41-11	4511-4513	in	_	_	_	_	_	_	_	APPR	_	in
41-12	4514-4517	der	_	_	_	_	_	_	_	ART	Dat.Sg.Fem	der
41-13	4518-4528	Verbindung	_	_	_	_	_	_	_	NN	Dat.Sg.Fem	Verbindung
41-14	4529-4537	benutzen	_	_	_	_	_	_	_	VVINF	Inf	benutzen
41-15	4538-4539	,	_	_	_	_	_	_	_	$,	_	,
41-16	4540-4543	als	_	_	_	_	_	_	_	KOKOM	_	als
41-17	4544-4547	bei	_	_	_	_	_	_	_	APPR	_	bei
41-18	4548-4553	einem	_	_	_	_	_	_	_	ART	Dat.Sg.Masc	ein
41-19	4554-4560	groben	_	_	_	_	_	_	_	ADJA	Pos.Dat.Sg.Masc	grob
41-20	4561-4568	Gewinde	_	_	_	_	_	_	_	NN	Dat.Sg.Masc	Gewind
41-21	4569-4570	.	_	_	_	_	_	_	_	$.	_	.

#Text=Dafür musst du dann den Schlüssel aber öfter drehen .
42-1	4573-4578	Dafür	_	_	_	_	_	_	_	PROAV	_	dafür
42-2	4579-4584	musst	_	_	_	_	_	_	_	VVFIN	2.Sg.Pres.Ind	mussen
42-3	4585-4587	du	_	_	_	_	_	_	_	PPER	2.Nom.Sg.*	du
42-4	4588-4592	dann	_	_	_	_	_	_	_	ADV	_	dann
42-5	4593-4596	den	_	_	_	_	_	_	_	ART	Acc.Sg.Masc	der
42-6	4597-4606	Schlüssel	_	_	_	_	_	_	_	NN	Acc.Sg.Masc	Schlüssel
42-7	4607-4611	aber	_	_	_	_	_	_	_	ADV	_	aber
42-8	4612-4617	öfter	_	_	_	_	_	_	_	ADV	_	öfter
42-9	4618-4624	drehen	_	_	_	_	_	_	_	VVINF	Inf	drehen
42-10	4625-4626	.	_	_	_	_	_	_	_	$.	_	.

#Text=Schrauben sind normalerweise nicht gefährlich .
43-1	4629-4638	Schrauben	_	_	_	_	_	_	_	NN	Nom.Pl.Fem	Schraube
43-2	4639-4643	sind	_	_	_	_	_	_	_	VAFIN	3.Pl.Pres.Ind	sein
43-3	4644-4657	normalerweise	_	_	_	_	_	_	_	ADV	_	normalerweise
43-4	4658-4663	nicht	_	_	_	_	_	_	_	PTKNEG	_	nicht
43-5	4664-4674	gefährlich	_	_	_	_	_	_	_	ADJD	Pos	gefährlich
43-6	4675-4676	.	_	_	_	_	_	_	_	$.	_	.

#Text=Sie können allerdings Spitzen haben , an denen du dich kratzen oder stechen kannst .
44-1	4679-4682	Sie	_	_	_	_	_	_	_	PPER	3.Nom.Pl.*	sie
44-2	4683-4689	können	_	_	_	_	_	_	_	VMFIN	3.Pl.Pres.Ind	können
44-3	4690-4700	allerdings	_	_	_	_	_	_	_	ADV	_	allerdings
44-4	4701-4708	Spitzen	_	_	_	_	_	_	_	NN	Acc.Pl.Fem	Spitze
44-5	4709-4714	haben	_	_	_	_	_	_	_	VAINF	Inf	haben
44-6	4715-4716	,	_	_	_	_	_	_	_	$,	_	,
44-7	4717-4719	an	_	_	_	_	_	_	_	APPR	_	an
44-8	4720-4725	denen	_	_	_	_	_	_	_	PRELS	Dat.Pl.Fem	der
44-9	4726-4728	du	_	_	_	_	_	_	_	PPER	2.Nom.Sg.*	du
44-10	4729-4733	dich	_	_	_	_	_	_	_	PRF	2.Acc.Sg	sich
44-11	4734-4741	kratzen	_	_	_	_	_	_	_	VVINF	Inf	kratzen
44-12	4742-4746	oder	_	_	_	_	_	_	_	KON	_	oder
44-13	4747-4754	stechen	_	_	_	_	_	_	_	VVINF	Inf	stechen
44-14	4755-4761	kannst	_	_	_	_	_	_	_	VVFIN	2.Sg.Pres.Ind	kannen
44-15	4762-4763	.	_	_	_	_	_	_	_	$.	_	.

#Text=Schrauben verstärken auch die Kraft , das bedeutet , wenn deine Hand aus versehen in eine Presse gerät , kannst Du Dich dabei schwer verletzen .
45-1	4766-4775	Schrauben	_	_	_	_	_	_	_	NN	Nom.Pl.Fem	Schraube
45-2	4776-4786	verstärken	_	_	_	_	_	_	_	VVFIN	3.Pl.Pres.Ind	verstärken
45-3	4787-4791	auch	_	_	_	_	_	_	_	ADV	_	auch
45-4	4792-4795	die	_	_	_	_	_	_	_	ART	Acc.Sg.Fem	der
45-5	4796-4801	Kraft	_	_	_	_	_	_	_	NN	Acc.Sg.Fem	Kraft
45-6	4802-4803	,	_	_	_	_	_	_	_	$,	_	,
45-7	4804-4807	das	_	_	_	_	_	_	_	PDS	Acc.Sg.Neut	der
45-8	4808-4816	bedeutet	_	_	_	_	_	_	_	VVFIN	3.Sg.Pres.Ind	bedeuten
45-9	4817-4818	,	_	_	_	_	_	_	_	$,	_	,
45-10	4819-4823	wenn	_	_	_	_	_	_	_	KOUS	_	wenn
45-11	4824-4829	deine	_	_	_	_	_	_	_	PPOSAT	Nom.Sg.Fem	dein
45-12	4830-4834	Hand	_	_	_	_	_	_	_	NN	Nom.Sg.Fem	Hand
45-13	4835-4838	aus	_	_	_	_	_	_	_	ADV	_	aus
45-14	4839-4847	versehen	_	_	_	_	_	_	_	VVINF	Inf	versehen
45-15	4848-4850	in	_	_	_	_	_	_	_	APPR	_	in
45-16	4851-4855	eine	_	_	_	_	_	_	_	ART	Acc.Sg.Fem	ein
45-17	4856-4862	Presse	_	_	_	_	_	_	_	NN	Acc.Sg.Fem	Presse
45-18	4863-4868	gerät	_	_	_	_	_	_	_	VVFIN	3.Sg.Pres.Ind	geraten
45-19	4869-4870	,	_	_	_	_	_	_	_	$,	_	,
45-20	4871-4877	kannst	_	_	_	_	_	_	_	VVFIN	2.Sg.Pres.Ind	kannen
45-21	4878-4880	Du	_	_	_	_	_	_	_	PPER	2.Nom.Sg.*	du
45-22	4881-4885	Dich	_	_	_	_	_	_	_	PPER	2.Acc.Sg.*	dich
45-23	4886-4891	dabei	_	_	_	_	_	_	_	PROAV	_	dabei
45-24	4892-4898	schwer	_	_	_	_	_	_	_	ADJD	Pos	schwer
45-25	4899-4908	verletzen	_	_	_	_	_	_	_	VVINF	Inf	verletzen
45-26	4909-4910	.	_	_	_	_	_	_	_	$.	_	.

#Text=Schrauben gibt es in vielen verschiedenen Formen .
46-1	4913-4922	Schrauben	_	_	_	_	_	_	_	NN	Acc.Pl.Fem	Schraube
46-2	4923-4927	gibt	_	_	_	_	_	_	_	VVFIN	3.Sg.Pres.Ind	geben
46-3	4928-4930	es	_	_	_	_	_	_	_	PPER	3.Nom.Sg.Neut	es
46-4	4931-4933	in	_	_	_	_	_	_	_	APPR	_	in
46-5	4934-4940	vielen	_	_	_	_	_	_	_	PIAT	Dat.Pl.Fem	vieler
46-6	4941-4954	verschiedenen	_	_	_	_	_	_	_	ADJA	Pos.Dat.Pl.Fem	verschieden
46-7	4955-4961	Formen	_	_	_	_	_	_	_	NN	Dat.Pl.Fem	Form
46-8	4962-4963	.	_	_	_	_	_	_	_	$.	_	.

#Text=Ein paar haben wir schon kennengelernt .
47-1	4966-4969	Ein	_	_	_	_	_	_	_	ART	*.*.*	ein
47-2	4970-4974	paar	_	_	_	_	_	_	_	PIS	*.*.*	paar
47-3	4975-4980	haben	_	_	_	_	_	_	_	VAFIN	1.Pl.Pres.Ind	haben
47-4	4981-4984	wir	_	_	_	_	_	_	_	PPER	1.Nom.Pl.*	wir
47-5	4985-4990	schon	_	_	_	_	_	_	_	ADV	_	schon
47-6	4991-5004	kennengelernt	_	_	_	_	_	_	_	VVPP	Psp	kennenlernen
47-7	5005-5006	.	_	_	_	_	_	_	_	$.	_	.

#Text=Die wichtigsten Unterscheidungsmerkmale für alle Formen der Schrauben ist ihr Kopf , ihre Länge und ihre Dicke ( Das nennen wir auch Durchmesser ) .
48-1	5009-5012	Die	_	_	_	_	_	_	_	ART	Acc.Pl.Neut	der
48-2	5013-5024	wichtigsten	_	_	_	_	_	_	_	ADJA	Sup.Nom.Pl.Neut	wichtig
48-3	5025-5048	Unterscheidungsmerkmale	_	_	_	_	_	_	_	NN	Acc.Pl.Neut	Unterscheidungsmerkmal
48-4	5049-5052	für	_	_	_	_	_	_	_	APPR	_	für
48-5	5053-5057	alle	_	_	_	_	_	_	_	PIAT	Acc.Pl.Fem	aller
48-6	5058-5064	Formen	_	_	_	_	_	_	_	NN	Acc.Pl.Fem	Form
48-7	5065-5068	der	_	_	_	_	_	_	_	ART	Gen.Pl.Fem	der
48-8	5069-5078	Schrauben	_	_	_	_	_	_	_	NN	Gen.Pl.Fem	Schraube
48-9	5079-5082	ist	_	_	_	_	_	_	_	VAFIN	3.Sg.Pres.Ind	sein
48-10	5083-5086	ihr	_	_	_	_	_	_	_	PPOSAT	Nom.Sg.Masc	ihr
48-11	5087-5091	Kopf	_	_	_	_	_	_	_	NN	Nom.Sg.Masc	Kopf
48-12	5092-5093	,	_	_	_	_	_	_	_	$,	_	,
48-13	5094-5098	ihre	_	_	_	_	_	_	_	PPOSAT	Acc.Sg.Fem	ihr
48-14	5099-5104	Länge	_	_	_	_	_	_	_	NN	Acc.Sg.Fem	Länge
48-15	5105-5108	und	_	_	_	_	_	_	_	KON	_	und
48-16	5109-5113	ihre	_	_	_	_	_	_	_	PPOSAT	Acc.Pl.Neut	ihr
48-17	5114-5119	Dicke	_	_	_	_	_	_	_	NN	Acc.Sg.Fem	dicke
48-18	5120-5121	(	_	_	_	_	_	_	_	$(	_	(
48-19	5122-5125	Das	_	_	_	_	_	_	_	PDS	Acc.Sg.Neut	der
48-20	5126-5132	nennen	_	_	_	_	_	_	_	VVFIN	1.Pl.Pres.Ind	nennen
48-21	5133-5136	wir	_	_	_	_	_	_	_	PPER	1.Nom.Pl.*	wir
48-22	5137-5141	auch	_	_	_	_	_	_	_	ADV	_	auch
48-23	5142-5153	Durchmesser	_	_	_	_	_	_	_	NN	Acc.Pl.Masc	Durchmesser
48-24	5154-5155	)	_	_	_	_	_	_	_	$(	_	)
48-25	5156-5157	.	_	_	_	_	_	_	_	$.	_	.

#Text=Daher kommt zu Beispiel die Bezeichnung PZ 3,5x40 : PZ steht für die Form des Schraubenschlüssels , der für den Kopf benutzt werden muss , 3,5 ist die Dicke der Schraube und 40 ihre Länge .
49-1	5160-5165	Daher	_	_	_	_	_	_	_	PROAV	_	daher
49-2	5166-5171	kommt	_	_	_	_	_	_	_	VVFIN	3.Sg.Pres.Ind	kommen
49-3	5172-5174	zu	_	_	_	_	_	_	_	APPR	_	zu
49-4	5175-5183	Beispiel	_	_	_	_	_	_	_	NN	Dat.Sg.Neut	Beispiel
49-5	5184-5187	die	_	_	_	_	_	_	_	ART	Nom.Sg.Fem	der
49-6	5188-5199	Bezeichnung	_	_	_	_	_	_	_	NN	Nom.Sg.Fem	Bezeichnung
49-7	5200-5202	PZ	_	_	_	_	_	_	_	NN	Nom.Sg.Neut	PZ
49-8	5203-5209	3,5x40	_	_	_	_	_	_	_	CARD	_	3,5x40
49-9	5210-5211	:	_	_	_	_	_	_	_	$.	_	:
49-10	5212-5214	PZ	_	_	_	_	_	_	_	NE	Nom.Sg.*	PZ
49-11	5215-5220	steht	_	_	_	_	_	_	_	VVFIN	3.Sg.Pres.Ind	stehen
49-12	5221-5224	für	_	_	_	_	_	_	_	APPR	_	für
49-13	5225-5228	die	_	_	_	_	_	_	_	ART	Acc.Sg.Fem	der
49-14	5229-5233	Form	_	_	_	_	_	_	_	NN	Acc.Sg.Fem	Form
49-15	5234-5237	des	_	_	_	_	_	_	_	ART	Gen.Sg.Masc	der
49-16	5238-5257	Schraubenschlüssels	_	_	_	_	_	_	_	NN	Gen.Sg.Masc	Schraubenschlüssel
49-17	5258-5259	,	_	_	_	_	_	_	_	$,	_	,
49-18	5260-5263	der	_	_	_	_	_	_	_	PRELS	Nom.Sg.Masc	der
49-19	5264-5267	für	_	_	_	_	_	_	_	APPR	_	für
49-20	5268-5271	den	_	_	_	_	_	_	_	ART	Acc.Sg.Masc	der
49-21	5272-5276	Kopf	_	_	_	_	_	_	_	NN	Acc.Sg.Masc	Kopf
49-22	5277-5284	benutzt	_	_	_	_	_	_	_	VVPP	Psp	benutzen
49-23	5285-5291	werden	_	_	_	_	_	_	_	VAINF	Inf	werden
49-24	5292-5296	muss	_	_	_	_	_	_	_	VMFIN	3.Sg.Pres.Ind	müssen
49-25	5297-5298	,	_	_	_	_	_	_	_	$,	_	,
49-26	5299-5302	3,5	_	_	_	_	_	_	_	CARD	_	3,5
49-27	5303-5306	ist	_	_	_	_	_	_	_	VAFIN	3.Sg.Pres.Ind	sein
49-28	5307-5310	die	_	_	_	_	_	_	_	ART	Nom.Sg.Fem	der
49-29	5311-5316	Dicke	_	_	_	_	_	_	_	NN	Nom.Sg.Fem	Dicke
49-30	5317-5320	der	_	_	_	_	_	_	_	ART	Gen.Sg.Fem	der
49-31	5321-5329	Schraube	_	_	_	_	_	_	_	NN	Gen.Sg.Fem	Schraube
49-32	5330-5333	und	_	_	_	_	_	_	_	KON	_	und
49-33	5334-5336	40	_	_	_	_	_	_	_	CARD	_	40
49-34	5337-5341	ihre	_	_	_	_	_	_	_	PPOSAT	Nom.Sg.Fem	ihr
49-35	5342-5347	Länge	_	_	_	_	_	_	_	NN	Nom.Sg.Fem	Länge
49-36	5348-5349	.	_	_	_	_	_	_	_	$.	_	.

#Text=Schrauben können auch aus unterschiedlichem Material sein .
50-1	5352-5361	Schrauben	_	_	_	_	_	_	_	NN	Nom.Pl.Fem	Schraube
50-2	5362-5368	können	_	_	_	_	_	_	_	VMFIN	3.Pl.Pres.Ind	können
50-3	5369-5373	auch	_	_	_	_	_	_	_	ADV	_	auch
50-4	5374-5377	aus	_	_	_	_	_	_	_	APPR	_	aus
50-5	5378-5395	unterschiedlichem	_	_	_	_	_	_	_	ADJA	Pos.Dat.Sg.Neut	unterschiedlich
50-6	5396-5404	Material	_	_	_	_	_	_	_	NN	Dat.Sg.Neut	Material
50-7	5405-5409	sein	_	_	_	_	_	_	_	VAINF	Inf	sein
50-8	5410-5411	.	_	_	_	_	_	_	_	$.	_	.

#Text=Passende Muttern können unterschiedliche Formen haben , zum Beispiel Flügelmuttern , die wir ohne Werkzeug mit der Hand drehen können .
51-1	5414-5422	Passende	_	_	_	_	_	_	_	ADJA	Pos.Nom.Pl.Fem	passend
51-2	5423-5430	Muttern	_	_	_	_	_	_	_	NN	Nom.Pl.Fem	Mutter
51-3	5431-5437	können	_	_	_	_	_	_	_	VMFIN	3.Pl.Pres.Ind	können
51-4	5438-5454	unterschiedliche	_	_	_	_	_	_	_	ADJA	Pos.Acc.Pl.Fem	unterschiedlich
51-5	5455-5461	Formen	_	_	_	_	_	_	_	NN	Acc.Pl.Fem	Form
51-6	5462-5467	haben	_	_	_	_	_	_	_	VAINF	Inf	haben
51-7	5468-5469	,	_	_	_	_	_	_	_	$,	_	,
51-8	5470-5473	zum	_	_	_	_	_	_	_	APPRART	Dat.Sg.Neut	zu
51-9	5474-5482	Beispiel	_	_	_	_	_	_	_	NN	Dat.Sg.Neut	Beispiel
51-10	5483-5496	Flügelmuttern	_	_	_	_	_	_	_	NN	Nom.Pl.Fem	Flügelmutter
51-11	5497-5498	,	_	_	_	_	_	_	_	$,	_	,
51-12	5499-5502	die	_	_	_	_	_	_	_	PRELS	Acc.Pl.Fem	der
51-13	5503-5506	wir	_	_	_	_	_	_	_	PPER	1.Nom.Pl.*	wir
51-14	5507-5511	ohne	_	_	_	_	_	_	_	APPR	_	ohne
51-15	5512-5520	Werkzeug	_	_	_	_	_	_	_	NN	Acc.Sg.Neut	Werkzeug
51-16	5521-5524	mit	_	_	_	_	_	_	_	APPR	_	mit
51-17	5525-5528	der	_	_	_	_	_	_	_	ART	Dat.Sg.Fem	der
51-18	5529-5533	Hand	_	_	_	_	_	_	_	NN	Dat.Sg.Fem	Hand
51-19	5534-5540	drehen	_	_	_	_	_	_	_	VVINF	Inf	drehen
51-20	5541-5547	können	_	_	_	_	_	_	_	VMFIN	1.Pl.Pres.Ind	können
51-21	5548-5549	.	_	_	_	_	_	_	_	$.	_	.

#Text=Normalerweise haben Schrauben ein sogenanntes Rechtsgewinde .
52-1	5552-5565	Normalerweise	_	_	_	_	_	_	_	ADV	_	normalerweise
52-2	5566-5571	haben	_	_	_	_	_	_	_	VAFIN	3.Pl.Pres.Ind	haben
52-3	5572-5581	Schrauben	_	_	_	_	_	_	_	NN	Nom.Pl.Fem	Schraube
52-4	5582-5585	ein	_	_	_	_	_	_	_	ART	Acc.Sg.Neut	ein
52-5	5586-5597	sogenanntes	_	_	_	_	_	_	_	ADJA	Pos.Acc.Sg.Neut	sogenannter
52-6	5598-5611	Rechtsgewinde	_	_	_	_	_	_	_	NN	Acc.Sg.Neut	Rechtsgewinde
52-7	5612-5613	.	_	_	_	_	_	_	_	$.	_	.

#Text=Das bedeutet , wenn du Schrauben einschraubst , musst du sie im Uhrzeigersinn drehen .
53-1	5616-5619	Das	_	_	_	_	_	_	_	PDS	Nom.Sg.Neut	der
53-2	5620-5628	bedeutet	_	_	_	_	_	_	_	VVFIN	3.Sg.Pres.Ind	bedeuten
53-3	5629-5630	,	_	_	_	_	_	_	_	$,	_	,
53-4	5631-5635	wenn	_	_	_	_	_	_	_	KOUS	_	wenn
53-5	5636-5638	du	_	_	_	_	_	_	_	PPER	2.Nom.Sg.*	du
53-6	5639-5648	Schrauben	_	_	_	_	_	_	_	NN	Acc.Pl.Fem	Schraube
53-7	5649-5661	einschraubst	_	_	_	_	_	_	_	VVFIN	2.Sg.Pres.Ind	einschrauben
53-8	5662-5663	,	_	_	_	_	_	_	_	$,	_	,
53-9	5664-5669	musst	_	_	_	_	_	_	_	VVFIN	2.Sg.Pres.Ind	mussen
53-10	5670-5672	du	_	_	_	_	_	_	_	PPER	2.Nom.Sg.*	du
53-11	5673-5676	sie	_	_	_	_	_	_	_	PPER	3.Acc.Pl.Fem	sie
53-12	5677-5679	im	_	_	_	_	_	_	_	APPRART	Dat.Sg.Masc	in
53-13	5680-5693	Uhrzeigersinn	_	_	_	_	_	_	_	NN	Dat.Sg.Masc	Uhrzeigersinn
53-14	5694-5700	drehen	_	_	_	_	_	_	_	VVFIN	3.Pl.Pres.Ind	drehen
53-15	5701-5702	.	_	_	_	_	_	_	_	$.	_	.

#Text=Merken kannst du dir das indem du deine Hand anschaust .
54-1	5705-5711	Merken	_	_	_	_	_	_	_	NN	Nom.Sg.Neut	merken
54-2	5712-5718	kannst	_	_	_	_	_	_	_	VVFIN	2.Sg.Pres.Ind	kannen
54-3	5719-5721	du	_	_	_	_	_	_	_	PPER	2.Nom.Sg.*	du
54-4	5722-5725	dir	_	_	_	_	_	_	_	PPER	2.Dat.Sg.*	dir
54-5	5726-5729	das	_	_	_	_	_	_	_	PDS	Acc.Sg.Neut	der
54-6	5730-5735	indem	_	_	_	_	_	_	_	ADV	_	indem
54-7	5736-5738	du	_	_	_	_	_	_	_	PPER	2.Nom.Sg.*	du
54-8	5739-5744	deine	_	_	_	_	_	_	_	PPOSAT	Acc.Sg.Fem	dein
54-9	5745-5749	Hand	_	_	_	_	_	_	_	NN	Acc.Sg.Fem	Hand
54-10	5750-5759	anschaust	_	_	_	_	_	_	_	VVFIN	2.Sg.Pres.Ind	anschauen
54-11	5760-5761	.	_	_	_	_	_	_	_	$.	_	.

#Text=Wenn du die Finger beugst und den Daumen in die Richtung zeigen lässt , in die du die Schraube bewegen willst , zeigen dir die Finger an , in welche Richtung du drehen musst .
55-1	5764-5768	Wenn	_	_	_	_	_	_	_	KOUS	_	wenn
55-2	5769-5771	du	_	_	_	_	_	_	_	PPER	2.Nom.Sg.*	du
55-3	5772-5775	die	_	_	_	_	_	_	_	ART	Acc.Pl.Masc	der
55-4	5776-5782	Finger	_	_	_	_	_	_	_	NN	Acc.Pl.Masc	Finger
55-5	5783-5789	beugst	_	_	_	_	_	_	_	VVFIN	2.Sg.Pres.Ind	beugen
55-6	5790-5793	und	_	_	_	_	_	_	_	KON	_	und
55-7	5794-5797	den	_	_	_	_	_	_	_	ART	Dat.Pl.Neut	der
55-8	5798-5804	Daumen	_	_	_	_	_	_	_	NN	Dat.Pl.Neut	Daum
55-9	5805-5807	in	_	_	_	_	_	_	_	APPR	_	in
55-10	5808-5811	die	_	_	_	_	_	_	_	ART	Acc.Sg.Fem	der
55-11	5812-5820	Richtung	_	_	_	_	_	_	_	NN	Acc.Sg.Fem	Richtung
55-12	5821-5827	zeigen	_	_	_	_	_	_	_	VVINF	Inf	zeigen
55-13	5828-5833	lässt	_	_	_	_	_	_	_	VVFIN	2.Sg.Pres.Ind	lassen
55-14	5834-5835	,	_	_	_	_	_	_	_	$,	_	,
55-15	5836-5838	in	_	_	_	_	_	_	_	APPR	_	in
55-16	5839-5842	die	_	_	_	_	_	_	_	PRELS	Acc.Sg.Fem	der
55-17	5843-5845	du	_	_	_	_	_	_	_	PPER	2.Nom.Sg.*	du
55-18	5846-5849	die	_	_	_	_	_	_	_	ART	Acc.Sg.Fem	der
55-19	5850-5858	Schraube	_	_	_	_	_	_	_	NN	Acc.Sg.Fem	Schraube
55-20	5859-5866	bewegen	_	_	_	_	_	_	_	VVINF	Inf	bewegen
55-21	5867-5873	willst	_	_	_	_	_	_	_	VMFIN	1.Sg.Pres.Ind	wollen
55-22	5874-5875	,	_	_	_	_	_	_	_	$,	_	,
55-23	5876-5882	zeigen	_	_	_	_	_	_	_	VVFIN	3.Pl.Pres.Ind	zeigen
55-24	5883-5886	dir	_	_	_	_	_	_	_	PPER	2.Dat.Sg.*	dir
55-25	5887-5890	die	_	_	_	_	_	_	_	ART	Nom.Pl.Masc	der
55-26	5891-5897	Finger	_	_	_	_	_	_	_	NN	Nom.Pl.Masc	Finger
55-27	5898-5900	an	_	_	_	_	_	_	_	PTKVZ	_	an
55-28	5901-5902	,	_	_	_	_	_	_	_	$,	_	,
55-29	5903-5905	in	_	_	_	_	_	_	_	APPR	_	in
55-30	5906-5912	welche	_	_	_	_	_	_	_	PWAT	Acc.Sg.Fem	welcher
55-31	5913-5921	Richtung	_	_	_	_	_	_	_	NN	Acc.Sg.Fem	Richtung
55-32	5922-5924	du	_	_	_	_	_	_	_	PPER	2.Nom.Sg.*	du
55-33	5925-5931	drehen	_	_	_	_	_	_	_	VVINF	Inf	drehen
55-34	5932-5937	musst	_	_	_	_	_	_	_	VVFIN	2.Sg.Pres.Ind	mussen
55-35	5938-5939	.	_	_	_	_	_	_	_	$.	_	.

#Text=Es gibt für bestimmte Zwecke aber auch Schrauben mit einem Linksgewinde , wo du die Schraube andersherum drehen musst , um sie fest zu drehen .
56-1	5942-5944	Es	_	_	_	_	_	_	_	PPER	3.Nom.Sg.Neut	es
56-2	5945-5949	gibt	_	_	_	_	_	_	_	VVFIN	3.Sg.Pres.Ind	geben
56-3	5950-5953	für	_	_	_	_	_	_	_	APPR	_	für
56-4	5954-5963	bestimmte	_	_	_	_	_	_	_	ADJA	Pos.Acc.Pl.Masc	bestimmt
56-5	5964-5970	Zwecke	_	_	_	_	_	_	_	NN	Acc.Pl.Masc	Zweck
56-6	5971-5975	aber	_	_	_	_	_	_	_	ADV	_	aber
56-7	5976-5980	auch	_	_	_	_	_	_	_	ADV	_	auch
56-8	5981-5990	Schrauben	_	_	_	_	_	_	_	NN	Acc.Pl.Fem	Schraube
56-9	5991-5994	mit	_	_	_	_	_	_	_	APPR	_	mit
56-10	5995-6000	einem	_	_	_	_	_	_	_	ART	Dat.Sg.Masc	ein
56-11	6001-6013	Linksgewinde	_	_	_	_	_	_	_	NN	Dat.Sg.Masc	Linksgewind
56-12	6014-6015	,	_	_	_	_	_	_	_	$,	_	,
56-13	6016-6018	wo	_	_	_	_	_	_	_	PWAV	_	wo
56-14	6019-6021	du	_	_	_	_	_	_	_	PPER	2.Nom.Sg.*	du
56-15	6022-6025	die	_	_	_	_	_	_	_	ART	Acc.Sg.Fem	der
56-16	6026-6034	Schraube	_	_	_	_	_	_	_	NN	Acc.Sg.Fem	Schraube
56-17	6035-6046	andersherum	_	_	_	_	_	_	_	ADV	_	andersherum
56-18	6047-6053	drehen	_	_	_	_	_	_	_	VVINF	Inf	drehen
56-19	6054-6059	musst	_	_	_	_	_	_	_	VVFIN	2.Sg.Pres.Ind	mussen
56-20	6060-6061	,	_	_	_	_	_	_	_	$,	_	,
56-21	6062-6064	um	_	_	_	_	_	_	_	KOUI	_	um
56-22	6065-6068	sie	_	_	_	_	_	_	_	PPER	3.Acc.Pl.Masc	sie
56-23	6069-6073	fest	_	_	_	_	_	_	_	ADJD	Pos	fest
56-24	6074-6076	zu	_	_	_	_	_	_	_	PTKZU	_	zu
56-25	6077-6083	drehen	_	_	_	_	_	_	_	VVINF	Inf	drehen
56-26	6084-6085	.	_	_	_	_	_	_	_	$.	_	.

#Text=Überhaupt gibt es sehr viele unterschiedliche Gewindearten , aber das wollen wir uns hier nicht weiter anschauen .
57-1	6088-6097	Überhaupt	_	_	_	_	_	_	_	ADV	_	überhaupt
57-2	6098-6102	gibt	_	_	_	_	_	_	_	VVFIN	3.Sg.Pres.Ind	geben
57-3	6103-6105	es	_	_	_	_	_	_	_	PPER	3.Nom.Sg.Neut	es
57-4	6106-6110	sehr	_	_	_	_	_	_	_	ADV	_	sehr
57-5	6111-6116	viele	_	_	_	_	_	_	_	PIAT	Acc.Pl.Fem	vieler
57-6	6117-6133	unterschiedliche	_	_	_	_	_	_	_	ADJA	Pos.Acc.Pl.Fem	unterschiedlich
57-7	6134-6146	Gewindearten	_	_	_	_	_	_	_	NN	Acc.Pl.Fem	Gewindeart
57-8	6147-6148	,	_	_	_	_	_	_	_	$,	_	,
57-9	6149-6153	aber	_	_	_	_	_	_	_	KON	_	aber
57-10	6154-6157	das	_	_	_	_	_	_	_	PDS	Acc.Sg.Neut	der
57-11	6158-6164	wollen	_	_	_	_	_	_	_	VMFIN	1.Pl.Pres.Ind	wollen
57-12	6165-6168	wir	_	_	_	_	_	_	_	PPER	1.Nom.Pl.*	wir
57-13	6169-6172	uns	_	_	_	_	_	_	_	PRF	1.Acc.Pl	sich
57-14	6173-6177	hier	_	_	_	_	_	_	_	ADV	_	hier
57-15	6178-6183	nicht	_	_	_	_	_	_	_	PTKNEG	_	nicht
57-16	6184-6190	weiter	_	_	_	_	_	_	_	ADV	_	weiter
57-17	6191-6200	anschauen	_	_	_	_	_	_	_	VVINF	Inf	anschauen
57-18	6201-6202	.	_	_	_	_	_	_	_	$.	_	.

#Text=Viele Erfindungen , wären ohne die Schraube nicht möglich gewesen .
58-1	6205-6210	Viele	_	_	_	_	_	_	_	PIAT	Nom.Pl.Fem	vieler
58-2	6211-6222	Erfindungen	_	_	_	_	_	_	_	NN	Nom.Pl.Fem	Erfindung
58-3	6223-6224	,	_	_	_	_	_	_	_	$,	_	,
58-4	6225-6230	wären	_	_	_	_	_	_	_	VAFIN	3.Pl.Past.Subj	sein
58-5	6231-6235	ohne	_	_	_	_	_	_	_	APPR	_	ohne
58-6	6236-6239	die	_	_	_	_	_	_	_	ART	Acc.Sg.Fem	der
58-7	6240-6248	Schraube	_	_	_	_	_	_	_	NN	Acc.Sg.Fem	Schraube
58-8	6249-6254	nicht	_	_	_	_	_	_	_	PTKNEG	_	nicht
58-9	6255-6262	möglich	_	_	_	_	_	_	_	ADJD	Pos	möglich
58-10	6263-6270	gewesen	_	_	_	_	_	_	_	VAPP	Psp	sein
58-11	6271-6272	.	_	_	_	_	_	_	_	$.	_	.

#Text=Gar nicht mal so sehr , um Dinge zusammen zu halten , wofür wir die Schraube heute überwiegend vor Augen haben , eher , weil wir mit Schrauben , wie oben bei der Pumpe , Dinge bewegen können .
59-1	6275-6278	Gar	_	_	_	_	_	_	_	ADV	_	gar
59-2	6279-6284	nicht	_	_	_	_	_	_	_	PTKNEG	_	nicht
59-3	6285-6288	mal	_	_	_	_	_	_	_	ADV	_	mal
59-4	6289-6291	so	_	_	_	_	_	_	_	ADV	_	so
59-5	6292-6296	sehr	_	_	_	_	_	_	_	ADV	_	sehr
59-6	6297-6298	,	_	_	_	_	_	_	_	$,	_	,
59-7	6299-6301	um	_	_	_	_	_	_	_	KOUI	_	um
59-8	6302-6307	Dinge	_	_	_	_	_	_	_	NN	Acc.Pl.Neut	Ding
59-9	6308-6316	zusammen	_	_	_	_	_	_	_	ADV	_	zusammen
59-10	6317-6319	zu	_	_	_	_	_	_	_	PTKZU	_	zu
59-11	6320-6326	halten	_	_	_	_	_	_	_	VVINF	Inf	halten
59-12	6327-6328	,	_	_	_	_	_	_	_	$,	_	,
59-13	6329-6334	wofür	_	_	_	_	_	_	_	PWAV	_	wofür
59-14	6335-6338	wir	_	_	_	_	_	_	_	PPER	1.Nom.Pl.*	wir
59-15	6339-6342	die	_	_	_	_	_	_	_	ART	Acc.Sg.Fem	der
59-16	6343-6351	Schraube	_	_	_	_	_	_	_	NN	Acc.Sg.Fem	Schraube
59-17	6352-6357	heute	_	_	_	_	_	_	_	ADV	_	heute
59-18	6358-6369	überwiegend	_	_	_	_	_	_	_	ADJD	Pos	überwiegend
59-19	6370-6373	vor	false	2sem	_	_	_	_	_	APPR	_	vor
59-20	6374-6379	Augen	false	0Kern	true	false	Sehorgan des Menschen	ins Bewusstsein rufen	59-19|59-21	NN	Acc.Pl.Neut	Auge
59-21	6380-6385	haben	false	2sem	_	_	_	_	_	VAFIN	1.Pl.Pres.Ind	haben
59-22	6386-6387	,	_	_	_	_	_	_	_	$,	_	,
59-23	6388-6392	eher	_	_	_	_	_	_	_	ADV	_	eher
59-24	6393-6394	,	_	_	_	_	_	_	_	$,	_	,
59-25	6395-6399	weil	_	_	_	_	_	_	_	KOUS	_	weil
59-26	6400-6403	wir	_	_	_	_	_	_	_	PPER	1.Nom.Pl.*	wir
59-27	6404-6407	mit	_	_	_	_	_	_	_	APPR	_	mit
59-28	6408-6417	Schrauben	_	_	_	_	_	_	_	NN	Dat.Pl.Fem	Schraube
59-29	6418-6419	,	_	_	_	_	_	_	_	$,	_	,
59-30	6420-6423	wie	_	_	_	_	_	_	_	KOKOM	_	wie
59-31	6424-6428	oben	_	_	_	_	_	_	_	ADV	_	oben
59-32	6429-6432	bei	_	_	_	_	_	_	_	APPR	_	bei
59-33	6433-6436	der	_	_	_	_	_	_	_	ART	Dat.Sg.Fem	der
59-34	6437-6442	Pumpe	_	_	_	_	_	_	_	NN	Dat.Sg.Fem	Pumpe
59-35	6443-6444	,	_	_	_	_	_	_	_	$,	_	,
59-36	6445-6450	Dinge	_	_	_	_	_	_	_	NN	Nom.Pl.Neut	Ding
59-37	6451-6458	bewegen	_	_	_	_	_	_	_	VVINF	Inf	bewegen
59-38	6459-6465	können	_	_	_	_	_	_	_	VMFIN	3.Pl.Pres.Ind	können
59-39	6466-6467	.	_	_	_	_	_	_	_	$.	_	.

#Text=Die Schraube ist wie eine schiefe Ebene , die um ein langes rundes Stück gewickelt worden ist .
60-1	6470-6473	Die	_	_	_	_	_	_	_	ART	Nom.Sg.Fem	der
60-2	6474-6482	Schraube	_	_	_	_	_	_	_	NN	Nom.Sg.Fem	Schraube
60-3	6483-6486	ist	_	_	_	_	_	_	_	VAFIN	3.Sg.Pres.Ind	sein
60-4	6487-6490	wie	_	_	_	_	_	_	_	KOKOM	_	wie
60-5	6491-6495	eine	_	_	_	_	_	_	_	ART	Nom.Sg.Fem	ein
60-6	6496-6503	schiefe	_	_	_	_	_	_	_	ADJA	Pos.Nom.Sg.Fem	schief
60-7	6504-6509	Ebene	_	_	_	_	_	_	_	NN	Nom.Sg.Fem	Ebene
60-8	6510-6511	,	_	_	_	_	_	_	_	$,	_	,
60-9	6512-6515	die	_	_	_	_	_	_	_	PRELS	Nom.Sg.Fem	der
60-10	6516-6518	um	_	_	_	_	_	_	_	APPR	_	um
60-11	6519-6522	ein	_	_	_	_	_	_	_	ART	Acc.Sg.Neut	ein
60-12	6523-6529	langes	_	_	_	_	_	_	_	ADJA	Pos.Acc.Sg.Neut	lang
60-13	6530-6536	rundes	_	_	_	_	_	_	_	ADJA	Pos.Acc.Sg.Neut	rund
60-14	6537-6542	Stück	_	_	_	_	_	_	_	NN	Acc.Sg.Neut	Stück
60-15	6543-6552	gewickelt	_	_	_	_	_	_	_	VVPP	Psp	wickeln
60-16	6553-6559	worden	_	_	_	_	_	_	_	VAPP	Psp	werden
60-17	6560-6563	ist	_	_	_	_	_	_	_	VAFIN	3.Sg.Pres.Ind	sein
60-18	6564-6565	.	_	_	_	_	_	_	_	$.	_	.

#Text=Wir mussten also erst die schiefe Ebene verstehen , bevor wir die Schraube erfinden konnten .
61-1	6568-6571	Wir	_	_	_	_	_	_	_	PPER	1.Nom.Pl.*	wir
61-2	6572-6579	mussten	_	_	_	_	_	_	_	VMFIN	1.Pl.Past.Ind	müssen
61-3	6580-6584	also	_	_	_	_	_	_	_	ADV	_	also
61-4	6585-6589	erst	_	_	_	_	_	_	_	ADV	_	erst
61-5	6590-6593	die	_	_	_	_	_	_	_	ART	Acc.Sg.Fem	der
61-6	6594-6601	schiefe	_	_	_	_	_	_	_	ADJA	Pos.Acc.Sg.Fem	schief
61-7	6602-6607	Ebene	_	_	_	_	_	_	_	NN	Acc.Sg.Fem	Ebene
61-8	6608-6617	verstehen	_	_	_	_	_	_	_	VVINF	Inf	verstehen
61-9	6618-6619	,	_	_	_	_	_	_	_	$,	_	,
61-10	6620-6625	bevor	_	_	_	_	_	_	_	KOUS	_	bevor
61-11	6626-6629	wir	_	_	_	_	_	_	_	PPER	1.Nom.Pl.*	wir
61-12	6630-6633	die	_	_	_	_	_	_	_	ART	Acc.Sg.Fem	der
61-13	6634-6642	Schraube	_	_	_	_	_	_	_	NN	Acc.Sg.Fem	Schraube
61-14	6643-6651	erfinden	_	_	_	_	_	_	_	VVINF	Inf	erfinden
61-15	6652-6659	konnten	_	_	_	_	_	_	_	VMFIN	1.Pl.Past.Ind	können
61-16	6660-6661	.	_	_	_	_	_	_	_	$.	_	.

#Text=Und obwohl es Holzschrauben gibt , so sind Schrauben aus Metall fester , genauer und haltbarer , daher mussten wir vorher auch lernen wie man Metall ver - und bearbeitet .
62-1	6664-6667	Und	_	_	_	_	_	_	_	KON	_	und
62-2	6668-6674	obwohl	_	_	_	_	_	_	_	KOUS	_	obwohl
62-3	6675-6677	es	_	_	_	_	_	_	_	PPER	3.Nom.Sg.Neut	es
62-4	6678-6691	Holzschrauben	_	_	_	_	_	_	_	NN	Acc.Pl.Fem	Holzschraube
62-5	6692-6696	gibt	_	_	_	_	_	_	_	VVFIN	3.Sg.Pres.Ind	geben
62-6	6697-6698	,	_	_	_	_	_	_	_	$,	_	,
62-7	6699-6701	so	_	_	_	_	_	_	_	ADV	_	so
62-8	6702-6706	sind	_	_	_	_	_	_	_	VAFIN	3.Pl.Pres.Ind	sein
62-9	6707-6716	Schrauben	_	_	_	_	_	_	_	NN	Nom.Pl.Fem	Schraube
62-10	6717-6720	aus	_	_	_	_	_	_	_	APPR	_	aus
62-11	6721-6727	Metall	_	_	_	_	_	_	_	NN	Dat.Sg.Neut	Metall
62-12	6728-6734	fester	_	_	_	_	_	_	_	ADJD	Comp	fest
62-13	6735-6736	,	_	_	_	_	_	_	_	$,	_	,
62-14	6737-6744	genauer	_	_	_	_	_	_	_	ADJD	Comp	genau
62-15	6745-6748	und	_	_	_	_	_	_	_	KON	_	und
62-16	6749-6758	haltbarer	_	_	_	_	_	_	_	ADJD	Comp	haltbar
62-17	6759-6760	,	_	_	_	_	_	_	_	$,	_	,
62-18	6761-6766	daher	_	_	_	_	_	_	_	PROAV	_	daher
62-19	6767-6774	mussten	_	_	_	_	_	_	_	VMFIN	1.Pl.Past.Ind	müssen
62-20	6775-6778	wir	_	_	_	_	_	_	_	PPER	1.Nom.Pl.*	wir
62-21	6779-6785	vorher	_	_	_	_	_	_	_	ADV	_	vorher
62-22	6786-6790	auch	_	_	_	_	_	_	_	ADV	_	auch
62-23	6791-6797	lernen	_	_	_	_	_	_	_	VVINF	Inf	lernen
62-24	6798-6801	wie	_	_	_	_	_	_	_	KOKOM	_	wie
62-25	6802-6805	man	_	_	_	_	_	_	_	PIS	Nom.Sg.*	man
62-26	6806-6812	Metall	_	_	_	_	_	_	_	NN	Acc.Sg.Neut	Metall
62-27	6813-6816	ver	_	_	_	_	_	_	_	ADV	_	ver
62-28	6817-6818	-	_	_	_	_	_	_	_	$(	_	-
62-29	6819-6822	und	_	_	_	_	_	_	_	KON	_	und
62-30	6823-6833	bearbeitet	_	_	_	_	_	_	_	VVPP	Psp	bearbeiten
62-31	6834-6835	.	_	_	_	_	_	_	_	$.	_	.

#Text=Schrauben zur Befestigung von Dingen herzustellen , ist nicht ganz einfach , daher war es auch hilfreich eine Form der Drehbank zu erfinden , wie wir oben schon gelesen haben .
63-1	6838-6847	Schrauben	_	_	_	_	_	_	_	NN	Acc.Pl.Fem	Schraube
63-2	6848-6851	zur	_	_	_	_	_	_	_	APPRART	Dat.Sg.Fem	zu
63-3	6852-6863	Befestigung	_	_	_	_	_	_	_	NN	Dat.Sg.Fem	Befestigung
63-4	6864-6867	von	_	_	_	_	_	_	_	APPR	_	von
63-5	6868-6874	Dingen	_	_	_	_	_	_	_	NN	Dat.Pl.Neut	Ding
63-6	6875-6887	herzustellen	_	_	_	_	_	_	_	VVIZU	Infzu	herstellen
63-7	6888-6889	,	_	_	_	_	_	_	_	$,	_	,
63-8	6890-6893	ist	_	_	_	_	_	_	_	VAFIN	3.Sg.Pres.Ind	sein
63-9	6894-6899	nicht	_	_	_	_	_	_	_	PTKNEG	_	nicht
63-10	6900-6904	ganz	_	_	_	_	_	_	_	ADV	_	ganz
63-11	6905-6912	einfach	_	_	_	_	_	_	_	ADJD	Pos	einfach
63-12	6913-6914	,	_	_	_	_	_	_	_	$,	_	,
63-13	6915-6920	daher	_	_	_	_	_	_	_	PROAV	_	daher
63-14	6921-6924	war	_	_	_	_	_	_	_	VAFIN	3.Sg.Past.Ind	sein
63-15	6925-6927	es	_	_	_	_	_	_	_	PPER	3.Nom.Sg.Neut	es
63-16	6928-6932	auch	_	_	_	_	_	_	_	ADV	_	auch
63-17	6933-6942	hilfreich	_	_	_	_	_	_	_	ADJD	Pos	hilfreich
63-18	6943-6947	eine	_	_	_	_	_	_	_	ART	Acc.Sg.Fem	ein
63-19	6948-6952	Form	_	_	_	_	_	_	_	NN	Acc.Sg.Fem	Form
63-20	6953-6956	der	_	_	_	_	_	_	_	ART	Gen.Sg.Fem	der
63-21	6957-6965	Drehbank	_	_	_	_	_	_	_	NN	Gen.Sg.Fem	Drehbank
63-22	6966-6968	zu	_	_	_	_	_	_	_	PTKZU	_	zu
63-23	6969-6977	erfinden	_	_	_	_	_	_	_	VVINF	Inf	erfinden
63-24	6978-6979	,	_	_	_	_	_	_	_	$,	_	,
63-25	6980-6983	wie	_	_	_	_	_	_	_	PWAV	_	wie
63-26	6984-6987	wir	_	_	_	_	_	_	_	PPER	1.Nom.Pl.*	wir
63-27	6988-6992	oben	_	_	_	_	_	_	_	ADV	_	oben
63-28	6993-6998	schon	_	_	_	_	_	_	_	ADV	_	schon
63-29	6999-7006	gelesen	_	_	_	_	_	_	_	VVPP	Psp	lesen
63-30	7007-7012	haben	_	_	_	_	_	_	_	VAFIN	1.Pl.Pres.Ind	haben
63-31	7013-7014	.	_	_	_	_	_	_	_	$.	_	.
