#ID_SENT-ID_TOKEN	#CHAR_OFFSET	#TOKEN	#MET_A|MFlag	#MET_A|Rolle	#MET_B|basic	#MET_B|c_mark	#MET_B2|b_Lex	#MET_D|a_Par	#SATELLITES	#POS	#MORPH	#LEMMA	#METAPHORICAL_FUNC_WORD	#METAPHORICAL_FUNC_VERB_PHRASE
1-1	0-2	Es	_	_	_	_	_	_	_	PPER	3.Nom.Sg.Neut	es	_	_
1-2	3-6	ist	_	_	_	_	_	_	_	VAFIN	3.Sg.Pres.Ind	sein	_	_
1-3	7-10	mir	_	_	_	_	_	_	_	PPER	1.Dat.Sg.*	mir	_	_
1-4	11-15	eine	_	_	_	_	_	_	_	ART	Nom.Sg.Fem	ein	false	_
1-5	16-20	Ehre	_	_	_	_	_	_	_	NN	Nom.Sg.Fem	Ehre	_	_
1-6	21-22	,	_	_	_	_	_	_	_	$,	_	,	_	_
1-7	23-26	als	_	_	_	_	_	_	_	APPR	_	als	false	_
1-8	27-33	erster	_	_	_	_	_	_	_	ADJA	Pos.Nom.Sg.Masc	erster	_	_
1-9	34-49	Bundespräsident	_	_	_	_	_	_	_	NN	Nom.Sg.Masc	Bundespräsident	_	_
1-10	50-52	in	_	_	_	_	_	_	_	APPR	_	in	false	_
1-11	53-58	Ihrer	_	_	_	_	_	_	_	PPOSAT	Dat.Sg.Fem	ihr	_	_
1-12	59-64	neuen	_	_	_	_	_	_	_	ADJA	Pos.Dat.Sg.Fem	neu	_	_
1-13	65-75	Hauptstadt	_	_	_	_	_	_	_	NN	Dat.Sg.Fem	Hauptstadt	_	_
1-14	76-85	empfangen	_	_	_	_	_	_	_	VVPP	Psp	empfangen	_	_
1-15	86-88	zu	_	_	_	_	_	_	_	PTKZU	_	zu	false	_
1-16	89-95	werden	_	_	_	_	_	_	_	VAINF	Inf	werden	_	_
1-17	96-97	.	_	_	_	_	_	_	_	$.	_	.	_	_
2-1	100-106	Direkt	_	_	_	_	_	_	_	ADJD	Pos	direkt	_	_
2-2	107-111	nach	_	_	_	_	_	_	_	APPR	_	nach	false	_
2-3	112-118	meiner	_	_	_	_	_	_	_	PPOSAT	Dat.Sg.Fem	mein	_	_
2-4	119-126	Ankunft	_	_	_	_	_	_	_	NN	Dat.Sg.Fem	Ankunft	_	_
2-5	127-134	gestern	_	_	_	_	_	_	_	ADV	_	gestern	_	_
2-6	135-140	hatte	_	_	_	_	_	_	_	VAFIN	1.Sg.Past.Ind	haben	_	false
2-7	141-144	ich	_	_	_	_	_	_	_	PPER	1.Nom.Sg.*	ich	_	_
2-8	145-148	die	_	_	_	_	_	_	_	ART	Acc.Sg.Fem	der	false	_
2-9	149-160	Gelegenheit	_	_	_	_	_	_	_	NN	Acc.Sg.Fem	Gelegenheit	_	_
2-10	161-163	zu	_	_	_	_	_	_	_	APPR	_	zu	false	_
2-11	164-169	einer	_	_	_	_	_	_	_	ART	Dat.Sg.Fem	ein	false	_
2-12	170-184	Stadtrundfahrt	_	_	_	_	_	_	_	NN	Dat.Sg.Fem	Stadtrundfahrt	_	_
2-13	185-188	von	_	_	_	_	_	_	_	APPR	_	von	false	_
2-14	189-195	Astana	_	_	_	_	_	_	_	NE	Dat.Sg.*	Astana	_	_
2-15	196-199	und	_	_	_	_	_	_	_	KON	_	und	false	_
2-16	200-203	bin	_	_	_	_	_	_	_	VAFIN	1.Sg.Pres.Ind	sein	_	_
2-17	204-208	sehr	_	_	_	_	_	_	_	ADV	_	sehr	_	_
2-18	209-220	beeindruckt	_	_	_	_	_	_	_	VVPP	Psp	beeindrucken	_	_
2-19	221-222	.	_	_	_	_	_	_	_	$.	_	.	_	_
3-1	225-227	In	_	_	_	_	_	_	_	APPR	_	in	false	_
3-2	228-231	nur	_	_	_	_	_	_	_	ADV	_	nur	_	_
3-3	232-234	10	_	_	_	_	_	_	_	CARD	_	10	_	_
3-4	235-241	Jahren	_	_	_	_	_	_	_	NN	Dat.Pl.Neut	Jahr	_	_
3-5	242-245	ist	_	_	_	_	_	_	_	VAFIN	3.Sg.Pres.Ind	sein	_	_
3-6	246-250	eine	_	_	_	_	_	_	_	ART	Nom.Sg.Fem	ein	false	_
3-7	251-262	pulsierende	false	0Kern	true	true	rhythmisch, dem Pulsschlag entsprechend	mit Leben gefüllte Stadt	3-9	ADJA	Pos.Nom.Sg.Fem	pulsierend	_	_
3-8	263-270	moderne	_	_	_	_	_	_	_	ADJA	Pos.Nom.Sg.Fem	modern	_	_
3-9	271-276	Stadt	false	5clash	_	_	_	_	_	NN	Nom.Sg.Fem	Stadt	_	_
3-10	277-287	entstanden	_	_	_	_	_	_	_	VVPP	Psp	entstehen	_	_
3-11	288-289	.	_	_	_	_	_	_	_	$.	_	.	_	_
4-1	292-295	Sie	_	_	_	_	_	_	_	PPER	3.Nom.Sg.Fem	sie	_	_
4-2	296-299	und	_	_	_	_	_	_	_	KON	_	und	false	_
4-3	300-303	Ihr	_	_	_	_	_	_	_	PPOSAT	Nom.Sg.Neut	ihr	_	_
4-4	304-308	Land	_	_	_	_	_	_	_	NN	Nom.Sg.Neut	Land	_	_
4-5	309-314	haben	_	_	_	_	_	_	_	VAFIN	3.Pl.Pres.Ind	haben	_	false
4-6	315-320	allen	_	_	_	_	_	_	_	PIAT	Acc.Sg.Masc	aller	_	_
4-7	321-326	Grund	_	_	_	_	_	_	_	NN	Acc.Sg.Masc	Grund	_	_
4-8	327-328	,	_	_	_	_	_	_	_	$,	_	,	_	_
4-9	329-332	den	_	_	_	_	_	_	_	ART	Acc.Sg.Masc	der	false	_
4-10	333-335	10	_	_	_	_	_	_	_	CARD	_	10	_	_
4-11	336-337	.	_	_	_	_	_	_	_	$.	_	.	_	_
5-1	340-349	Jahrestag	_	_	_	_	_	_	_	NN	Nom.Sg.Masc	Jahrestag	_	_
5-2	350-353	von	_	_	_	_	_	_	_	APPR	_	von	false	_
5-3	354-360	Astana	_	_	_	_	_	_	_	NE	Dat.Sg.*	Astana	_	_
5-4	361-364	mit	_	_	_	_	_	_	_	APPR	_	mit	false	_
5-5	365-370	Stolz	_	_	_	_	_	_	_	NN	Dat.Sg.Masc	Stolz	_	_
5-6	371-373	zu	_	_	_	_	_	_	_	PTKZU	_	zu	false	_
5-7	374-380	feiern	_	_	_	_	_	_	_	VVINF	Inf	feiern	_	_
5-8	381-382	.	_	_	_	_	_	_	_	$.	_	.	_	_
6-1	385-392	Gestern	_	_	_	_	_	_	_	ADV	_	gestern	_	_
6-2	393-398	haben	_	_	_	_	_	_	_	VAFIN	1.Pl.Pres.Ind	haben	_	false
6-3	399-402	wir	_	_	_	_	_	_	_	PPER	1.Nom.Pl.*	wir	_	_
6-4	403-407	auch	_	_	_	_	_	_	_	ADV	_	auch	_	_
6-5	408-411	die	_	_	_	_	_	_	_	ART	Acc.Sg.Fem	der	false	_
6-6	412-415	von	_	_	_	_	_	_	_	APPR	_	von	false	_
6-7	416-419	Sir	_	_	_	_	_	_	_	NN	Nom.Sg.Masc	Sir	_	_
6-8	420-426	Norman	_	_	_	_	_	_	_	NE	*.*.*	Norman	_	_
6-9	427-433	Foster	_	_	_	_	_	_	_	NE	Dat.Sg.Masc	Foster	_	_
6-10	434-441	erbaute	_	_	_	_	_	_	_	ADJA	Pos.Acc.Sg.Fem	erbaut	_	_
6-11	442-443	"	_	_	_	_	_	_	_	$(	_	"	_	_
6-12	444-452	Pyramide	_	_	_	_	_	_	_	NN	Acc.Sg.Fem	Pyramide	_	_
6-13	453-454	"	_	_	_	_	_	_	_	$(	_	"	_	_
6-14	455-465	besichtigt	_	_	_	_	_	_	_	VVPP	Psp	besichtigen	_	_
6-15	466-467	,	_	_	_	_	_	_	_	$,	_	,	_	_
6-16	468-471	die	_	_	_	_	_	_	_	PRELS	Nom.Sg.Fem	der	_	_
6-17	472-474	zu	_	_	_	_	_	_	_	APPR	_	zu	false	_
6-18	475-480	einem	_	_	_	_	_	_	_	ART	Dat.Sg.Neut	ein	false	_
6-19	481-492	Wahrzeichen	_	_	_	_	_	_	_	NN	Dat.Sg.Neut	Wahrzeichen	_	_
6-20	493-495	in	_	_	_	_	_	_	_	APPR	_	in	false	_
6-21	496-506	Kasachstan	_	_	_	_	_	_	_	NE	Dat.Sg.Neut	Kasachstan	_	_
6-22	507-515	geworden	_	_	_	_	_	_	_	VAPP	Psp	werden	_	_
6-23	516-519	ist	_	_	_	_	_	_	_	VAFIN	3.Sg.Pres.Ind	sein	_	_
6-24	520-521	.	_	_	_	_	_	_	_	$.	_	.	_	_
7-1	524-528	Auch	_	_	_	_	_	_	_	ADV	_	auch	_	_
7-2	529-531	in	_	_	_	_	_	_	_	APPR	_	in	false	_
7-3	532-543	Deutschland	_	_	_	_	_	_	_	NE	Dat.Sg.Neut	Deutschland	_	_
7-4	544-547	hat	_	_	_	_	_	_	_	VAFIN	3.Sg.Pres.Ind	haben	_	false
7-5	548-554	dieser	_	_	_	_	_	_	_	PDAT	Nom.Sg.Masc	dieser	_	_
7-6	555-564	britische	_	_	_	_	_	_	_	ADJA	Pos.Nom.Sg.Masc	britisch	_	_
7-7	565-574	Architekt	_	_	_	_	_	_	_	NN	Nom.Sg.Masc	Architekt	_	_
7-8	575-578	mit	_	_	_	_	_	_	_	APPR	_	mit	false	_
7-9	579-582	der	_	_	_	_	_	_	_	ART	Dat.Sg.Fem	der	false	_
7-10	583-592	gläsernen	_	_	_	_	_	_	_	ADJA	Pos.Dat.Sg.Fem	gläsern	_	_
7-11	593-599	Kuppel	_	_	_	_	_	_	_	NN	Dat.Sg.Fem	Kuppel	_	_
7-12	600-603	auf	_	_	_	_	_	_	_	APPR	_	auf	false	_
7-13	604-607	dem	_	_	_	_	_	_	_	ART	Dat.Sg.Masc	der	false	_
7-14	608-618	umgebauten	_	_	_	_	_	_	_	ADJA	Pos.Dat.Sg.Masc	umgebaut	_	_
7-15	619-628	Reichstag	_	_	_	_	_	_	_	NN	Dat.Sg.Masc	Reichstag	_	_
7-16	629-632	von	_	_	_	_	_	_	_	APPR	_	von	false	_
7-17	633-639	Berlin	_	_	_	_	_	_	_	NE	Dat.Sg.Neut	Berlin	_	_
7-18	640-643	ein	_	_	_	_	_	_	_	ART	Acc.Sg.Neut	ein	false	_
7-19	644-649	neues	_	_	_	_	_	_	_	ADJA	Pos.Acc.Sg.Neut	neu	_	_
7-20	650-661	Wahrzeichen	_	_	_	_	_	_	_	NN	Acc.Sg.Neut	Wahrzeichen	_	_
7-21	662-672	geschaffen	_	_	_	_	_	_	_	VVPP	Psp	schaffen	_	_
7-22	673-674	.	_	_	_	_	_	_	_	$.	_	.	_	_
8-1	677-679	In	_	_	_	_	_	_	_	APPR	_	in	false	_
8-2	680-686	dieser	_	_	_	_	_	_	_	PDAT	Dat.Sg.Fem	dieser	_	_
8-3	687-693	Kuppel	_	_	_	_	_	_	_	NN	Dat.Sg.Fem	Kuppel	_	_
8-4	694-700	steigt	_	_	_	_	_	_	_	VVFIN	3.Sg.Pres.Ind	steigen	_	_
8-5	701-704	das	_	_	_	_	_	_	_	ART	Nom.Sg.Neut	der	false	_
8-6	705-709	Volk	_	_	_	_	_	_	_	NN	Nom.Sg.Neut	Volk	_	_
8-7	710-713	den	_	_	_	_	_	_	_	ART	Dat.Pl.Masc	der	false	_
8-8	714-729	Parlamentariern	_	_	_	_	_	_	_	NN	Dat.Pl.Masc	Parlamentarier	_	_
8-9	730-732	im	_	_	_	_	_	_	_	APPRART	Dat.Sg.Masc	in	false	_
8-10	733-741	wahrsten	_	_	_	_	_	_	_	ADJA	Sup.Dat.Sg.Masc	wahr	_	_
8-11	742-747	Sinne	_	_	_	_	_	_	_	NN	Dat.Sg.Masc	Sinn	_	_
8-12	748-751	des	_	_	_	_	_	_	_	ART	Gen.Sg.Neut	der	false	_
8-13	752-758	Wortes	_	_	_	_	_	_	_	NN	Gen.Sg.Neut	Wort	_	_
8-14	759-760	"	_	_	_	_	_	_	_	$(	_	"	_	_
8-15	761-765	aufs	_	_	_	_	_	_	_	APPRART	Acc.Sg.Neut	auf	false	_
8-16	766-770	Dach	_	_	_	_	_	_	_	NN	Acc.Sg.Neut	Dach	_	_
8-17	771-772	"	_	_	_	_	_	_	_	$(	_	"	_	_
8-18	773-774	.	_	_	_	_	_	_	_	$.	_	.	_	_
9-1	777-780	Sie	_	_	_	_	_	_	_	PPER	3.Nom.Sg.Fem	sie	_	_
9-2	781-791	verkörpert	_	_	_	_	_	_	_	VVFIN	3.Sg.Pres.Ind	verkörpern	_	_
9-3	792-797	damit	_	_	_	_	_	_	_	PROAV	_	damit	_	_
9-4	798-801	die	_	_	_	_	_	_	_	ART	Acc.Sg.Fem	der	false	_
9-5	802-813	Transparenz	_	_	_	_	_	_	_	NN	Acc.Sg.Fem	Transparenz	_	_
9-6	814-815	,	_	_	_	_	_	_	_	$,	_	,	_	_
9-7	816-820	ohne	_	_	_	_	_	_	_	APPR	_	ohne	false	_
9-8	821-824	die	_	_	_	_	_	_	_	PRELS	Acc.Sg.Fem	der	_	_
9-9	825-830	keine	_	_	_	_	_	_	_	PIAT	Nom.Sg.Fem	kein	_	_
9-10	831-841	Demokratie	_	_	_	_	_	_	_	NN	Nom.Sg.Fem	Demokratie	_	_
9-11	842-853	lebensfähig	_	_	_	_	_	_	_	ADJD	Pos	lebensfähig	_	_
9-12	854-857	ist	_	_	_	_	_	_	_	VAFIN	3.Sg.Pres.Ind	sein	_	_
9-13	858-859	.	_	_	_	_	_	_	_	$.	_	.	_	_
10-1	862-865	Bei	_	_	_	_	_	_	_	APPR	_	bei	false	_
10-2	866-871	Ihnen	_	_	_	_	_	_	_	PPER	3.Dat.Pl.*	ihnen	_	_
10-3	872-884	symbolisiert	_	_	_	_	_	_	_	VVFIN	3.Sg.Pres.Ind	symbolisieren	_	_
10-4	885-888	die	_	_	_	_	_	_	_	ART	Nom.Sg.Fem	der	false	_
10-5	889-897	Pyramide	_	_	_	_	_	_	_	NN	Nom.Sg.Fem	Pyramide	_	_
10-6	898-907	religiöse	_	_	_	_	_	_	_	ADJA	Pos.Acc.Sg.Fem	religiös	_	_
10-7	908-916	Toleranz	_	_	_	_	_	_	_	NN	Acc.Sg.Fem	Toleranz	_	_
10-8	917-918	.	_	_	_	_	_	_	_	$.	_	.	_	_
11-1	921-924	Das	_	_	_	_	_	_	_	PDS	Nom.Sg.Neut	der	_	_
11-2	925-928	ist	_	_	_	_	_	_	_	VAFIN	3.Sg.Pres.Ind	sein	_	_
11-3	929-936	wichtig	_	_	_	_	_	_	_	ADJD	Pos	wichtig	_	_
11-4	937-940	und	_	_	_	_	_	_	_	KON	_	und	false	_
11-5	941-948	richtig	_	_	_	_	_	_	_	ADJD	Pos	richtig	_	_
11-6	949-950	,	_	_	_	_	_	_	_	$,	_	,	_	_
11-7	951-955	denn	_	_	_	_	_	_	_	KON	_	denn	false	_
11-8	956-962	Fragen	_	_	_	_	_	_	_	NN	Nom.Pl.Fem	Frage	_	_
11-9	963-966	der	_	_	_	_	_	_	_	ART	Gen.Sg.Fem	der	false	_
11-10	967-975	Religion	_	_	_	_	_	_	_	NN	Gen.Sg.Fem	Religion	_	_
11-11	976-981	haben	_	_	_	_	_	_	_	VAFIN	3.Pl.Pres.Ind	haben	_	false
11-12	982-984	in	_	_	_	_	_	_	_	APPR	_	in	false	_
11-13	985-988	der	_	_	_	_	_	_	_	ART	Dat.Sg.Fem	der	false	_
11-14	989-996	Politik	_	_	_	_	_	_	_	NN	Dat.Sg.Fem	Politik	_	_
11-15	997-1000	des	_	_	_	_	_	_	_	ART	Gen.Sg.Neut	der	false	_
11-16	1001-1003	21	_	_	_	_	_	_	_	CARD	_	21	_	_
11-17	1004-1005	.	_	_	_	_	_	_	_	$.	_	.	_	_
12-1	1008-1020	Jahrhunderts	_	_	_	_	_	_	_	ADV	_	jahrhunderts	_	_
12-2	1021-1027	nichts	_	_	_	_	_	_	_	PIS	*.*.Neut	nichts	_	_
12-3	1028-1031	von	_	_	_	_	_	_	_	APPR	_	von	false	_
12-4	1032-1037	ihrer	_	_	_	_	_	_	_	PPOSAT	Dat.Sg.Fem	ihr	_	_
12-5	1038-1048	Aktualität	_	_	_	_	_	_	_	NN	Dat.Sg.Fem	Aktualität	_	_
12-6	1049-1057	verloren	_	_	_	_	_	_	_	VVPP	Psp	verlieren	_	_
12-7	1058-1059	.	_	_	_	_	_	_	_	$.	_	.	_	_
13-1	1062-1064	Im	_	_	_	_	_	_	_	APPRART	Dat.Sg.Neut	in	false	_
13-2	1065-1074	Gegenteil	_	_	_	_	_	_	_	NN	Dat.Sg.Neut	Gegenteil	_	_
13-3	1075-1076	,	_	_	_	_	_	_	_	$,	_	,	_	_
13-4	1077-1080	die	_	_	_	_	_	_	_	ART	Nom.Sg.Fem	der	false	_
13-5	1081-1090	Bedrohung	_	_	_	_	_	_	_	NN	Nom.Sg.Fem	Bedrohung	_	_
13-6	1091-1096	durch	_	_	_	_	_	_	_	APPR	_	durch	false	_
13-7	1097-1105	religiös	_	_	_	_	_	_	_	ADJD	Pos	religiös	_	_
13-8	1106-1116	motivierte	_	_	_	_	_	_	_	ADJA	Pos.Acc.Pl.Masc	motiviert	_	_
13-9	1117-1128	Gewalttäter	_	_	_	_	_	_	_	NN	Acc.Pl.Masc	Gewalttäter	_	_
13-10	1129-1132	ist	_	_	_	_	_	_	_	VAFIN	3.Sg.Pres.Ind	sein	_	_
13-11	1133-1135	zu	_	_	_	_	_	_	_	APPR	_	zu	false	_
13-12	1136-1141	einem	_	_	_	_	_	_	_	ART	Dat.Sg.Neut	ein	false	_
13-13	1142-1150	globalen	_	_	_	_	_	_	_	ADJA	Pos.Dat.Sg.Neut	global	_	_
13-14	1151-1159	Phänomen	_	_	_	_	_	_	_	NN	Dat.Sg.Neut	Phänomen	_	_
13-15	1160-1168	geworden	_	_	_	_	_	_	_	VAPP	Psp	werden	_	_
13-16	1169-1170	.	_	_	_	_	_	_	_	$.	_	.	_	_
14-1	1173-1178	Trotz	_	_	_	_	_	_	_	APPR	_	trotz	false	_
14-2	1179-1183	oder	_	_	_	_	_	_	_	KON	_	oder	false	_
14-3	1184-1190	gerade	_	_	_	_	_	_	_	ADV	_	gerade	_	_
14-4	1191-1196	wegen	_	_	_	_	_	_	_	APPR	_	wegen	false	_
14-5	1197-1203	dieser	_	_	_	_	_	_	_	PDAT	*.Sg.Fem	dieser	_	_
14-6	1204-1213	Bedrohung	_	_	_	_	_	_	_	NN	*.Sg.Fem	Bedrohung	_	_
14-7	1214-1220	müssen	_	_	_	_	_	_	_	VMFIN	1.Pl.Pres.Ind	müssen	_	_
14-8	1221-1224	wir	_	_	_	_	_	_	_	PPER	1.Nom.Pl.*	wir	_	_
14-9	1225-1234	unbedingt	_	_	_	_	_	_	_	ADV	_	unbedingt	_	_
14-10	1235-1241	darauf	_	_	_	_	_	_	_	PROAV	_	darauf	_	_
14-11	1242-1248	achten	_	_	_	_	_	_	_	VVINF	Inf	achten	_	_
14-12	1249-1250	,	_	_	_	_	_	_	_	$,	_	,	_	_
14-13	1251-1254	die	_	_	_	_	_	_	_	ART	Acc.Sg.Fem	der	false	_
14-14	1255-1272	Religionsfreiheit	_	_	_	_	_	_	_	NN	Acc.Sg.Fem	Religionsfreiheit	_	_
14-15	1273-1279	selber	_	_	_	_	_	_	_	ADV	_	selber	_	_
14-16	1280-1285	nicht	_	_	_	_	_	_	_	PTKNEG	_	nicht	_	_
14-17	1286-1288	zu	_	_	_	_	_	_	_	PTKZU	_	zu	false	_
14-18	1289-1300	beschneiden	_	_	_	_	_	_	_	VVINF	Inf	beschneiden	_	_
14-19	1301-1302	,	_	_	_	_	_	_	_	$,	_	,	_	_
14-20	1303-1310	sondern	_	_	_	_	_	_	_	KON	_	sondern	false	_
14-21	1311-1315	klar	_	_	_	_	_	_	_	ADJD	Pos	klar	_	_
14-22	1316-1324	zwischen	_	_	_	_	_	_	_	APPR	_	zwischen	false	_
14-23	1325-1333	Religion	_	_	_	_	_	_	_	NN	Dat.Sg.Fem	Religion	_	_
14-24	1334-1337	und	_	_	_	_	_	_	_	KON	_	und	false	_
14-25	1338-1348	religiösen	_	_	_	_	_	_	_	ADJA	Pos.Dat.Pl.Masc	religiös	_	_
14-26	1349-1360	Extremisten	_	_	_	_	_	_	_	NN	Dat.Pl.Masc	Extremist	_	_
14-27	1361-1363	zu	_	_	_	_	_	_	_	PTKZU	_	zu	false	_
14-28	1364-1371	trennen	_	_	_	_	_	_	_	VVINF	Inf	trennen	_	_
14-29	1372-1373	.	_	_	_	_	_	_	_	$.	_	.	_	_
15-1	1376-1382	Astana	_	_	_	_	_	_	_	NE	Nom.Sg.*	Astana	_	_
15-2	1383-1388	steht	_	_	_	_	_	_	_	VVFIN	3.Sg.Pres.Ind	stehen	_	false
15-3	1389-1392	für	_	_	_	_	_	_	_	APPR	_	für	false	_
15-4	1393-1396	das	_	_	_	_	_	_	_	ART	Acc.Sg.Neut	der	false	_
15-5	1397-1401	neue	_	_	_	_	_	_	_	ADJA	Pos.Acc.Sg.Neut	neu	_	_
15-6	1402-1405	und	_	_	_	_	_	_	_	KON	_	und	false	_
15-7	1406-1417	unabhängige	_	_	_	_	_	_	_	ADJA	Pos.Acc.Sg.Neut	unabhängig	_	_
15-8	1418-1428	Kasachstan	_	_	_	_	_	_	_	NE	Acc.Sg.Neut	Kasachstan	_	_
15-9	1429-1430	,	_	_	_	_	_	_	_	$,	_	,	_	_
15-10	1431-1434	das	_	_	_	_	_	_	_	PRELS	Acc.Sg.Neut	der	_	_
15-11	1435-1438	die	_	_	_	_	_	_	_	ART	Nom.Pl.*	der	false	_
15-12	1439-1450	Bürgerinnen	_	_	_	_	_	_	_	NN	Nom.Pl.Fem	Bürgerin	_	_
15-13	1451-1454	und	_	_	_	_	_	_	_	KON	_	und	false	_
15-14	1455-1461	Bürger	_	_	_	_	_	_	_	NN	Acc.Pl.Masc	Bürger	_	_
15-15	1462-1464	in	_	_	_	_	_	_	_	APPR	_	in	false	_
15-16	1465-1472	Frieden	_	_	_	_	_	_	_	NN	Acc.Sg.Masc	Frieden	_	_
15-17	1473-1476	mit	_	_	_	_	_	_	_	APPR	_	mit	false	_
15-18	1477-1482	ihren	_	_	_	_	_	_	_	PPOSAT	Dat.Pl.Masc	ihr	_	_
15-19	1483-1491	Nachbarn	_	_	_	_	_	_	_	NN	Dat.Pl.Masc	Nachbar	_	_
15-20	1492-1501	aufgebaut	_	_	_	_	_	_	_	VVPP	Psp	aufbauen	_	_
15-21	1502-1507	haben	_	_	_	_	_	_	_	VAFIN	3.Pl.Pres.Ind	haben	_	false
15-22	1508-1509	.	_	_	_	_	_	_	_	$.	_	.	_	_
16-1	1512-1515	Ich	_	_	_	_	_	_	_	PPER	1.Nom.Sg.*	ich	_	_
16-2	1516-1520	habe	_	_	_	_	_	_	_	VAFIN	1.Sg.Pres.Ind	haben	_	false
16-3	1521-1527	großen	_	_	_	_	_	_	_	ADJA	Pos.Acc.Sg.Masc	groß	_	_
16-4	1528-1535	Respekt	_	_	_	_	_	_	_	NN	Acc.Sg.Masc	Respekt	_	_
16-5	1536-1539	vor	_	_	_	_	_	_	_	APPR	_	vor	false	_
16-6	1540-1546	dieser	_	_	_	_	_	_	_	PDAT	Dat.Sg.Fem	dieser	_	_
16-7	1547-1555	Leistung	_	_	_	_	_	_	_	NN	Dat.Sg.Fem	Leistung	_	_
16-8	1556-1557	.	_	_	_	_	_	_	_	$.	_	.	_	_
17-1	1560-1565	Dabei	_	_	_	_	_	_	_	PROAV	_	dabei	_	_
17-2	1566-1569	ist	_	_	_	_	_	_	_	VAFIN	3.Sg.Pres.Ind	sein	_	_
17-3	1570-1573	der	_	_	_	_	_	_	_	ART	Nom.Sg.Masc	der	false	_
17-4	1574-1580	Aufbau	_	_	_	_	_	_	_	NN	Nom.Sg.Masc	Aufbau	_	_
17-5	1581-1586	einer	_	_	_	_	_	_	_	ART	Gen.Sg.Fem	ein	false	_
17-6	1587-1593	Nation	_	_	_	_	_	_	_	NN	Gen.Sg.Fem	Nation	_	_
17-7	1594-1596	im	_	_	_	_	_	_	_	APPRART	Dat.Sg.Neut	in	false	_
17-8	1597-1606	Zeitalter	_	_	_	_	_	_	_	NN	Dat.Sg.Neut	Zeitalter	_	_
17-9	1607-1610	der	_	_	_	_	_	_	_	ART	Gen.Sg.Fem	der	false	_
17-10	1611-1625	Globalisierung	_	_	_	_	_	_	_	NN	Gen.Sg.Fem	Globalisierung	_	_
17-11	1626-1631	alles	_	_	_	_	_	_	_	PIS	Nom.Sg.Neut	alle	_	_
17-12	1632-1638	andere	_	_	_	_	_	_	_	PIS	Nom.Sg.Neut	anderer	_	_
17-13	1639-1642	als	_	_	_	_	_	_	_	KOKOM	_	als	false	_
17-14	1643-1650	einfach	_	_	_	_	_	_	_	ADJD	Pos	einfach	_	_
17-15	1651-1652	:	_	_	_	_	_	_	_	$.	_	:	_	_
17-16	1653-1663	Einerseits	_	_	_	_	_	_	_	ADV	_	einerseits	_	_
17-17	1664-1671	braucht	_	_	_	_	_	_	_	VVFIN	3.Sg.Pres.Ind	brauchen	_	_
17-18	1672-1674	er	_	_	_	_	_	_	_	PPER	3.Nom.Sg.Masc	er	_	_
17-19	1675-1680	etwas	_	_	_	_	_	_	_	PIAT	*.*.*	etwas	_	_
17-20	1681-1682	"	_	_	_	_	_	_	_	$(	_	"	_	_
17-21	1683-1690	Eigenes	_	_	_	_	_	_	_	NN	Acc.Sg.Neut	Eigenes	_	_
17-22	1691-1692	"	_	_	_	_	_	_	_	$(	_	"	_	_
17-23	1693-1694	,	_	_	_	_	_	_	_	$,	_	,	_	_
17-24	1695-1702	braucht	_	_	_	_	_	_	_	VVFIN	3.Sg.Pres.Ind	brauchen	_	_
17-25	1703-1707	eine	_	_	_	_	_	_	_	ART	Acc.Sg.Fem	ein	false	_
17-26	1708-1723	kasachstanische	_	_	_	_	_	_	_	ADJA	Pos.Acc.Sg.Fem	kasachstanisch	_	_
17-27	1724-1733	Identität	_	_	_	_	_	_	_	NN	Acc.Sg.Fem	Identität	_	_
17-28	1734-1735	.	_	_	_	_	_	_	_	$.	_	.	_	_
18-1	1738-1750	Andererseits	_	_	_	_	_	_	_	ADV	_	andererseits	_	_
18-2	1751-1755	sind	_	_	_	_	_	_	_	VAFIN	3.Pl.Pres.Ind	sein	_	_
18-3	1756-1760	alle	_	_	_	_	_	_	_	PIAT	Nom.Pl.Masc	aller	_	_
18-4	1761-1768	Staaten	_	_	_	_	_	_	_	NN	Nom.Pl.Masc	Staat	_	_
18-5	1769-1771	in	_	_	_	_	_	_	_	APPR	_	in	false	_
18-6	1772-1775	der	_	_	_	_	_	_	_	ART	Dat.Sg.Fem	der	false	_
18-7	1776-1780	Welt	_	_	_	_	_	_	_	NN	Dat.Sg.Fem	Welt	_	_
18-8	1781-1784	von	_	_	_	_	_	_	_	APPR	_	von	false	_
18-9	1785-1790	heute	_	_	_	_	_	_	_	ADV	_	heute	_	_
18-10	1791-1795	mehr	_	_	_	_	_	_	_	ADV	_	mehr	_	_
18-11	1796-1800	denn	_	_	_	_	_	_	_	KOKOM	_	denn	false	_
18-12	1801-1803	je	_	_	_	_	_	_	_	ADV	_	je	_	_
18-13	1804-1815	aufeinander	_	_	_	_	_	_	_	ADV	_	aufeinander	_	_
18-14	1816-1826	angewiesen	_	_	_	_	_	_	_	VVPP	Psp	anweisen	_	_
18-15	1827-1830	und	_	_	_	_	_	_	_	KON	_	und	false	_
18-16	1831-1837	müssen	_	_	_	_	_	_	_	VMFIN	3.Pl.Pres.Ind	müssen	_	_
18-17	1838-1843	daher	_	_	_	_	_	_	_	PROAV	_	daher	_	_
18-18	1844-1848	auch	_	_	_	_	_	_	_	ADV	_	auch	_	_
18-19	1849-1853	ihre	_	_	_	_	_	_	_	PPOSAT	Acc.Pl.Fem	ihr	_	_
18-20	1854-1869	Gemeinsamkeiten	_	_	_	_	_	_	_	NN	Acc.Pl.Fem	Gemeinsamkeit	_	_
18-21	1870-1878	erkennen	_	_	_	_	_	_	_	VVINF	Inf	erkennen	_	_
18-22	1879-1882	und	_	_	_	_	_	_	_	KON	_	und	false	_
18-23	1883-1890	betonen	_	_	_	_	_	_	_	VVINF	Inf	betonen	_	_
18-24	1891-1892	.	_	_	_	_	_	_	_	$.	_	.	_	_
19-1	1895-1898	Wir	_	_	_	_	_	_	_	PPER	1.Nom.Pl.*	wir	_	_
19-2	1899-1908	benötigen	_	_	_	_	_	_	_	VVFIN	1.Pl.Pres.Ind	benötigen	_	_
19-3	1909-1915	dieses	_	_	_	_	_	_	_	PDAT	Acc.Sg.Neut	dieser	_	_
19-4	1916-1935	Gemeinschaftsgefühl	_	_	_	_	_	_	_	NN	Acc.Sg.Neut	Gemeinschaftsgefühl	_	_
19-5	1936-1937	,	_	_	_	_	_	_	_	$,	_	,	_	_
19-6	1938-1940	da	_	_	_	_	_	_	_	KOUS	_	da	false	_
19-7	1941-1946	heute	_	_	_	_	_	_	_	ADV	_	heute	_	_
19-8	1947-1951	kein	_	_	_	_	_	_	_	PIAT	Nom.Sg.Masc	kein	_	_
19-9	1952-1957	Staat	_	_	_	_	_	_	_	NN	Nom.Sg.Masc	Staat	_	_
19-10	1958-1961	der	_	_	_	_	_	_	_	ART	Gen.Sg.Fem	der	false	_
19-11	1962-1966	Welt	_	_	_	_	_	_	_	NN	Gen.Sg.Fem	Welt	_	_
19-12	1967-1969	im	_	_	_	_	_	_	_	APPRART	Dat.Sg.Masc	in	false	_
19-13	1970-1980	Alleingang	_	_	_	_	_	_	_	NN	Dat.Sg.Masc	Alleingang	_	_
19-14	1981-1991	Sicherheit	_	_	_	_	_	_	_	NN	Acc.Sg.Fem	Sicherheit	_	_
19-15	1992-1993	,	_	_	_	_	_	_	_	$,	_	,	_	_
19-16	1994-2003	Wohlstand	_	_	_	_	_	_	_	NN	Acc.Sg.Masc	Wohlstand	_	_
19-17	2004-2007	und	_	_	_	_	_	_	_	KON	_	und	false	_
19-18	2008-2012	eine	_	_	_	_	_	_	_	ART	Acc.Sg.Fem	ein	false	_
19-19	2013-2020	intakte	_	_	_	_	_	_	_	ADJA	Pos.Acc.Sg.Fem	intakt	_	_
19-20	2021-2027	Umwelt	_	_	_	_	_	_	_	NN	Acc.Sg.Fem	Umwelt	_	_
19-21	2028-2031	für	_	_	_	_	_	_	_	APPR	_	für	false	_
19-22	2032-2037	seine	_	_	_	_	_	_	_	PPOSAT	Acc.Pl.Masc	sein	_	_
19-23	2038-2044	Bürger	_	_	_	_	_	_	_	NN	Acc.Pl.Masc	Bürger	_	_
19-24	2045-2058	sicherstellen	_	_	_	_	_	_	_	VVINF	Inf	sicherstellen	_	_
19-25	2059-2063	kann	_	_	_	_	_	_	_	VMFIN	3.Sg.Pres.Ind	können	_	_
19-26	2064-2065	.	_	_	_	_	_	_	_	$.	_	.	_	_
20-1	2068-2072	Dies	_	_	_	_	_	_	_	PDS	Nom.Sg.Neut	dieser	_	_
20-2	2073-2076	ist	_	_	_	_	_	_	_	VAFIN	3.Sg.Pres.Ind	sein	_	_
20-3	2077-2080	ein	_	_	_	_	_	_	_	ART	Nom.Sg.Masc	ein	false	_
20-4	2081-2092	schwieriger	_	_	_	_	_	_	_	ADJA	Pos.Nom.Sg.Masc	schwierig	_	_
20-5	2093-2103	Balanceakt	false	0Kern	true	true	Übung, Vorführung, bei der jemand auf, über etwas balanciert	Mittelgrund finden	_	NN	Nom.Sg.Masc	Balanceakt	_	_
20-6	2104-2105	.	_	_	_	_	_	_	_	$.	_	.	_	_
21-1	2108-2111	Mit	_	_	_	_	_	_	_	APPR	_	mit	false	_
21-2	2112-2118	seinem	_	_	_	_	_	_	_	PPOSAT	Dat.Sg.Masc	sein	_	_
21-3	2119-2125	großen	_	_	_	_	_	_	_	ADJA	Pos.Dat.Sg.Masc	groß	_	_
21-4	2126-2133	Dichter	_	_	_	_	_	_	_	NN	Dat.Sg.Masc	Dichter	_	_
21-5	2134-2138	Abai	_	_	_	_	_	_	_	NE	Nom.Sg.Masc	Abai	_	_
21-6	2139-2142	hat	_	_	_	_	_	_	_	VAFIN	3.Sg.Pres.Ind	haben	_	false
21-7	2143-2153	Kasachstan	_	_	_	_	_	_	_	NE	Nom.Sg.Neut	Kasachstan	_	_
21-8	2154-2157	ein	_	_	_	_	_	_	_	ART	Acc.Sg.Neut	ein	false	_
21-9	2158-2165	Vorbild	_	_	_	_	_	_	_	NN	Acc.Sg.Neut	Vorbild	_	_
21-10	2166-2169	für	_	_	_	_	_	_	_	APPR	_	für	false	_
21-11	2170-2173	ein	_	_	_	_	_	_	_	ART	Acc.Sg.Neut	ein	false	_
21-12	2174-2187	Gleichgewicht	_	_	_	_	_	_	_	NN	Acc.Sg.Neut	Gleichgewicht	_	_
21-13	2188-2191	von	_	_	_	_	_	_	_	APPR	_	von	false	_
21-14	2192-2202	Nationalem	_	_	_	_	_	_	_	NN	Dat.Sg.Neut	Nationalem	_	_
21-15	2203-2206	und	_	_	_	_	_	_	_	KON	_	und	false	_
21-16	2207-2219	Universellem	_	_	_	_	_	_	_	NN	Dat.Sg.Neut	Universellem	_	_
21-17	2220-2221	:	_	_	_	_	_	_	_	$.	_	:	_	_
21-18	2222-2231	Offenheit	_	_	_	_	_	_	_	NN	Nom.Sg.Fem	Offenheit	_	_
21-19	2232-2233	,	_	_	_	_	_	_	_	$,	_	,	_	_
21-20	2234-2243	Interesse	_	_	_	_	_	_	_	NN	Nom.Sg.Neut	Interesse	_	_
21-21	2244-2247	und	_	_	_	_	_	_	_	KON	_	und	false	_
21-22	2248-2251	das	_	_	_	_	_	_	_	ART	Nom.Sg.Neut	der	false	_
21-23	2252-2261	Eintreten	_	_	_	_	_	_	_	NN	Nom.Sg.Neut	Eintreten	_	_
21-24	2262-2265	für	_	_	_	_	_	_	_	APPR	_	für	false	_
21-25	2266-2277	universelle	_	_	_	_	_	_	_	ADJA	Pos.Acc.Pl.Masc	universell	_	_
21-26	2278-2283	Werte	_	_	_	_	_	_	_	NN	Acc.Pl.Masc	Wert	_	_
21-27	2284-2290	gingen	_	_	_	_	_	_	_	VVFIN	3.Pl.Past.Ind	gehen	_	false
21-28	2291-2294	bei	_	_	_	_	_	_	_	APPR	_	bei	false	_
21-29	2295-2298	ihm	_	_	_	_	_	_	_	PPER	3.Dat.Sg.Masc	ihm	_	_
21-30	2299-2303	Hand	false	0Kern	true	true	unterster Teil des Armes	gemeinsam	21-32	NN	Nom.Sg.Fem	Hand	_	_
21-31	2304-2306	in	_	_	_	_	_	_	_	APPR	_	in	false	_
21-32	2307-2311	Hand	false	3idiom	_	_	_	_	_	NN	Acc.Sg.Fem	Hand	_	_
21-33	2312-2315	mit	_	_	_	_	_	_	_	APPR	_	mit	false	_
21-34	2316-2329	Nationalstolz	_	_	_	_	_	_	_	NN	Dat.Sg.Masc	Nationalstolz	_	_
21-35	2330-2333	und	_	_	_	_	_	_	_	KON	_	und	false	_
21-36	2334-2337	der	_	_	_	_	_	_	_	ART	Dat.Sg.Fem	der	false	_
21-37	2338-2348	Begründung	_	_	_	_	_	_	_	NN	Dat.Sg.Fem	Begründung	_	_
21-38	2349-2352	der	_	_	_	_	_	_	_	ART	Gen.Sg.Fem	der	false	_
21-39	2353-2370	Nationalliteratur	_	_	_	_	_	_	_	NN	Gen.Sg.Fem	Nationalliteratur	_	_
21-40	2371-2374	von	_	_	_	_	_	_	_	APPR	_	von	false	_
21-41	2375-2385	Kasachstan	_	_	_	_	_	_	_	NE	Dat.Sg.Neut	Kasachstan	_	_
21-42	2386-2387	.	_	_	_	_	_	_	_	$.	_	.	_	_
22-1	2390-2394	Abai	_	_	_	_	_	_	_	NE	Nom.Sg.Masc	Abai	_	_
22-2	2395-2400	bezog	_	_	_	_	_	_	_	VVFIN	3.Sg.Past.Ind	beziehen	_	_
22-3	2401-2406	seine	_	_	_	_	_	_	_	PPOSAT	Acc.Sg.Fem	sein	_	_
22-4	2407-2418	Inspiration	_	_	_	_	_	_	_	NN	Acc.Sg.Fem	Inspiration	_	_
22-5	2419-2422	aus	_	_	_	_	_	_	_	APPR	_	aus	false	_
22-6	2423-2429	vielen	_	_	_	_	_	_	_	PIAT	Dat.Pl.Fem	vieler	_	_
22-7	2430-2437	Quellen	_	_	_	_	_	_	_	NN	Dat.Pl.Fem	Quelle	_	_
22-8	2438-2439	:	_	_	_	_	_	_	_	$.	_	:	_	_
22-9	2440-2450	Islamische	_	_	_	_	_	_	_	ADJA	Pos.Nom.Pl.Masc	islamisch	_	_
22-10	2451-2462	Philosophen	_	_	_	_	_	_	_	NN	Nom.Pl.Masc	Philosoph	_	_
22-11	2463-2464	,	_	_	_	_	_	_	_	$,	_	,	_	_
22-12	2465-2474	russische	_	_	_	_	_	_	_	ADJA	Pos.Nom.Pl.Fem	russisch	_	_
22-13	2475-2488	Geistesgrößen	_	_	_	_	_	_	_	NN	Nom.Pl.Fem	Geistesgröße	_	_
22-14	2489-2492	und	_	_	_	_	_	_	_	KON	_	und	false	_
22-15	2493-2499	selbst	_	_	_	_	_	_	_	ADV	_	selbst	_	_
22-16	2500-2506	Goethe	_	_	_	_	_	_	_	NE	Nom.Sg.Masc	Goethe	_	_
22-17	2507-2516	steuerten	_	_	_	_	_	_	_	VVFIN	3.Pl.Past.Subj	steuern	_	_
22-18	2517-2519	zu	_	_	_	_	_	_	_	APPR	_	zu	false	_
22-19	2520-2526	seinem	_	_	_	_	_	_	_	PPOSAT	Dat.Sg.Neut	sein	_	_
22-20	2527-2538	Gedankengut	_	_	_	_	_	_	_	NN	Dat.Sg.Neut	Gedankengut	_	_
22-21	2539-2542	bei	_	_	_	_	_	_	_	PTKVZ	_	bei	false	_
22-22	2543-2544	.	_	_	_	_	_	_	_	$.	_	.	_	_
23-1	2547-2550	Der	_	_	_	_	_	_	_	ART	Nom.Sg.Masc	der	false	_
23-2	2551-2563	Wissensdurst	_	_	_	_	_	_	_	NN	Nom.Sg.Masc	Wissensdurst	_	_
23-2.1	2551-2558	Wissens	false	2sem	_	_	_	_	_		_	_	_	_	_	_	_	_	_	_	_
23-2.2	2558-2563	durst	false	0Kern	true	true	Bedürfnis zu trinken	Verlangen nach Wissen	_		_	_	_	_	_	_	_	_	_	_	_
23-3	2564-2569	zieht	_	_	_	_	_	_	_	VVFIN	3.Sg.Pres.Ind	ziehen	_	false
23-4	2570-2574	sich	_	_	_	_	_	_	_	PRF	3.Acc.Sg	sich	_	_
23-5	2575-2578	wie	_	_	_	_	_	_	_	KOKOM	_	wie	false	_
23-6	2579-2582	ein	_	_	_	_	_	_	_	ART	Nom.Sg.Masc	ein	false	_
23-7	2583-2588	roter	_	_	_	_	_	_	_	ADJA	Pos.Nom.Sg.Masc	rot	_	_
23-8	2589-2594	Faden	_	_	_	_	_	_	_	NN	Nom.Sg.Masc	Faden	_	_
23-9	2595-2600	durch	_	_	_	_	_	_	_	APPR	_	durch	false	_
23-10	2601-2604	das	_	_	_	_	_	_	_	ART	Acc.Sg.Neut	der	false	_
23-11	2605-2612	gesamte	_	_	_	_	_	_	_	ADJA	Pos.Acc.Sg.Neut	gesamt	_	_
23-12	2613-2617	Werk	_	_	_	_	_	_	_	NN	Acc.Sg.Neut	Werk	_	_
23-13	2618-2621	von	_	_	_	_	_	_	_	APPR	_	von	false	_
23-14	2622-2626	Abai	_	_	_	_	_	_	_	NN	Dat.Sg.Masc	Abai	_	_
23-15	2627-2628	.	_	_	_	_	_	_	_	$.	_	.	_	_
24-1	2631-2637	Diesen	_	_	_	_	_	_	_	PDAT	Acc.Sg.Masc	dieser	_	_
24-2	2638-2643	Durst	false	0Kern	true	true	Bedürfnis zu trinken	Verlangen	24-10|24-4	NN	Acc.Sg.Masc	Durst	_	_
24-3	2644-2646	zu	_	_	_	_	_	_	_	PTKZU	_	zu	false	_
24-4	2647-2654	stillen	false	2sem	true	true	(ein Bedürfnis) befriedigen	Bedürfnis nach Wissen befriedigen	_	VVINF	Inf	stillen	_	_
24-5	2655-2656	,	_	_	_	_	_	_	_	$,	_	,	_	_
24-6	2657-2661	ohne	_	_	_	_	_	_	_	KOUI	_	ohne	false	_
24-7	2662-2665	ihn	_	_	_	_	_	_	_	PPER	3.Acc.Sg.Masc	ihn	_	_
24-8	2666-2670	ganz	_	_	_	_	_	_	_	ADV	_	ganz	_	_
24-9	2671-2673	zu	_	_	_	_	_	_	_	PTKZU	_	zu	false	_
24-10	2674-2681	löschen	false	2sem	true	true	beseitigen	entfernen	_	VVINF	Inf	löschen	_	_
24-11	2682-2683	,	_	_	_	_	_	_	_	$,	_	,	_	_
24-12	2684-2687	ist	_	_	_	_	_	_	_	VAFIN	3.Sg.Pres.Ind	sein	_	_
24-13	2688-2692	eine	_	_	_	_	_	_	_	ART	Nom.Sg.Fem	ein	false	_
24-14	2693-2698	Kunst	_	_	_	_	_	_	_	NN	Nom.Sg.Fem	Kunst	_	_
24-15	2699-2702	für	_	_	_	_	_	_	_	APPR	_	für	false	_
24-16	2703-2707	sich	_	_	_	_	_	_	_	PRF	3.Acc.Sg	sich	_	_
24-17	2708-2709	.	_	_	_	_	_	_	_	$.	_	.	_	_
25-1	2712-2715	Sie	_	_	_	_	_	_	_	PPER	3.Nom.Pl.*	sie	_	_
25-2	2716-2717	,	_	_	_	_	_	_	_	$,	_	,	_	_
25-3	2718-2722	Herr	_	_	_	_	_	_	_	NN	Nom.Sg.Masc	Herr	_	_
25-4	2723-2732	Präsident	_	_	_	_	_	_	_	NN	Nom.Sg.Masc	Präsident	_	_
25-5	2733-2734	,	_	_	_	_	_	_	_	$,	_	,	_	_
25-6	2735-2740	haben	_	_	_	_	_	_	_	VAFIN	3.Pl.Pres.Ind	haben	_	false
25-7	2741-2744	die	_	_	_	_	_	_	_	ART	Acc.Sg.Fem	der	false	_
25-8	2745-2753	zentrale	_	_	_	_	_	_	_	ADJA	Pos.Acc.Sg.Fem	zentral	_	_
25-9	2754-2763	Bedeutung	_	_	_	_	_	_	_	NN	Acc.Sg.Fem	Bedeutung	_	_
25-10	2764-2767	von	_	_	_	_	_	_	_	APPR	_	von	false	_
25-11	2768-2775	Bildung	_	_	_	_	_	_	_	NN	Dat.Sg.Fem	Bildung	_	_
25-12	2776-2783	erkannt	_	_	_	_	_	_	_	VVPP	Psp	erkennen	_	_
25-13	2784-2787	und	_	_	_	_	_	_	_	KON	_	und	false	_
25-14	2788-2799	geschrieben	_	_	_	_	_	_	_	VVPP	Psp	schreiben	_	_
25-15	2800-2801	:	_	_	_	_	_	_	_	$.	_	:	_	_
25-16	2802-2803	"	_	_	_	_	_	_	_	$(	_	"	_	_
25-17	2804-2807	Der	_	_	_	_	_	_	_	ART	Nom.Sg.Masc	der	false	_
25-18	2808-2815	Schüler	_	_	_	_	_	_	_	NN	Nom.Sg.Masc	Schüler	_	_
25-19	2816-2817	,	_	_	_	_	_	_	_	$,	_	,	_	_
25-20	2818-2821	der	_	_	_	_	_	_	_	PRELS	Nom.Sg.Masc	der	_	_
25-21	2822-2827	keine	_	_	_	_	_	_	_	PIAT	Acc.Sg.Fem	kein	_	_
25-22	2828-2834	eigene	_	_	_	_	_	_	_	ADJA	Pos.Acc.Sg.Fem	eigen	_	_
25-23	2835-2842	Meinung	_	_	_	_	_	_	_	NN	Acc.Sg.Fem	Meinung	_	_
25-24	2843-2846	hat	_	_	_	_	_	_	_	VAFIN	3.Sg.Pres.Ind	haben	_	false
25-25	2847-2848	,	_	_	_	_	_	_	_	$,	_	,	_	_
25-26	2849-2852	ist	_	_	_	_	_	_	_	VAFIN	3.Sg.Pres.Ind	sein	_	_
25-27	2853-2858	nicht	_	_	_	_	_	_	_	PTKNEG	_	nicht	_	_
25-28	2859-2864	fähig	_	_	_	_	_	_	_	ADJD	Pos	fähig	_	_
25-29	2865-2866	,	_	_	_	_	_	_	_	$,	_	,	_	_
25-30	2867-2872	seine	_	_	_	_	_	_	_	PPOSAT	Acc.Sg.Fem	sein	_	_
25-31	2873-2881	Position	_	_	_	_	_	_	_	NN	Acc.Sg.Fem	Position	_	_
25-32	2882-2894	argumentativ	_	_	_	_	_	_	_	ADJD	Pos	argumentativ	_	_
25-33	2895-2897	zu	_	_	_	_	_	_	_	PTKZU	_	zu	false	_
25-34	2898-2909	verteidigen	_	_	_	_	_	_	_	VVINF	Inf	verteidigen	_	_
25-35	2910-2911	,	_	_	_	_	_	_	_	$,	_	,	_	_
25-36	2912-2917	nicht	_	_	_	_	_	_	_	PTKNEG	_	nicht	_	_
25-37	2918-2923	fähig	_	_	_	_	_	_	_	ADJD	Pos	fähig	_	_
25-38	2924-2925	,	_	_	_	_	_	_	_	$,	_	,	_	_
25-39	2926-2930	neue	_	_	_	_	_	_	_	ADJA	Pos.Acc.Pl.Fem	neu	_	_
25-40	2931-2936	Ideen	_	_	_	_	_	_	_	NN	Acc.Pl.Fem	Idee	_	_
25-41	2937-2939	zu	_	_	_	_	_	_	_	PTKZU	_	zu	false	_
25-42	2940-2946	denken	_	_	_	_	_	_	_	VVINF	Inf	denken	_	_
25-43	2947-2950	und	_	_	_	_	_	_	_	KON	_	und	false	_
25-44	2951-2953	zu	_	_	_	_	_	_	_	PTKZU	_	zu	false	_
25-45	2954-2962	erfinden	_	_	_	_	_	_	_	VVINF	Inf	erfinden	_	_
25-46	2963-2964	.	_	_	_	_	_	_	_	$.	_	.	_	_
25-47	2965-2966	"	_	_	_	_	_	_	_	$(	_	"	_	_
26-1	2969-2972	Ich	_	_	_	_	_	_	_	PPER	1.Nom.Sg.*	ich	_	_
26-2	2973-2979	stimme	_	_	_	_	_	_	_	VVFIN	1.Sg.Pres.Ind	stimmen	_	_
26-3	2980-2985	Ihnen	_	_	_	_	_	_	_	PPER	3.Dat.Pl.*	ihnen	_	_
26-4	2986-2988	in	_	_	_	_	_	_	_	APPR	_	in	false	_
26-5	2989-2992	der	_	_	_	_	_	_	_	ART	Dat.Sg.Fem	der	false	_
26-6	2993-3002	Bedeutung	_	_	_	_	_	_	_	NN	Dat.Sg.Fem	Bedeutung	_	_
26-7	3003-3006	von	_	_	_	_	_	_	_	APPR	_	von	false	_
26-8	3007-3019	unabhängigen	false	2sem	_	_	_	_	_	ADJA	Pos.Dat.Pl.Masc	unabhängig	_	_
26-9	3020-3026	Köpfen	false	0Kern	true	false	Körperteil des Menschen	Denken	26-8	NN	Dat.Pl.Masc	Kopf	_	_
26-10	3027-3031	voll	_	_	_	_	_	_	_	ADJD	Pos	voll	_	_
26-11	3032-3035	und	_	_	_	_	_	_	_	KON	_	und	false	_
26-12	3036-3040	ganz	_	_	_	_	_	_	_	ADV	_	ganz	_	_
26-13	3041-3043	zu	_	_	_	_	_	_	_	PTKVZ	_	zu	false	_
26-14	3044-3045	:	_	_	_	_	_	_	_	$.	_	:	_	_
26-15	3046-3057	Kreativität	_	_	_	_	_	_	_	NN	Nom.Sg.Fem	Kreativität	_	_
26-16	3058-3062	lebt	_	_	_	_	_	_	_	VVFIN	3.Sg.Pres.Ind	leben	_	_
26-17	3063-3067	auch	_	_	_	_	_	_	_	ADV	_	auch	_	_
26-18	3068-3071	vom	_	_	_	_	_	_	_	APPRART	Dat.Sg.Masc	von	false	_
26-19	3072-3079	Dissens	_	_	_	_	_	_	_	NN	Dat.Sg.Masc	Dissen	_	_
26-20	3080-3081	.	_	_	_	_	_	_	_	$.	_	.	_	_
27-1	3084-3087	Und	_	_	_	_	_	_	_	KON	_	und	false	_
27-2	3088-3091	die	_	_	_	_	_	_	_	ART	Nom.Pl.Fem	der	false	_
27-3	3092-3102	Grundlagen	_	_	_	_	_	_	_	NN	Nom.Pl.Fem	Grundlage	_	_
27-4	3103-3106	für	_	_	_	_	_	_	_	APPR	_	für	false	_
27-5	3107-3112	einen	_	_	_	_	_	_	_	ART	Acc.Sg.Masc	ein	false	_
27-6	3113-3123	lebendigen	_	_	_	_	_	_	_	ADJA	Pos.Acc.Sg.Masc	lebendig	_	_
27-7	3124-3127	und	_	_	_	_	_	_	_	KON	_	und	false	_
27-8	3128-3139	freimütigen	_	_	_	_	_	_	_	ADJA	Pos.Acc.Sg.Masc	freimütig	_	_
27-9	3140-3146	Umgang	_	_	_	_	_	_	_	NN	Acc.Sg.Masc	Umgang	_	_
27-10	3147-3158	miteinander	_	_	_	_	_	_	_	ADV	_	miteinander	_	_
27-11	3159-3165	werden	_	_	_	_	_	_	_	VAFIN	3.Pl.Pres.Ind	werden	_	_
27-12	3166-3173	bereits	_	_	_	_	_	_	_	ADV	_	bereits	_	_
27-13	3174-3176	in	_	_	_	_	_	_	_	APPR	_	in	false	_
27-14	3177-3180	der	_	_	_	_	_	_	_	ART	Dat.Sg.Fem	der	false	_
27-15	3181-3187	Schule	_	_	_	_	_	_	_	NN	Dat.Sg.Fem	Schule	_	_
27-16	3188-3194	gelegt	_	_	_	_	_	_	_	VVPP	Psp	legen	_	_
27-17	3195-3196	.	_	_	_	_	_	_	_	$.	_	.	_	_
28-1	3199-3202	Wir	_	_	_	_	_	_	_	PPER	1.Nom.Pl.*	wir	_	_
28-2	3203-3210	möchten	_	_	_	_	_	_	_	VMFIN	1.Pl.Pres.Ind	möchten	_	_
28-3	3211-3217	diesen	_	_	_	_	_	_	_	PDAT	Acc.Sg.Masc	dieser	_	_
28-4	3218-3223	Faden	_	_	_	_	_	_	_	NN	Acc.Sg.Masc	Faden	_	_
28-5	3224-3229	gerne	_	_	_	_	_	_	_	ADV	_	gerne	_	_
28-6	3230-3239	aufnehmen	_	_	_	_	_	_	_	VVINF	Inf	aufnehmen	_	_
28-7	3240-3243	und	_	_	_	_	_	_	_	KON	_	und	false	_
28-8	3244-3250	unsere	_	_	_	_	_	_	_	PPOSAT	Acc.Sg.Fem	unser	_	_
28-9	3251-3264	Partnerschaft	_	_	_	_	_	_	_	NN	Acc.Sg.Fem	Partnerschaft	_	_
28-10	3265-3267	im	_	_	_	_	_	_	_	APPRART	Dat.Sg.Masc	in	false	_
28-11	3268-3283	Bildungsbereich	_	_	_	_	_	_	_	NN	Dat.Sg.Masc	Bildungsbereich	_	_
28-12	3284-3293	vertiefen	_	_	_	_	_	_	_	VVINF	Inf	vertiefen	_	_
28-13	3294-3295	.	_	_	_	_	_	_	_	$.	_	.	_	_
29-1	3298-3301	Das	_	_	_	_	_	_	_	ART	Nom.Sg.Neut	der	false	_
29-2	3302-3307	heute	_	_	_	_	_	_	_	ADV	_	heute	_	_
29-3	3308-3322	unterzeichnete	_	_	_	_	_	_	_	ADJA	Pos.Nom.Sg.Neut	unterzeichnet	_	_
29-4	3323-3331	Abkommen	_	_	_	_	_	_	_	NN	Nom.Sg.Neut	Abkommen	_	_
29-5	3332-3336	über	_	_	_	_	_	_	_	APPR	_	über	false	_
29-6	3337-3340	den	_	_	_	_	_	_	_	ART	Acc.Sg.Masc	der	false	_
29-7	3341-3347	Ausbau	_	_	_	_	_	_	_	NN	Acc.Sg.Masc	Ausbau	_	_
29-8	3348-3351	der	_	_	_	_	_	_	_	ART	Gen.Sg.Fem	der	false	_
29-9	3352-3359	Deutsch	_	_	_	_	_	_	_	ADJD	Pos	deutsch	_	_
29-10	3360-3372	Kasachischen	_	_	_	_	_	_	_	ADJA	Pos.Gen.Sg.Fem	kasachisch	_	_
29-11	3373-3384	Universität	_	_	_	_	_	_	_	NN	Gen.Sg.Fem	Universität	_	_
29-12	3385-3390	freut	_	_	_	_	_	_	_	VVFIN	3.Sg.Pres.Ind	freuen	_	_
29-13	3391-3395	mich	_	_	_	_	_	_	_	PPER	1.Acc.Sg.*	mich	_	_
29-14	3396-3401	daher	_	_	_	_	_	_	_	PROAV	_	daher	_	_
29-15	3402-3411	besonders	_	_	_	_	_	_	_	ADV	_	besonders	_	_
29-16	3412-3413	.	_	_	_	_	_	_	_	$.	_	.	_	_
30-1	3416-3419	Die	_	_	_	_	_	_	_	ART	Nom.Sg.Fem	der	false	_
30-2	3420-3430	Hochschule	_	_	_	_	_	_	_	NN	Nom.Sg.Fem	Hochschule	_	_
30-3	3431-3437	bietet	_	_	_	_	_	_	_	VVFIN	3.Sg.Pres.Ind	bieten	_	_
30-4	3438-3442	sich	_	_	_	_	_	_	_	PRF	3.Acc.Sg	sich	_	_
30-5	3443-3447	auch	_	_	_	_	_	_	_	ADV	_	auch	_	_
30-6	3448-3451	für	_	_	_	_	_	_	_	APPR	_	für	false	_
30-7	3452-3458	andere	_	_	_	_	_	_	_	ADJA	Pos.Acc.Pl.Neut	anderer	_	_
30-8	3459-3467	Projekte	_	_	_	_	_	_	_	NN	Acc.Pl.Neut	Projekt	_	_
30-9	3468-3470	an	_	_	_	_	_	_	_	PTKVZ	_	an	false	_
30-10	3471-3472	:	_	_	_	_	_	_	_	$.	_	:	_	_
30-11	3473-3476	Mit	_	_	_	_	_	_	_	APPR	_	mit	false	_
30-12	3477-3486	deutschen	_	_	_	_	_	_	_	ADJA	Pos.Dat.Pl.Neut	deutsch	_	_
30-13	3487-3494	Mitteln	_	_	_	_	_	_	_	NN	Dat.Pl.Neut	Mittel	_	_
30-14	3495-3501	sollen	_	_	_	_	_	_	_	VMFIN	3.Pl.Pres.Ind	sollen	_	_
30-15	3502-3516	beispielsweise	_	_	_	_	_	_	_	ADV	_	beispielsweise	_	_
30-16	3517-3521	ihre	_	_	_	_	_	_	_	PPOSAT	Nom.Pl.Neut	ihr	_	_
30-17	3522-3529	Gebäude	_	_	_	_	_	_	_	NN	Nom.Pl.Neut	Gebaud	_	_
30-18	3530-3532	zu	_	_	_	_	_	_	_	APPR	_	zu	false	_
30-19	3533-3538	einem	_	_	_	_	_	_	_	ART	Dat.Sg.Neut	ein	false	_
30-20	3539-3546	Vorbild	_	_	_	_	_	_	_	NN	Dat.Sg.Neut	Vorbild	_	_
30-21	3547-3550	für	_	_	_	_	_	_	_	APPR	_	für	false	_
30-22	3551-3554	die	_	_	_	_	_	_	_	ART	Acc.Sg.Fem	der	false	_
30-23	3555-3562	Nutzung	_	_	_	_	_	_	_	NN	Acc.Sg.Fem	Nutzung	_	_
30-24	3563-3575	erneuerbarer	_	_	_	_	_	_	_	ADJA	Pos.Gen.Pl.Fem	erneuerbar	_	_
30-25	3576-3584	Energien	_	_	_	_	_	_	_	NN	Gen.Pl.Fem	Energie	_	_
30-26	3585-3593	umgebaut	_	_	_	_	_	_	_	VVPP	Psp	umbauen	_	_
30-27	3594-3600	werden	_	_	_	_	_	_	_	VAINF	Inf	werden	_	_
30-28	3601-3602	.	_	_	_	_	_	_	_	$.	_	.	_	_
31-1	3605-3609	Neue	_	_	_	_	_	_	_	ADJA	Pos.Nom.Pl.Masc	neu	_	_
31-2	3610-3622	Studiengänge	_	_	_	_	_	_	_	NN	Nom.Pl.Masc	Studiengang	_	_
31-3	3623-3627	sind	_	_	_	_	_	_	_	VAFIN	3.Pl.Pres.Ind	sein	_	_
31-4	3628-3638	vorgesehen	_	_	_	_	_	_	_	VVPP	Psp	vorsehen	_	_
31-5	3639-3640	.	_	_	_	_	_	_	_	$.	_	.	_	_
32-1	3643-3646	Und	_	_	_	_	_	_	_	KON	_	und	false	_
32-2	3647-3650	ich	_	_	_	_	_	_	_	PPER	1.Nom.Sg.*	ich	_	_
32-3	3651-3656	hoffe	_	_	_	_	_	_	_	VVFIN	1.Sg.Pres.Ind	hoffen	_	_
32-4	3657-3658	,	_	_	_	_	_	_	_	$,	_	,	_	_
32-5	3659-3663	dass	_	_	_	_	_	_	_	KOUS	_	dass	false	_
32-6	3664-3668	sich	_	_	_	_	_	_	_	PRF	3.Acc.Sg	sich	_	_
32-7	3669-3673	auch	_	_	_	_	_	_	_	ADV	_	auch	_	_
32-8	3674-3677	die	_	_	_	_	_	_	_	ART	Nom.Sg.Fem	der	false	_
32-9	3678-3686	deutsche	_	_	_	_	_	_	_	ADJA	Pos.Nom.Sg.Fem	deutsch	_	_
32-10	3687-3697	Wirtschaft	_	_	_	_	_	_	_	NN	Nom.Sg.Fem	Wirtschaft	_	_
32-11	3698-3700	in	_	_	_	_	_	_	_	APPR	_	in	false	_
32-12	3701-3708	Zukunft	_	_	_	_	_	_	_	NN	Dat.Sg.Fem	Zukunft	_	_
32-13	3709-3711	an	_	_	_	_	_	_	_	APPR	_	an	false	_
32-14	3712-3718	dieser	_	_	_	_	_	_	_	PDAT	Dat.Sg.Fem	dieser	_	_
32-15	3719-3724	neuen	_	_	_	_	_	_	_	ADJA	Pos.Dat.Sg.Fem	neu	_	_
32-16	3725-3736	Universität	_	_	_	_	_	_	_	NN	Dat.Sg.Fem	Universität	_	_
32-17	3737-3746	einbringt	_	_	_	_	_	_	_	VVFIN	3.Sg.Pres.Ind	einbringen	_	_
32-18	3747-3748	.	_	_	_	_	_	_	_	$.	_	.	_	_
33-1	3751-3755	Auch	_	_	_	_	_	_	_	ADV	_	auch	_	_
33-2	3756-3759	sie	_	_	_	_	_	_	_	PPER	3.Nom.Sg.Fem	sie	_	_
33-3	3760-3770	profitiert	_	_	_	_	_	_	_	VVFIN	3.Sg.Pres.Ind	profitieren	_	_
33-4	3771-3774	von	_	_	_	_	_	_	_	APPR	_	von	false	_
33-5	3775-3778	gut	_	_	_	_	_	_	_	ADJD	Pos	gut	_	_
33-6	3779-3792	ausgebildeten	_	_	_	_	_	_	_	ADJA	Pos.Dat.Pl.Fem	ausgebildet	_	_
33-7	3793-3804	Fachkräften	_	_	_	_	_	_	_	NN	Dat.Pl.Fem	Fachkraft	_	_
33-8	3805-3806	.	_	_	_	_	_	_	_	$.	_	.	_	_
34-1	3809-3815	Gerade	_	_	_	_	_	_	_	ADV	_	gerade	_	_
34-2	3816-3818	im	_	_	_	_	_	_	_	APPRART	Dat.Sg.Masc	in	false	_
34-3	3819-3826	Bereich	_	_	_	_	_	_	_	NN	Dat.Sg.Masc	Bereich	_	_
34-4	3827-3830	der	_	_	_	_	_	_	_	ART	Gen.Sg.Fem	der	false	_
34-5	3831-3844	Berufsbildung	_	_	_	_	_	_	_	NN	Gen.Sg.Fem	Berufsbildung	_	_
34-6	3845-3850	steht	_	_	_	_	_	_	_	VVFIN	3.Sg.Pres.Ind	stehen	_	false
34-7	3851-3862	Deutschland	_	_	_	_	_	_	_	NE	Nom.Sg.Neut	Deutschland	_	_
34-8	3863-3866	für	_	_	_	_	_	_	_	APPR	_	für	false	_
34-9	3867-3875	Qualität	_	_	_	_	_	_	_	NN	Acc.Sg.Fem	Qualität	_	_
34-10	3876-3879	und	_	_	_	_	_	_	_	KON	_	und	false	_
34-11	3880-3895	Zuverlässigkeit	_	_	_	_	_	_	_	NN	Acc.Sg.Fem	Zuverlässigkeit	_	_
34-12	3896-3897	.	_	_	_	_	_	_	_	$.	_	.	_	_
35-1	3900-3905	Meine	_	_	_	_	_	_	_	PPOSAT	Acc.Pl.Neut	mein	_	_
35-2	3906-3915	Gespräche	_	_	_	_	_	_	_	NN	Acc.Pl.Neut	Gesprach	_	_
35-3	3916-3919	mit	_	_	_	_	_	_	_	APPR	_	mit	false	_
35-4	3920-3936	kasachstanischen	_	_	_	_	_	_	_	ADJA	Pos.Dat.Pl.Masc	kasachstanisch	_	_
35-5	3937-3948	Absolventen	_	_	_	_	_	_	_	NN	Dat.Pl.Masc	Absolvent	_	_
35-6	3949-3952	des	_	_	_	_	_	_	_	ART	Gen.Sg.Neut	der	false	_
35-7	3953-3962	deutschen	_	_	_	_	_	_	_	ADJA	Pos.Gen.Sg.Neut	deutsch	_	_
35-8	3963-3991	Managerfortbildungsprogramms	_	_	_	_	_	_	_	NN	Gen.Sg.Neut	Managerfortbildungsprogramm	_	_
35-9	3992-3997	zeigt	_	_	_	_	_	_	_	VVFIN	3.Sg.Pres.Ind	zeigen	_	_
35-10	3998-4001	die	_	_	_	_	_	_	_	ART	Nom.Sg.Fem	der	false	_
35-11	4002-4009	Dynamik	_	_	_	_	_	_	_	NN	Nom.Sg.Fem	Dynamik	_	_
35-12	4010-4016	vieler	_	_	_	_	_	_	_	PIAT	Gen.Pl.Masc	vieler	_	_
35-13	4017-4023	junger	_	_	_	_	_	_	_	ADJA	Pos.Gen.Pl.Masc	jung	_	_
35-14	4024-4041	Privatunternehmer	_	_	_	_	_	_	_	NN	Gen.Pl.Masc	Privatunternehmer	_	_
35-15	4042-4043	.	_	_	_	_	_	_	_	$.	_	.	_	_
36-1	4046-4050	Wenn	_	_	_	_	_	_	_	KOUS	_	wenn	false	_
36-2	4051-4054	die	_	_	_	_	_	_	_	ART	Nom.Pl.Masc	der	false	_
36-3	4055-4062	Manager	_	_	_	_	_	_	_	NN	Nom.Pl.Masc	Manager	_	_
36-4	4063-4068	durch	_	_	_	_	_	_	_	APPR	_	durch	false	_
36-5	4069-4074	ihren	_	_	_	_	_	_	_	PPOSAT	Acc.Sg.Masc	ihr	_	_
36-6	4075-4085	Aufenthalt	_	_	_	_	_	_	_	NN	Acc.Sg.Masc	Aufenthalt	_	_
36-7	4086-4088	in	_	_	_	_	_	_	_	APPR	_	in	false	_
36-8	4089-4100	Deutschland	_	_	_	_	_	_	_	NE	Dat.Sg.Neut	Deutschland	_	_
36-9	4101-4105	noch	_	_	_	_	_	_	_	ADV	_	noch	_	_
36-10	4106-4110	mehr	_	_	_	_	_	_	_	ADV	_	mehr	_	_
36-11	4111-4114	zur	_	_	_	_	_	_	_	APPRART	Dat.Sg.Fem	zu	false	_
36-12	4115-4131	wirtschaftlichen	_	_	_	_	_	_	_	ADJA	Pos.Dat.Sg.Fem	wirtschaftlich	_	_
36-13	4132-4143	Entwicklung	_	_	_	_	_	_	_	NN	Dat.Sg.Fem	Entwicklung	_	_
36-14	4144-4147	von	_	_	_	_	_	_	_	APPR	_	von	false	_
36-15	4148-4158	Kasachstan	_	_	_	_	_	_	_	NE	Dat.Sg.Neut	Kasachstan	_	_
36-16	4159-4168	beitragen	_	_	_	_	_	_	_	VVINF	Inf	beitragen	_	_
36-17	4169-4175	können	_	_	_	_	_	_	_	VMFIN	3.Pl.Pres.Ind	können	_	_
36-18	4176-4177	,	_	_	_	_	_	_	_	$,	_	,	_	_
36-19	4178-4181	ist	_	_	_	_	_	_	_	VAFIN	3.Sg.Pres.Ind	sein	_	_
36-20	4182-4185	das	_	_	_	_	_	_	_	PDS	Nom.Sg.Neut	der	_	_
36-21	4186-4191	genau	_	_	_	_	_	_	_	ADJD	Pos	genau	_	_
36-22	4192-4195	die	_	_	_	_	_	_	_	ART	Nom.Sg.Fem	der	false	_
36-23	4196-4209	Partnerschaft	_	_	_	_	_	_	_	NN	Nom.Sg.Fem	Partnerschaft	_	_
36-24	4210-4211	,	_	_	_	_	_	_	_	$,	_	,	_	_
36-25	4212-4215	die	_	_	_	_	_	_	_	PRELS	Nom.Sg.Fem	der	_	_
36-26	4216-4219	wir	_	_	_	_	_	_	_	PPER	1.Nom.Pl.*	wir	_	_
36-27	4220-4229	anstreben	_	_	_	_	_	_	_	VVFIN	1.Pl.Pres.Ind	anstreben	_	_
36-28	4230-4231	-	_	_	_	_	_	_	_	$(	_	-	_	_
36-29	4232-4243	langfristig	_	_	_	_	_	_	_	ADJD	Pos	langfristig	_	_
36-30	4244-4247	und	_	_	_	_	_	_	_	KON	_	und	false	_
36-31	4248-4251	zum	_	_	_	_	_	_	_	APPRART	Dat.Sg.Masc	zu	false	_
36-32	4252-4266	beiderseitigen	_	_	_	_	_	_	_	ADJA	Pos.Dat.Sg.Masc	beiderseitig	_	_
36-33	4267-4273	Nutzen	_	_	_	_	_	_	_	NN	Dat.Sg.Masc	Nutzen	_	_
36-34	4274-4275	.	_	_	_	_	_	_	_	$.	_	.	_	_
37-1	4278-4280	Um	_	_	_	_	_	_	_	KOUI	_	um	false	_
37-2	4281-4284	bei	_	_	_	_	_	_	_	APPR	_	bei	false	_
37-3	4285-4288	der	_	_	_	_	_	_	_	ART	Dat.Sg.Fem	der	false	_
37-4	4289-4305	wirtschaftlichen	_	_	_	_	_	_	_	ADJA	Pos.Dat.Sg.Fem	wirtschaftlich	_	_
37-5	4306-4317	Entwicklung	_	_	_	_	_	_	_	NN	Dat.Sg.Fem	Entwicklung	_	_
37-6	4318-4320	zu	_	_	_	_	_	_	_	PTKZU	_	zu	false	_
37-7	4321-4328	bleiben	_	_	_	_	_	_	_	VVINF	Inf	bleiben	_	_
37-8	4329-4330	:	_	_	_	_	_	_	_	$.	_	:	_	_
37-9	4331-4334	Die	_	_	_	_	_	_	_	ART	Nom.Pl.Fem	der	false	_
37-10	4335-4350	Wachstumszahlen	_	_	_	_	_	_	_	NN	Nom.Pl.Fem	Wachstumszahl	_	_
37-11	4351-4353	in	_	_	_	_	_	_	_	APPR	_	in	false	_
37-12	4354-4359	Ihrem	_	_	_	_	_	_	_	PPOSAT	Dat.Sg.Neut	ihr	_	_
37-13	4360-4364	Land	_	_	_	_	_	_	_	NN	Dat.Sg.Neut	Land	_	_
37-14	4365-4369	sind	_	_	_	_	_	_	_	VAFIN	3.Pl.Pres.Ind	sein	_	_
37-15	4370-4383	eindrucksvoll	_	_	_	_	_	_	_	ADJD	Pos	eindrucksvoll	_	_
37-16	4384-4385	.	_	_	_	_	_	_	_	$.	_	.	_	_
38-1	4388-4391	Die	_	_	_	_	_	_	_	ART	Nom.Pl.Masc	der	false	_
38-2	4392-4400	momentan	_	_	_	_	_	_	_	ADJD	Pos	momentan	_	_
38-3	4401-4406	hohen	_	_	_	_	_	_	_	ADJA	Pos.Nom.Pl.Masc	hoch	_	_
38-4	4407-4413	Preise	_	_	_	_	_	_	_	NN	Nom.Pl.Masc	Preis	_	_
38-5	4414-4417	für	_	_	_	_	_	_	_	APPR	_	für	false	_
38-6	4418-4420	Öl	_	_	_	_	_	_	_	NN	Acc.Sg.Neut	Öl	_	_
38-7	4421-4424	und	_	_	_	_	_	_	_	KON	_	und	false	_
38-8	4425-4428	Gas	_	_	_	_	_	_	_	NN	Acc.Sg.Neut	Gas	_	_
38-9	4429-4436	bringen	_	_	_	_	_	_	_	VVFIN	3.Pl.Pres.Ind	bringen	_	false
38-10	4437-4441	viel	_	_	_	_	_	_	_	PIAT	*.*.*	viel	_	_
38-11	4442-4446	Geld	_	_	_	_	_	_	_	NN	Acc.Sg.Neut	Geld	_	_
38-12	4447-4449	in	_	_	_	_	_	_	_	APPR	_	in	false	_
38-13	4450-4453	Ihr	_	_	_	_	_	_	_	PPOSAT	Acc.Sg.Neut	ihr	_	_
38-14	4454-4458	Land	_	_	_	_	_	_	_	NN	Acc.Sg.Neut	Land	_	_
38-15	4459-4460	.	_	_	_	_	_	_	_	$.	_	.	_	_
39-1	4463-4469	Mittel	_	_	_	_	_	_	_	NN	Acc.Pl.Neut	Mittel	_	_
39-2	4470-4471	,	_	_	_	_	_	_	_	$,	_	,	_	_
39-3	4472-4475	die	_	_	_	_	_	_	_	PRELS	Nom.Pl.Neut	der	_	_
39-4	4476-4481	Ihnen	_	_	_	_	_	_	_	PPER	3.Dat.Pl.*	ihnen	_	_
39-5	4482-4485	die	_	_	_	_	_	_	_	ART	Acc.Sg.Fem	der	false	_
39-6	4486-4492	Chance	_	_	_	_	_	_	_	NN	Acc.Sg.Fem	Chance	_	_
39-7	4493-4498	geben	_	_	_	_	_	_	_	VVFIN	3.Pl.Pres.Ind	geben	_	false
39-8	4499-4500	,	_	_	_	_	_	_	_	$,	_	,	_	_
39-9	4501-4505	über	_	_	_	_	_	_	_	APPR	_	über	false	_
39-10	4506-4519	kurzfristigen	_	_	_	_	_	_	_	ADJA	Pos.Acc.Sg.Masc	kurzfristig	_	_
39-11	4520-4528	Reichtum	_	_	_	_	_	_	_	NN	Acc.Sg.Masc	Reichtum	_	_
39-12	4529-4535	hinaus	_	_	_	_	_	_	_	ADV	_	hinaus	_	_
39-13	4536-4538	zu	_	_	_	_	_	_	_	PTKZU	_	zu	false	_
39-14	4539-4545	denken	_	_	_	_	_	_	_	VVINF	Inf	denken	_	_
39-15	4546-4547	.	_	_	_	_	_	_	_	$.	_	.	_	_
40-1	4550-4553	Ich	_	_	_	_	_	_	_	PPER	1.Nom.Sg.*	ich	_	_
40-2	4554-4558	sehe	_	_	_	_	_	_	_	VVFIN	1.Sg.Pres.Ind	sehen	_	_
40-3	4559-4564	daher	_	_	_	_	_	_	_	PROAV	_	daher	_	_
40-4	4565-4568	mit	_	_	_	_	_	_	_	APPR	_	mit	false	_
40-5	4569-4575	Freude	_	_	_	_	_	_	_	NN	Dat.Sg.Fem	Freude	_	_
40-6	4576-4577	,	_	_	_	_	_	_	_	$,	_	,	_	_
40-7	4578-4582	dass	_	_	_	_	_	_	_	KOUS	_	dass	false	_
40-8	4583-4593	Kasachstan	_	_	_	_	_	_	_	NE	Nom.Sg.Neut	Kasachstan	_	_
40-9	4594-4596	in	_	_	_	_	_	_	_	APPR	_	in	false	_
40-10	4597-4606	Anlehnung	_	_	_	_	_	_	_	NN	Dat.Sg.Fem	Anlehnung	_	_
40-11	4607-4609	an	_	_	_	_	_	_	_	APPR	_	an	false	_
40-12	4610-4618	Norwegen	_	_	_	_	_	_	_	NE	Acc.Sg.Neut	Norwegen	_	_
40-13	4619-4624	einen	_	_	_	_	_	_	_	ART	Acc.Sg.Masc	ein	false	_
40-14	4625-4638	Nationalfonds	_	_	_	_	_	_	_	NN	Acc.Sg.Masc	Nationalfonds	_	_
40-15	4639-4642	für	_	_	_	_	_	_	_	APPR	_	für	false	_
40-16	4643-4653	zukünftige	_	_	_	_	_	_	_	ADJA	Pos.Acc.Pl.Fem	zukünftig	_	_
40-17	4654-4666	Generationen	_	_	_	_	_	_	_	NN	Acc.Pl.Fem	Generation	_	_
40-18	4667-4670	ins	false	1synt	_	_	_	_	40-20	APPRART	Acc.Sg.Neut	in	true	_
40-19	4671-4676	Leben	false	2sem	_	_	_	_	40-20	NN	Acc.Sg.Neut	Leben	_	_
40-20	4677-4684	gerufen	false	0Kern	true	true	etw. etwas  lässt jmdn. in Aktion treten	etwas erschaffen	_	VVPP	Psp	rufen	_	_
40-21	4685-4688	hat	_	_	_	_	_	_	_	VAFIN	3.Sg.Pres.Ind	haben	_	false
40-22	4689-4690	.	_	_	_	_	_	_	_	$.	_	.	_	_
41-1	4693-4696	Für	_	_	_	_	_	_	_	APPR	_	für	false	_
41-2	4697-4702	einen	_	_	_	_	_	_	_	ART	Acc.Sg.Masc	ein	false	_
41-3	4703-4723	verantwortungsvollen	_	_	_	_	_	_	_	ADJA	Pos.Acc.Sg.Masc	verantwortungsvoll	_	_
41-4	4724-4730	Umgang	_	_	_	_	_	_	_	NN	Acc.Sg.Masc	Umgang	_	_
41-5	4731-4734	mit	_	_	_	_	_	_	_	APPR	_	mit	false	_
41-6	4735-4738	den	_	_	_	_	_	_	_	ART	Dat.Pl.Masc	der	false	_
41-7	4739-4750	Reichtümern	_	_	_	_	_	_	_	NN	Dat.Pl.Masc	Reichtum	_	_
41-8	4751-4756	Ihres	_	_	_	_	_	_	_	PPOSAT	Gen.Sg.Neut	ihr	_	_
41-9	4757-4763	Landes	_	_	_	_	_	_	_	NN	Gen.Sg.Neut	Land	_	_
41-10	4764-4771	spricht	_	_	_	_	_	_	_	VVFIN	3.Sg.Pres.Ind	sprechen	_	_
41-11	4772-4776	auch	_	_	_	_	_	_	_	ADV	_	auch	_	_
41-12	4777-4780	die	_	_	_	_	_	_	_	ART	Nom.Sg.Fem	der	false	_
41-13	4781-4789	Tatsache	_	_	_	_	_	_	_	NN	Nom.Sg.Fem	Tatsache	_	_
41-14	4790-4791	,	_	_	_	_	_	_	_	$,	_	,	_	_
41-15	4792-4796	dass	_	_	_	_	_	_	_	KOUS	_	dass	false	_
41-16	4797-4807	Kasachstan	_	_	_	_	_	_	_	NE	Nom.Sg.Neut	Kasachstan	_	_
41-17	4808-4811	mit	_	_	_	_	_	_	_	APPR	_	mit	false	_
41-18	4812-4815	der	_	_	_	_	_	_	_	ART	Dat.Sg.Fem	der	false	_
41-19	4816-4826	Extractive	_	_	_	_	_	_	_	ADJA	Pos.Dat.Sg.Fem	extractiv	_	_
41-20	4827-4837	Industries	_	_	_	_	_	_	_	NE	*.*.*	Industries	_	_
41-21	4838-4850	Transparency	_	_	_	_	_	_	_	NE	*.*.*	Transparency	_	_
41-22	4851-4861	Initiative	_	_	_	_	_	_	_	NN	Dat.Sg.Fem	Initiative	_	_
41-23	4862-4878	zusammenarbeitet	_	_	_	_	_	_	_	VVFIN	3.Sg.Pres.Ind	zusammenarbeiten	_	_
41-24	4879-4880	.	_	_	_	_	_	_	_	$.	_	.	_	_
42-1	4883-4886	Ich	_	_	_	_	_	_	_	PPER	1.Nom.Sg.*	ich	_	_
42-2	4887-4890	bin	_	_	_	_	_	_	_	VAFIN	1.Sg.Pres.Ind	sein	_	_
42-3	4891-4900	überzeugt	_	_	_	_	_	_	_	VVPP	Psp	überzeugen	_	_
42-4	4901-4902	:	_	_	_	_	_	_	_	$.	_	:	_	_
42-5	4903-4914	Transparenz	_	_	_	_	_	_	_	NN	Nom.Sg.Fem	Transparenz	_	_
42-6	4915-4918	und	_	_	_	_	_	_	_	KON	_	und	false	_
42-7	4919-4927	Fairness	_	_	_	_	_	_	_	NN	Nom.Pl.Masc	Fairness	_	_
42-8	4928-4932	sind	_	_	_	_	_	_	_	VAFIN	3.Pl.Pres.Ind	sein	_	_
42-9	4933-4938	nicht	_	_	_	_	_	_	_	PTKNEG	_	nicht	_	_
42-10	4939-4942	nur	_	_	_	_	_	_	_	ADV	_	nur	_	_
42-11	4943-4948	Werte	_	_	_	_	_	_	_	NN	Nom.Pl.Masc	Wert	_	_
42-12	4949-4951	an	_	_	_	_	_	_	_	APPR	_	an	false	_
42-13	4952-4956	sich	_	_	_	_	_	_	_	PRF	3.Dat.Pl	sich	_	_
42-14	4957-4958	,	_	_	_	_	_	_	_	$,	_	,	_	_
42-15	4959-4962	sie	_	_	_	_	_	_	_	PPER	3.Nom.Pl.Masc	sie	_	_
42-16	4963-4967	sind	_	_	_	_	_	_	_	VAFIN	3.Pl.Pres.Ind	sein	_	_
42-17	4968-4972	auch	_	_	_	_	_	_	_	ADV	_	auch	_	_
42-18	4973-4980	wichtig	_	_	_	_	_	_	_	ADJD	Pos	wichtig	_	_
42-19	4981-4982	,	_	_	_	_	_	_	_	$,	_	,	_	_
42-20	4983-4985	um	_	_	_	_	_	_	_	KOUI	_	um	false	_
42-21	4986-4998	ausländische	_	_	_	_	_	_	_	ADJA	Pos.Acc.Pl.Masc	ausländisch	_	_
42-22	4999-5009	Investoren	_	_	_	_	_	_	_	NN	Acc.Pl.Masc	Investor	_	_
42-23	5010-5013	ins	_	_	_	_	_	_	_	APPRART	Acc.Sg.Neut	in	false	_
42-24	5014-5018	Land	_	_	_	_	_	_	_	NN	Acc.Sg.Neut	Land	_	_
42-25	5019-5021	zu	_	_	_	_	_	_	_	PTKZU	_	zu	false	_
42-26	5022-5027	holen	_	_	_	_	_	_	_	VVINF	Inf	holen	_	_
42-27	5028-5029	.	_	_	_	_	_	_	_	$.	_	.	_	_
43-1	5032-5035	Der	_	_	_	_	_	_	_	ART	Nom.Sg.Masc	der	false	_
43-2	5036-5044	geplante	_	_	_	_	_	_	_	ADJA	Pos.Nom.Sg.Masc	geplant	_	_
43-3	5045-5048	WTO	_	_	_	_	_	_	_	NE	Nom.Sg.Masc	WTO	_	_
43-4	5049-5057	Beitritt	_	_	_	_	_	_	_	NN	Nom.Sg.Masc	Beitritt	_	_
43-5	5058-5069	Kasachstans	_	_	_	_	_	_	_	NE	Gen.Sg.Neut	Kasachstans	_	_
43-6	5070-5073	ist	_	_	_	_	_	_	_	VAFIN	3.Sg.Pres.Ind	sein	_	_
43-7	5074-5077	ein	_	_	_	_	_	_	_	ART	Nom.Sg.Masc	ein	false	_
43-8	5078-5087	wichtiger	_	_	_	_	_	_	_	ADJA	Pos.Nom.Sg.Masc	wichtig	_	_
43-9	5088-5095	Schritt	_	_	_	_	_	_	_	NN	Nom.Sg.Masc	Schritt	_	_
43-10	5096-5099	zur	_	_	_	_	_	_	_	APPRART	Dat.Sg.Fem	zu	false	_
43-11	5100-5108	weiteren	_	_	_	_	_	_	_	ADJA	Comp.Dat.Sg.Fem	weit	_	_
43-12	5109-5120	Integration	_	_	_	_	_	_	_	NN	Dat.Sg.Fem	Integration	_	_
43-13	5121-5126	ihres	_	_	_	_	_	_	_	PPOSAT	Gen.Sg.Neut	ihr	_	_
43-14	5127-5133	Landes	_	_	_	_	_	_	_	NN	Gen.Sg.Neut	Land	_	_
43-15	5134-5136	in	_	_	_	_	_	_	_	APPR	_	in	false	_
43-16	5137-5140	die	_	_	_	_	_	_	_	ART	Acc.Sg.Fem	der	false	_
43-17	5141-5155	Weltwirtschaft	_	_	_	_	_	_	_	NN	Acc.Sg.Fem	Weltwirtschaft	_	_
43-18	5156-5157	.	_	_	_	_	_	_	_	$.	_	.	_	_
44-1	5160-5171	Deutschland	_	_	_	_	_	_	_	NE	Nom.Sg.Neut	Deutschland	_	_
44-2	5172-5183	unterstützt	_	_	_	_	_	_	_	VVFIN	3.Sg.Pres.Ind	unterstützen	_	_
44-3	5184-5194	Kasachstan	_	_	_	_	_	_	_	NE	Acc.Sg.Neut	Kasachstan	_	_
44-4	5195-5200	dabei	_	_	_	_	_	_	_	PTKVZ	_	dabei	false	_
44-5	5201-5202	.	_	_	_	_	_	_	_	$.	_	.	_	_
45-1	5205-5208	Ich	_	_	_	_	_	_	_	PPER	1.Nom.Sg.*	ich	_	_
45-2	5209-5214	denke	_	_	_	_	_	_	_	VVFIN	1.Sg.Pres.Ind	denken	_	_
45-3	5215-5216	,	_	_	_	_	_	_	_	$,	_	,	_	_
45-4	5217-5221	auch	_	_	_	_	_	_	_	ADV	_	auch	_	_
45-5	5222-5226	wenn	_	_	_	_	_	_	_	KOUS	_	wenn	false	_
45-6	5227-5232	unser	_	_	_	_	_	_	_	PPOSAT	Nom.Sg.Masc	unser	_	_
45-7	5233-5244	bilateraler	_	_	_	_	_	_	_	ADJA	Pos.Nom.Sg.Masc	bilateral	_	_
45-8	5245-5256	Außenhandel	_	_	_	_	_	_	_	NN	Nom.Sg.Masc	Außenhandel	_	_
45-9	5257-5271	kontinuierlich	_	_	_	_	_	_	_	ADJD	Pos	kontinuierlich	_	_
45-10	5272-5278	wächst	_	_	_	_	_	_	_	VVFIN	3.Sg.Pres.Ind	wachsen	_	_
45-11	5279-5280	-	_	_	_	_	_	_	_	$(	_	-	_	_
45-12	5281-5283	im	_	_	_	_	_	_	_	APPRART	Dat.Sg.Neut	in	false	_
45-13	5284-5291	letzten	_	_	_	_	_	_	_	ADJA	Pos.Dat.Sg.Neut	letzter	_	_
45-14	5292-5296	Jahr	_	_	_	_	_	_	_	NN	Dat.Sg.Neut	Jahr	_	_
45-15	5297-5303	allein	_	_	_	_	_	_	_	ADV	_	allein	_	_
45-16	5304-5306	um	_	_	_	_	_	_	_	APPR	_	um	false	_
45-17	5307-5311	mehr	_	_	_	_	_	_	_	PIAT	*.*.*	mehr	_	_
45-18	5312-5315	als	_	_	_	_	_	_	_	KOKOM	_	als	false	_
45-19	5316-5318	17	_	_	_	_	_	_	_	CARD	_	17	_	_
45-20	5319-5326	Prozent	_	_	_	_	_	_	_	NN	*.*.Neut	Prozent	_	_
45-21	5327-5328	-	_	_	_	_	_	_	_	$(	_	-	_	_
45-22	5329-5331	so	_	_	_	_	_	_	_	ADV	_	so	_	_
45-23	5332-5336	sind	_	_	_	_	_	_	_	VAFIN	3.Pl.Pres.Ind	sein	_	_
45-24	5337-5343	unsere	_	_	_	_	_	_	_	PPOSAT	Nom.Pl.Fem	unser	_	_
45-25	5344-5357	Möglichkeiten	_	_	_	_	_	_	_	NN	Nom.Pl.Fem	Möglichkeit	_	_
45-26	5358-5360	im	_	_	_	_	_	_	_	APPRART	Dat.Sg.Masc	in	false	_
45-27	5361-5368	Bereich	_	_	_	_	_	_	_	NN	Dat.Sg.Masc	Bereich	_	_
45-28	5369-5372	der	_	_	_	_	_	_	_	ART	Gen.Sg.Fem	der	false	_
45-29	5373-5383	Wirtschaft	_	_	_	_	_	_	_	NN	Gen.Sg.Fem	Wirtschaft	_	_
45-30	5384-5387	bei	_	_	_	_	_	_	_	APPR	_	bei	false	_
45-31	5388-5394	weitem	_	_	_	_	_	_	_	ADJA	Pos.Dat.Sg.Neut	weit	_	_
45-32	5395-5399	noch	_	_	_	_	_	_	_	ADV	_	noch	_	_
45-33	5400-5405	nicht	_	_	_	_	_	_	_	PTKNEG	_	nicht	_	_
45-34	5406-5418	ausgeschöpft	_	_	_	_	_	_	_	VVPP	Psp	ausschöpfen	_	_
45-35	5419-5420	.	_	_	_	_	_	_	_	$.	_	.	_	_
46-1	5423-5428	Dabei	_	_	_	_	_	_	_	PROAV	_	dabei	_	_
46-2	5429-5433	kann	_	_	_	_	_	_	_	VMFIN	3.Sg.Pres.Ind	können	_	_
46-3	5434-5438	sich	_	_	_	_	_	_	_	PRF	3.Acc.Sg	sich	_	_
46-4	5439-5442	die	_	_	_	_	_	_	_	ART	Nom.Sg.Fem	der	false	_
46-5	5443-5453	Wirtschaft	_	_	_	_	_	_	_	NN	Nom.Sg.Fem	Wirtschaft	_	_
46-6	5454-5457	auf	_	_	_	_	_	_	_	APPR	_	auf	false	_
46-7	5458-5462	enge	_	_	_	_	_	_	_	ADJA	Pos.Acc.Pl.Fem	eng	_	_
46-8	5463-5474	persönliche	_	_	_	_	_	_	_	ADJA	Pos.Acc.Pl.Fem	persönlich	_	_
46-9	5475-5487	Verbindungen	_	_	_	_	_	_	_	NN	Acc.Pl.Fem	Verbindung	_	_
46-10	5488-5496	zwischen	_	_	_	_	_	_	_	APPR	_	zwischen	false	_
46-11	5497-5504	unseren	_	_	_	_	_	_	_	PPOSAT	Dat.Pl.Neut	unser	_	_
46-12	5505-5512	Ländern	_	_	_	_	_	_	_	NN	Dat.Pl.Neut	Land	_	_
46-13	5513-5520	stützen	_	_	_	_	_	_	_	VVINF	Inf	stützen	_	_
46-14	5521-5522	.	_	_	_	_	_	_	_	$.	_	.	_	_
47-1	5525-5527	In	_	_	_	_	_	_	_	APPR	_	in	false	_
47-2	5528-5539	Deutschland	_	_	_	_	_	_	_	NE	Dat.Sg.Neut	Deutschland	_	_
47-3	5540-5545	leben	_	_	_	_	_	_	_	VVFIN	3.Pl.Pres.Ind	leben	_	_
47-4	5546-5551	viele	_	_	_	_	_	_	_	PIAT	Nom.Pl.Masc	vieler	_	_
47-5	5552-5560	Menschen	_	_	_	_	_	_	_	NN	Nom.Pl.Masc	Mensch	_	_
47-6	5561-5562	,	_	_	_	_	_	_	_	$,	_	,	_	_
47-7	5563-5566	die	_	_	_	_	_	_	_	PRELS	Nom.Pl.Masc	der	_	_
47-8	5567-5571	nach	_	_	_	_	_	_	_	APPR	_	nach	false	_
47-9	5572-5575	der	_	_	_	_	_	_	_	ART	Dat.Sg.Fem	der	false	_
47-10	5576-5585	Auflösung	_	_	_	_	_	_	_	NN	Dat.Sg.Fem	Auflösung	_	_
47-11	5586-5589	der	_	_	_	_	_	_	_	ART	Gen.Sg.Fem	der	false	_
47-12	5590-5601	Sowjetunion	_	_	_	_	_	_	_	NE	Gen.Sg.Fem	Sowjetunion	_	_
47-13	5602-5604	zu	_	_	_	_	_	_	_	APPR	_	zu	false	_
47-14	5605-5608	uns	_	_	_	_	_	_	_	PPER	1.Dat.Pl.*	uns	_	_
47-15	5609-5614	kamen	_	_	_	_	_	_	_	VVFIN	3.Pl.Past.Ind	kommen	_	false
47-16	5615-5616	.	_	_	_	_	_	_	_	$.	_	.	_	_
48-1	5619-5622	Sie	_	_	_	_	_	_	_	PPER	3.Nom.Pl.*	sie	_	_
48-2	5623-5628	haben	_	_	_	_	_	_	_	VAFIN	3.Pl.Pres.Ind	haben	_	false
48-3	5629-5633	ihre	_	_	_	_	_	_	_	PPOSAT	Acc.Sg.Fem	ihr	_	_
48-4	5634-5640	Heimat	_	_	_	_	_	_	_	NN	Acc.Sg.Fem	Heimat	_	_
48-5	5641-5646	nicht	_	_	_	_	_	_	_	PTKNEG	_	nicht	_	_
48-6	5647-5656	vergessen	_	_	_	_	_	_	_	VVPP	Psp	vergessen	_	_
48-7	5657-5658	.	_	_	_	_	_	_	_	$.	_	.	_	_
49-1	5661-5666	Nicht	_	_	_	_	_	_	_	PTKNEG	_	nicht	_	_
49-2	5667-5673	wenige	_	_	_	_	_	_	_	PIS	Nom.Pl.Neut	weniger	_	_
49-3	5674-5679	ihrer	_	_	_	_	_	_	_	PPOSAT	Gen.Pl.Neut	ihr	_	_
49-4	5680-5686	Kinder	_	_	_	_	_	_	_	NN	Gen.Pl.Neut	Kind	_	_
49-5	5687-5693	kommen	_	_	_	_	_	_	_	VVFIN	3.Pl.Pres.Ind	kommen	_	false
49-6	5694-5700	zurück	_	_	_	_	_	_	_	ADV	_	zurück	_	_
49-7	5701-5705	nach	_	_	_	_	_	_	_	APPR	_	nach	false	_
49-8	5706-5716	Kasachstan	_	_	_	_	_	_	_	NE	Dat.Sg.Neut	Kasachstan	_	_
49-9	5717-5718	,	_	_	_	_	_	_	_	$,	_	,	_	_
49-10	5719-5721	um	_	_	_	_	_	_	_	KOUI	_	um	false	_
49-11	5722-5726	hier	_	_	_	_	_	_	_	ADV	_	hier	_	_
49-12	5727-5729	zu	_	_	_	_	_	_	_	PTKZU	_	zu	false	_
49-13	5730-5741	investieren	_	_	_	_	_	_	_	VVINF	Inf	investieren	_	_
49-14	5742-5746	oder	_	_	_	_	_	_	_	KON	_	oder	false	_
49-15	5747-5749	zu	_	_	_	_	_	_	_	PTKZU	_	zu	false	_
49-16	5750-5758	arbeiten	_	_	_	_	_	_	_	VVINF	Inf	arbeiten	_	_
49-17	5759-5760	.	_	_	_	_	_	_	_	$.	_	.	_	_
50-1	5763-5767	Auch	_	_	_	_	_	_	_	ADV	_	auch	_	_
50-2	5768-5773	freut	_	_	_	_	_	_	_	VVFIN	3.Sg.Pres.Ind	freuen	_	_
50-3	5774-5776	es	_	_	_	_	_	_	_	PPER	3.Nom.Sg.Neut	es	_	_
50-4	5777-5781	mich	_	_	_	_	_	_	_	PPER	1.Acc.Sg.*	mich	_	_
50-5	5782-5783	,	_	_	_	_	_	_	_	$,	_	,	_	_
50-6	5784-5788	wenn	_	_	_	_	_	_	_	KOUS	_	wenn	false	_
50-7	5789-5799	diejenigen	_	_	_	_	_	_	_	PDAT	Nom.Pl.Masc	derjenige	_	_
50-8	5800-5816	deutschstämmigen	_	_	_	_	_	_	_	ADJA	Pos.Nom.Pl.Masc	deutschstämmig	_	_
50-9	5817-5823	Bürger	_	_	_	_	_	_	_	NN	Nom.Pl.Masc	Bürger	_	_
50-10	5824-5825	,	_	_	_	_	_	_	_	$,	_	,	_	_
50-11	5826-5829	die	_	_	_	_	_	_	_	PRELS	Nom.Pl.Masc	der	_	_
50-12	5830-5839	weiterhin	_	_	_	_	_	_	_	ADV	_	weiterhin	_	_
50-13	5840-5842	in	_	_	_	_	_	_	_	APPR	_	in	false	_
50-14	5843-5853	Kasachstan	_	_	_	_	_	_	_	NE	Dat.Sg.Neut	Kasachstan	_	_
50-15	5854-5859	leben	_	_	_	_	_	_	_	VVFIN	3.Pl.Pres.Ind	leben	_	_
50-16	5860-5861	,	_	_	_	_	_	_	_	$,	_	,	_	_
50-17	5862-5866	ihre	_	_	_	_	_	_	_	PPOSAT	Acc.Pl.Fem	ihr	_	_
50-18	5867-5879	Verbindungen	_	_	_	_	_	_	_	NN	Acc.Pl.Fem	Verbindung	_	_
50-19	5880-5883	mit	_	_	_	_	_	_	_	APPR	_	mit	false	_
50-20	5884-5895	Deutschland	_	_	_	_	_	_	_	NE	Dat.Sg.Neut	Deutschland	_	_
50-21	5896-5899	zum	_	_	_	_	_	_	_	APPRART	Dat.Sg.Neut	zu	false	_
50-22	5900-5914	beiderseitigen	_	_	_	_	_	_	_	ADJA	Pos.Dat.Sg.Neut	beiderseitig	_	_
50-23	5915-5919	Wohl	_	_	_	_	_	_	_	NN	Dat.Sg.Neut	Wohl	_	_
50-24	5920-5929	einsetzen	_	_	_	_	_	_	_	VVFIN	3.Pl.Pres.Ind	einsetzen	_	_
50-25	5930-5931	.	_	_	_	_	_	_	_	$.	_	.	_	_
51-1	5934-5937	Die	_	_	_	_	_	_	_	ART	Nom.Pl.*	der	false	_
51-2	5938-5941	vom	_	_	_	_	_	_	_	APPRART	Dat.Sg.Masc	von	false	_
51-3	5942-5949	deutsch	_	_	_	_	_	_	_	ADJD	Pos	deutsch	_	_
51-4	5950-5962	kasachischen	_	_	_	_	_	_	_	ADJA	Pos.Dat.Sg.Masc	kasachisch	_	_
51-5	5963-5968	Autor	_	_	_	_	_	_	_	NN	Dat.Sg.Masc	Autor	_	_
51-6	5969-5975	Herold	_	_	_	_	_	_	_	NE	Nom.Sg.Masc	Herold	_	_
51-7	5976-5982	Belger	_	_	_	_	_	_	_	NE	Nom.Sg.Masc	Belger	_	_
51-8	5983-5985	so	_	_	_	_	_	_	_	ADV	_	so	_	_
51-9	5986-5999	eindrucksvoll	_	_	_	_	_	_	_	ADJD	Pos	eindrucksvoll	_	_
51-10	6000-6013	beschriebenen	_	_	_	_	_	_	_	ADJA	Pos.Nom.Pl.*	beschrieben	_	_
51-11	6014-6015	"	_	_	_	_	_	_	_	$(	_	"	_	_
51-12	6016-6027	Heimatlosen	false	0Kern	true	true	keine Heimat mehr besitzend	"Heimatlose" hier mit Verweis auf die Situation nach Auflösung der Sowjetunion	_	NN	Nom.Pl.*	heimatlose	_	_
51-13	6028-6029	"	_	_	_	_	_	_	_	$(	_	"	_	_
51-14	6030-6037	sollten	_	_	_	_	_	_	_	VMFIN	3.Pl.Past.Ind	sollen	_	_
51-15	6038-6045	endlich	_	_	_	_	_	_	_	ADV	_	endlich	_	_
51-16	6046-6049	ihr	_	_	_	_	_	_	_	PPOSAT	Acc.Sg.Neut	ihr	_	_
51-17	6050-6051	"	_	_	_	_	_	_	_	$(	_	"	_	_
51-18	6052-6056	Haus	false	0Kern	true	true	Wohnung, Heim, in dem jemand ständig lebt	"Haus" verweist hier auf neue Heimat	_	NN	Acc.Sg.Neut	Haus	_	_
51-19	6057-6058	"	_	_	_	_	_	_	_	$(	_	"	_	_
51-20	6059-6067	gefunden	_	_	_	_	_	_	_	VVPP	Psp	finden	_	false
51-21	6068-6073	haben	_	_	_	_	_	_	_	VAINF	Inf	haben	_	false
51-22	6074-6075	.	_	_	_	_	_	_	_	$.	_	.	_	_
52-1	6078-6081	Die	_	_	_	_	_	_	_	ART	Nom.Pl.Masc	der	false	_
52-2	6082-6090	Bewohner	_	_	_	_	_	_	_	NN	Nom.Pl.Masc	Bewohner	_	_
52-3	6091-6094	der	_	_	_	_	_	_	_	ART	Gen.Sg.Fem	der	false	_
52-4	6095-6107	kasachischen	_	_	_	_	_	_	_	ADJA	Pos.Gen.Sg.Fem	kasachisch	_	_
52-5	6108-6114	Steppe	_	_	_	_	_	_	_	NN	Gen.Sg.Fem	Steppe	_	_
52-6	6115-6120	waren	_	_	_	_	_	_	_	VAFIN	3.Pl.Past.Ind	sein	_	_
52-7	6121-6126	immer	_	_	_	_	_	_	_	ADV	_	immer	_	_
52-8	6127-6131	sehr	_	_	_	_	_	_	_	ADV	_	sehr	_	_
52-9	6132-6137	mobil	_	_	_	_	_	_	_	ADJD	Pos	mobil	_	_
52-10	6138-6139	.	_	_	_	_	_	_	_	$.	_	.	_	_
53-1	6142-6146	Über	_	_	_	_	_	_	_	APPR	_	über	false	_
53-2	6147-6152	weite	_	_	_	_	_	_	_	ADJA	Pos.Acc.Pl.Fem	weit	_	_
53-3	6153-6161	Strecken	_	_	_	_	_	_	_	NN	Acc.Pl.Fem	Strecke	_	_
53-4	6162-6171	tauschten	_	_	_	_	_	_	_	VVFIN	3.Pl.Past.Ind	tauschten	_	_
53-5	6172-6175	sie	_	_	_	_	_	_	_	PPER	3.Nom.Pl.*	sie	_	_
53-6	6176-6181	nicht	_	_	_	_	_	_	_	PTKNEG	_	nicht	_	_
53-7	6182-6185	nur	_	_	_	_	_	_	_	ADV	_	nur	_	_
53-8	6186-6191	Waren	_	_	_	_	_	_	_	NN	Acc.Pl.Fem	Ware	_	_
53-9	6192-6193	,	_	_	_	_	_	_	_	$,	_	,	_	_
53-10	6194-6201	sondern	_	_	_	_	_	_	_	KON	_	sondern	false	_
53-11	6202-6206	auch	_	_	_	_	_	_	_	ADV	_	auch	_	_
53-12	6207-6212	Ideen	_	_	_	_	_	_	_	NN	Acc.Pl.Fem	Idee	_	_
53-13	6213-6216	aus	_	_	_	_	_	_	_	PTKVZ	_	aus	false	_
53-14	6217-6218	.	_	_	_	_	_	_	_	$.	_	.	_	_
54-1	6221-6225	Nach	_	_	_	_	_	_	_	APPR	_	nach	false	_
54-2	6226-6231	einer	_	_	_	_	_	_	_	ART	Dat.Sg.Fem	ein	false	_
54-3	6232-6237	Phase	_	_	_	_	_	_	_	NN	Dat.Sg.Fem	Phase	_	_
54-4	6238-6241	der	_	_	_	_	_	_	_	ART	Gen.Sg.Fem	der	false	_
54-5	6242-6258	Abgeschiedenheit	_	_	_	_	_	_	_	NN	Gen.Sg.Fem	Abgeschiedenheit	_	_
54-6	6259-6262	ist	_	_	_	_	_	_	_	VAFIN	3.Sg.Pres.Ind	sein	_	_
54-7	6263-6273	Kasachstan	_	_	_	_	_	_	_	NE	Nom.Sg.Masc	Kasachstan	_	_
54-8	6274-6279	jetzt	_	_	_	_	_	_	_	ADV	_	jetzt	_	_
54-9	6280-6285	dabei	_	_	_	_	_	_	_	PROAV	_	dabei	_	_
54-10	6286-6287	,	_	_	_	_	_	_	_	$,	_	,	_	_
54-11	6288-6293	seine	_	_	_	_	_	_	_	PPOSAT	Acc.Sg.Fem	sein	_	_
54-12	6294-6299	Rolle	_	_	_	_	_	_	_	NN	Acc.Sg.Fem	Rolle	_	_
54-13	6300-6303	als	_	_	_	_	_	_	_	APPR	_	als	false	_
54-14	6304-6314	eurasische	false	5clash	_	_	_	_	_	ADJA	Pos.Acc.Sg.Fem	eurasisch	_	_
54-15	6315-6326	Drehscheibe	false	0Kern	true	false	um eine senkrechte Achse drehbare Vorrichtung	zentraler Punkt Eurasiens	54-14	NN	Acc.Sg.Fem	Drehscheibe	_	_
54-16	6327-6333	wieder	_	_	_	_	_	_	_	ADV	_	wieder	_	_
54-17	6334-6336	zu	_	_	_	_	_	_	_	PTKZU	_	zu	false	_
54-18	6337-6343	finden	_	_	_	_	_	_	_	VVINF	Inf	finden	_	false
54-19	6344-6345	.	_	_	_	_	_	_	_	$.	_	.	_	_
55-1	6348-6351	Sie	_	_	_	_	_	_	_	PPER	3.Nom.Pl.*	sie	_	_
55-2	6352-6357	haben	_	_	_	_	_	_	_	VAFIN	3.Pl.Pres.Ind	haben	_	false
55-3	6358-6362	nach	_	_	_	_	_	_	_	APPR	_	nach	false	_
55-4	6363-6366	der	_	_	_	_	_	_	_	ART	Dat.Sg.Fem	der	false	_
55-5	6367-6381	Unabhängigkeit	_	_	_	_	_	_	_	NN	Dat.Sg.Fem	Unabhängigkeit	_	_
55-6	6382-6394	Verbindungen	_	_	_	_	_	_	_	NN	Acc.Pl.Fem	Verbindung	_	_
55-7	6395-6399	nach	_	_	_	_	_	_	_	APPR	_	nach	false	_
55-8	6400-6405	Asien	_	_	_	_	_	_	_	NE	Dat.Sg.Neut	Asien	_	_
55-9	6406-6409	und	_	_	_	_	_	_	_	KON	_	und	false	_
55-10	6410-6414	nach	_	_	_	_	_	_	_	APPR	_	nach	false	_
55-11	6415-6421	Europa	_	_	_	_	_	_	_	NE	Dat.Sg.Neut	Europa	_	_
55-12	6422-6430	geknüpft	_	_	_	_	_	_	_	VVPP	Psp	knüpfen	_	_
55-13	6431-6432	.	_	_	_	_	_	_	_	$.	_	.	_	_
56-1	6435-6437	In	_	_	_	_	_	_	_	APPR	_	in	false	_
56-2	6438-6449	Deutschland	_	_	_	_	_	_	_	NE	Dat.Sg.Neut	Deutschland	_	_
56-3	6450-6457	standen	false	0Kern	true	true	geöffnet sein	Verbindungen zu Deutschland waren möglich	56-11|56-10|56-9	VVFIN	3.Pl.Past.Ind	stehen	_	true
56-4	6458-6463	Ihnen	_	_	_	_	_	_	_	PPER	3.Dat.Pl.*	ihnen	_	_
56-5	6464-6469	dafür	_	_	_	_	_	_	_	PROAV	_	dafür	_	_
56-6	6470-6473	von	_	_	_	_	_	_	_	APPR	_	von	false	_
56-7	6474-6480	Anfang	_	_	_	_	_	_	_	NN	Dat.Sg.Masc	Anfang	_	_
56-8	6481-6483	an	_	_	_	_	_	_	_	APZR	_	an	false	_
56-9	6484-6488	alle	false	2sem	_	_	_	_	_	PIAT	Nom.Pl.Fem	aller	_	_
56-10	6489-6494	Türen	false	2sem	_	_	_	_	_	NN	Nom.Pl.Fem	Tür	_	_
56-11	6495-6500	offen	false	2sem	_	_	_	_	_	PTKVZ	_	offen	true	_
56-12	6501-6502	.	_	_	_	_	_	_	_	$.	_	.	_	_
57-1	6505-6508	Und	_	_	_	_	_	_	_	KON	_	und	false	_
57-2	6509-6512	mit	_	_	_	_	_	_	_	APPR	_	mit	false	_
57-3	6513-6516	der	_	_	_	_	_	_	_	ART	Dat.Sg.Fem	der	false	_
57-4	6517-6522	heute	_	_	_	_	_	_	_	ADV	_	heute	_	_
57-5	6523-6538	unterzeichneten	_	_	_	_	_	_	_	ADJA	Pos.Dat.Sg.Fem	unterzeichnet	_	_
57-6	6539-6550	Gemeinsamen	_	_	_	_	_	_	_	ADJA	Pos.Dat.Sg.Fem	gemeinsam	_	_
57-7	6551-6560	Erklärung	_	_	_	_	_	_	_	NN	Dat.Sg.Fem	Erklärung	_	_
57-8	6561-6567	zeigen	_	_	_	_	_	_	_	VVFIN	3.Pl.Pres.Ind	zeigen	_	_
57-9	6568-6574	unsere	_	_	_	_	_	_	_	PPOSAT	Nom.Pl.Neut	unser	_	_
57-10	6575-6581	beiden	_	_	_	_	_	_	_	PIAT	Nom.Pl.Neut	beide	_	_
57-11	6582-6588	Länder	_	_	_	_	_	_	_	NN	Nom.Pl.Neut	Land	_	_
57-12	6589-6590	,	_	_	_	_	_	_	_	$,	_	,	_	_
57-13	6591-6594	wie	_	_	_	_	_	_	_	KOKOM	_	wie	false	_
57-14	6595-6599	eine	_	_	_	_	_	_	_	ART	Nom.Sg.Fem	ein	false	_
57-15	6600-6611	intensivere	_	_	_	_	_	_	_	ADJA	Comp.Nom.Sg.Fem	intensiver	_	_
57-16	6612-6626	Zusammenarbeit	_	_	_	_	_	_	_	NN	Nom.Sg.Fem	Zusammenarbeit	_	_
57-17	6627-6629	in	_	_	_	_	_	_	_	APPR	_	in	false	_
57-18	6630-6637	Politik	_	_	_	_	_	_	_	NN	Dat.Sg.Fem	Politik	_	_
57-19	6638-6639	,	_	_	_	_	_	_	_	$,	_	,	_	_
57-20	6640-6650	Wirtschaft	_	_	_	_	_	_	_	NN	Dat.Sg.Fem	Wirtschaft	_	_
57-21	6651-6654	und	_	_	_	_	_	_	_	KON	_	und	false	_
57-22	6655-6661	Kultur	_	_	_	_	_	_	_	NN	Dat.Sg.Fem	Kultur	_	_
57-23	6662-6670	aussehen	_	_	_	_	_	_	_	VVINF	Inf	aussehen	_	_
57-24	6671-6675	kann	_	_	_	_	_	_	_	VMFIN	3.Sg.Pres.Ind	können	_	_
57-25	6676-6677	.	_	_	_	_	_	_	_	$.	_	.	_	_
58-1	6680-6683	Für	_	_	_	_	_	_	_	APPR	_	für	false	_
58-2	6684-6695	Deutschland	_	_	_	_	_	_	_	NE	Acc.Sg.Neut	Deutschland	_	_
58-3	6696-6699	ist	_	_	_	_	_	_	_	VAFIN	3.Sg.Pres.Ind	sein	_	_
58-4	6700-6710	Kasachstan	_	_	_	_	_	_	_	NE	Nom.Sg.Neut	Kasachstan	_	_
58-5	6711-6716	nicht	_	_	_	_	_	_	_	PTKNEG	_	nicht	_	_
58-6	6717-6720	nur	_	_	_	_	_	_	_	ADV	_	nur	_	_
58-7	6721-6730	wichtiger	_	_	_	_	_	_	_	ADJA	Pos.Nom.Sg.Masc	wichtig	_	_
58-8	6731-6738	Partner	_	_	_	_	_	_	_	NN	Nom.Sg.Masc	Partner	_	_
58-9	6739-6742	der	_	_	_	_	_	_	_	ART	Gen.Pl.Fem	der	false	_
58-10	6743-6754	bilateralen	_	_	_	_	_	_	_	ADJA	Pos.Gen.Pl.Fem	bilateral	_	_
58-11	6755-6756	,	_	_	_	_	_	_	_	$,	_	,	_	_
58-12	6757-6764	sondern	_	_	_	_	_	_	_	KON	_	sondern	false	_
58-13	6765-6769	auch	_	_	_	_	_	_	_	ADV	_	auch	_	_
58-14	6770-6777	unserer	_	_	_	_	_	_	_	PPOSAT	Gen.Pl.Fem	unser	_	_
58-15	6778-6792	multilateralen	_	_	_	_	_	_	_	ADJA	Pos.Gen.Pl.Fem	multilateral	_	_
58-16	6793-6804	Beziehungen	_	_	_	_	_	_	_	NN	Gen.Pl.Fem	Beziehung	_	_
58-17	6805-6806	.	_	_	_	_	_	_	_	$.	_	.	_	_
59-1	6809-6812	Die	_	_	_	_	_	_	_	ART	Nom.Sg.Fem	der	false	_
59-2	6813-6827	Verabschiedung	_	_	_	_	_	_	_	NN	Nom.Sg.Fem	Verabschiedung	_	_
59-3	6828-6831	der	_	_	_	_	_	_	_	ART	Gen.Sg.Fem	der	false	_
59-4	6832-6853	Zentralasienstrategie	_	_	_	_	_	_	_	NN	Gen.Sg.Fem	Zentralasienstrategie	_	_
59-5	6854-6857	der	_	_	_	_	_	_	_	ART	Gen.Sg.Fem	der	false	_
59-6	6858-6870	Europäischen	_	_	_	_	_	_	_	ADJA	Pos.Gen.Sg.Fem	europäisch	_	_
59-7	6871-6876	Union	_	_	_	_	_	_	_	NN	Gen.Sg.Fem	Union	_	_
59-8	6877-6879	im	_	_	_	_	_	_	_	APPRART	Dat.Sg.Masc	in	false	_
59-9	6880-6886	Sommer	_	_	_	_	_	_	_	NN	Dat.Sg.Masc	Sommer	_	_
59-10	6887-6894	letzten	_	_	_	_	_	_	_	ADJA	Pos.Gen.Sg.Neut	letzter	_	_
59-11	6895-6901	Jahres	_	_	_	_	_	_	_	NN	Gen.Sg.Neut	Jahr	_	_
59-12	6902-6907	unter	_	_	_	_	_	_	_	APPR	_	unter	false	_
59-13	6908-6917	deutscher	_	_	_	_	_	_	_	ADJA	Pos.Dat.Sg.Fem	deutsch	_	_
59-14	6918-6937	Ratspräsidentschaft	_	_	_	_	_	_	_	NN	Dat.Sg.Fem	Ratspräsidentschaft	_	_
59-15	6938-6941	war	_	_	_	_	_	_	_	VAFIN	3.Sg.Past.Ind	sein	_	_
59-16	6942-6945	ein	_	_	_	_	_	_	_	ART	Nom.Sg.Masc	ein	false	_
59-17	6946-6957	Meilenstein	_	_	_	_	_	_	_	NN	Nom.Sg.Masc	Meilenstein	_	_
59-18	6958-6959	,	_	_	_	_	_	_	_	$,	_	,	_	_
59-19	6960-6962	um	_	_	_	_	_	_	_	KOUI	_	um	false	_
59-20	6963-6966	das	_	_	_	_	_	_	_	ART	Acc.Sg.Neut	der	false	_
59-21	6967-6977	Engagement	_	_	_	_	_	_	_	NN	Acc.Sg.Neut	Engagement	_	_
59-22	6978-6985	Europas	_	_	_	_	_	_	_	NE	Gen.Sg.Neut	Europa	_	_
59-23	6986-6988	in	_	_	_	_	_	_	_	APPR	_	in	false	_
59-24	6989-7001	Zentralasien	_	_	_	_	_	_	_	NE	Dat.Sg.Neut	Zentralasien	_	_
59-25	7002-7004	zu	_	_	_	_	_	_	_	PTKZU	_	zu	false	_
59-26	7005-7015	verstärken	_	_	_	_	_	_	_	VVINF	Inf	verstärken	_	_
59-27	7016-7017	.	_	_	_	_	_	_	_	$.	_	.	_	_
60-1	7020-7030	Kasachstan	_	_	_	_	_	_	_	NE	Nom.Sg.Neut	Kasachstan	_	_
60-2	7031-7034	war	_	_	_	_	_	_	_	VAFIN	3.Sg.Past.Ind	sein	_	_
60-3	7035-7037	in	_	_	_	_	_	_	_	APPR	_	in	false	_
60-4	7038-7041	die	_	_	_	_	_	_	_	ART	Acc.Sg.Fem	der	false	_
60-5	7042-7053	Entwicklung	_	_	_	_	_	_	_	NN	Acc.Sg.Fem	Entwicklung	_	_
60-6	7054-7057	der	_	_	_	_	_	_	_	ART	Gen.Sg.Fem	der	false	_
60-7	7058-7067	Strategie	_	_	_	_	_	_	_	NN	Gen.Sg.Fem	Strategie	_	_
60-8	7068-7071	von	_	_	_	_	_	_	_	APPR	_	von	false	_
60-9	7072-7078	Anfang	_	_	_	_	_	_	_	NN	Dat.Sg.Masc	Anfang	_	_
60-10	7079-7081	an	_	_	_	_	_	_	_	APZR	_	an	false	_
60-11	7082-7085	eng	_	_	_	_	_	_	_	ADJD	Pos	eng	_	_
60-12	7086-7097	eingebunden	_	_	_	_	_	_	_	VVPP	Psp	einbinden	_	_
60-13	7098-7099	.	_	_	_	_	_	_	_	$.	_	.	_	_
61-1	7102-7104	An	_	_	_	_	_	_	_	APPR	_	an	false	_
61-2	7105-7108	der	_	_	_	_	_	_	_	ART	Dat.Sg.Fem	der	false	_
61-3	7109-7118	Umsetzung	_	_	_	_	_	_	_	NN	Dat.Sg.Fem	Umsetzung	_	_
61-4	7119-7128	beteiligt	_	_	_	_	_	_	_	VVFIN	3.Sg.Pres.Ind	beteiligen	_	_
61-5	7129-7133	sich	_	_	_	_	_	_	_	PRF	3.Acc.Sg	sich	_	_
61-6	7134-7145	Deutschland	_	_	_	_	_	_	_	NE	Nom.Sg.Neut	Deutschland	_	_
61-7	7146-7156	maßgeblich	_	_	_	_	_	_	_	ADJD	Pos	maßgeblich	_	_
61-8	7157-7158	,	_	_	_	_	_	_	_	$,	_	,	_	_
61-9	7159-7162	zum	_	_	_	_	_	_	_	APPRART	Dat.Sg.Neut	zu	false	_
61-10	7163-7171	Beispiel	_	_	_	_	_	_	_	NN	Dat.Sg.Neut	Beispiel	_	_
61-11	7172-7174	im	_	_	_	_	_	_	_	APPRART	Dat.Sg.Masc	in	false	_
61-12	7175-7193	Rechtsstaatsdialog	_	_	_	_	_	_	_	NN	Dat.Sg.Masc	Rechtsstaatsdialog	_	_
61-13	7194-7195	,	_	_	_	_	_	_	_	$,	_	,	_	_
61-14	7196-7199	mit	_	_	_	_	_	_	_	APPR	_	mit	false	_
61-15	7200-7203	der	_	_	_	_	_	_	_	ART	Dat.Sg.Fem	der	false	_
61-16	7204-7214	Initiative	_	_	_	_	_	_	_	NN	Dat.Sg.Fem	Initiative	_	_
61-17	7215-7218	für	_	_	_	_	_	_	_	APPR	_	für	false	_
61-18	7219-7222	ein	_	_	_	_	_	_	_	ART	Acc.Sg.Neut	ein	false	_
61-19	7223-7233	regionales	_	_	_	_	_	_	_	ADJA	Pos.Acc.Sg.Neut	regional	_	_
61-20	7234-7250	Wassermanagement	_	_	_	_	_	_	_	NN	Acc.Sg.Neut	Wassermanagement	_	_
61-21	7251-7254	und	_	_	_	_	_	_	_	KON	_	und	false	_
61-22	7255-7258	bei	_	_	_	_	_	_	_	APPR	_	bei	false	_
61-23	7259-7262	der	_	_	_	_	_	_	_	ART	Dat.Sg.Fem	der	false	_
61-24	7263-7273	Bekämpfung	_	_	_	_	_	_	_	NN	Dat.Sg.Fem	Bekämpfung	_	_
61-25	7274-7277	von	_	_	_	_	_	_	_	APPR	_	von	false	_
61-26	7278-7290	Drogenhandel	_	_	_	_	_	_	_	NN	Dat.Sg.Masc	Drogenhandel	_	_
61-27	7291-7294	und	_	_	_	_	_	_	_	KON	_	und	false	_
61-28	7295-7307	Kriminalität	_	_	_	_	_	_	_	NN	Dat.Sg.Fem	Kriminalität	_	_
61-29	7308-7309	.	_	_	_	_	_	_	_	$.	_	.	_	_
62-1	7312-7315	Ich	_	_	_	_	_	_	_	PPER	1.Nom.Sg.*	ich	_	_
62-2	7316-7322	möchte	_	_	_	_	_	_	_	VMFIN	1.Sg.Pres.Ind	möchten	_	_
62-3	7323-7326	bei	_	_	_	_	_	_	_	APPR	_	bei	false	_
62-4	7327-7341	multilateralen	_	_	_	_	_	_	_	ADJA	Pos.Dat.Pl.Fem	multilateral	_	_
62-5	7342-7355	Institutionen	_	_	_	_	_	_	_	NN	Dat.Pl.Fem	Institution	_	_
62-6	7356-7363	bleiben	_	_	_	_	_	_	_	VVINF	Inf	bleiben	_	_
62-7	7364-7365	:	_	_	_	_	_	_	_	$.	_	:	_	_
62-8	7366-7376	Kasachstan	_	_	_	_	_	_	_	NE	Nom.Sg.Neut	Kasachstan	_	_
62-9	7377-7381	wird	_	_	_	_	_	_	_	VAFIN	3.Sg.Pres.Ind	werden	_	_
62-10	7382-7386	2010	_	_	_	_	_	_	_	CARD	_	2010	_	_
62-11	7387-7390	als	_	_	_	_	_	_	_	APPR	_	als	false	_
62-12	7391-7397	erstes	_	_	_	_	_	_	_	ADJA	Pos.Nom.Sg.Neut	erster	_	_
62-13	7398-7416	zentralasiatisches	_	_	_	_	_	_	_	ADJA	Pos.Nom.Sg.Neut	zentralasiatisch	_	_
62-14	7417-7421	Land	_	_	_	_	_	_	_	NN	Nom.Sg.Neut	Land	_	_
62-15	7422-7425	den	_	_	_	_	_	_	_	ART	Acc.Sg.Masc	der	false	_
62-16	7426-7433	Vorsitz	_	_	_	_	_	_	_	NN	Acc.Sg.Masc	Vorsitz	_	_
62-17	7434-7437	der	_	_	_	_	_	_	_	ART	Gen.Sg.Fem	der	false	_
62-18	7438-7450	Organisation	_	_	_	_	_	_	_	NN	Gen.Sg.Fem	Organisation	_	_
62-19	7451-7454	für	_	_	_	_	_	_	_	APPR	_	für	false	_
62-20	7455-7465	Sicherheit	_	_	_	_	_	_	_	NN	Acc.Sg.Fem	Sicherheit	_	_
62-21	7466-7469	und	_	_	_	_	_	_	_	KON	_	und	false	_
62-22	7470-7484	Zusammenarbeit	_	_	_	_	_	_	_	NN	Acc.Sg.Fem	Zusammenarbeit	_	_
62-23	7485-7487	in	_	_	_	_	_	_	_	APPR	_	in	false	_
62-24	7488-7494	Europa	_	_	_	_	_	_	_	NE	Dat.Sg.Neut	Europa	_	_
62-25	7495-7505	übernehmen	_	_	_	_	_	_	_	VVINF	Inf	übernehmen	_	_
62-26	7506-7507	.	_	_	_	_	_	_	_	$.	_	.	_	_
63-1	7510-7514	Dies	_	_	_	_	_	_	_	PDS	Nom.Sg.Neut	dieser	_	_
63-2	7515-7518	ist	_	_	_	_	_	_	_	VAFIN	3.Sg.Pres.Ind	sein	_	_
63-3	7519-7522	ein	_	_	_	_	_	_	_	ART	Nom.Sg.Masc	ein	false	_
63-4	7523-7532	wichtiger	_	_	_	_	_	_	_	ADJA	Pos.Nom.Sg.Masc	wichtig	_	_
63-5	7533-7539	Erfolg	_	_	_	_	_	_	_	NN	Nom.Sg.Masc	Erfolg	_	_
63-6	7540-7543	für	_	_	_	_	_	_	_	APPR	_	für	false	_
63-7	7544-7547	Sie	_	_	_	_	_	_	_	PPER	3.Acc.*.*	sie	_	_
63-8	7548-7551	und	_	_	_	_	_	_	_	KON	_	und	false	_
63-9	7552-7555	Ihr	_	_	_	_	_	_	_	PPOSAT	Nom.Sg.Neut	ihr	_	_
63-10	7556-7560	Land	_	_	_	_	_	_	_	NN	Nom.Sg.Neut	Land	_	_
63-11	7561-7562	,	_	_	_	_	_	_	_	$,	_	,	_	_
63-12	7563-7565	zu	_	_	_	_	_	_	_	APPR	_	zu	false	_
63-13	7566-7569	dem	_	_	_	_	_	_	_	PRELS	Dat.Sg.Neut	der	_	_
63-14	7570-7573	ich	_	_	_	_	_	_	_	PPER	1.Nom.Sg.*	ich	_	_
63-15	7574-7577	Sie	_	_	_	_	_	_	_	PPER	3.Acc.Sg.Fem	sie	_	_
63-16	7578-7592	beglückwünsche	_	_	_	_	_	_	_	VVFIN	1.Sg.Pres.Ind	beglückwünschen	_	_
63-17	7593-7594	.	_	_	_	_	_	_	_	$.	_	.	_	_
64-1	7597-7600	Nur	_	_	_	_	_	_	_	ADV	_	nur	_	_
64-2	7601-7603	17	_	_	_	_	_	_	_	CARD	_	17	_	_
64-3	7604-7609	Jahre	_	_	_	_	_	_	_	NN	Acc.Pl.Neut	Jahr	_	_
64-4	7610-7614	nach	_	_	_	_	_	_	_	APPR	_	nach	false	_
64-5	7615-7618	der	_	_	_	_	_	_	_	ART	Dat.Sg.Fem	der	false	_
64-6	7619-7628	Auflösung	_	_	_	_	_	_	_	NN	Dat.Sg.Fem	Auflösung	_	_
64-7	7629-7632	der	_	_	_	_	_	_	_	ART	Gen.Sg.Fem	der	false	_
64-8	7633-7644	Sowjetunion	_	_	_	_	_	_	_	NE	Gen.Sg.Fem	Sowjetunion	_	_
64-9	7645-7646	,	_	_	_	_	_	_	_	$,	_	,	_	_
64-10	7647-7649	in	_	_	_	_	_	_	_	APPR	_	in	false	_
64-11	7650-7653	der	_	_	_	_	_	_	_	PRELS	Dat.Sg.Fem	der	_	_
64-12	7654-7656	es	_	_	_	_	_	_	_	PPER	3.Nom.Sg.Neut	es	_	_
64-13	7657-7659	in	_	_	_	_	_	_	_	APPR	_	in	false	_
64-14	7660-7670	Wirtschaft	_	_	_	_	_	_	_	NN	Dat.Sg.Fem	Wirtschaft	_	_
64-15	7671-7674	und	_	_	_	_	_	_	_	KON	_	und	false	_
64-16	7675-7682	Politik	_	_	_	_	_	_	_	NN	Dat.Sg.Fem	Politik	_	_
64-17	7683-7689	keinen	_	_	_	_	_	_	_	PIAT	Acc.Sg.Masc	kein	_	_
64-18	7690-7697	offenen	_	_	_	_	_	_	_	ADJA	Pos.Acc.Sg.Masc	offen	_	_
64-19	7698-7708	Wettbewerb	_	_	_	_	_	_	_	NN	Acc.Sg.Masc	Wettbewerb	_	_
64-20	7709-7712	von	_	_	_	_	_	_	_	APPR	_	von	false	_
64-21	7713-7718	Ideen	_	_	_	_	_	_	_	NN	Dat.Pl.Fem	Idee	_	_
64-22	7719-7722	gab	_	_	_	_	_	_	_	VVFIN	3.Sg.Past.Ind	geben	_	false
64-23	7723-7724	,	_	_	_	_	_	_	_	$,	_	,	_	_
64-24	7725-7733	bestärkt	_	_	_	_	_	_	_	VVFIN	3.Sg.Pres.Ind	bestärken	_	_
64-25	7734-7744	Kasachstan	_	_	_	_	_	_	_	NE	Nom.Sg.Neut	Kasachstan	_	_
64-26	7745-7750	durch	_	_	_	_	_	_	_	APPR	_	durch	false	_
64-27	7751-7754	die	_	_	_	_	_	_	_	ART	Acc.Sg.Fem	der	false	_
64-28	7755-7764	Übernahme	_	_	_	_	_	_	_	NN	Acc.Sg.Fem	Übernahme	_	_
64-29	7765-7768	des	_	_	_	_	_	_	_	ART	Gen.Sg.Masc	der	false	_
64-30	7769-7773	OSZE	_	_	_	_	_	_	_	NE	Gen.Sg.Masc	OSZE	_	_
64-31	7774-7783	Vorsitzes	_	_	_	_	_	_	_	NN	Gen.Sg.Masc	Vorsitz	_	_
64-32	7784-7796	ausdrücklich	_	_	_	_	_	_	_	ADJD	Pos	ausdrücklich	_	_
64-33	7797-7801	sein	_	_	_	_	_	_	_	PPOSAT	Acc.Sg.Neut	sein	_	_
64-34	7802-7812	Bekenntnis	_	_	_	_	_	_	_	NN	Acc.Sg.Neut	Bekenntnis	_	_
64-35	7813-7815	zu	_	_	_	_	_	_	_	APPR	_	zu	false	_
64-36	7816-7826	Demokratie	_	_	_	_	_	_	_	NN	Dat.Sg.Fem	Demokratie	_	_
64-37	7827-7830	und	_	_	_	_	_	_	_	KON	_	und	false	_
64-38	7831-7850	Rechtsstaatlichkeit	_	_	_	_	_	_	_	NN	Dat.Sg.Fem	Rechtsstaatlichkeit	_	_
64-39	7851-7852	.	_	_	_	_	_	_	_	$.	_	.	_	_
65-1	7855-7859	Dazu	_	_	_	_	_	_	_	PROAV	_	dazu	_	_
65-2	7860-7865	haben	_	_	_	_	_	_	_	VAFIN	3.Pl.Pres.Ind	haben	_	false
65-3	7866-7869	Sie	_	_	_	_	_	_	_	PPER	3.Nom.Pl.*	sie	_	_
65-4	7870-7871	,	_	_	_	_	_	_	_	$,	_	,	_	_
65-5	7872-7876	Herr	_	_	_	_	_	_	_	NN	Nom.Sg.Masc	Herr	_	_
65-6	7877-7886	Präsident	_	_	_	_	_	_	_	NN	Nom.Sg.Masc	Präsident	_	_
65-7	7887-7888	,	_	_	_	_	_	_	_	$,	_	,	_	_
65-8	7889-7899	politische	_	_	_	_	_	_	_	ADJA	Pos.Acc.Pl.Fem	politisch	_	_
65-9	7900-7908	Reformen	_	_	_	_	_	_	_	NN	Acc.Pl.Fem	Reform	_	_
65-10	7909-7920	angekündigt	_	_	_	_	_	_	_	VVPP	Psp	ankündigen	_	_
65-11	7921-7922	,	_	_	_	_	_	_	_	$,	_	,	_	_
65-12	7923-7926	wie	_	_	_	_	_	_	_	KOKOM	_	wie	false	_
65-13	7927-7931	etwa	_	_	_	_	_	_	_	ADV	_	etwa	_	_
65-14	7932-7935	die	_	_	_	_	_	_	_	ART	Nom.Sg.Fem	der	false	_
65-15	7936-7947	Veränderung	_	_	_	_	_	_	_	NN	Nom.Sg.Fem	Veränderung	_	_
65-16	7948-7951	des	_	_	_	_	_	_	_	ART	Gen.Sg.Neut	der	false	_
65-17	7952-7956	Wahl	_	_	_	_	_	_	_	NN	Gen.Sg.Fem	Wahl	_	_
65-18	7957-7958	-	_	_	_	_	_	_	_	$(	_	-	_	_
65-19	7959-7962	und	_	_	_	_	_	_	_	KON	_	und	false	_
65-20	7963-7979	Parteiengesetzes	_	_	_	_	_	_	_	NN	Gen.Sg.Neut	Parteiengesetz	_	_
65-21	7980-7981	.	_	_	_	_	_	_	_	$.	_	.	_	_
66-1	7984-7987	Ich	_	_	_	_	_	_	_	PPER	1.Nom.Sg.*	ich	_	_
66-2	7988-7994	möchte	_	_	_	_	_	_	_	VMFIN	1.Sg.Pres.Ind	möchten	_	_
66-3	7995-7998	Sie	_	_	_	_	_	_	_	PPER	3.Acc.Pl.*	sie	_	_
66-4	7999-8008	ermutigen	_	_	_	_	_	_	_	VVINF	Inf	ermutigen	_	_
66-5	8009-8010	,	_	_	_	_	_	_	_	$,	_	,	_	_
66-6	8011-8014	der	_	_	_	_	_	_	_	ART	Dat.Sg.Fem	der	false	_
66-7	8015-8029	demokratischen	_	_	_	_	_	_	_	ADJA	Pos.Dat.Sg.Fem	demokratisch	_	_
66-8	8030-8038	Vielfalt	_	_	_	_	_	_	_	NN	Dat.Sg.Fem	Vielfalt	_	_
66-9	8039-8043	Raum	false	2sem	_	_	_	_	_	NN	Acc.Sg.Masc	Raum	_	_
66-10	8044-8046	zu	_	_	_	_	_	_	_	PTKZU	_	zu	false	_
66-11	8047-8052	geben	false	0Kern	true	true	etw. hervorbringen	Vielfalt ermöglichen	66-9	VVINF	Inf	geben	_	true
66-12	8053-8054	.	_	_	_	_	_	_	_	$.	_	.	_	_
67-1	8057-8060	Der	_	_	_	_	_	_	_	ART	Nom.Sg.Masc	der	false	_
67-2	8061-8071	friedliche	_	_	_	_	_	_	_	ADJA	Pos.Nom.Sg.Masc	friedlich	_	_
67-3	8072-8082	Wettstreit	_	_	_	_	_	_	_	NN	Nom.Sg.Masc	Wettstreit	_	_
67-4	8083-8100	unterschiedlicher	_	_	_	_	_	_	_	ADJA	Pos.Gen.Pl.Fem	unterschiedlich	_	_
67-5	8101-8110	Meinungen	_	_	_	_	_	_	_	NN	Gen.Pl.Fem	Meinung	_	_
67-6	8111-8114	ist	_	_	_	_	_	_	_	VAFIN	3.Sg.Pres.Ind	sein	_	_
67-7	8115-8127	unerlässlich	_	_	_	_	_	_	_	ADJD	Pos	unerlässlich	_	_
67-8	8128-8131	für	_	_	_	_	_	_	_	APPR	_	für	false	_
67-9	8132-8143	Entwicklung	_	_	_	_	_	_	_	NN	Acc.Sg.Fem	Entwicklung	_	_
67-10	8144-8147	und	_	_	_	_	_	_	_	KON	_	und	false	_
67-11	8148-8157	Wohlstand	_	_	_	_	_	_	_	NN	Acc.Sg.Masc	Wohlstand	_	_
67-12	8158-8159	.	_	_	_	_	_	_	_	$.	_	.	_	_
68-1	8162-8165	Und	_	_	_	_	_	_	_	KON	_	und	false	_
68-2	8166-8169	das	_	_	_	_	_	_	_	ART	Nom.Sg.Neut	der	false	_
68-3	8170-8179	Vertrauen	_	_	_	_	_	_	_	NN	Nom.Sg.Neut	vertrauen	_	_
68-4	8180-8183	der	_	_	_	_	_	_	_	ART	Gen.Pl.Masc	der	false	_
68-5	8184-8190	Bürger	_	_	_	_	_	_	_	NN	Gen.Pl.Masc	Bürger	_	_
68-6	8191-8193	in	_	_	_	_	_	_	_	APPR	_	in	false	_
68-7	8194-8209	funktionierende	_	_	_	_	_	_	_	ADJA	Pos.Acc.Pl.Fem	funktionierend	_	_
68-8	8210-8220	staatliche	_	_	_	_	_	_	_	ADJA	Pos.Acc.Pl.Fem	staatlich	_	_
68-9	8221-8234	Institutionen	_	_	_	_	_	_	_	NN	Acc.Pl.Fem	Institution	_	_
68-10	8235-8238	ist	_	_	_	_	_	_	_	VAFIN	3.Sg.Pres.Ind	sein	_	_
68-11	8239-8242	ein	_	_	_	_	_	_	_	ART	Nom.Sg.Masc	ein	false	_
68-12	8243-8257	entscheidender	_	_	_	_	_	_	_	ADJA	Pos.Nom.Sg.Masc	entscheidend	_	_
68-13	8258-8264	Faktor	_	_	_	_	_	_	_	NN	Nom.Sg.Masc	Faktor	_	_
68-14	8265-8268	für	_	_	_	_	_	_	_	APPR	_	für	false	_
68-15	8269-8272	die	_	_	_	_	_	_	_	ART	Acc.Sg.Fem	der	false	_
68-16	8273-8283	Stabilität	_	_	_	_	_	_	_	NN	Acc.Sg.Fem	Stabilität	_	_
68-17	8284-8289	eines	_	_	_	_	_	_	_	ART	Gen.Sg.Neut	ein	false	_
68-18	8290-8296	Landes	_	_	_	_	_	_	_	NN	Gen.Sg.Neut	Land	_	_
68-19	8297-8298	-	_	_	_	_	_	_	_	$(	_	-	_	_
68-20	8299-8305	ebenso	_	_	_	_	_	_	_	ADV	_	ebenso	_	_
68-21	8306-8309	wie	_	_	_	_	_	_	_	KOKOM	_	wie	false	_
68-22	8310-8326	Rechtssicherheit	_	_	_	_	_	_	_	NN	Acc.Sg.Fem	Rechtssicherheit	_	_
68-23	8327-8330	ein	_	_	_	_	_	_	_	ART	Nom.Sg.Masc	ein	false	_
68-24	8331-8345	Standortfaktor	_	_	_	_	_	_	_	NN	Nom.Sg.Masc	Standortfaktor	_	_
68-25	8346-8349	für	_	_	_	_	_	_	_	APPR	_	für	false	_
68-26	8350-8363	Investitionen	_	_	_	_	_	_	_	NN	Acc.Pl.Fem	Investition	_	_
68-27	8364-8373	darstellt	_	_	_	_	_	_	_	VVPP	Psp	darstellen	_	_
68-28	8374-8375	.	_	_	_	_	_	_	_	$.	_	.	_	_
69-1	8378-8389	Deutschland	_	_	_	_	_	_	_	NE	Nom.Sg.Neut	Deutschland	_	_
69-2	8390-8393	hat	_	_	_	_	_	_	_	VAFIN	3.Sg.Pres.Ind	haben	_	false
69-3	8394-8398	sich	_	_	_	_	_	_	_	PRF	3.Acc.Sg	sich	_	_
69-4	8399-8404	immer	_	_	_	_	_	_	_	ADV	_	immer	_	_
69-5	8405-8411	wieder	_	_	_	_	_	_	_	ADV	_	wieder	_	_
69-6	8412-8424	ausdrücklich	_	_	_	_	_	_	_	ADJD	Pos	ausdrücklich	_	_
69-7	8425-8428	für	_	_	_	_	_	_	_	APPR	_	für	false	_
69-8	8429-8432	den	_	_	_	_	_	_	_	ART	Acc.Sg.Masc	der	false	_
69-9	8433-8437	OSZE	_	_	_	_	_	_	_	NE	Acc.Sg.Masc	OSZE	_	_
69-10	8438-8445	Vorsitz	_	_	_	_	_	_	_	NN	Acc.Sg.Masc	Vorsitz	_	_
69-11	8446-8449	von	_	_	_	_	_	_	_	APPR	_	von	false	_
69-12	8450-8460	Kasachstan	_	_	_	_	_	_	_	NE	Dat.Sg.Neut	Kasachstan	_	_
69-13	8461-8471	eingesetzt	_	_	_	_	_	_	_	VVPP	Psp	einsetzen	_	_
69-14	8472-8473	.	_	_	_	_	_	_	_	$.	_	.	_	_
70-1	8476-8481	Seien	_	_	_	_	_	_	_	VVFIN	3.Pl.Pres.Ind	sein	_	_
70-2	8482-8485	Sie	_	_	_	_	_	_	_	PPER	3.Nom.Sg.Fem	sie	_	_
70-3	8486-8496	versichert	_	_	_	_	_	_	_	VVFIN	3.Sg.Pres.Ind	versichern	_	_
70-4	8497-8498	:	_	_	_	_	_	_	_	$.	_	:	_	_
70-5	8499-8502	Wir	_	_	_	_	_	_	_	PPER	1.Nom.Pl.*	wir	_	_
70-6	8503-8509	werden	_	_	_	_	_	_	_	VAFIN	1.Pl.Pres.Ind	werden	_	_
70-7	8510-8515	Ihnen	_	_	_	_	_	_	_	PPER	3.Dat.Pl.*	ihnen	_	_
70-8	8516-8517	,	_	_	_	_	_	_	_	$,	_	,	_	_
70-9	8518-8520	im	_	_	_	_	_	_	_	APPRART	Dat.Sg.Neut	in	false	_
70-10	8521-8527	Herzen	_	_	_	_	_	_	_	NN	Dat.Sg.Neut	Herz	_	_
70-11	8528-8531	von	_	_	_	_	_	_	_	APPR	_	von	false	_
70-12	8532-8537	Asien	_	_	_	_	_	_	_	NE	Dat.Sg.Neut	Asien	_	_
70-13	8538-8539	,	_	_	_	_	_	_	_	$,	_	,	_	_
70-14	8540-8544	auch	_	_	_	_	_	_	_	ADV	_	auch	_	_
70-15	8545-8554	weiterhin	_	_	_	_	_	_	_	ADV	_	weiterhin	_	_
70-16	8555-8558	aus	_	_	_	_	_	_	_	APPR	_	aus	false	_
70-17	8559-8562	dem	_	_	_	_	_	_	_	ART	Dat.Sg.Neut	der	false	_
70-18	8563-8569	Herzen	_	_	_	_	_	_	_	NN	Dat.Sg.Neut	Herz	_	_
70-19	8570-8573	von	_	_	_	_	_	_	_	APPR	_	von	false	_
70-20	8574-8580	Europa	_	_	_	_	_	_	_	NE	Dat.Sg.Neut	Europa	_	_
70-21	8581-8584	als	_	_	_	_	_	_	_	APPR	_	als	false	_
70-22	8585-8598	verlässlicher	false	2sem	_	_	_	_	_	ADJA	Pos.Nom.Sg.Masc	verlässlich	_	_
70-23	8599-8605	Freund	false	0Kern	true	true	Person, die einer anderen Person in Freundschaft (a) verbunden ist, ihr nahesteht	Partner	70-22	NN	Nom.Sg.Masc	Freund	_	_
70-24	8606-8609	zur	_	_	_	_	_	_	_	APPRART	Dat.Sg.Fem	zu	false	_
70-25	8610-8615	Seite	_	_	_	_	_	_	_	NN	Dat.Sg.Fem	Seite	_	_
70-26	8616-8622	stehen	_	_	_	_	_	_	_	VVINF	Inf	stehen	_	false
70-27	8623-8624	.	_	_	_	_	_	_	_	$.	_	.	_	_
71-1	8627-8632	Meine	_	_	_	_	_	_	_	PPOSAT	Nom.Pl.*	mein	_	_
71-2	8633-8638	Damen	_	_	_	_	_	_	_	NN	Nom.Pl.Fem	Dame	_	_
71-3	8639-8642	und	_	_	_	_	_	_	_	KON	_	und	false	_
71-4	8643-8649	Herren	_	_	_	_	_	_	_	NN	Nom.Pl.Masc	Herr	_	_
71-5	8650-8651	,	_	_	_	_	_	_	_	$,	_	,	_	_
71-6	8652-8655	ich	_	_	_	_	_	_	_	PPER	1.Nom.Sg.*	ich	_	_
71-7	8656-8661	bitte	_	_	_	_	_	_	_	VVFIN	1.Sg.Pres.Ind	bitten	_	_
71-8	8662-8665	Sie	_	_	_	_	_	_	_	PPER	3.Acc.Pl.*	sie	_	_
71-9	8666-8669	nun	_	_	_	_	_	_	_	ADV	_	nun	_	_
71-10	8670-8675	daher	_	_	_	_	_	_	_	PROAV	_	daher	_	_
71-11	8676-8677	,	_	_	_	_	_	_	_	$,	_	,	_	_
71-12	8678-8681	mit	_	_	_	_	_	_	_	APPR	_	mit	false	_
71-13	8682-8685	mir	_	_	_	_	_	_	_	PPER	1.Dat.Sg.*	mir	_	_
71-14	8686-8689	das	_	_	_	_	_	_	_	ART	Acc.Sg.Neut	der	false	_
71-15	8690-8694	Glas	_	_	_	_	_	_	_	NN	Acc.Sg.Neut	Glas	_	_
71-16	8695-8697	zu	_	_	_	_	_	_	_	PTKZU	_	zu	false	_
71-17	8698-8705	erheben	_	_	_	_	_	_	_	VVINF	Inf	erheben	_	_
71-18	8706-8709	und	_	_	_	_	_	_	_	KON	_	und	false	_
71-19	8710-8715	einen	_	_	_	_	_	_	_	ART	Acc.Sg.Masc	ein	false	_
71-20	8716-8721	Toast	_	_	_	_	_	_	_	NN	Acc.Sg.Masc	Toast	_	_
71-21	8722-8734	auszubringen	_	_	_	_	_	_	_	VVIZU	Infzu	ausbringen	_	_
71-22	8735-8736	;	_	_	_	_	_	_	_	$.	_	;	_	_
71-23	8737-8740	auf	_	_	_	_	_	_	_	APPR	_	auf	false	_
71-24	8741-8744	die	_	_	_	_	_	_	_	ART	Acc.Sg.Fem	der	false	_
71-25	8745-8755	Gesundheit	_	_	_	_	_	_	_	NN	Acc.Sg.Fem	Gesundheit	_	_
71-26	8756-8759	von	_	_	_	_	_	_	_	APPR	_	von	false	_
71-27	8760-8775	Staatspräsident	_	_	_	_	_	_	_	NN	Nom.Sg.Masc	Staatspräsident	_	_
71-28	8776-8786	Nasarbajew	_	_	_	_	_	_	_	NE	Dat.Sg.Masc	Nasarbajew	_	_
71-29	8787-8788	,	_	_	_	_	_	_	_	$,	_	,	_	_
71-30	8789-8792	auf	_	_	_	_	_	_	_	APPR	_	auf	false	_
71-31	8793-8796	das	_	_	_	_	_	_	_	ART	Acc.Sg.Neut	der	false	_
71-32	8797-8801	Wohl	_	_	_	_	_	_	_	NN	Acc.Sg.Neut	Wohl	_	_
71-33	8802-8805	des	_	_	_	_	_	_	_	ART	Gen.Sg.Neut	der	false	_
71-34	8806-8812	Volkes	_	_	_	_	_	_	_	NN	Gen.Sg.Neut	Volk	_	_
71-35	8813-8816	von	_	_	_	_	_	_	_	APPR	_	von	false	_
71-36	8817-8827	Kasachstan	_	_	_	_	_	_	_	NE	Dat.Sg.Neut	Kasachstan	_	_
71-37	8828-8831	und	_	_	_	_	_	_	_	KON	_	und	false	_
71-38	8832-8835	auf	_	_	_	_	_	_	_	APPR	_	auf	false	_
71-39	8836-8839	die	_	_	_	_	_	_	_	ART	Acc.Sg.Fem	der	false	_
71-40	8840-8852	Freundschaft	_	_	_	_	_	_	_	NN	Acc.Sg.Fem	Freundschaft	_	_
71-41	8853-8861	zwischen	_	_	_	_	_	_	_	APPR	_	zwischen	false	_
71-42	8862-8869	unseren	_	_	_	_	_	_	_	PPOSAT	Dat.Pl.Neut	unser	_	_
71-43	8870-8876	beiden	_	_	_	_	_	_	_	PIAT	Dat.Pl.Neut	beide	_	_
71-44	8877-8884	Ländern	_	_	_	_	_	_	_	NN	Dat.Pl.Neut	Land	_	_
