#FORMAT=WebAnno TSV 3.3
#T_SP=webanno.custom.MET_A|MFlag|Rolle
#T_SP=webanno.custom.MET_B|basic|c_mark
#T_SP=webanno.custom.MET_B2|b_Lex
#T_SP=webanno.custom.MET_C|a_Ref|b_Art
#T_SP=webanno.custom.MET_D|a_Par
#T_RL=webanno.custom.METD|BT_webanno.custom.MET_A


#Text=Vor kurzem , am Tag der Deutschen Einheit , wurde - zu Recht - einmal mehr an die Tage und Wochen in der Geschichte unseres Landes erinnert , als erst ein paar wenige , dann Hunderte , Tausende und schließlich Hunderttausende von Menschen auf die Straße gingen und mit ihren friedlichen Protesten ein diktatorisches Regime zu Fall brachten .
1-1	0-3	Vor	_	_	_	_	_	_	_	_	_	APPR	_	vor
1-2	4-10	kurzem	_	_	_	_	_	_	_	_	_	ADJA	Pos.Dat.Sg.Neut	kurz
1-3	11-12	,	_	_	_	_	_	_	_	_	_	$,	_	,
1-4	13-15	am	_	_	_	_	_	_	_	_	_	APPRART	Dat.Sg.Masc	an
1-5	16-19	Tag	_	_	_	_	_	_	_	_	_	NN	Dat.Sg.Masc	Tag
1-6	20-23	der	_	_	_	_	_	_	_	_	_	ART	Gen.Sg.Fem	der
1-7	24-33	Deutschen	_	_	_	_	_	_	_	_	_	ADJA	Pos.Gen.Sg.Fem	deutsch
1-8	34-41	Einheit	_	_	_	_	_	_	_	_	_	NN	Gen.Sg.Fem	Einheit
1-9	42-43	,	_	_	_	_	_	_	_	_	_	$,	_	,
1-10	44-49	wurde	_	_	_	_	_	_	_	_	_	VAFIN	3.Sg.Past.Ind	werden
1-11	50-51	-	_	_	_	_	_	_	_	_	_	$(	_	-
1-12	52-54	zu	_	_	_	_	_	_	_	_	_	APPR	_	zu
1-13	55-60	Recht	_	_	_	_	_	_	_	_	_	NN	Dat.Sg.Neut	Recht
1-14	61-62	-	_	_	_	_	_	_	_	_	_	$(	_	-
1-15	63-69	einmal	_	_	_	_	_	_	_	_	_	ADV	_	einmal
1-16	70-74	mehr	_	_	_	_	_	_	_	_	_	PIS	*.*.*	mehr
1-17	75-77	an	_	_	_	_	_	_	_	_	_	APPR	_	an
1-18	78-81	die	_	_	_	_	_	_	_	_	_	ART	Acc.Pl.*	der
1-19	82-86	Tage	_	_	_	_	_	_	_	_	_	NN	Acc.Pl.Masc	Tag
1-20	87-90	und	_	_	_	_	_	_	_	_	_	KON	_	und
1-21	91-97	Wochen	_	_	_	_	_	_	_	_	_	NN	Acc.Pl.Fem	Woche
1-22	98-100	in	_	_	_	_	_	_	_	_	_	APPR	_	in
1-23	101-104	der	_	_	_	_	_	_	_	_	_	ART	Dat.Sg.Fem	der
1-24	105-115	Geschichte	_	_	_	_	_	_	_	_	_	NN	Dat.Sg.Fem	Geschichte
1-25	116-123	unseres	_	_	_	_	_	_	_	_	_	PPOSAT	Gen.Sg.Neut	unser
1-26	124-130	Landes	_	_	_	_	_	_	_	_	_	NN	Gen.Sg.Neut	Land
1-27	131-139	erinnert	_	_	_	_	_	_	_	_	_	VVPP	Psp	erinnern
1-28	140-141	,	_	_	_	_	_	_	_	_	_	$,	_	,
1-29	142-145	als	_	_	_	_	_	_	_	_	_	KOUS	_	als
1-30	146-150	erst	_	_	_	_	_	_	_	_	_	ADV	_	erst
1-31	151-154	ein	_	_	_	_	_	_	_	_	_	ART	*.*.*	ein
1-32	155-159	paar	_	_	_	_	_	_	_	_	_	PIAT	*.*.*	paar
1-33	160-166	wenige	_	_	_	_	_	_	_	_	_	PIS	Nom.Pl.*	weniger
1-34	167-168	,	_	_	_	_	_	_	_	_	_	$,	_	,
1-35	169-173	dann	_	_	_	_	_	_	_	_	_	ADV	_	dann
1-36	174-182	Hunderte	_	_	_	_	_	_	_	_	_	NN	Nom.Pl.Neut	Hundert
1-37	183-184	,	_	_	_	_	_	_	_	_	_	$,	_	,
1-38	185-193	Tausende	_	_	_	_	_	_	_	_	_	NN	Nom.Pl.Neut	Tausend
1-39	194-197	und	_	_	_	_	_	_	_	_	_	KON	_	und
1-40	198-209	schließlich	_	_	_	_	_	_	_	_	_	ADV	_	schließlich
1-41	210-225	Hunderttausende	_	_	_	_	_	_	_	_	_	NN	Nom.Pl.Neut	Hunderttausend
1-42	226-229	von	_	_	_	_	_	_	_	_	_	APPR	_	von
1-43	230-238	Menschen	_	_	_	_	_	_	_	_	_	NN	Dat.Pl.Masc	Mensch
1-44	239-242	auf	_	_	_	_	_	_	_	_	_	APPR	_	auf
1-45	243-246	die	_	_	_	_	_	_	_	_	_	ART	Acc.Sg.Fem	der
1-46	247-253	Straße	_	_	_	_	_	_	_	_	_	NN	Acc.Sg.Fem	Straße
1-47	254-260	gingen	_	_	_	_	_	_	_	_	_	VVFIN	3.Pl.Past.Ind	gehen
1-48	261-264	und	_	_	_	_	_	_	_	_	_	KON	_	und
1-49	265-268	mit	_	_	_	_	_	_	_	_	_	APPR	_	mit
1-50	269-274	ihren	_	_	_	_	_	_	_	_	_	PPOSAT	Dat.Pl.Masc	ihr
1-51	275-286	friedlichen	_	_	_	_	_	_	_	_	_	ADJA	Pos.Dat.Pl.Masc	friedlich
1-52	287-296	Protesten	_	_	_	_	_	_	_	_	_	NN	Dat.Pl.Masc	Protest
1-53	297-300	ein	_	_	_	_	_	_	_	_	_	ART	Acc.Sg.Neut	ein
1-54	301-315	diktatorisches	_	_	_	_	_	_	_	_	_	ADJA	Pos.Acc.Sg.Neut	diktatorisch
1-55	316-322	Regime	_	_	_	_	_	_	_	_	_	NN	Acc.Sg.Neut	Regime
1-56	323-325	zu	false	1synt.	_	_	_	_	_	_	_	APPR	_	zu
1-57	326-330	Fall	false	0Kern	true	false	Hinfallen\; Sturz	false	*	das Regime abschaffen	1-56|1-58	NN	Dat.Sg.Masc	Fall
1-58	331-339	brachten	false	2sem	_	_	_	_	_	_	_	VVFIN	3.Pl.Past.Ind	bringen
1-59	340-341	.	_	_	_	_	_	_	_	_	_	$.	_	.

#Text=Wir können nicht oft genug an dieses Ereignis erinnern .
2-1	344-347	Wir	_	_	_	_	_	_	_	_	_	PPER	1.Nom.Pl.*	wir
2-2	348-354	können	_	_	_	_	_	_	_	_	_	VMFIN	1.Pl.Pres.Ind	können
2-3	355-360	nicht	_	_	_	_	_	_	_	_	_	PTKNEG	_	nicht
2-4	361-364	oft	_	_	_	_	_	_	_	_	_	ADV	_	oft
2-5	365-370	genug	_	_	_	_	_	_	_	_	_	ADV	_	genug
2-6	371-373	an	_	_	_	_	_	_	_	_	_	APPR	_	an
2-7	374-380	dieses	_	_	_	_	_	_	_	_	_	PDAT	Acc.Sg.Neut	dieser
2-8	381-389	Ereignis	_	_	_	_	_	_	_	_	_	NN	Acc.Sg.Neut	Ereignis
2-9	390-398	erinnern	_	_	_	_	_	_	_	_	_	VVINF	Inf	erinnern
2-10	399-400	.	_	_	_	_	_	_	_	_	_	$.	_	.

#Text=Denn in ihm steckt eine ganz wichtige und wertvolle Erfahrung : Die Erfahrung , gemeinsam mit anderen etwas bewegen zu können .
3-1	403-407	Denn	_	_	_	_	_	_	_	_	_	KON	_	denn
3-2	408-410	in	_	_	_	_	_	_	_	_	_	APPR	_	in
3-3	411-414	ihm	_	_	_	_	_	_	_	_	_	PPER	3.Dat.Sg.*	ihm
3-4	415-421	steckt	_	_	_	_	_	_	_	_	_	VVFIN	3.Sg.Pres.Ind	stecken
3-5	422-426	eine	_	_	_	_	_	_	_	_	_	ART	Nom.Sg.Fem	ein
3-6	427-431	ganz	_	_	_	_	_	_	_	_	_	ADV	_	ganz
3-7	432-440	wichtige	_	_	_	_	_	_	_	_	_	ADJA	Pos.Nom.Sg.Fem	wichtig
3-8	441-444	und	_	_	_	_	_	_	_	_	_	KON	_	und
3-9	445-454	wertvolle	_	_	_	_	_	_	_	_	_	ADJA	Pos.Nom.Sg.Fem	wertvoll
3-10	455-464	Erfahrung	_	_	_	_	_	_	_	_	_	NN	Nom.Sg.Fem	Erfahrung
3-11	465-466	:	_	_	_	_	_	_	_	_	_	$.	_	:
3-12	467-470	Die	_	_	_	_	_	_	_	_	_	ART	Nom.Sg.Fem	der
3-13	471-480	Erfahrung	_	_	_	_	_	_	_	_	_	NN	Nom.Sg.Fem	Erfahrung
3-14	481-482	,	_	_	_	_	_	_	_	_	_	$,	_	,
3-15	483-492	gemeinsam	_	_	_	_	_	_	_	_	_	ADJD	Pos	gemeinsam
3-16	493-496	mit	_	_	_	_	_	_	_	_	_	APPR	_	mit
3-17	497-504	anderen	_	_	_	_	_	_	_	_	_	PIS	Dat.Pl.*	anderer
3-18	505-510	etwas	_	_	_	_	_	_	_	_	_	PIS	*.*.Neut	etwas
3-19	511-518	bewegen	_	_	_	_	_	_	_	_	_	VVINF	Inf	bewegen
3-20	519-521	zu	_	_	_	_	_	_	_	_	_	PTKZU	_	zu
3-21	522-528	können	_	_	_	_	_	_	_	_	_	VMINF	Inf	können
3-22	529-530	.	_	_	_	_	_	_	_	_	_	$.	_	.

#Text=Die Erfahrung , dass es letztlich immer auf den Einzelnen ankommt . "
4-1	533-536	Die	_	_	_	_	_	_	_	_	_	ART	Nom.Sg.Fem	der
4-2	537-546	Erfahrung	_	_	_	_	_	_	_	_	_	NN	Nom.Sg.Fem	Erfahrung
4-3	547-548	,	_	_	_	_	_	_	_	_	_	$,	_	,
4-4	549-553	dass	_	_	_	_	_	_	_	_	_	KOUS	_	dass
4-5	554-556	es	_	_	_	_	_	_	_	_	_	PPER	3.Nom.Sg.Neut	es
4-6	557-566	letztlich	_	_	_	_	_	_	_	_	_	ADV	_	letztlich
4-7	567-572	immer	_	_	_	_	_	_	_	_	_	ADV	_	immer
4-8	573-576	auf	_	_	_	_	_	_	_	_	_	APPR	_	auf
4-9	577-580	den	_	_	_	_	_	_	_	_	_	ART	Dat.Pl.Fem	der
4-10	581-590	Einzelnen	_	_	_	_	_	_	_	_	_	NN	Dat.Pl.Fem	Einzelne
4-11	591-598	ankommt	_	_	_	_	_	_	_	_	_	VVFIN	3.Sg.Pres.Ind	ankommen
4-12	599-600	.	_	_	_	_	_	_	_	_	_	$.	_	.
4-13	601-602	"	_	_	_	_	_	_	_	_	_	$(	_	"

#Text=Ich kann etwas zum Besseren verändern .
5-1	605-608	Ich	_	_	_	_	_	_	_	_	_	PPER	1.Nom.Sg.*	ich
5-2	609-613	kann	_	_	_	_	_	_	_	_	_	VMFIN	1.Sg.Pres.Ind	können
5-3	614-619	etwas	_	_	_	_	_	_	_	_	_	PIS	*.*.Neut	etwas
5-4	620-623	zum	_	_	_	_	_	_	_	_	_	APPRART	Dat.Sg.Neut	zu
5-5	624-632	Besseren	_	_	_	_	_	_	_	_	_	NN	Dat.Sg.Neut	gute
5-6	633-642	verändern	_	_	_	_	_	_	_	_	_	VVINF	Inf	verändern
5-7	643-644	.	_	_	_	_	_	_	_	_	_	$.	_	.

#Text=Ich werde gebraucht . " - Diese Erfahrung hat wohl jede und jeder von uns schon in den unterschiedlichsten Situationen und Zusammenhängen gemacht .
6-1	647-650	Ich	_	_	_	_	_	_	_	_	_	PPER	1.Nom.Sg.*	ich
6-2	651-656	werde	_	_	_	_	_	_	_	_	_	VAFIN	1.Sg.Pres.Ind	werden
6-3	657-666	gebraucht	_	_	_	_	_	_	_	_	_	VVPP	Psp	brauchen
6-4	667-668	.	_	_	_	_	_	_	_	_	_	$.	_	.
6-5	669-670	"	_	_	_	_	_	_	_	_	_	$(	_	"
6-6	671-672	-	_	_	_	_	_	_	_	_	_	$(	_	-
6-7	673-678	Diese	_	_	_	_	_	_	_	_	_	PDAT	Nom.Sg.Fem	dieser
6-8	679-688	Erfahrung	_	_	_	_	_	_	_	_	_	NN	Nom.Sg.Fem	Erfahrung
6-9	689-692	hat	_	_	_	_	_	_	_	_	_	VAFIN	3.Sg.Pres.Ind	haben
6-10	693-697	wohl	_	_	_	_	_	_	_	_	_	ADV	_	wohl
6-11	698-702	jede	_	_	_	_	_	_	_	_	_	PIS	Acc.Sg.Fem	jeder
6-12	703-706	und	_	_	_	_	_	_	_	_	_	KON	_	und
6-13	707-712	jeder	_	_	_	_	_	_	_	_	_	PIS	Nom.Sg.Masc	jeder
6-14	713-716	von	_	_	_	_	_	_	_	_	_	APPR	_	von
6-15	717-720	uns	_	_	_	_	_	_	_	_	_	PPER	1.Dat.Pl.*	uns
6-16	721-726	schon	_	_	_	_	_	_	_	_	_	ADV	_	schon
6-17	727-729	in	_	_	_	_	_	_	_	_	_	APPR	_	in
6-18	730-733	den	_	_	_	_	_	_	_	_	_	ART	Dat.Pl.*	der
6-19	734-753	unterschiedlichsten	_	_	_	_	_	_	_	_	_	ADJA	Sup.Dat.Pl.*	unterschiedlich
6-20	754-765	Situationen	_	_	_	_	_	_	_	_	_	NN	Dat.Pl.Fem	Situation
6-21	766-769	und	_	_	_	_	_	_	_	_	_	KON	_	und
6-22	770-784	Zusammenhängen	_	_	_	_	_	_	_	_	_	NN	Dat.Pl.Masc	Zusammenhang
6-23	785-792	gemacht	_	_	_	_	_	_	_	_	_	VVPP	Psp	machen
6-24	793-794	.	_	_	_	_	_	_	_	_	_	$.	_	.

#Text=Es ist eine Erfahrung , die gut tut , die Kraft gibt und die ansteckend wirkt .
7-1	797-799	Es	_	_	_	_	_	_	_	_	_	PPER	3.Nom.Sg.Neut	es
7-2	800-803	ist	_	_	_	_	_	_	_	_	_	VAFIN	3.Sg.Pres.Ind	sein
7-3	804-808	eine	_	_	_	_	_	_	_	_	_	ART	Nom.Sg.Fem	ein
7-4	809-818	Erfahrung	_	_	_	_	_	_	_	_	_	NN	Nom.Sg.Fem	Erfahrung
7-5	819-820	,	_	_	_	_	_	_	_	_	_	$,	_	,
7-6	821-824	die	_	_	_	_	_	_	_	_	_	PRELS	Nom.Sg.Fem	der
7-7	825-828	gut	_	_	_	_	_	_	_	_	_	ADJD	Pos	gut
7-8	829-832	tut	_	_	_	_	_	_	_	_	_	VVFIN	3.Sg.Pres.Ind	tun
7-9	833-834	,	_	_	_	_	_	_	_	_	_	$,	_	,
7-10	835-838	die	_	_	_	_	_	_	_	_	_	ART	Acc.Sg.Fem	der
7-11	839-844	Kraft	_	_	_	_	_	_	_	_	_	NN	Acc.Sg.Fem	Kraft
7-12	845-849	gibt	_	_	_	_	_	_	_	_	_	VVFIN	3.Sg.Pres.Ind	geben
7-13	850-853	und	_	_	_	_	_	_	_	_	_	KON	_	und
7-14	854-857	die	_	_	_	_	_	_	_	_	_	PRELS	Nom.Sg.Fem	der
7-15	858-868	ansteckend	false	0Kern	true	true	jmdn. bzw. sich infizieren	true	*	Erfahrung geht auf einen über	_	ADJD	Pos	ansteckend
7-16	869-874	wirkt	_	_	_	_	_	_	_	_	_	VVFIN	3.Sg.Pres.Ind	wirken
7-17	875-876	.	_	_	_	_	_	_	_	_	_	$.	_	.

#Text=Und darum , liebe Anwesende , ist es so wichtig , dass es Menschen wie Sie gibt .
8-1	879-882	Und	_	_	_	_	_	_	_	_	_	KON	_	und
8-2	883-888	darum	_	_	_	_	_	_	_	_	_	PROAV	_	darum
8-3	889-890	,	_	_	_	_	_	_	_	_	_	$,	_	,
8-4	891-896	liebe	_	_	_	_	_	_	_	_	_	VVFIN	3.Sg.Pres.Subj	lieben
8-5	897-906	Anwesende	_	_	_	_	_	_	_	_	_	NN	Acc.Pl.*	anwesende
8-6	907-908	,	_	_	_	_	_	_	_	_	_	$,	_	,
8-7	909-912	ist	_	_	_	_	_	_	_	_	_	VAFIN	3.Sg.Pres.Ind	sein
8-8	913-915	es	_	_	_	_	_	_	_	_	_	PPER	3.Nom.Sg.Neut	es
8-9	916-918	so	_	_	_	_	_	_	_	_	_	ADV	_	so
8-10	919-926	wichtig	_	_	_	_	_	_	_	_	_	ADJD	Pos	wichtig
8-11	927-928	,	_	_	_	_	_	_	_	_	_	$,	_	,
8-12	929-933	dass	_	_	_	_	_	_	_	_	_	KOUS	_	dass
8-13	934-936	es	_	_	_	_	_	_	_	_	_	PPER	3.Nom.Sg.Neut	es
8-14	937-945	Menschen	_	_	_	_	_	_	_	_	_	NN	Acc.Pl.Masc	Mensch
8-15	946-949	wie	_	_	_	_	_	_	_	_	_	KOKOM	_	wie
8-16	950-953	Sie	_	_	_	_	_	_	_	_	_	PPER	3.Nom.Sg.Fem	sie
8-17	954-958	gibt	_	_	_	_	_	_	_	_	_	VVFIN	3.Sg.Pres.Ind	geben
8-18	959-960	.	_	_	_	_	_	_	_	_	_	$.	_	.

#Text=Sie haben nicht gesagt " Ich kann ja eh nichts machen " , sondern haben etwas getan .
9-1	963-966	Sie	_	_	_	_	_	_	_	_	_	PPER	3.Nom.Pl.*	sie
9-2	967-972	haben	_	_	_	_	_	_	_	_	_	VAFIN	3.Pl.Pres.Ind	haben
9-3	973-978	nicht	_	_	_	_	_	_	_	_	_	PTKNEG	_	nicht
9-4	979-985	gesagt	_	_	_	_	_	_	_	_	_	VVPP	Psp	sagen
9-5	986-987	"	_	_	_	_	_	_	_	_	_	$(	_	"
9-6	988-991	Ich	_	_	_	_	_	_	_	_	_	PPER	1.Nom.Sg.*	ich
9-7	992-996	kann	_	_	_	_	_	_	_	_	_	VMFIN	1.Sg.Pres.Ind	können
9-8	997-999	ja	_	_	_	_	_	_	_	_	_	ADV	_	ja
9-9	1000-1002	eh	_	_	_	_	_	_	_	_	_	ADV	_	eh
9-10	1003-1009	nichts	_	_	_	_	_	_	_	_	_	PIS	*.*.Neut	nichts
9-11	1010-1016	machen	_	_	_	_	_	_	_	_	_	VVINF	Inf	machen
9-12	1017-1018	"	_	_	_	_	_	_	_	_	_	$(	_	"
9-13	1019-1020	,	_	_	_	_	_	_	_	_	_	$,	_	,
9-14	1021-1028	sondern	_	_	_	_	_	_	_	_	_	KON	_	sondern
9-15	1029-1034	haben	_	_	_	_	_	_	_	_	_	VAFIN	3.Pl.Pres.Ind	haben
9-16	1035-1040	etwas	_	_	_	_	_	_	_	_	_	PIS	*.*.Neut	etwas
9-17	1041-1046	getan	_	_	_	_	_	_	_	_	_	VVPP	Psp	tun
9-18	1047-1048	.	_	_	_	_	_	_	_	_	_	$.	_	.

#Text=Sie zeigen , was sich schaffen lässt , wenn jeder sich seiner Möglichkeiten bewusst wird und das ihm Mögliche dann auch tut .
10-1	1051-1054	Sie	_	_	_	_	_	_	_	_	_	PPER	3.Nom.Pl.*	sie
10-2	1055-1061	zeigen	_	_	_	_	_	_	_	_	_	VVFIN	3.Pl.Pres.Ind	zeigen
10-3	1062-1063	,	_	_	_	_	_	_	_	_	_	$,	_	,
10-4	1064-1067	was	_	_	_	_	_	_	_	_	_	PWS	Nom.Sg.Neut	was
10-5	1068-1072	sich	_	_	_	_	_	_	_	_	_	PRF	3.Acc.Sg	sich
10-6	1073-1081	schaffen	_	_	_	_	_	_	_	_	_	VVINF	Inf	schaffen
10-7	1082-1087	lässt	_	_	_	_	_	_	_	_	_	VVFIN	3.Sg.Pres.Ind	lassen
10-8	1088-1089	,	_	_	_	_	_	_	_	_	_	$,	_	,
10-9	1090-1094	wenn	_	_	_	_	_	_	_	_	_	KOUS	_	wenn
10-10	1095-1100	jeder	_	_	_	_	_	_	_	_	_	PIS	Nom.Sg.Masc	jeder
10-11	1101-1105	sich	_	_	_	_	_	_	_	_	_	PRF	3.Acc.Sg	sich
10-12	1106-1112	seiner	_	_	_	_	_	_	_	_	_	PPOSAT	Gen.Pl.Fem	sein
10-13	1113-1126	Möglichkeiten	_	_	_	_	_	_	_	_	_	NN	Gen.Pl.Fem	Möglichkeit
10-14	1127-1134	bewusst	_	_	_	_	_	_	_	_	_	VVPP	Psp	bewussen
10-15	1135-1139	wird	_	_	_	_	_	_	_	_	_	VAFIN	3.Sg.Pres.Ind	werden
10-16	1140-1143	und	_	_	_	_	_	_	_	_	_	KON	_	und
10-17	1144-1147	das	_	_	_	_	_	_	_	_	_	PRELS	Acc.Sg.Neut	der
10-18	1148-1151	ihm	_	_	_	_	_	_	_	_	_	PPER	3.Dat.Sg.Masc	ihm
10-19	1152-1160	Mögliche	_	_	_	_	_	_	_	_	_	NN	Acc.Sg.Neut	mögliche
10-20	1161-1165	dann	_	_	_	_	_	_	_	_	_	ADV	_	dann
10-21	1166-1170	auch	_	_	_	_	_	_	_	_	_	ADV	_	auch
10-22	1171-1174	tut	_	_	_	_	_	_	_	_	_	VVFIN	3.Sg.Pres.Ind	tun
10-23	1175-1176	.	_	_	_	_	_	_	_	_	_	$.	_	.

#Text=Und Sie sind damit Vorbilder für andere .
11-1	1179-1182	Und	_	_	_	_	_	_	_	_	_	KON	_	und
11-2	1183-1186	Sie	_	_	_	_	_	_	_	_	_	PPER	3.Nom.Pl.*	sie
11-3	1187-1191	sind	_	_	_	_	_	_	_	_	_	VAFIN	3.Pl.Pres.Ind	sein
11-4	1192-1197	damit	_	_	_	_	_	_	_	_	_	PROAV	_	damit
11-5	1198-1207	Vorbilder	_	_	_	_	_	_	_	_	_	NN	Nom.Pl.Neut	Vorbilder
11-6	1208-1211	für	_	_	_	_	_	_	_	_	_	APPR	_	für
11-7	1212-1218	andere	_	_	_	_	_	_	_	_	_	PIS	Acc.Pl.*	anderer
11-8	1219-1220	.	_	_	_	_	_	_	_	_	_	$.	_	.

#Text=Dabei könnten Ihre biographischen Hintergründe , Ihre Lebenssituation und auch die Art Ihres Engagements unterschiedlicher kaum sein : Wir haben Kunstbegeisterte unter uns , die andere an ihrer Leidenschaft teilhaben lassen , und herausragende Wissenschaftler , die ihre Arbeit weit über die Grenzen ihres Fachgebietes hinaus als gesellschaftlichen Auftrag begreifen .
12-1	1223-1228	Dabei	_	_	_	_	_	_	_	_	_	PROAV	_	dabei
12-2	1229-1236	könnten	_	_	_	_	_	_	_	_	_	VMFIN	3.Pl.Past.Subj	können
12-3	1237-1241	Ihre	_	_	_	_	_	_	_	_	_	PPOSAT	Nom.Pl.Masc	ihr
12-4	1242-1256	biographischen	_	_	_	_	_	_	_	_	_	ADJA	Pos.Nom.Pl.Masc	biographisch
12-5	1257-1269	Hintergründe	_	_	_	_	_	_	_	_	_	NN	Nom.Pl.Masc	Hintergrund
12-6	1270-1271	,	_	_	_	_	_	_	_	_	_	$,	_	,
12-7	1272-1276	Ihre	_	_	_	_	_	_	_	_	_	PPOSAT	Nom.Sg.Fem	ihr
12-8	1277-1292	Lebenssituation	_	_	_	_	_	_	_	_	_	NN	Nom.Sg.Fem	Lebenssituation
12-9	1293-1296	und	_	_	_	_	_	_	_	_	_	KON	_	und
12-10	1297-1301	auch	_	_	_	_	_	_	_	_	_	ADV	_	auch
12-11	1302-1305	die	_	_	_	_	_	_	_	_	_	ART	Nom.Sg.Fem	der
12-12	1306-1309	Art	_	_	_	_	_	_	_	_	_	NN	Nom.Sg.Fem	Art
12-13	1310-1315	Ihres	_	_	_	_	_	_	_	_	_	PPOSAT	Gen.Sg.Neut	ihr
12-14	1316-1327	Engagements	_	_	_	_	_	_	_	_	_	NN	Gen.Sg.Neut	Engagement
12-15	1328-1345	unterschiedlicher	_	_	_	_	_	_	_	_	_	ADJD	Comp	unterschiedlich
12-16	1346-1350	kaum	_	_	_	_	_	_	_	_	_	ADV	_	kaum
12-17	1351-1355	sein	_	_	_	_	_	_	_	_	_	VAINF	Inf	sein
12-18	1356-1357	:	_	_	_	_	_	_	_	_	_	$.	_	:
12-19	1358-1361	Wir	_	_	_	_	_	_	_	_	_	PPER	1.Nom.Pl.*	wir
12-20	1362-1367	haben	_	_	_	_	_	_	_	_	_	VAFIN	1.Pl.Pres.Ind	haben
12-21	1368-1384	Kunstbegeisterte	_	_	_	_	_	_	_	_	_	NN	Acc.Pl.*	Kunstbegeisterter
12-22	1385-1390	unter	_	_	_	_	_	_	_	_	_	APPR	_	unter
12-23	1391-1394	uns	_	_	_	_	_	_	_	_	_	PRF	1.Dat.Pl	sich
12-24	1395-1396	,	_	_	_	_	_	_	_	_	_	$,	_	,
12-25	1397-1400	die	_	_	_	_	_	_	_	_	_	PRELS	Nom.Pl.Masc	der
12-26	1401-1407	andere	_	_	_	_	_	_	_	_	_	PIS	Nom.Pl.*	anderer
12-27	1408-1410	an	_	_	_	_	_	_	_	_	_	APPR	_	an
12-28	1411-1416	ihrer	_	_	_	_	_	_	_	_	_	PPOSAT	Dat.Sg.Fem	ihr
12-29	1417-1429	Leidenschaft	_	_	_	_	_	_	_	_	_	NN	Dat.Sg.Fem	Leidenschaft
12-30	1430-1439	teilhaben	_	_	_	_	_	_	_	_	_	VVINF	Inf	teilhaben
12-31	1440-1446	lassen	_	_	_	_	_	_	_	_	_	VVFIN	3.Pl.Pres.Ind	lassen
12-32	1447-1448	,	_	_	_	_	_	_	_	_	_	$,	_	,
12-33	1449-1452	und	_	_	_	_	_	_	_	_	_	KON	_	und
12-34	1453-1466	herausragende	_	_	_	_	_	_	_	_	_	ADJA	Pos.Acc.Pl.Masc	herausragend
12-35	1467-1482	Wissenschaftler	_	_	_	_	_	_	_	_	_	NN	Acc.Pl.Masc	Wissenschaftler
12-36	1483-1484	,	_	_	_	_	_	_	_	_	_	$,	_	,
12-37	1485-1488	die	_	_	_	_	_	_	_	_	_	PRELS	Nom.Pl.Masc	der
12-38	1489-1493	ihre	_	_	_	_	_	_	_	_	_	PPOSAT	Acc.Sg.Fem	ihr
12-39	1494-1500	Arbeit	_	_	_	_	_	_	_	_	_	NN	Acc.Sg.Fem	Arbeit
12-40	1501-1505	weit	_	_	_	_	_	_	_	_	_	ADJD	Pos	weit
12-41	1506-1510	über	_	_	_	_	_	_	_	_	_	APPR	_	über
12-42	1511-1514	die	_	_	_	_	_	_	_	_	_	ART	Acc.Pl.Fem	der
12-43	1515-1522	Grenzen	_	_	_	_	_	_	_	_	_	NN	Acc.Pl.Fem	Grenze
12-44	1523-1528	ihres	_	_	_	_	_	_	_	_	_	PPOSAT	Gen.Sg.Neut	ihr
12-45	1529-1541	Fachgebietes	_	_	_	_	_	_	_	_	_	NN	Gen.Sg.Neut	Fachgebiet
12-46	1542-1548	hinaus	_	_	_	_	_	_	_	_	_	APZR	_	hinaus
12-47	1549-1552	als	_	_	_	_	_	_	_	_	_	APPR	_	als
12-48	1553-1571	gesellschaftlichen	_	_	_	_	_	_	_	_	_	ADJA	Pos.Acc.Sg.Masc	gesellschaftlich
12-49	1572-1579	Auftrag	_	_	_	_	_	_	_	_	_	NN	Acc.Sg.Masc	Auftrag
12-50	1580-1589	begreifen	_	_	_	_	_	_	_	_	_	VVFIN	3.Pl.Pres.Ind	begreifen
12-51	1590-1591	.	_	_	_	_	_	_	_	_	_	$.	_	.

#Text=Wir haben erfolgreiche Unternehmerinnen und Unternehmer , die weit über ihre eigentlichen Geschäfte hinaus Verantwortung für ihr soziales Umfeld übernehmen , weil sie der Meinung sind , dass Eigentum verpflichtet , und weil sie wissen , dass Engagement eine lohnende Investition ist .
13-1	1594-1597	Wir	_	_	_	_	_	_	_	_	_	PPER	1.Nom.Pl.*	wir
13-2	1598-1603	haben	_	_	_	_	_	_	_	_	_	VAFIN	1.Pl.Pres.Ind	haben
13-3	1604-1616	erfolgreiche	_	_	_	_	_	_	_	_	_	ADJA	Pos.Acc.Pl.*	erfolgreich
13-4	1617-1633	Unternehmerinnen	_	_	_	_	_	_	_	_	_	NN	Acc.Pl.Fem	Unternehmerin
13-5	1634-1637	und	_	_	_	_	_	_	_	_	_	KON	_	und
13-6	1638-1649	Unternehmer	_	_	_	_	_	_	_	_	_	NN	Acc.Pl.Masc	Unternehmer
13-7	1650-1651	,	_	_	_	_	_	_	_	_	_	$,	_	,
13-8	1652-1655	die	_	_	_	_	_	_	_	_	_	PRELS	Nom.Pl.Masc	der
13-9	1656-1660	weit	_	_	_	_	_	_	_	_	_	ADJD	Pos	weit
13-10	1661-1665	über	_	_	_	_	_	_	_	_	_	APPR	_	über
13-11	1666-1670	ihre	_	_	_	_	_	_	_	_	_	PPOSAT	Acc.Pl.Neut	ihr
13-12	1671-1683	eigentlichen	_	_	_	_	_	_	_	_	_	ADJA	Pos.Acc.Pl.Neut	eigentlich
13-13	1684-1693	Geschäfte	_	_	_	_	_	_	_	_	_	NN	Acc.Pl.Neut	Geschäft
13-14	1694-1700	hinaus	_	_	_	_	_	_	_	_	_	APZR	_	hinaus
13-15	1701-1714	Verantwortung	_	_	_	_	_	_	_	_	_	NN	Acc.Sg.Fem	Verantwortung
13-16	1715-1718	für	_	_	_	_	_	_	_	_	_	APPR	_	für
13-17	1719-1722	ihr	_	_	_	_	_	_	_	_	_	PPOSAT	Acc.Sg.Neut	ihr
13-18	1723-1731	soziales	_	_	_	_	_	_	_	_	_	ADJA	Pos.Acc.Sg.Neut	sozial
13-19	1732-1738	Umfeld	_	_	_	_	_	_	_	_	_	NN	Acc.Sg.Neut	Umfeld
13-20	1739-1749	übernehmen	_	_	_	_	_	_	_	_	_	VVFIN	3.Pl.Pres.Ind	übernehmen
13-21	1750-1751	,	_	_	_	_	_	_	_	_	_	$,	_	,
13-22	1752-1756	weil	_	_	_	_	_	_	_	_	_	KOUS	_	weil
13-23	1757-1760	sie	_	_	_	_	_	_	_	_	_	PPER	3.Nom.Pl.Masc	sie
13-24	1761-1764	der	_	_	_	_	_	_	_	_	_	ART	Dat.Sg.Fem	der
13-25	1765-1772	Meinung	_	_	_	_	_	_	_	_	_	NN	Dat.Sg.Fem	Meinung
13-26	1773-1777	sind	_	_	_	_	_	_	_	_	_	VAFIN	3.Pl.Pres.Ind	sein
13-27	1778-1779	,	_	_	_	_	_	_	_	_	_	$,	_	,
13-28	1780-1784	dass	_	_	_	_	_	_	_	_	_	KOUS	_	dass
13-29	1785-1793	Eigentum	_	_	_	_	_	_	_	_	_	NN	Acc.Sg.Neut	Eigentum
13-30	1794-1806	verpflichtet	_	_	_	_	_	_	_	_	_	VVFIN	3.Sg.Pres.Ind	verpflichten
13-31	1807-1808	,	_	_	_	_	_	_	_	_	_	$,	_	,
13-32	1809-1812	und	_	_	_	_	_	_	_	_	_	KON	_	und
13-33	1813-1817	weil	_	_	_	_	_	_	_	_	_	KOUS	_	weil
13-34	1818-1821	sie	_	_	_	_	_	_	_	_	_	PPER	3.Nom.Pl.Masc	sie
13-35	1822-1828	wissen	_	_	_	_	_	_	_	_	_	VVFIN	3.Pl.Pres.Ind	wissen
13-36	1829-1830	,	_	_	_	_	_	_	_	_	_	$,	_	,
13-37	1831-1835	dass	_	_	_	_	_	_	_	_	_	ART	Nom.Sg.Neut	der
13-38	1836-1846	Engagement	_	_	_	_	_	_	_	_	_	NN	Nom.Sg.Neut	Engagement
13-39	1847-1851	eine	_	_	_	_	_	_	_	_	_	ART	Nom.Sg.Fem	ein
13-40	1852-1860	lohnende	_	_	_	_	_	_	_	_	_	ADJA	Pos.Nom.Sg.Fem	lohnend
13-41	1861-1872	Investition	_	_	_	_	_	_	_	_	_	NN	Nom.Sg.Fem	Investition
13-42	1873-1876	ist	_	_	_	_	_	_	_	_	_	VAFIN	3.Sg.Pres.Ind	sein
13-43	1877-1878	.	_	_	_	_	_	_	_	_	_	$.	_	.

#Text=Wir sehen in unserem Kreis beliebte , bekannte , erfolgreiche Künstlerinnen und Künstler , Sportlerinnen und Sportler , die ihre Beliebtheit , Bekanntheit und ihren Erfolg als eine Verpflichtung begreifen und gezielt einsetzen , um Gutes zu tun .
14-1	1881-1884	Wir	_	_	_	_	_	_	_	_	_	PPER	1.Nom.Pl.*	wir
14-2	1885-1890	sehen	_	_	_	_	_	_	_	_	_	VVFIN	1.Pl.Pres.Ind	sehen
14-3	1891-1893	in	_	_	_	_	_	_	_	_	_	APPR	_	in
14-4	1894-1901	unserem	_	_	_	_	_	_	_	_	_	PPOSAT	Dat.Sg.Masc	unser
14-5	1902-1907	Kreis	_	_	_	_	_	_	_	_	_	NN	Dat.Sg.Masc	Kreis
14-6	1908-1916	beliebte	_	_	_	_	_	_	_	_	_	ADJA	Pos.Acc.Pl.*	beliebt
14-7	1917-1918	,	_	_	_	_	_	_	_	_	_	$,	_	,
14-8	1919-1927	bekannte	_	_	_	_	_	_	_	_	_	ADJA	Pos.Acc.Pl.*	bekannt
14-9	1928-1929	,	_	_	_	_	_	_	_	_	_	$,	_	,
14-10	1930-1942	erfolgreiche	_	_	_	_	_	_	_	_	_	ADJA	Pos.Acc.Pl.*	erfolgreich
14-11	1943-1956	Künstlerinnen	_	_	_	_	_	_	_	_	_	NN	Acc.Pl.Fem	Künstlerin
14-12	1957-1960	und	_	_	_	_	_	_	_	_	_	KON	_	und
14-13	1961-1969	Künstler	_	_	_	_	_	_	_	_	_	NN	Acc.Pl.Masc	Künstler
14-14	1970-1971	,	_	_	_	_	_	_	_	_	_	$,	_	,
14-15	1972-1985	Sportlerinnen	_	_	_	_	_	_	_	_	_	NN	Acc.Pl.Fem	Sportlerin
14-16	1986-1989	und	_	_	_	_	_	_	_	_	_	KON	_	und
14-17	1990-1998	Sportler	_	_	_	_	_	_	_	_	_	NN	Acc.Pl.Masc	Sportler
14-18	1999-2000	,	_	_	_	_	_	_	_	_	_	$,	_	,
14-19	2001-2004	die	_	_	_	_	_	_	_	_	_	PRELS	Nom.Pl.*	der
14-20	2005-2009	ihre	_	_	_	_	_	_	_	_	_	PPOSAT	Acc.Sg.Fem	ihr
14-21	2010-2021	Beliebtheit	_	_	_	_	_	_	_	_	_	NN	Acc.Sg.Fem	Beliebtheit
14-22	2022-2023	,	_	_	_	_	_	_	_	_	_	$,	_	,
14-23	2024-2035	Bekanntheit	_	_	_	_	_	_	_	_	_	NN	Acc.Sg.Fem	Bekanntheit
14-24	2036-2039	und	_	_	_	_	_	_	_	_	_	KON	_	und
14-25	2040-2045	ihren	_	_	_	_	_	_	_	_	_	PPOSAT	Acc.Sg.Masc	ihr
14-26	2046-2052	Erfolg	_	_	_	_	_	_	_	_	_	NN	Acc.Sg.Masc	Erfolg
14-27	2053-2056	als	_	_	_	_	_	_	_	_	_	APPR	_	als
14-28	2057-2061	eine	_	_	_	_	_	_	_	_	_	ART	Acc.Sg.Fem	ein
14-29	2062-2075	Verpflichtung	_	_	_	_	_	_	_	_	_	NN	Acc.Sg.Fem	Verpflichtung
14-30	2076-2085	begreifen	_	_	_	_	_	_	_	_	_	VVFIN	3.Pl.Pres.Ind	begreifen
14-31	2086-2089	und	_	_	_	_	_	_	_	_	_	KON	_	und
14-32	2090-2097	gezielt	_	_	_	_	_	_	_	_	_	ADJD	Pos	gezielt
14-33	2098-2107	einsetzen	_	_	_	_	_	_	_	_	_	VVFIN	3.Pl.Pres.Ind	einsetzen
14-34	2108-2109	,	_	_	_	_	_	_	_	_	_	$,	_	,
14-35	2110-2112	um	_	_	_	_	_	_	_	_	_	KOUI	_	um
14-36	2113-2118	Gutes	_	_	_	_	_	_	_	_	_	NN	Acc.Sg.Neut	gute
14-37	2119-2121	zu	_	_	_	_	_	_	_	_	_	PTKZU	_	zu
14-38	2122-2125	tun	_	_	_	_	_	_	_	_	_	VVINF	Inf	tun
14-39	2126-2127	.	_	_	_	_	_	_	_	_	_	$.	_	.

#Text=In unserer Mitte sind Menschen , die noch unter der nationalsozialistischen Diktatur gelitten und sich später mit all ihrer Kraft für Aufklärung und auch Versöhnung eingesetzt haben .
15-1	2130-2132	In	_	_	_	_	_	_	_	_	_	APPR	_	in
15-2	2133-2140	unserer	_	_	_	_	_	_	_	_	_	PPOSAT	Dat.Sg.Fem	unser
15-3	2141-2146	Mitte	_	_	_	_	_	_	_	_	_	NN	Dat.Sg.Fem	Mitte
15-4	2147-2151	sind	_	_	_	_	_	_	_	_	_	VAFIN	3.Pl.Pres.Ind	sein
15-5	2152-2160	Menschen	_	_	_	_	_	_	_	_	_	NN	Nom.Pl.Masc	Mensch
15-6	2161-2162	,	_	_	_	_	_	_	_	_	_	$,	_	,
15-7	2163-2166	die	_	_	_	_	_	_	_	_	_	PRELS	Nom.Pl.Masc	der
15-8	2167-2171	noch	_	_	_	_	_	_	_	_	_	ADV	_	noch
15-9	2172-2177	unter	_	_	_	_	_	_	_	_	_	APPR	_	unter
15-10	2178-2181	der	_	_	_	_	_	_	_	_	_	ART	Dat.Sg.Fem	der
15-11	2182-2205	nationalsozialistischen	_	_	_	_	_	_	_	_	_	ADJA	Pos.Dat.Sg.Fem	nationalsozialistisch
15-12	2206-2214	Diktatur	_	_	_	_	_	_	_	_	_	NN	Dat.Sg.Fem	Diktatur
15-13	2215-2223	gelitten	_	_	_	_	_	_	_	_	_	VVFIN	3.Pl.Pres.Ind	lauden
15-14	2224-2227	und	_	_	_	_	_	_	_	_	_	KON	_	und
15-15	2228-2232	sich	_	_	_	_	_	_	_	_	_	PRF	3.Acc.Pl	sich
15-16	2233-2239	später	_	_	_	_	_	_	_	_	_	ADJD	Comp	spät
15-17	2240-2243	mit	_	_	_	_	_	_	_	_	_	APPR	_	mit
15-18	2244-2247	all	_	_	_	_	_	_	_	_	_	PIAT	*.*.*	all
15-19	2248-2253	ihrer	_	_	_	_	_	_	_	_	_	PPOSAT	Dat.Sg.Fem	ihr
15-20	2254-2259	Kraft	_	_	_	_	_	_	_	_	_	NN	Dat.Sg.Fem	Kraft
15-21	2260-2263	für	_	_	_	_	_	_	_	_	_	APPR	_	für
15-22	2264-2274	Aufklärung	_	_	_	_	_	_	_	_	_	NN	Acc.Sg.Fem	Aufklärung
15-23	2275-2278	und	_	_	_	_	_	_	_	_	_	KON	_	und
15-24	2279-2283	auch	_	_	_	_	_	_	_	_	_	ADV	_	auch
15-25	2284-2294	Versöhnung	_	_	_	_	_	_	_	_	_	NN	Acc.Sg.Fem	Versöhnung
15-26	2295-2305	eingesetzt	_	_	_	_	_	_	_	_	_	VVPP	Psp	einsetzen
15-27	2306-2311	haben	_	_	_	_	_	_	_	_	_	VAFIN	3.Pl.Pres.Ind	haben
15-28	2312-2313	.	_	_	_	_	_	_	_	_	_	$.	_	.

#Text=Überhaupt war bei vielen von Ihnen das eigene Erleben die Initialzündung dafür , sich stark zu machen für Menschen , deren Anliegen sonst kaum gehört würden , etwa für benachteiligte Kinder und Jugendliche oder für Menschen mit Behinderung .
16-1	2316-2325	Überhaupt	_	_	_	_	_	_	_	_	_	ADV	_	überhaupt
16-2	2326-2329	war	_	_	_	_	_	_	_	_	_	VAFIN	3.Sg.Past.Ind	sein
16-3	2330-2333	bei	_	_	_	_	_	_	_	_	_	APPR	_	bei
16-4	2334-2340	vielen	_	_	_	_	_	_	_	_	_	PIS	Dat.Pl.*	viele
16-5	2341-2344	von	_	_	_	_	_	_	_	_	_	APPR	_	von
16-6	2345-2350	Ihnen	_	_	_	_	_	_	_	_	_	PPER	3.Dat.Pl.*	ihnen
16-7	2351-2354	das	_	_	_	_	_	_	_	_	_	ART	Nom.Sg.Neut	der
16-8	2355-2361	eigene	_	_	_	_	_	_	_	_	_	ADJA	Pos.Nom.Sg.Neut	eigen
16-9	2362-2369	Erleben	_	_	_	_	_	_	_	_	_	NN	Nom.Sg.Neut	erleben
16-10	2370-2373	die	_	_	_	_	_	_	_	_	_	ART	Nom.Sg.Fem	der
16-11	2374-2388	Initialzündung	false	0Kern	true	false	Zündung eines schwer entzündlichen Sprengstoffs durch einen leicht entzündlichen	true	*	Auslöser	_	NN	Nom.Sg.Fem	Initialzündung
16-12	2389-2394	dafür	_	_	_	_	_	_	_	_	_	PROAV	_	dafür
16-13	2395-2396	,	_	_	_	_	_	_	_	_	_	$,	_	,
16-14	2397-2401	sich	_	_	_	_	_	_	_	_	_	PRF	3.Acc.Sg	sich
16-15	2402-2407	stark	_	_	_	_	_	_	_	_	_	ADJD	Pos	stark
16-16	2408-2410	zu	_	_	_	_	_	_	_	_	_	PTKZU	_	zu
16-17	2411-2417	machen	_	_	_	_	_	_	_	_	_	VVINF	Inf	machen
16-18	2418-2421	für	_	_	_	_	_	_	_	_	_	APPR	_	für
16-19	2422-2430	Menschen	_	_	_	_	_	_	_	_	_	NN	Acc.Pl.Masc	Mensch
16-20	2431-2432	,	_	_	_	_	_	_	_	_	_	$,	_	,
16-21	2433-2438	deren	_	_	_	_	_	_	_	_	_	PRELAT	Gen.Pl.Masc	der
16-22	2439-2447	Anliegen	_	_	_	_	_	_	_	_	_	NN	Nom.Pl.Neut	Anliege
16-23	2448-2453	sonst	_	_	_	_	_	_	_	_	_	ADV	_	sonst
16-24	2454-2458	kaum	_	_	_	_	_	_	_	_	_	ADV	_	kaum
16-25	2459-2465	gehört	_	_	_	_	_	_	_	_	_	VVPP	Psp	hören
16-26	2466-2472	würden	_	_	_	_	_	_	_	_	_	VAFIN	3.Pl.Past.Subj	werden
16-27	2473-2474	,	_	_	_	_	_	_	_	_	_	$,	_	,
16-28	2475-2479	etwa	_	_	_	_	_	_	_	_	_	ADV	_	etwa
16-29	2480-2483	für	_	_	_	_	_	_	_	_	_	APPR	_	für
16-30	2484-2498	benachteiligte	_	_	_	_	_	_	_	_	_	ADJA	Pos.Acc.Pl.*	benachteiligt
16-31	2499-2505	Kinder	_	_	_	_	_	_	_	_	_	NN	Acc.Pl.Neut	Kind
16-32	2506-2509	und	_	_	_	_	_	_	_	_	_	KON	_	und
16-33	2510-2521	Jugendliche	_	_	_	_	_	_	_	_	_	NN	Acc.Pl.*	jugendliche
16-34	2522-2526	oder	_	_	_	_	_	_	_	_	_	KON	_	oder
16-35	2527-2530	für	_	_	_	_	_	_	_	_	_	APPR	_	für
16-36	2531-2539	Menschen	_	_	_	_	_	_	_	_	_	NN	Acc.Pl.Masc	Mensch
16-37	2540-2543	mit	_	_	_	_	_	_	_	_	_	APPR	_	mit
16-38	2544-2555	Behinderung	_	_	_	_	_	_	_	_	_	NN	Dat.Sg.Fem	Behinderung
16-39	2556-2557	.	_	_	_	_	_	_	_	_	_	$.	_	.

#Text=Einige von Ihnen üben ein bedeutendes Amt aus und nutzen den Einfluss und die Möglichkeiten , die damit verbunden sind , weit über das normale Maß hinaus für das Gemeinwohl .
17-1	2560-2566	Einige	_	_	_	_	_	_	_	_	_	PIS	Nom.Pl.*	einige
17-2	2567-2570	von	_	_	_	_	_	_	_	_	_	APPR	_	von
17-3	2571-2576	Ihnen	_	_	_	_	_	_	_	_	_	PPER	3.Dat.Pl.*	ihnen
17-4	2577-2581	üben	_	_	_	_	_	_	_	_	_	VVFIN	3.Pl.Pres.Ind	üben
17-5	2582-2585	ein	_	_	_	_	_	_	_	_	_	ART	Acc.Sg.Neut	ein
17-6	2586-2597	bedeutendes	_	_	_	_	_	_	_	_	_	ADJA	Pos.Acc.Sg.Neut	bedeutend
17-7	2598-2601	Amt	_	_	_	_	_	_	_	_	_	NN	Acc.Sg.Neut	Amt
17-8	2602-2605	aus	_	_	_	_	_	_	_	_	_	PTKVZ	_	aus
17-9	2606-2609	und	_	_	_	_	_	_	_	_	_	KON	_	und
17-10	2610-2616	nutzen	_	_	_	_	_	_	_	_	_	VVFIN	3.Pl.Pres.Ind	nutzen
17-11	2617-2620	den	_	_	_	_	_	_	_	_	_	ART	Acc.Sg.Masc	der
17-12	2621-2629	Einfluss	_	_	_	_	_	_	_	_	_	NN	Acc.Sg.Masc	Einfluss
17-13	2630-2633	und	_	_	_	_	_	_	_	_	_	KON	_	und
17-14	2634-2637	die	_	_	_	_	_	_	_	_	_	ART	Acc.Pl.Fem	der
17-15	2638-2651	Möglichkeiten	_	_	_	_	_	_	_	_	_	NN	Acc.Pl.Fem	Möglichkeit
17-16	2652-2653	,	_	_	_	_	_	_	_	_	_	$,	_	,
17-17	2654-2657	die	_	_	_	_	_	_	_	_	_	PRELS	Nom.Pl.Fem	der
17-18	2658-2663	damit	_	_	_	_	_	_	_	_	_	PROAV	_	damit
17-19	2664-2673	verbunden	_	_	_	_	_	_	_	_	_	VVPP	Psp	verbinden
17-20	2674-2678	sind	_	_	_	_	_	_	_	_	_	VAFIN	3.Pl.Pres.Ind	sein
17-21	2679-2680	,	_	_	_	_	_	_	_	_	_	$,	_	,
17-22	2681-2685	weit	_	_	_	_	_	_	_	_	_	ADJD	Pos	weit
17-23	2686-2690	über	_	_	_	_	_	_	_	_	_	APPR	_	über
17-24	2691-2694	das	_	_	_	_	_	_	_	_	_	ART	Acc.Sg.Neut	der
17-25	2695-2702	normale	_	_	_	_	_	_	_	_	_	ADJA	Pos.Acc.Sg.Neut	normal
17-26	2703-2706	Maß	_	_	_	_	_	_	_	_	_	NN	Acc.Sg.Neut	Maß
17-27	2707-2713	hinaus	_	_	_	_	_	_	_	_	_	APZR	_	hinaus
17-28	2714-2717	für	_	_	_	_	_	_	_	_	_	APPR	_	für
17-29	2718-2721	das	_	_	_	_	_	_	_	_	_	ART	Acc.Sg.Neut	der
17-30	2722-2732	Gemeinwohl	_	_	_	_	_	_	_	_	_	NN	Acc.Sg.Neut	Gemeinwohl
17-31	2733-2734	.	_	_	_	_	_	_	_	_	_	$.	_	.

#Text=Einige von Ihnen besitzen stattliche Vermögen und haben sich dafür entschieden , mit diesem Vermögen Gutes zu bewirken .
18-1	2737-2743	Einige	_	_	_	_	_	_	_	_	_	PIS	Nom.Pl.*	einige
18-2	2744-2747	von	_	_	_	_	_	_	_	_	_	APPR	_	von
18-3	2748-2753	Ihnen	_	_	_	_	_	_	_	_	_	PPER	3.Dat.Pl.*	ihnen
18-4	2754-2762	besitzen	_	_	_	_	_	_	_	_	_	VVFIN	3.Pl.Pres.Ind	besitzen
18-5	2763-2773	stattliche	_	_	_	_	_	_	_	_	_	ADJA	Pos.Acc.Pl.Neut	stattlich
18-6	2774-2782	Vermögen	_	_	_	_	_	_	_	_	_	NN	Acc.Pl.Neut	Vermogen
18-7	2783-2786	und	_	_	_	_	_	_	_	_	_	KON	_	und
18-8	2787-2792	haben	_	_	_	_	_	_	_	_	_	VAFIN	3.Pl.Pres.Ind	haben
18-9	2793-2797	sich	_	_	_	_	_	_	_	_	_	PRF	3.Acc.Pl	sich
18-10	2798-2803	dafür	_	_	_	_	_	_	_	_	_	PROAV	_	dafür
18-11	2804-2815	entschieden	_	_	_	_	_	_	_	_	_	VVPP	Psp	entscheiden
18-12	2816-2817	,	_	_	_	_	_	_	_	_	_	$,	_	,
18-13	2818-2821	mit	_	_	_	_	_	_	_	_	_	APPR	_	mit
18-14	2822-2828	diesem	_	_	_	_	_	_	_	_	_	PDAT	Dat.Sg.Neut	dieser
18-15	2829-2837	Vermögen	_	_	_	_	_	_	_	_	_	NN	Dat.Sg.Neut	Vermögen
18-16	2838-2843	Gutes	_	_	_	_	_	_	_	_	_	NN	Acc.Sg.Neut	gute
18-17	2844-2846	zu	_	_	_	_	_	_	_	_	_	PTKZU	_	zu
18-18	2847-2855	bewirken	_	_	_	_	_	_	_	_	_	VVINF	Inf	bewirken
18-19	2856-2857	.	_	_	_	_	_	_	_	_	_	$.	_	.

#Text=Und schließlich gibt es diejenigen , die zwar nicht über größere finanzielle Mittel verfügen , dafür aber über eine andere , nicht minder wichtige Ressource : nämlich über Kraft und Zeit .
19-1	2860-2863	Und	_	_	_	_	_	_	_	_	_	KON	_	und
19-2	2864-2875	schließlich	_	_	_	_	_	_	_	_	_	ADV	_	schließlich
19-3	2876-2880	gibt	_	_	_	_	_	_	_	_	_	VVFIN	3.Sg.Pres.Ind	geben
19-4	2881-2883	es	_	_	_	_	_	_	_	_	_	PPER	3.Nom.Sg.Neut	es
19-5	2884-2894	diejenigen	_	_	_	_	_	_	_	_	_	PDS	Acc.Pl.*	derjenige
19-6	2895-2896	,	_	_	_	_	_	_	_	_	_	$,	_	,
19-7	2897-2900	die	_	_	_	_	_	_	_	_	_	PRELS	Nom.Pl.*	der
19-8	2901-2905	zwar	_	_	_	_	_	_	_	_	_	ADV	_	zwar
19-9	2906-2911	nicht	_	_	_	_	_	_	_	_	_	PTKNEG	_	nicht
19-10	2912-2916	über	_	_	_	_	_	_	_	_	_	APPR	_	über
19-11	2917-2924	größere	_	_	_	_	_	_	_	_	_	ADJA	Comp.Acc.Pl.Neut	groß
19-12	2925-2936	finanzielle	_	_	_	_	_	_	_	_	_	ADJA	Pos.Acc.Pl.Neut	finanziell
19-13	2937-2943	Mittel	_	_	_	_	_	_	_	_	_	NN	Acc.Pl.Neut	Mittel
19-14	2944-2952	verfügen	_	_	_	_	_	_	_	_	_	VVFIN	3.Pl.Pres.Ind	verfagen
19-15	2953-2954	,	_	_	_	_	_	_	_	_	_	$,	_	,
19-16	2955-2960	dafür	_	_	_	_	_	_	_	_	_	PROAV	_	dafür
19-17	2961-2965	aber	_	_	_	_	_	_	_	_	_	ADV	_	aber
19-18	2966-2970	über	_	_	_	_	_	_	_	_	_	APPR	_	über
19-19	2971-2975	eine	_	_	_	_	_	_	_	_	_	ART	Acc.Sg.Fem	ein
19-20	2976-2982	andere	_	_	_	_	_	_	_	_	_	ADJA	Pos.Acc.Sg.Fem	anderer
19-21	2983-2984	,	_	_	_	_	_	_	_	_	_	$,	_	,
19-22	2985-2990	nicht	_	_	_	_	_	_	_	_	_	PTKNEG	_	nicht
19-23	2991-2997	minder	_	_	_	_	_	_	_	_	_	ADV	_	minder
19-24	2998-3006	wichtige	_	_	_	_	_	_	_	_	_	ADJA	Pos.Acc.Sg.Fem	wichtig
19-25	3007-3016	Ressource	_	_	_	_	_	_	_	_	_	NN	Acc.Sg.Fem	Ressource
19-26	3017-3018	:	_	_	_	_	_	_	_	_	_	$.	_	:
19-27	3019-3026	nämlich	_	_	_	_	_	_	_	_	_	ADV	_	nämlich
19-28	3027-3031	über	_	_	_	_	_	_	_	_	_	APPR	_	über
19-29	3032-3037	Kraft	_	_	_	_	_	_	_	_	_	NN	Acc.Sg.Fem	Kraft
19-30	3038-3041	und	_	_	_	_	_	_	_	_	_	KON	_	und
19-31	3042-3046	Zeit	_	_	_	_	_	_	_	_	_	NN	Acc.Sg.Fem	Zeit
19-32	3047-3048	.	_	_	_	_	_	_	_	_	_	$.	_	.

#Text=Und dieses Vermögen setzen sie uneigennützig ein : für ihre Mitmenschen und für gute Lebensbedingungen in unserer Gesellschaft und anderswo in der Welt .
20-1	3051-3054	Und	_	_	_	_	_	_	_	_	_	KON	_	und
20-2	3055-3061	dieses	_	_	_	_	_	_	_	_	_	PDAT	Acc.Sg.Neut	dieser
20-3	3062-3070	Vermögen	_	_	_	_	_	_	_	_	_	NN	Acc.Sg.Neut	Vermögen
20-4	3071-3077	setzen	_	_	_	_	_	_	_	_	_	VVFIN	3.Pl.Pres.Ind	setzen
20-5	3078-3081	sie	_	_	_	_	_	_	_	_	_	PPER	3.Nom.Pl.*	sie
20-6	3082-3095	uneigennützig	_	_	_	_	_	_	_	_	_	ADJD	Pos	uneigennützig
20-7	3096-3099	ein	_	_	_	_	_	_	_	_	_	PTKVZ	_	ein
20-8	3100-3101	:	_	_	_	_	_	_	_	_	_	$.	_	:
20-9	3102-3105	für	_	_	_	_	_	_	_	_	_	APPR	_	für
20-10	3106-3110	ihre	_	_	_	_	_	_	_	_	_	PPOSAT	Acc.Pl.Masc	ihr
20-11	3111-3122	Mitmenschen	_	_	_	_	_	_	_	_	_	NN	Acc.Pl.Masc	Mitmensch
20-12	3123-3126	und	_	_	_	_	_	_	_	_	_	KON	_	und
20-13	3127-3130	für	_	_	_	_	_	_	_	_	_	APPR	_	für
20-14	3131-3135	gute	_	_	_	_	_	_	_	_	_	ADJA	Pos.Acc.Pl.Fem	gut
20-15	3136-3153	Lebensbedingungen	_	_	_	_	_	_	_	_	_	NN	Acc.Pl.Fem	Lebensbedingung
20-16	3154-3156	in	_	_	_	_	_	_	_	_	_	APPR	_	in
20-17	3157-3164	unserer	_	_	_	_	_	_	_	_	_	PPOSAT	Dat.Sg.Fem	unser
20-18	3165-3177	Gesellschaft	_	_	_	_	_	_	_	_	_	NN	Dat.Sg.Fem	Gesellschaft
20-19	3178-3181	und	_	_	_	_	_	_	_	_	_	KON	_	und
20-20	3182-3190	anderswo	_	_	_	_	_	_	_	_	_	ADV	_	anderswo
20-21	3191-3193	in	_	_	_	_	_	_	_	_	_	APPR	_	in
20-22	3194-3197	der	_	_	_	_	_	_	_	_	_	ART	Dat.Sg.Fem	der
20-23	3198-3202	Welt	_	_	_	_	_	_	_	_	_	NN	Dat.Sg.Fem	Welt
20-24	3203-3204	.	_	_	_	_	_	_	_	_	_	$.	_	.

#Text=Egal , aus welchen Motiven heraus Sie aktiv geworden sind , egal , wofür Sie sich engagieren , mit welchen Mitteln , egal , wo Sie geboren wurden und an welcher Stelle des politischen Spektrums Sie sich selbst sehen - es gibt etwas , was Sie alle eint : Sie haben Ihre Fähigkeiten , Ihre Kenntnisse , Ihre Mittel eingesetzt , um andere zu unterstützen oder eine Sache voranzubringen , die Sie als wertvoll und wichtig erkannt haben .
21-1	3207-3211	Egal	_	_	_	_	_	_	_	_	_	ADJD	Pos	egal
21-2	3212-3213	,	_	_	_	_	_	_	_	_	_	$,	_	,
21-3	3214-3217	aus	_	_	_	_	_	_	_	_	_	APPR	_	aus
21-4	3218-3225	welchen	_	_	_	_	_	_	_	_	_	PWAT	Dat.Pl.Neut	welcher
21-5	3226-3233	Motiven	_	_	_	_	_	_	_	_	_	NN	Dat.Pl.Neut	Motiv
21-6	3234-3240	heraus	_	_	_	_	_	_	_	_	_	APZR	_	heraus
21-7	3241-3244	Sie	_	_	_	_	_	_	_	_	_	PPER	3.Nom.Pl.*	sie
21-8	3245-3250	aktiv	_	_	_	_	_	_	_	_	_	ADJD	Pos	aktiv
21-9	3251-3259	geworden	_	_	_	_	_	_	_	_	_	VAPP	Psp	werden
21-10	3260-3264	sind	_	_	_	_	_	_	_	_	_	VAFIN	3.Pl.Pres.Ind	sein
21-11	3265-3266	,	_	_	_	_	_	_	_	_	_	$,	_	,
21-12	3267-3271	egal	_	_	_	_	_	_	_	_	_	ADV	_	egal
21-13	3272-3273	,	_	_	_	_	_	_	_	_	_	$,	_	,
21-14	3274-3279	wofür	_	_	_	_	_	_	_	_	_	PWAV	_	wofür
21-15	3280-3283	Sie	_	_	_	_	_	_	_	_	_	PPER	3.Nom.Pl.*	sie
21-16	3284-3288	sich	_	_	_	_	_	_	_	_	_	PRF	3.Acc.Pl	sich
21-17	3289-3299	engagieren	_	_	_	_	_	_	_	_	_	VVFIN	3.Pl.Pres.Ind	engagieren
21-18	3300-3301	,	_	_	_	_	_	_	_	_	_	$,	_	,
21-19	3302-3305	mit	_	_	_	_	_	_	_	_	_	APPR	_	mit
21-20	3306-3313	welchen	_	_	_	_	_	_	_	_	_	PWAT	Dat.Pl.Neut	welcher
21-21	3314-3321	Mitteln	_	_	_	_	_	_	_	_	_	NN	Dat.Pl.Neut	Mittel
21-22	3322-3323	,	_	_	_	_	_	_	_	_	_	$,	_	,
21-23	3324-3328	egal	_	_	_	_	_	_	_	_	_	ADV	_	egal
21-24	3329-3330	,	_	_	_	_	_	_	_	_	_	$,	_	,
21-25	3331-3333	wo	_	_	_	_	_	_	_	_	_	PWAV	_	wo
21-26	3334-3337	Sie	_	_	_	_	_	_	_	_	_	PPER	3.Nom.Pl.*	sie
21-27	3338-3345	geboren	_	_	_	_	_	_	_	_	_	VVPP	Psp	gebären
21-28	3346-3352	wurden	_	_	_	_	_	_	_	_	_	VAFIN	3.Pl.Past.Ind	werden
21-29	3353-3356	und	_	_	_	_	_	_	_	_	_	KON	_	und
21-30	3357-3359	an	_	_	_	_	_	_	_	_	_	APPR	_	an
21-31	3360-3367	welcher	_	_	_	_	_	_	_	_	_	PWAT	Dat.Sg.Fem	welcher
21-32	3368-3374	Stelle	_	_	_	_	_	_	_	_	_	NN	Dat.Sg.Fem	Stelle
21-33	3375-3378	des	_	_	_	_	_	_	_	_	_	ART	Gen.Sg.Neut	der
21-34	3379-3390	politischen	_	_	_	_	_	_	_	_	_	ADJA	Pos.Gen.Sg.Neut	politisch
21-35	3391-3400	Spektrums	_	_	_	_	_	_	_	_	_	NN	Gen.Sg.Neut	Spektrum
21-36	3401-3404	Sie	_	_	_	_	_	_	_	_	_	PPER	3.Nom.Pl.*	sie
21-37	3405-3409	sich	_	_	_	_	_	_	_	_	_	PRF	3.Dat.Pl	sich
21-38	3410-3416	selbst	_	_	_	_	_	_	_	_	_	ADV	_	selbst
21-39	3417-3422	sehen	_	_	_	_	_	_	_	_	_	VVFIN	3.Pl.Pres.Ind	sehen
21-40	3423-3424	-	_	_	_	_	_	_	_	_	_	$(	_	-
21-41	3425-3427	es	_	_	_	_	_	_	_	_	_	PPER	3.Nom.Sg.Neut	es
21-42	3428-3432	gibt	_	_	_	_	_	_	_	_	_	VVFIN	3.Sg.Pres.Ind	geben
21-43	3433-3438	etwas	_	_	_	_	_	_	_	_	_	PIS	*.*.Neut	etwas
21-44	3439-3440	,	_	_	_	_	_	_	_	_	_	$,	_	,
21-45	3441-3444	was	_	_	_	_	_	_	_	_	_	PRELS	Acc.Sg.Neut	wer
21-46	3445-3448	Sie	_	_	_	_	_	_	_	_	_	PPER	3.Nom.Sg.Fem	sie
21-47	3449-3453	alle	_	_	_	_	_	_	_	_	_	PIS	Acc.Pl.*	alle
21-48	3454-3458	eint	_	_	_	_	_	_	_	_	_	VVFIN	3.Sg.Pres.Ind	einen
21-49	3459-3460	:	_	_	_	_	_	_	_	_	_	$.	_	:
21-50	3461-3464	Sie	_	_	_	_	_	_	_	_	_	PPER	3.Nom.Pl.*	sie
21-51	3465-3470	haben	_	_	_	_	_	_	_	_	_	VAFIN	3.Pl.Pres.Ind	haben
21-52	3471-3475	Ihre	_	_	_	_	_	_	_	_	_	PPOSAT	Acc.Pl.Fem	ihr
21-53	3476-3487	Fähigkeiten	_	_	_	_	_	_	_	_	_	NN	Acc.Pl.Fem	Fähigkeit
21-54	3488-3489	,	_	_	_	_	_	_	_	_	_	$,	_	,
21-55	3490-3494	Ihre	_	_	_	_	_	_	_	_	_	PPOSAT	Acc.Pl.Fem	ihr
21-56	3495-3505	Kenntnisse	_	_	_	_	_	_	_	_	_	NN	Acc.Pl.Fem	Kenntnis
21-57	3506-3507	,	_	_	_	_	_	_	_	_	_	$,	_	,
21-58	3508-3512	Ihre	_	_	_	_	_	_	_	_	_	PPOSAT	Acc.Pl.Neut	ihr
21-59	3513-3519	Mittel	_	_	_	_	_	_	_	_	_	NN	Acc.Pl.Neut	Mittel
21-60	3520-3530	eingesetzt	_	_	_	_	_	_	_	_	_	VVPP	Psp	einsetzen
21-61	3531-3532	,	_	_	_	_	_	_	_	_	_	$,	_	,
21-62	3533-3535	um	_	_	_	_	_	_	_	_	_	KOUI	_	um
21-63	3536-3542	andere	_	_	_	_	_	_	_	_	_	PIS	Acc.Pl.*	anderer
21-64	3543-3545	zu	_	_	_	_	_	_	_	_	_	PTKZU	_	zu
21-65	3546-3558	unterstützen	_	_	_	_	_	_	_	_	_	VVINF	Inf	unterstützen
21-66	3559-3563	oder	_	_	_	_	_	_	_	_	_	KON	_	oder
21-67	3564-3568	eine	_	_	_	_	_	_	_	_	_	ART	Acc.Sg.Fem	ein
21-68	3569-3574	Sache	_	_	_	_	_	_	_	_	_	NN	Acc.Sg.Fem	Sache
21-69	3575-3589	voranzubringen	_	_	_	_	_	_	_	_	_	VVIZU	Infzu	voranbringen
21-70	3590-3591	,	_	_	_	_	_	_	_	_	_	$,	_	,
21-71	3592-3595	die	_	_	_	_	_	_	_	_	_	PRELS	Acc.Sg.Fem	der
21-72	3596-3599	Sie	_	_	_	_	_	_	_	_	_	PPER	3.Nom.Pl.Fem	sie
21-73	3600-3603	als	_	_	_	_	_	_	_	_	_	APPR	_	als
21-74	3604-3612	wertvoll	_	_	_	_	_	_	_	_	_	ADJD	Pos	wertvoll
21-75	3613-3616	und	_	_	_	_	_	_	_	_	_	KON	_	und
21-76	3617-3624	wichtig	_	_	_	_	_	_	_	_	_	ADJD	Pos	wichtig
21-77	3625-3632	erkannt	_	_	_	_	_	_	_	_	_	VVPP	Psp	erkennen
21-78	3633-3638	haben	_	_	_	_	_	_	_	_	_	VAFIN	3.Pl.Pres.Ind	haben
21-79	3639-3640	.	_	_	_	_	_	_	_	_	_	$.	_	.

#Text=Und dafür sage ich Ihnen heute aus vollem Herzen : Danke !
22-1	3643-3646	Und	_	_	_	_	_	_	_	_	_	KON	_	und
22-2	3647-3652	dafür	_	_	_	_	_	_	_	_	_	PROAV	_	dafür
22-3	3653-3657	sage	_	_	_	_	_	_	_	_	_	VVFIN	1.Sg.Pres.Ind	sagen
22-4	3658-3661	ich	_	_	_	_	_	_	_	_	_	PPER	1.Nom.Sg.*	ich
22-5	3662-3667	Ihnen	_	_	_	_	_	_	_	_	_	PPER	3.Dat.Pl.*	ihnen
22-6	3668-3673	heute	_	_	_	_	_	_	_	_	_	ADV	_	heute
22-7	3674-3677	aus	_	_	_	_	_	_	_	_	_	APPR	_	aus
22-8	3678-3684	vollem	_	_	_	_	_	_	_	_	_	ADJA	Pos.Dat.Sg.Neut	voll
22-9	3685-3691	Herzen	_	_	_	_	_	_	_	_	_	NN	Dat.Sg.Neut	Herz
22-10	3692-3693	:	_	_	_	_	_	_	_	_	_	$.	_	:
22-11	3694-3699	Danke	_	_	_	_	_	_	_	_	_	PTKANT	_	danke
22-12	3700-3701	!	_	_	_	_	_	_	_	_	_	$.	_	!

#Text=Der Verdienstorden der Bundesrepublik Deutschland , den ich Ihnen gleich verleihen darf , ist zwar im Grunde nur ein Stück Metall .
23-1	3704-3707	Der	_	_	_	_	_	_	_	_	_	ART	Nom.Sg.Masc	der
23-2	3708-3722	Verdienstorden	_	_	_	_	_	_	_	_	_	NN	Nom.Sg.Masc	Verdienstorden
23-3	3723-3726	der	_	_	_	_	_	_	_	_	_	ART	Gen.Sg.Fem	der
23-4	3727-3741	Bundesrepublik	_	_	_	_	_	_	_	_	_	NN	Gen.Sg.Fem	Bundesrepublik
23-5	3742-3753	Deutschland	_	_	_	_	_	_	_	_	_	NE	Nom.Sg.Neut	Deutschland
23-6	3754-3755	,	_	_	_	_	_	_	_	_	_	$,	_	,
23-7	3756-3759	den	_	_	_	_	_	_	_	_	_	PRELS	Acc.Sg.Masc	der
23-8	3760-3763	ich	_	_	_	_	_	_	_	_	_	PPER	1.Nom.Sg.*	ich
23-9	3764-3769	Ihnen	_	_	_	_	_	_	_	_	_	PPER	3.Dat.Pl.*	ihnen
23-10	3770-3776	gleich	_	_	_	_	_	_	_	_	_	ADV	_	gleich
23-11	3777-3786	verleihen	_	_	_	_	_	_	_	_	_	VVINF	Inf	verleihen
23-12	3787-3791	darf	_	_	_	_	_	_	_	_	_	VMFIN	1.Sg.Pres.Ind	dürfen
23-13	3792-3793	,	_	_	_	_	_	_	_	_	_	$,	_	,
23-14	3794-3797	ist	_	_	_	_	_	_	_	_	_	VAFIN	3.Sg.Pres.Ind	sein
23-15	3798-3802	zwar	_	_	_	_	_	_	_	_	_	ADV	_	zwar
23-16	3803-3805	im	_	_	_	_	_	_	_	_	_	APPRART	Dat.Sg.Masc	in
23-17	3806-3812	Grunde	_	_	_	_	_	_	_	_	_	NN	Dat.Sg.Masc	Grund
23-18	3813-3816	nur	_	_	_	_	_	_	_	_	_	ADV	_	nur
23-19	3817-3820	ein	_	_	_	_	_	_	_	_	_	ART	Nom.Sg.Neut	ein
23-20	3821-3826	Stück	_	_	_	_	_	_	_	_	_	NN	Nom.Sg.Neut	Stück
23-21	3827-3833	Metall	_	_	_	_	_	_	_	_	_	NN	Nom.Sg.Neut	Metall
23-22	3834-3835	.	_	_	_	_	_	_	_	_	_	$.	_	.

#Text=Aber dieses Stück Metall symbolisiert die höchste Anerkennung , die die Bundesrepublik Deutschland für Verdienste um das Gemeinwohl ausspricht .
24-1	3838-3842	Aber	_	_	_	_	_	_	_	_	_	KON	_	aber
24-2	3843-3849	dieses	_	_	_	_	_	_	_	_	_	PDAT	Acc.Sg.Neut	dieser
24-3	3850-3855	Stück	_	_	_	_	_	_	_	_	_	NN	Nom.Sg.Neut	Stück
24-4	3856-3862	Metall	_	_	_	_	_	_	_	_	_	NN	Nom.Sg.Neut	Metall
24-5	3863-3875	symbolisiert	_	_	_	_	_	_	_	_	_	VVFIN	3.Sg.Pres.Ind	symbolisieren
24-6	3876-3879	die	_	_	_	_	_	_	_	_	_	ART	Acc.Sg.Fem	der
24-7	3880-3887	höchste	_	_	_	_	_	_	_	_	_	ADJA	Sup.Acc.Sg.Fem	hoch
24-8	3888-3899	Anerkennung	_	_	_	_	_	_	_	_	_	NN	Acc.Sg.Fem	Anerkennung
24-9	3900-3901	,	_	_	_	_	_	_	_	_	_	$,	_	,
24-10	3902-3905	die	_	_	_	_	_	_	_	_	_	PRELS	Acc.Sg.Fem	der
24-11	3906-3909	die	_	_	_	_	_	_	_	_	_	ART	Acc.Sg.Fem	der
24-12	3910-3924	Bundesrepublik	_	_	_	_	_	_	_	_	_	NN	Acc.Sg.Fem	Bundesrepublik
24-13	3925-3936	Deutschland	_	_	_	_	_	_	_	_	_	NE	Nom.Sg.Neut	Deutschland
24-14	3937-3940	für	_	_	_	_	_	_	_	_	_	APPR	_	für
24-15	3941-3951	Verdienste	_	_	_	_	_	_	_	_	_	NN	Acc.Pl.Masc	Verdienst
24-16	3952-3954	um	_	_	_	_	_	_	_	_	_	APPR	_	um
24-17	3955-3958	das	_	_	_	_	_	_	_	_	_	ART	Acc.Sg.Neut	der
24-18	3959-3969	Gemeinwohl	_	_	_	_	_	_	_	_	_	NN	Acc.Sg.Neut	Gemeinwohl
24-19	3970-3980	ausspricht	_	_	_	_	_	_	_	_	_	VVFIN	3.Sg.Pres.Ind	aussprechen
24-20	3981-3982	.	_	_	_	_	_	_	_	_	_	$.	_	.

#Text=Tragen Sie ihn daher mit Stolz und Freude - Sie haben ihn sich verdient , und Ihr Beispiel verdient viele Nachahmer .
25-1	3985-3991	Tragen	_	_	_	_	_	_	_	_	_	VVFIN	3.Pl.Pres.Ind	tragen
25-2	3992-3995	Sie	_	_	_	_	_	_	_	_	_	PPER	3.Nom.Pl.*	sie
25-3	3996-3999	ihn	_	_	_	_	_	_	_	_	_	PPER	3.Acc.Sg.Masc	ihn
25-4	4000-4005	daher	_	_	_	_	_	_	_	_	_	PROAV	_	daher
25-5	4006-4009	mit	_	_	_	_	_	_	_	_	_	APPR	_	mit
25-6	4010-4015	Stolz	_	_	_	_	_	_	_	_	_	NN	Dat.Sg.Masc	Stolz
25-7	4016-4019	und	_	_	_	_	_	_	_	_	_	KON	_	und
25-8	4020-4026	Freude	_	_	_	_	_	_	_	_	_	NN	Dat.Sg.Fem	Freude
25-9	4027-4028	-	_	_	_	_	_	_	_	_	_	$(	_	-
25-10	4029-4032	Sie	_	_	_	_	_	_	_	_	_	PPER	3.Nom.Pl.*	sie
25-11	4033-4038	haben	_	_	_	_	_	_	_	_	_	VAFIN	3.Pl.Pres.Ind	haben
25-12	4039-4042	ihn	_	_	_	_	_	_	_	_	_	PPER	3.Acc.Sg.Masc	ihn
25-13	4043-4047	sich	_	_	_	_	_	_	_	_	_	PRF	3.Acc.Pl	sich
25-14	4048-4056	verdient	_	_	_	_	_	_	_	_	_	VVPP	Psp	verdienen
25-15	4057-4058	,	_	_	_	_	_	_	_	_	_	$,	_	,
25-16	4059-4062	und	_	_	_	_	_	_	_	_	_	KON	_	und
25-17	4063-4066	Ihr	_	_	_	_	_	_	_	_	_	PPOSAT	Nom.Sg.Neut	ihr
25-18	4067-4075	Beispiel	_	_	_	_	_	_	_	_	_	NN	Nom.Sg.Neut	Beispiel
25-19	4076-4084	verdient	_	_	_	_	_	_	_	_	_	VVFIN	3.Sg.Pres.Ind	verdienen
25-20	4085-4090	viele	_	_	_	_	_	_	_	_	_	PIAT	Acc.Pl.Masc	vieler
25-21	4091-4100	Nachahmer	_	_	_	_	_	_	_	_	_	NN	Acc.Pl.Masc	Nachahmer
25-22	4101-4102	.	_	_	_	_	_	_	_	_	_	$.	_	.

#Text=Das , was Sie tun , ist nicht nur ein Dienst an den Menschen oder an der Sache , die sie unterstützen - es ist zugleich ein Dienst an unserem Land und Ausdruck einer lebendigen , lebens - und liebenswerten Bürgergesellschaft .
26-1	4105-4108	Das	_	_	_	_	_	_	_	_	_	PDS	Nom.Sg.Neut	der
26-2	4109-4110	,	_	_	_	_	_	_	_	_	_	$,	_	,
26-3	4111-4114	was	_	_	_	_	_	_	_	_	_	PRELS	Acc.Sg.Neut	wer
26-4	4115-4118	Sie	_	_	_	_	_	_	_	_	_	PPER	3.Nom.Pl.*	sie
26-5	4119-4122	tun	_	_	_	_	_	_	_	_	_	VVFIN	3.Pl.Pres.Ind	tun
26-6	4123-4124	,	_	_	_	_	_	_	_	_	_	$,	_	,
26-7	4125-4128	ist	_	_	_	_	_	_	_	_	_	VAFIN	3.Sg.Pres.Ind	sein
26-8	4129-4134	nicht	_	_	_	_	_	_	_	_	_	PTKNEG	_	nicht
26-9	4135-4138	nur	_	_	_	_	_	_	_	_	_	ADV	_	nur
26-10	4139-4142	ein	_	_	_	_	_	_	_	_	_	ART	Nom.Sg.Masc	ein
26-11	4143-4149	Dienst	_	_	_	_	_	_	_	_	_	NN	Nom.Sg.Masc	Dienst
26-12	4150-4152	an	_	_	_	_	_	_	_	_	_	APPR	_	an
26-13	4153-4156	den	_	_	_	_	_	_	_	_	_	ART	Dat.Pl.Masc	der
26-14	4157-4165	Menschen	_	_	_	_	_	_	_	_	_	NN	Dat.Pl.Masc	Mensch
26-15	4166-4170	oder	_	_	_	_	_	_	_	_	_	KON	_	oder
26-16	4171-4173	an	_	_	_	_	_	_	_	_	_	APPR	_	an
26-17	4174-4177	der	_	_	_	_	_	_	_	_	_	ART	Dat.Sg.Fem	der
26-18	4178-4183	Sache	_	_	_	_	_	_	_	_	_	NN	Dat.Sg.Fem	Sache
26-19	4184-4185	,	_	_	_	_	_	_	_	_	_	$,	_	,
26-20	4186-4189	die	_	_	_	_	_	_	_	_	_	PRELS	Acc.Sg.Fem	der
26-21	4190-4193	sie	_	_	_	_	_	_	_	_	_	PPER	3.Nom.Pl.Masc	sie
26-22	4194-4206	unterstützen	_	_	_	_	_	_	_	_	_	VVFIN	3.Pl.Pres.Ind	unterstützen
26-23	4207-4208	-	_	_	_	_	_	_	_	_	_	$(	_	-
26-24	4209-4211	es	_	_	_	_	_	_	_	_	_	PPER	3.Nom.Sg.Neut	es
26-25	4212-4215	ist	_	_	_	_	_	_	_	_	_	VAFIN	3.Sg.Pres.Ind	sein
26-26	4216-4224	zugleich	_	_	_	_	_	_	_	_	_	ADV	_	zugleich
26-27	4225-4228	ein	_	_	_	_	_	_	_	_	_	ART	Nom.Sg.Masc	ein
26-28	4229-4235	Dienst	_	_	_	_	_	_	_	_	_	NN	Nom.Sg.Masc	Dienst
26-29	4236-4238	an	_	_	_	_	_	_	_	_	_	APPR	_	an
26-30	4239-4246	unserem	_	_	_	_	_	_	_	_	_	PPOSAT	Dat.Sg.Neut	unser
26-31	4247-4251	Land	_	_	_	_	_	_	_	_	_	NN	Dat.Sg.Neut	Land
26-32	4252-4255	und	_	_	_	_	_	_	_	_	_	KON	_	und
26-33	4256-4264	Ausdruck	_	_	_	_	_	_	_	_	_	NN	Dat.Sg.Masc	Ausdruck
26-34	4265-4270	einer	_	_	_	_	_	_	_	_	_	ART	Gen.Sg.Fem	ein
26-35	4271-4281	lebendigen	_	_	_	_	_	_	_	_	_	ADJA	Pos.Gen.Sg.Fem	lebendig
26-36	4282-4283	,	_	_	_	_	_	_	_	_	_	$,	_	,
26-37	4284-4290	lebens	_	_	_	_	_	_	_	_	_	ADV	_	lebens
26-38	4291-4292	-	_	_	_	_	_	_	_	_	_	$(	_	-
26-39	4293-4296	und	_	_	_	_	_	_	_	_	_	KON	_	und
26-40	4297-4310	liebenswerten	_	_	_	_	_	_	_	_	_	ADJA	Pos.Gen.Sg.Fem	liebenswert
26-41	4311-4329	Bürgergesellschaft	_	_	_	_	_	_	_	_	_	NN	Gen.Sg.Fem	Bürgergesellschaft
26-42	4330-4331	.	_	_	_	_	_	_	_	_	_	$.	_	.

#Text=Denn : " Der Bürgerstaat ist nicht bequem , Demokratie braucht Leistung . "
27-1	4334-4338	Denn	_	_	_	_	_	_	_	_	_	KON	_	denn
27-2	4339-4340	:	_	_	_	_	_	_	_	_	_	$.	_	:
27-3	4341-4342	"	_	_	_	_	_	_	_	_	_	$(	_	"
27-4	4343-4346	Der	_	_	_	_	_	_	_	_	_	ART	Nom.Sg.Masc	der
27-5	4347-4358	Bürgerstaat	_	_	_	_	_	_	_	_	_	NN	Nom.Sg.Masc	Bürgerstaat
27-6	4359-4362	ist	_	_	_	_	_	_	_	_	_	VAFIN	3.Sg.Pres.Ind	sein
27-7	4363-4368	nicht	_	_	_	_	_	_	_	_	_	PTKNEG	_	nicht
27-8	4369-4375	bequem	_	_	_	_	_	_	_	_	_	ADJD	Pos	bequem
27-9	4376-4377	,	_	_	_	_	_	_	_	_	_	$,	_	,
27-10	4378-4388	Demokratie	_	_	_	_	_	_	_	_	_	NN	Nom.Sg.Fem	Demokratie
27-11	4389-4396	braucht	_	_	_	_	_	_	_	_	_	VVFIN	3.Sg.Pres.Ind	brauchen
27-12	4397-4405	Leistung	_	_	_	_	_	_	_	_	_	NN	Acc.Sg.Fem	Leistung
27-13	4406-4407	.	_	_	_	_	_	_	_	_	_	$.	_	.
27-14	4408-4409	"	_	_	_	_	_	_	_	_	_	$(	_	"

#Text=Willy Brandt hat das so gesagt , in seiner Regierungserklärung vor 35 Jahren , und der Satz gilt heute unverändert .
28-1	4412-4417	Willy	_	_	_	_	_	_	_	_	_	NE	Nom.Sg.Masc	Willy
28-2	4418-4424	Brandt	_	_	_	_	_	_	_	_	_	NE	Nom.Sg.Masc	Brandt
28-3	4425-4428	hat	_	_	_	_	_	_	_	_	_	VAFIN	3.Sg.Pres.Ind	haben
28-4	4429-4432	das	_	_	_	_	_	_	_	_	_	PDS	Acc.Sg.Neut	der
28-5	4433-4435	so	_	_	_	_	_	_	_	_	_	ADV	_	so
28-6	4436-4442	gesagt	_	_	_	_	_	_	_	_	_	VVPP	Psp	sagen
28-7	4443-4444	,	_	_	_	_	_	_	_	_	_	$,	_	,
28-8	4445-4447	in	_	_	_	_	_	_	_	_	_	APPR	_	in
28-9	4448-4454	seiner	_	_	_	_	_	_	_	_	_	PPOSAT	Dat.Sg.Fem	sein
28-10	4455-4474	Regierungserklärung	_	_	_	_	_	_	_	_	_	NN	Dat.Sg.Fem	Regierungserklärung
28-11	4475-4478	vor	_	_	_	_	_	_	_	_	_	APPR	_	vor
28-12	4479-4481	35	_	_	_	_	_	_	_	_	_	CARD	_	35
28-13	4482-4488	Jahren	_	_	_	_	_	_	_	_	_	NN	Dat.Pl.Neut	Jahr
28-14	4489-4490	,	_	_	_	_	_	_	_	_	_	$,	_	,
28-15	4491-4494	und	_	_	_	_	_	_	_	_	_	KON	_	und
28-16	4495-4498	der	_	_	_	_	_	_	_	_	_	ART	Nom.Sg.Masc	der
28-17	4499-4503	Satz	_	_	_	_	_	_	_	_	_	NN	Nom.Sg.Masc	Satz
28-18	4504-4508	gilt	_	_	_	_	_	_	_	_	_	VVFIN	3.Sg.Pres.Ind	gelten
28-19	4509-4514	heute	_	_	_	_	_	_	_	_	_	ADV	_	heute
28-20	4515-4526	unverändert	_	_	_	_	_	_	_	_	_	ADJD	Pos	unverändert
28-21	4527-4528	.	_	_	_	_	_	_	_	_	_	$.	_	.

#Text=Niemand darf sich darauf verlassen , dass der Staat allein es schon richten wird .
29-1	4531-4538	Niemand	_	_	_	_	_	_	_	_	_	PIS	Nom.Sg.Masc	niemand
29-2	4539-4543	darf	_	_	_	_	_	_	_	_	_	VMFIN	3.Sg.Pres.Ind	dürfen
29-3	4544-4548	sich	_	_	_	_	_	_	_	_	_	PRF	3.Acc.Sg	sich
29-4	4549-4555	darauf	_	_	_	_	_	_	_	_	_	PROAV	_	darauf
29-5	4556-4565	verlassen	_	_	_	_	_	_	_	_	_	VVINF	Inf	verlassen
29-6	4566-4567	,	_	_	_	_	_	_	_	_	_	$,	_	,
29-7	4568-4572	dass	_	_	_	_	_	_	_	_	_	KOUS	_	dass
29-8	4573-4576	der	_	_	_	_	_	_	_	_	_	ART	Nom.Sg.Masc	der
29-9	4577-4582	Staat	_	_	_	_	_	_	_	_	_	NN	Nom.Sg.Masc	Staat
29-10	4583-4589	allein	_	_	_	_	_	_	_	_	_	ADV	_	allein
29-11	4590-4592	es	_	_	_	_	_	_	_	_	_	PPER	3.Acc.Sg.Neut	es
29-12	4593-4598	schon	_	_	_	_	_	_	_	_	_	ADV	_	schon
29-13	4599-4606	richten	_	_	_	_	_	_	_	_	_	VVINF	Inf	richten
29-14	4607-4611	wird	_	_	_	_	_	_	_	_	_	VAFIN	3.Sg.Pres.Ind	werden
29-15	4612-4613	.	_	_	_	_	_	_	_	_	_	$.	_	.

#Text=Gewiss , der Staat soll ermuntern und aktivieren , und er muss Strukturen schaffen , die dazu beitragen , dass Engagement und Ideen sich entfalten können .
30-1	4616-4622	Gewiss	_	_	_	_	_	_	_	_	_	ADV	_	gewiss
30-2	4623-4624	,	_	_	_	_	_	_	_	_	_	$,	_	,
30-3	4625-4628	der	_	_	_	_	_	_	_	_	_	ART	Nom.Sg.Masc	der
30-4	4629-4634	Staat	_	_	_	_	_	_	_	_	_	NN	Nom.Sg.Masc	Staat
30-5	4635-4639	soll	_	_	_	_	_	_	_	_	_	VMFIN	3.Sg.Pres.Ind	sollen
30-6	4640-4649	ermuntern	_	_	_	_	_	_	_	_	_	VVINF	Inf	ermuntern
30-7	4650-4653	und	_	_	_	_	_	_	_	_	_	KON	_	und
30-8	4654-4664	aktivieren	_	_	_	_	_	_	_	_	_	VVINF	Inf	aktivieren
30-9	4665-4666	,	_	_	_	_	_	_	_	_	_	$,	_	,
30-10	4667-4670	und	_	_	_	_	_	_	_	_	_	KON	_	und
30-11	4671-4673	er	_	_	_	_	_	_	_	_	_	PPER	3.Nom.Sg.Masc	er
30-12	4674-4678	muss	_	_	_	_	_	_	_	_	_	APPRART	Acc.Sg.Neut	mus
30-13	4679-4689	Strukturen	_	_	_	_	_	_	_	_	_	NN	Acc.Pl.Fem	Struktur
30-14	4690-4698	schaffen	_	_	_	_	_	_	_	_	_	VVINF	Inf	schaffen
30-15	4699-4700	,	_	_	_	_	_	_	_	_	_	$,	_	,
30-16	4701-4704	die	_	_	_	_	_	_	_	_	_	PRELS	Nom.Pl.Fem	der
30-17	4705-4709	dazu	_	_	_	_	_	_	_	_	_	PROAV	_	dazu
30-18	4710-4719	beitragen	_	_	_	_	_	_	_	_	_	VVFIN	3.Pl.Pres.Ind	beitragen
30-19	4720-4721	,	_	_	_	_	_	_	_	_	_	$,	_	,
30-20	4722-4726	dass	_	_	_	_	_	_	_	_	_	KOUS	_	dass
30-21	4727-4737	Engagement	_	_	_	_	_	_	_	_	_	NN	Nom.Sg.Neut	Engagement
30-22	4738-4741	und	_	_	_	_	_	_	_	_	_	KON	_	und
30-23	4742-4747	Ideen	_	_	_	_	_	_	_	_	_	NN	Nom.Pl.Fem	Idee
30-24	4748-4752	sich	_	_	_	_	_	_	_	_	_	PRF	3.Acc.Pl	sich
30-25	4753-4762	entfalten	_	_	_	_	_	_	_	_	_	VVINF	Inf	entfalten
30-26	4763-4769	können	_	_	_	_	_	_	_	_	_	VMFIN	3.Pl.Pres.Ind	können
30-27	4770-4771	.	_	_	_	_	_	_	_	_	_	$.	_	.

#Text=Doch das alles nützt wenig , wenn es nicht von aktiven Bürgerinnen und Bürgern mit Leben erfüllt wird ; von Menschen wie Ihnen , die zupacken und handeln .
31-1	4774-4778	Doch	_	_	_	_	_	_	_	_	_	KON	_	doch
31-2	4779-4782	das	_	_	_	_	_	_	_	_	_	ART	Nom.Sg.Neut	der
31-3	4783-4788	alles	_	_	_	_	_	_	_	_	_	PIS	Nom.Sg.Neut	alle
31-4	4789-4794	nützt	_	_	_	_	_	_	_	_	_	VVFIN	3.Sg.Pres.Ind	nützen
31-5	4795-4800	wenig	_	_	_	_	_	_	_	_	_	PIS	*.*.*	wenig
31-6	4801-4802	,	_	_	_	_	_	_	_	_	_	$,	_	,
31-7	4803-4807	wenn	_	_	_	_	_	_	_	_	_	KOUS	_	wenn
31-8	4808-4810	es	_	_	_	_	_	_	_	_	_	PPER	3.Nom.Sg.Neut	es
31-9	4811-4816	nicht	_	_	_	_	_	_	_	_	_	PTKNEG	_	nicht
31-10	4817-4820	von	_	_	_	_	_	_	_	_	_	APPR	_	von
31-11	4821-4828	aktiven	_	_	_	_	_	_	_	_	_	ADJA	Pos.Dat.Pl.*	aktiv
31-12	4829-4840	Bürgerinnen	_	_	_	_	_	_	_	_	_	NN	Dat.Pl.Fem	Bürgerin
31-13	4841-4844	und	_	_	_	_	_	_	_	_	_	KON	_	und
31-14	4845-4852	Bürgern	_	_	_	_	_	_	_	_	_	NN	Dat.Pl.Masc	Bürger
31-15	4853-4856	mit	_	_	_	_	_	_	_	_	_	APPR	_	mit
31-16	4857-4862	Leben	_	_	_	_	_	_	_	_	_	NN	Dat.Sg.Neut	Leben
31-17	4863-4870	erfüllt	_	_	_	_	_	_	_	_	_	VVPP	Psp	erfüllen
31-18	4871-4875	wird	_	_	_	_	_	_	_	_	_	VAFIN	3.Sg.Pres.Ind	werden
31-19	4876-4877	;	_	_	_	_	_	_	_	_	_	$.	_	;
31-20	4878-4881	von	_	_	_	_	_	_	_	_	_	APPR	_	von
31-21	4882-4890	Menschen	_	_	_	_	_	_	_	_	_	NN	Dat.Pl.Masc	Mensch
31-22	4891-4894	wie	_	_	_	_	_	_	_	_	_	KOKOM	_	wie
31-23	4895-4900	Ihnen	_	_	_	_	_	_	_	_	_	PPER	3.Dat.Pl.*	ihnen
31-24	4901-4902	,	_	_	_	_	_	_	_	_	_	$,	_	,
31-25	4903-4906	die	_	_	_	_	_	_	_	_	_	PRELS	Nom.Pl.Masc	der
31-26	4907-4915	zupacken	_	_	_	_	_	_	_	_	_	VVFIN	3.Pl.Pres.Ind	zupacken
31-27	4916-4919	und	_	_	_	_	_	_	_	_	_	KON	_	und
31-28	4920-4927	handeln	_	_	_	_	_	_	_	_	_	VVFIN	3.Pl.Pres.Ind	handeln
31-29	4928-4929	.	_	_	_	_	_	_	_	_	_	$.	_	.

#Text=Wenn ich mich hier so umblicke , habe ich allen Anlass zum Optimismus .
32-1	4932-4936	Wenn	_	_	_	_	_	_	_	_	_	KOUS	_	wenn
32-2	4937-4940	ich	_	_	_	_	_	_	_	_	_	PPER	1.Nom.Sg.*	ich
32-3	4941-4945	mich	_	_	_	_	_	_	_	_	_	PRF	1.Acc.Sg	sich
32-4	4946-4950	hier	_	_	_	_	_	_	_	_	_	ADV	_	hier
32-5	4951-4953	so	_	_	_	_	_	_	_	_	_	ADV	_	so
32-6	4954-4962	umblicke	_	_	_	_	_	_	_	_	_	VVFIN	1.Sg.Pres.Ind	umblicken
32-7	4963-4964	,	_	_	_	_	_	_	_	_	_	$,	_	,
32-8	4965-4969	habe	_	_	_	_	_	_	_	_	_	VAFIN	1.Sg.Pres.Ind	haben
32-9	4970-4973	ich	_	_	_	_	_	_	_	_	_	PPER	1.Nom.Sg.*	ich
32-10	4974-4979	allen	_	_	_	_	_	_	_	_	_	PIAT	Acc.Sg.Masc	aller
32-11	4980-4986	Anlass	_	_	_	_	_	_	_	_	_	NN	Acc.Sg.Masc	Anlass
32-12	4987-4990	zum	_	_	_	_	_	_	_	_	_	APPRART	Dat.Sg.Masc	zu
32-13	4991-5001	Optimismus	_	_	_	_	_	_	_	_	_	NN	Dat.Sg.Masc	Optimismus
32-14	5002-5003	.	_	_	_	_	_	_	_	_	_	$.	_	.

#Text=Auch die Zahlen sprechen für sich : Es gibt in Deutschland immer mehr Stiftungen und eine große Vielfalt von Netzwerken , Initiativen und sonstigen Institutionen der Bürgergesellschaft .
33-1	5006-5010	Auch	_	_	_	_	_	_	_	_	_	ADV	_	auch
33-2	5011-5014	die	_	_	_	_	_	_	_	_	_	ART	Nom.Pl.Fem	der
33-3	5015-5021	Zahlen	_	_	_	_	_	_	_	_	_	NN	Nom.Pl.Fem	Zahl
33-4	5022-5030	sprechen	_	_	_	_	_	_	_	_	_	VVFIN	3.Pl.Pres.Ind	sprechen
33-5	5031-5034	für	_	_	_	_	_	_	_	_	_	APPR	_	für
33-6	5035-5039	sich	_	_	_	_	_	_	_	_	_	PRF	3.Acc.Pl	sich
33-7	5040-5041	:	_	_	_	_	_	_	_	_	_	$.	_	:
33-8	5042-5044	Es	_	_	_	_	_	_	_	_	_	PPER	3.Nom.Sg.Neut	es
33-9	5045-5049	gibt	_	_	_	_	_	_	_	_	_	VVFIN	3.Sg.Pres.Ind	geben
33-10	5050-5052	in	_	_	_	_	_	_	_	_	_	APPR	_	in
33-11	5053-5064	Deutschland	_	_	_	_	_	_	_	_	_	NE	Dat.Sg.Neut	Deutschland
33-12	5065-5070	immer	_	_	_	_	_	_	_	_	_	ADV	_	immer
33-13	5071-5075	mehr	_	_	_	_	_	_	_	_	_	PIAT	*.*.*	mehr
33-14	5076-5086	Stiftungen	_	_	_	_	_	_	_	_	_	NN	Acc.Pl.Fem	Stiftung
33-15	5087-5090	und	_	_	_	_	_	_	_	_	_	KON	_	und
33-16	5091-5095	eine	_	_	_	_	_	_	_	_	_	ART	Acc.Sg.Fem	ein
33-17	5096-5101	große	_	_	_	_	_	_	_	_	_	ADJA	Pos.Acc.Sg.Fem	groß
33-18	5102-5110	Vielfalt	_	_	_	_	_	_	_	_	_	NN	Acc.Sg.Fem	Vielfalt
33-19	5111-5114	von	_	_	_	_	_	_	_	_	_	APPR	_	von
33-20	5115-5125	Netzwerken	_	_	_	_	_	_	_	_	_	NN	Dat.Pl.Neut	Netzwerk
33-21	5126-5127	,	_	_	_	_	_	_	_	_	_	$,	_	,
33-22	5128-5139	Initiativen	_	_	_	_	_	_	_	_	_	NN	Dat.Pl.Fem	Initiative
33-23	5140-5143	und	_	_	_	_	_	_	_	_	_	KON	_	und
33-24	5144-5153	sonstigen	_	_	_	_	_	_	_	_	_	ADJA	Pos.Dat.Pl.Fem	sonstig
33-25	5154-5167	Institutionen	_	_	_	_	_	_	_	_	_	NN	Dat.Pl.Fem	Institution
33-26	5168-5171	der	_	_	_	_	_	_	_	_	_	ART	Gen.Sg.Fem	der
33-27	5172-5190	Bürgergesellschaft	_	_	_	_	_	_	_	_	_	NN	Gen.Sg.Fem	Bürgergesellschaft
33-28	5191-5192	.	_	_	_	_	_	_	_	_	_	$.	_	.

#Text=Inzwischen ist jeder dritte erwachsene Deutsche unbezahlt und freiwillig für andere tätig ; nicht zu vergessen die ungezählten Menschen , die sich mit einem großen Teil ihrer Zeit und ihrer Kraft um hilfsbedürftige Angehörige kümmern .
34-1	5195-5205	Inzwischen	_	_	_	_	_	_	_	_	_	ADV	_	inzwischen
34-2	5206-5209	ist	_	_	_	_	_	_	_	_	_	VAFIN	3.Sg.Pres.Ind	sein
34-3	5210-5215	jeder	_	_	_	_	_	_	_	_	_	PIAT	Nom.Sg.Masc	jeder
34-4	5216-5222	dritte	_	_	_	_	_	_	_	_	_	ADJA	Pos.Nom.Sg.Masc	dritter
34-5	5223-5233	erwachsene	_	_	_	_	_	_	_	_	_	ADJA	Pos.Nom.Sg.Masc	erwachsene
34-6	5234-5242	Deutsche	_	_	_	_	_	_	_	_	_	NN	Nom.Sg.Masc	deutsche
34-7	5243-5252	unbezahlt	_	_	_	_	_	_	_	_	_	ADJD	Pos	unbezahlt
34-8	5253-5256	und	_	_	_	_	_	_	_	_	_	KON	_	und
34-9	5257-5267	freiwillig	_	_	_	_	_	_	_	_	_	ADJD	Pos	freiwillig
34-10	5268-5271	für	_	_	_	_	_	_	_	_	_	APPR	_	für
34-11	5272-5278	andere	_	_	_	_	_	_	_	_	_	PIS	Acc.Pl.*	anderer
34-12	5279-5284	tätig	_	_	_	_	_	_	_	_	_	ADJD	Pos	tätig
34-13	5285-5286	;	_	_	_	_	_	_	_	_	_	$.	_	;
34-14	5287-5292	nicht	_	_	_	_	_	_	_	_	_	PTKNEG	_	nicht
34-15	5293-5295	zu	_	_	_	_	_	_	_	_	_	PTKZU	_	zu
34-16	5296-5305	vergessen	_	_	_	_	_	_	_	_	_	VVINF	Inf	vergessen
34-17	5306-5309	die	_	_	_	_	_	_	_	_	_	ART	Nom.Pl.Masc	der
34-18	5310-5321	ungezählten	_	_	_	_	_	_	_	_	_	ADJA	Pos.Acc.Pl.Masc	ungezählt
34-19	5322-5330	Menschen	_	_	_	_	_	_	_	_	_	NN	Nom.Pl.Masc	Mensch
34-20	5331-5332	,	_	_	_	_	_	_	_	_	_	$,	_	,
34-21	5333-5336	die	_	_	_	_	_	_	_	_	_	PRELS	Nom.Pl.Masc	der
34-22	5337-5341	sich	_	_	_	_	_	_	_	_	_	PRF	3.Acc.Pl	sich
34-23	5342-5345	mit	_	_	_	_	_	_	_	_	_	APPR	_	mit
34-24	5346-5351	einem	_	_	_	_	_	_	_	_	_	ART	Dat.Sg.Masc	ein
34-25	5352-5358	großen	_	_	_	_	_	_	_	_	_	ADJA	Pos.Dat.Sg.Masc	groß
34-26	5359-5363	Teil	_	_	_	_	_	_	_	_	_	NN	Dat.Sg.Masc	Teil
34-27	5364-5369	ihrer	_	_	_	_	_	_	_	_	_	PPOSAT	Gen.Sg.Fem	ihr
34-28	5370-5374	Zeit	_	_	_	_	_	_	_	_	_	NN	Gen.Sg.Fem	Zeit
34-29	5375-5378	und	_	_	_	_	_	_	_	_	_	KON	_	und
34-30	5379-5384	ihrer	_	_	_	_	_	_	_	_	_	PPOSAT	Gen.Sg.Fem	ihr
34-31	5385-5390	Kraft	_	_	_	_	_	_	_	_	_	NN	Dat.Sg.Fem	Kraft
34-32	5391-5393	um	_	_	_	_	_	_	_	_	_	APPR	_	um
34-33	5394-5409	hilfsbedürftige	_	_	_	_	_	_	_	_	_	ADJA	Pos.Acc.Pl.*	hilfsbedürftig
34-34	5410-5420	Angehörige	_	_	_	_	_	_	_	_	_	NN	Acc.Pl.*	angehörige
34-35	5421-5428	kümmern	_	_	_	_	_	_	_	_	_	VVFIN	3.Pl.Pres.Ind	kümmern
34-36	5429-5430	.	_	_	_	_	_	_	_	_	_	$.	_	.

#Text=Sie alle zusammen schaffen etwas , was Staat und Verwaltung nie und nimmer organisieren könnten .
35-1	5433-5436	Sie	_	_	_	_	_	_	_	_	_	PPER	3.Nom.Pl.*	sie
35-2	5437-5441	alle	_	_	_	_	_	_	_	_	_	PIS	Nom.Pl.*	alle
35-3	5442-5450	zusammen	_	_	_	_	_	_	_	_	_	ADV	_	zusammen
35-4	5451-5459	schaffen	_	_	_	_	_	_	_	_	_	VVFIN	3.Pl.Pres.Ind	schaffen
35-5	5460-5465	etwas	_	_	_	_	_	_	_	_	_	PIS	*.*.Neut	etwas
35-6	5466-5467	,	_	_	_	_	_	_	_	_	_	$,	_	,
35-7	5468-5471	was	_	_	_	_	_	_	_	_	_	PRELS	Nom.Pl.*	wer
35-8	5472-5477	Staat	_	_	_	_	_	_	_	_	_	NN	Acc.Sg.Masc	Staat
35-9	5478-5481	und	_	_	_	_	_	_	_	_	_	KON	_	und
35-10	5482-5492	Verwaltung	_	_	_	_	_	_	_	_	_	NN	Acc.Sg.Fem	Verwaltung
35-11	5493-5496	nie	_	_	_	_	_	_	_	_	_	ADV	_	nie
35-12	5497-5500	und	_	_	_	_	_	_	_	_	_	KON	_	und
35-13	5501-5507	nimmer	_	_	_	_	_	_	_	_	_	ADV	_	nimmer
35-14	5508-5520	organisieren	_	_	_	_	_	_	_	_	_	VVINF	Inf	organisieren
35-15	5521-5528	könnten	_	_	_	_	_	_	_	_	_	VMFIN	3.Pl.Past.Subj	können
35-16	5529-5530	.	_	_	_	_	_	_	_	_	_	$.	_	.

#Text=Sie alle bilden mit Ihrem vielfältigen Engagement die Grundlage , auf der unsere Bürgergesellschaft gedeiht .
36-1	5533-5536	Sie	_	_	_	_	_	_	_	_	_	PPER	3.Nom.Pl.*	sie
36-2	5537-5541	alle	_	_	_	_	_	_	_	_	_	PIS	Nom.Pl.*	alle
36-3	5542-5548	bilden	_	_	_	_	_	_	_	_	_	VVFIN	3.Pl.Pres.Ind	bilden
36-4	5549-5552	mit	_	_	_	_	_	_	_	_	_	APPR	_	mit
36-5	5553-5558	Ihrem	_	_	_	_	_	_	_	_	_	PPOSAT	Dat.Sg.Neut	ihr
36-6	5559-5571	vielfältigen	_	_	_	_	_	_	_	_	_	ADJA	Pos.Dat.Sg.Neut	vielfältig
36-7	5572-5582	Engagement	_	_	_	_	_	_	_	_	_	NN	Dat.Sg.Neut	Engagement
36-8	5583-5586	die	_	_	_	_	_	_	_	_	_	ART	Acc.Sg.Fem	der
36-9	5587-5596	Grundlage	_	_	_	_	_	_	_	_	_	NN	Acc.Sg.Fem	Grundlage
36-10	5597-5598	,	_	_	_	_	_	_	_	_	_	$,	_	,
36-11	5599-5602	auf	_	_	_	_	_	_	_	_	_	APPR	_	auf
36-12	5603-5606	der	_	_	_	_	_	_	_	_	_	PRELS	Dat.Sg.Fem	der
36-13	5607-5613	unsere	_	_	_	_	_	_	_	_	_	PPOSAT	Nom.Sg.Fem	unser
36-14	5614-5632	Bürgergesellschaft	_	_	_	_	_	_	_	_	_	NN	Nom.Sg.Fem	Bürgergesellschaft
36-15	5633-5640	gedeiht	false	0Kern	true	true	im pflanzlichen, körperlichen oder geistigen Wachstum gut vorankommen	true	*	Bürgergesellschaft wächst durch das Engagement	_	VVFIN	3.Sg.Pres.Ind	gedeihen
36-16	5641-5642	.	_	_	_	_	_	_	_	_	_	$.	_	.

#Text=Damit , meine Damen und Herren , sind wir wieder beim Tag der Deutschen Einheit , genauer : bei der Frage , was uns eigentlich verbindet - in einem Land , dessen Bewohner sehr unterschiedlich sind in ihrer kulturellen Vielfalt , ihren Lebensgeschichten und Lebensumständen .
37-1	5645-5650	Damit	_	_	_	_	_	_	_	_	_	PROAV	_	damit
37-2	5651-5652	,	_	_	_	_	_	_	_	_	_	$,	_	,
37-3	5653-5658	meine	_	_	_	_	_	_	_	_	_	PPOSAT	Nom.Pl.*	mein
37-4	5659-5664	Damen	_	_	_	_	_	_	_	_	_	NN	Nom.Pl.Fem	Dame
37-5	5665-5668	und	_	_	_	_	_	_	_	_	_	KON	_	und
37-6	5669-5675	Herren	_	_	_	_	_	_	_	_	_	NN	Nom.Pl.Masc	Herr
37-7	5676-5677	,	_	_	_	_	_	_	_	_	_	$,	_	,
37-8	5678-5682	sind	_	_	_	_	_	_	_	_	_	VAFIN	1.Pl.Pres.Ind	sein
37-9	5683-5686	wir	_	_	_	_	_	_	_	_	_	PPER	1.Nom.Pl.*	wir
37-10	5687-5693	wieder	_	_	_	_	_	_	_	_	_	ADV	_	wieder
37-11	5694-5698	beim	_	_	_	_	_	_	_	_	_	APPRART	Dat.Sg.Masc	bei
37-12	5699-5702	Tag	_	_	_	_	_	_	_	_	_	NN	Dat.Sg.Masc	Tag
37-13	5703-5706	der	_	_	_	_	_	_	_	_	_	ART	Gen.Sg.Fem	der
37-14	5707-5716	Deutschen	_	_	_	_	_	_	_	_	_	ADJA	Pos.Gen.Sg.Fem	deutsch
37-15	5717-5724	Einheit	_	_	_	_	_	_	_	_	_	NN	Gen.Sg.Fem	Einheit
37-16	5725-5726	,	_	_	_	_	_	_	_	_	_	$,	_	,
37-17	5727-5734	genauer	_	_	_	_	_	_	_	_	_	ADJD	Comp	genau
37-18	5735-5736	:	_	_	_	_	_	_	_	_	_	$.	_	:
37-19	5737-5740	bei	_	_	_	_	_	_	_	_	_	APPR	_	bei
37-20	5741-5744	der	_	_	_	_	_	_	_	_	_	ART	Dat.Sg.Fem	der
37-21	5745-5750	Frage	_	_	_	_	_	_	_	_	_	NN	Dat.Sg.Fem	Frage
37-22	5751-5752	,	_	_	_	_	_	_	_	_	_	$,	_	,
37-23	5753-5756	was	_	_	_	_	_	_	_	_	_	PRELS	Nom.Sg.Neut	wer
37-24	5757-5760	uns	_	_	_	_	_	_	_	_	_	PPER	1.Dat.Pl.*	uns
37-25	5761-5771	eigentlich	_	_	_	_	_	_	_	_	_	ADV	_	eigentlich
37-26	5772-5781	verbindet	_	_	_	_	_	_	_	_	_	VVFIN	3.Sg.Pres.Ind	verbinden
37-27	5782-5783	-	_	_	_	_	_	_	_	_	_	$(	_	-
37-28	5784-5786	in	_	_	_	_	_	_	_	_	_	APPR	_	in
37-29	5787-5792	einem	_	_	_	_	_	_	_	_	_	ART	Dat.Sg.Neut	ein
37-30	5793-5797	Land	_	_	_	_	_	_	_	_	_	NN	Dat.Sg.Neut	Land
37-31	5798-5799	,	_	_	_	_	_	_	_	_	_	$,	_	,
37-32	5800-5806	dessen	_	_	_	_	_	_	_	_	_	PRELAT	Gen.Sg.Neut	der
37-33	5807-5815	Bewohner	_	_	_	_	_	_	_	_	_	NN	Nom.Pl.Masc	Bewohner
37-34	5816-5820	sehr	_	_	_	_	_	_	_	_	_	ADV	_	sehr
37-35	5821-5836	unterschiedlich	_	_	_	_	_	_	_	_	_	ADJD	Pos	unterschiedlich
37-36	5837-5841	sind	_	_	_	_	_	_	_	_	_	VAFIN	3.Pl.Pres.Ind	sein
37-37	5842-5844	in	_	_	_	_	_	_	_	_	_	APPR	_	in
37-38	5845-5850	ihrer	_	_	_	_	_	_	_	_	_	PPOSAT	Dat.Sg.Fem	ihr
37-39	5851-5862	kulturellen	_	_	_	_	_	_	_	_	_	ADJA	Pos.Dat.Sg.Fem	kulturell
37-40	5863-5871	Vielfalt	_	_	_	_	_	_	_	_	_	NN	Dat.Sg.Fem	Vielfalt
37-41	5872-5873	,	_	_	_	_	_	_	_	_	_	$,	_	,
37-42	5874-5879	ihren	_	_	_	_	_	_	_	_	_	PPOSAT	Dat.Pl.*	ihr
37-43	5880-5897	Lebensgeschichten	_	_	_	_	_	_	_	_	_	NN	Dat.Pl.Fem	Lebensgeschichte
37-44	5898-5901	und	_	_	_	_	_	_	_	_	_	KON	_	und
37-45	5902-5917	Lebensumständen	_	_	_	_	_	_	_	_	_	NN	Dat.Pl.Masc	Lebensumstand
37-46	5918-5919	.	_	_	_	_	_	_	_	_	_	$.	_	.

#Text=Ich meine , es ist gerade auch dieses dichte Gewebe einer lebendigen Bürgergesellschaft ; es sind die vielen verschiedenen Antworten auf die Frage , wie wir zusammenleben können als Gleiche und doch Verschiedene und wie wir unsere Zukunft gestalten sollten in unserem gemeinsamen , geeinten Land .
38-1	5922-5925	Ich	_	_	_	_	_	_	_	_	_	PPER	1.Nom.Sg.*	ich
38-2	5926-5931	meine	_	_	_	_	_	_	_	_	_	VVFIN	1.Sg.Pres.Ind	meinen
38-3	5932-5933	,	_	_	_	_	_	_	_	_	_	$,	_	,
38-4	5934-5936	es	_	_	_	_	_	_	_	_	_	PPER	3.Nom.Sg.Neut	es
38-5	5937-5940	ist	_	_	_	_	_	_	_	_	_	VAFIN	3.Sg.Pres.Ind	sein
38-6	5941-5947	gerade	_	_	_	_	_	_	_	_	_	ADV	_	gerade
38-7	5948-5952	auch	_	_	_	_	_	_	_	_	_	ADV	_	auch
38-8	5953-5959	dieses	_	_	_	_	_	_	_	_	_	PDAT	Nom.Sg.Neut	dieser
38-9	5960-5966	dichte	_	_	_	_	_	_	_	_	_	ADJA	Pos.Nom.Sg.Neut	dicht
38-10	5967-5973	Gewebe	false	0Kern	true	false	Geflecht aus Stofffäden	true	*	Zusammenschluss	_	NN	Nom.Sg.Neut	Gewebe
38-11	5974-5979	einer	_	_	_	_	_	_	_	_	_	ART	Gen.Sg.Fem	ein
38-12	5980-5990	lebendigen	_	_	_	_	_	_	_	_	_	ADJA	Pos.Gen.Sg.Fem	lebendig
38-13	5991-6009	Bürgergesellschaft	_	_	_	_	_	_	_	_	_	NN	Gen.Sg.Fem	Bürgergesellschaft
38-14	6010-6011	;	_	_	_	_	_	_	_	_	_	$.	_	;
38-15	6012-6014	es	_	_	_	_	_	_	_	_	_	PPER	3.Nom.Sg.Neut	es
38-16	6015-6019	sind	_	_	_	_	_	_	_	_	_	VAFIN	3.Pl.Pres.Ind	sein
38-17	6020-6023	die	_	_	_	_	_	_	_	_	_	ART	Nom.Pl.Fem	der
38-18	6024-6030	vielen	_	_	_	_	_	_	_	_	_	PIAT	Nom.Pl.Fem	vieler
38-19	6031-6044	verschiedenen	_	_	_	_	_	_	_	_	_	ADJA	Pos.Nom.Pl.Fem	verschieden
38-20	6045-6054	Antworten	_	_	_	_	_	_	_	_	_	NN	Nom.Pl.Fem	Antwort
38-21	6055-6058	auf	_	_	_	_	_	_	_	_	_	APPR	_	auf
38-22	6059-6062	die	_	_	_	_	_	_	_	_	_	ART	Acc.Sg.Fem	der
38-23	6063-6068	Frage	_	_	_	_	_	_	_	_	_	NN	Acc.Sg.Fem	Frage
38-24	6069-6070	,	_	_	_	_	_	_	_	_	_	$,	_	,
38-25	6071-6074	wie	_	_	_	_	_	_	_	_	_	PWAV	_	wie
38-26	6075-6078	wir	_	_	_	_	_	_	_	_	_	PPER	1.Nom.Pl.*	wir
38-27	6079-6092	zusammenleben	_	_	_	_	_	_	_	_	_	VVINF	Inf	zusammenleben
38-28	6093-6099	können	_	_	_	_	_	_	_	_	_	VMFIN	1.Pl.Pres.Ind	können
38-29	6100-6103	als	_	_	_	_	_	_	_	_	_	APPR	_	als
38-30	6104-6111	Gleiche	_	_	_	_	_	_	_	_	_	NN	Nom.Pl.*	gleiche
38-31	6112-6115	und	_	_	_	_	_	_	_	_	_	KON	_	und
38-32	6116-6120	doch	_	_	_	_	_	_	_	_	_	ADV	_	doch
38-33	6121-6133	Verschiedene	_	_	_	_	_	_	_	_	_	NN	Nom.Pl.*	verschiedene
38-34	6134-6137	und	_	_	_	_	_	_	_	_	_	KON	_	und
38-35	6138-6141	wie	_	_	_	_	_	_	_	_	_	PWAV	_	wie
38-36	6142-6145	wir	_	_	_	_	_	_	_	_	_	PPER	1.Nom.Pl.*	wir
38-37	6146-6152	unsere	_	_	_	_	_	_	_	_	_	PPOSAT	Acc.Sg.Fem	unser
38-38	6153-6160	Zukunft	_	_	_	_	_	_	_	_	_	NN	Acc.Sg.Fem	Zukunft
38-39	6161-6170	gestalten	_	_	_	_	_	_	_	_	_	VVINF	Inf	gestalten
38-40	6171-6178	sollten	_	_	_	_	_	_	_	_	_	VMFIN	1.Pl.Past.Subj	sollen
38-41	6179-6181	in	_	_	_	_	_	_	_	_	_	APPR	_	in
38-42	6182-6189	unserem	_	_	_	_	_	_	_	_	_	PPOSAT	Dat.Sg.Neut	unser
38-43	6190-6201	gemeinsamen	_	_	_	_	_	_	_	_	_	ADJA	Pos.Dat.Sg.Neut	gemeinsam
38-44	6202-6203	,	_	_	_	_	_	_	_	_	_	$,	_	,
38-45	6204-6212	geeinten	_	_	_	_	_	_	_	_	_	ADJA	Pos.Dat.Sg.Neut	geeint
38-46	6213-6217	Land	_	_	_	_	_	_	_	_	_	NN	Dat.Sg.Neut	Land
38-47	6218-6219	.	_	_	_	_	_	_	_	_	_	$.	_	.

#Text=Meine Damen und Herren , mein Faible für afrikanische Weisheiten ist inzwischen vermutlich bekannt .
39-1	6222-6227	Meine	_	_	_	_	_	_	_	_	_	PPOSAT	Nom.Pl.*	mein
39-2	6228-6233	Damen	_	_	_	_	_	_	_	_	_	NN	Nom.Pl.Fem	Dame
39-3	6234-6237	und	_	_	_	_	_	_	_	_	_	KON	_	und
39-4	6238-6244	Herren	_	_	_	_	_	_	_	_	_	NN	Nom.Pl.Masc	Herr
39-5	6245-6246	,	_	_	_	_	_	_	_	_	_	$,	_	,
39-6	6247-6251	mein	_	_	_	_	_	_	_	_	_	PPOSAT	Nom.Sg.Neut	mein
39-7	6252-6258	Faible	_	_	_	_	_	_	_	_	_	NN	Nom.Sg.Neut	faible
39-8	6259-6262	für	_	_	_	_	_	_	_	_	_	APPR	_	für
39-9	6263-6275	afrikanische	_	_	_	_	_	_	_	_	_	ADJA	Pos.Acc.Pl.Fem	afrikanisch
39-10	6276-6286	Weisheiten	_	_	_	_	_	_	_	_	_	NN	Acc.Pl.Fem	Weisheit
39-11	6287-6290	ist	_	_	_	_	_	_	_	_	_	VAFIN	3.Sg.Pres.Ind	sein
39-12	6291-6301	inzwischen	_	_	_	_	_	_	_	_	_	ADV	_	inzwischen
39-13	6302-6312	vermutlich	_	_	_	_	_	_	_	_	_	ADV	_	vermutlich
39-14	6313-6320	bekannt	_	_	_	_	_	_	_	_	_	ADJD	Pos	bekannt
39-15	6321-6322	.	_	_	_	_	_	_	_	_	_	$.	_	.

#Text=Eine gebe ich Ihnen mit auf den Weg : " When spiders web unite , they can tie up a lion . "
40-1	6325-6329	Eine	_	_	_	_	_	_	_	_	_	PDS	Acc.Pl.*	einer
40-2	6330-6334	gebe	_	_	_	_	_	_	_	_	_	VVFIN	1.Sg.Pres.Ind	geben
40-3	6335-6338	ich	_	_	_	_	_	_	_	_	_	PPER	1.Nom.Sg.*	ich
40-4	6339-6344	Ihnen	_	_	_	_	_	_	_	_	_	PPER	3.Dat.Pl.*	ihnen
40-5	6345-6348	mit	_	_	_	_	_	_	_	_	_	APPR	_	mit
40-6	6349-6352	auf	_	_	_	_	_	_	_	_	_	APPR	_	auf
40-7	6353-6356	den	_	_	_	_	_	_	_	_	_	ART	Acc.Sg.Masc	der
40-8	6357-6360	Weg	_	_	_	_	_	_	_	_	_	NN	Acc.Sg.Masc	Weg
40-9	6361-6362	:	_	_	_	_	_	_	_	_	_	$.	_	:
40-10	6363-6364	"	_	_	_	_	_	_	_	_	_	$(	_	"
40-11	6365-6369	When	_	_	_	_	_	_	_	_	_	FM	_	When
40-12	6370-6377	spiders	_	_	_	_	_	_	_	_	_	FM	_	spiders
40-13	6378-6381	web	_	_	_	_	_	_	_	_	_	FM	_	web
40-14	6382-6387	unite	_	_	_	_	_	_	_	_	_	FM	_	unite
40-15	6388-6389	,	_	_	_	_	_	_	_	_	_	$,	_	,
40-16	6390-6394	they	_	_	_	_	_	_	_	_	_	FM	_	they
40-17	6395-6398	can	_	_	_	_	_	_	_	_	_	FM	_	can
40-18	6399-6402	tie	_	_	_	_	_	_	_	_	_	FM	_	tie
40-19	6403-6405	up	_	_	_	_	_	_	_	_	_	FM	_	up
40-20	6406-6407	a	_	_	_	_	_	_	_	_	_	FM	_	a
40-21	6408-6412	lion	_	_	_	_	_	_	_	_	_	FM	_	lion
40-22	6413-6414	.	_	_	_	_	_	_	_	_	_	$.	_	.
40-23	6415-6416	"	_	_	_	_	_	_	_	_	_	$(	_	"

#Text=Also " Wenn Spinnen gemeinsam weben , vermögen sie einen Löwen zu fesseln " .
41-1	6419-6423	Also	_	_	_	_	_	_	_	_	_	ADV	_	also
41-2	6424-6425	"	_	_	_	_	_	_	_	_	_	$(	_	"
41-3	6426-6430	Wenn	_	_	_	_	_	_	_	_	_	KOUS	_	wenn
41-4	6431-6438	Spinnen	_	_	_	_	_	_	_	_	_	NN	Nom.Pl.Fem	Spinne
41-5	6439-6448	gemeinsam	_	_	_	_	_	_	_	_	_	ADJD	Pos	gemeinsam
41-6	6449-6454	weben	_	_	_	_	_	_	_	_	_	VVFIN	3.Pl.Pres.Ind	weben
41-7	6455-6456	,	_	_	_	_	_	_	_	_	_	$,	_	,
41-8	6457-6465	vermögen	_	_	_	_	_	_	_	_	_	VVFIN	3.Pl.Pres.Ind	vermögen
41-9	6466-6469	sie	_	_	_	_	_	_	_	_	_	PPER	3.Nom.Pl.*	sie
41-10	6470-6475	einen	_	_	_	_	_	_	_	_	_	ART	Acc.Sg.Masc	ein
41-11	6476-6481	Löwen	_	_	_	_	_	_	_	_	_	NN	Acc.Sg.Masc	Löwe
41-12	6482-6484	zu	_	_	_	_	_	_	_	_	_	PTKZU	_	zu
41-13	6485-6492	fesseln	_	_	_	_	_	_	_	_	_	VVINF	Inf	fesseln
41-14	6493-6494	"	_	_	_	_	_	_	_	_	_	$(	_	"
41-15	6495-6496	.	_	_	_	_	_	_	_	_	_	$.	_	.

#Text=Ich hoffe , Sie knüpfen vielleicht auch jetzt im Anschluss an die Ordensverleihung den einen oder anderen Kontakt - und weben ansonsten munter weiter .
42-1	6499-6502	Ich	_	_	_	_	_	_	_	_	_	PPER	1.Nom.Sg.*	ich
42-2	6503-6508	hoffe	_	_	_	_	_	_	_	_	_	VVFIN	1.Sg.Pres.Ind	hoffen
42-3	6509-6510	,	_	_	_	_	_	_	_	_	_	$,	_	,
42-4	6511-6514	Sie	_	_	_	_	_	_	_	_	_	PPER	3.Nom.Pl.*	sie
42-5	6515-6522	knüpfen	_	_	_	_	_	_	_	_	_	VVFIN	3.Pl.Pres.Ind	knüpfen
42-6	6523-6533	vielleicht	_	_	_	_	_	_	_	_	_	ADV	_	vielleicht
42-7	6534-6538	auch	_	_	_	_	_	_	_	_	_	ADV	_	auch
42-8	6539-6544	jetzt	_	_	_	_	_	_	_	_	_	ADV	_	jetzt
42-9	6545-6547	im	_	_	_	_	_	_	_	_	_	APPRART	Dat.Sg.Masc	in
42-10	6548-6557	Anschluss	_	_	_	_	_	_	_	_	_	NN	Dat.Sg.Masc	Anschluss
42-11	6558-6560	an	_	_	_	_	_	_	_	_	_	APPR	_	an
42-12	6561-6564	die	_	_	_	_	_	_	_	_	_	ART	Acc.Sg.Fem	der
42-13	6565-6581	Ordensverleihung	_	_	_	_	_	_	_	_	_	NN	Acc.Sg.Fem	Ordensverleihung
42-14	6582-6585	den	_	_	_	_	_	_	_	_	_	ART	Acc.Sg.Masc	der
42-15	6586-6591	einen	_	_	_	_	_	_	_	_	_	ADJA	Pos.Acc.Sg.Masc	ein
42-16	6592-6596	oder	_	_	_	_	_	_	_	_	_	KON	_	oder
42-17	6597-6604	anderen	_	_	_	_	_	_	_	_	_	ADJA	Pos.Acc.Sg.Masc	anderer
42-18	6605-6612	Kontakt	_	_	_	_	_	_	_	_	_	NN	Acc.Sg.Masc	Kontakt
42-19	6613-6614	-	_	_	_	_	_	_	_	_	_	$(	_	-
42-20	6615-6618	und	_	_	_	_	_	_	_	_	_	KON	_	und
42-21	6619-6624	weben	false	0Kern	true	true	Längs- und Querfäden zu einem Gewebe kreuzweise verbinden	true	*	Bürgergemeinschaft durch Engagement weiter ausbauen und verbessern	_	VVFIN	3.Pl.Pres.Ind	weben
42-22	6625-6634	ansonsten	_	_	_	_	_	_	_	_	_	ADV	_	ansonsten
42-23	6635-6641	munter	_	_	_	_	_	_	_	_	_	ADV	_	munter
42-24	6642-6648	weiter	_	_	_	_	_	_	_	_	_	PTKVZ	_	weiter
42-25	6649-6650	.	_	_	_	_	_	_	_	_	_	$.	_	.
