#FORMAT=WebAnno TSV 3.3
#T_SP=webanno.custom.MET_A|MFlag|Rolle
#T_SP=webanno.custom.MET_B|basic|c_mark
#T_SP=webanno.custom.MET_B2|b_Lex
#T_SP=webanno.custom.MET_C|a_Ref|b_Art
#T_SP=webanno.custom.MET_D|a_Par


#Text=Cem Özdemir ( BÜNDNIS 90/DIE GRÜNEN ) : heute Abend reden wir über ein wichtiges Thema .
1-1	0-3	Cem	_	_	_	_	_	_	_	_	NE	Nom.Sg.Masc	Cem	_	_
1-2	4-11	Özdemir	_	_	_	_	_	_	_	_	NE	Nom.Sg.Masc	Özdemir	_	_
1-3	12-13	(	_	_	_	_	_	_	_	_	$(	_	(	_	_
1-4	14-21	BÜNDNIS	_	_	_	_	_	_	_	_	NE	Nom.Sg.Neut	Bündnis	_	_
1-5	22-24	90	_	_	_	_	_	_	_	_	NE	*.*.*	90	_	_
1-6	24-25	/	_	_	_	_	_	_	_	_	NE	*.*.*	/	_	_
1-7	25-28	DIE	_	_	_	_	_	_	_	_	NE	*.*.*	DIE	_	_
1-8	29-35	GRÜNEN	_	_	_	_	_	_	_	_	NE	Nom.Sg.Neut	Grünen	_	_
1-9	36-37	)	_	_	_	_	_	_	_	_	$(	_	)	_	_
1-10	38-39	:	_	_	_	_	_	_	_	_	$.	_	:	_	_
1-11	40-45	heute	_	_	_	_	_	_	_	_	ADV	_	heute	_	_
1-12	46-51	Abend	_	_	_	_	_	_	_	_	NN	Acc.Sg.Masc	Abend	_	_
1-13	52-57	reden	_	_	_	_	_	_	_	_	VVFIN	1.Pl.Pres.Ind	reden	_	_
1-14	58-61	wir	_	_	_	_	_	_	_	_	PPER	1.Nom.Pl.*	wir	_	_
1-15	62-66	über	_	_	_	_	_	_	_	_	APPR	_	über	_	_
1-16	67-70	ein	_	_	_	_	_	_	_	_	ART	Acc.Sg.Neut	ein	_	_
1-17	71-80	wichtiges	_	_	_	_	_	_	_	_	ADJA	Pos.Acc.Sg.Neut	wichtig	_	_
1-18	81-86	Thema	_	_	_	_	_	_	_	_	NN	Acc.Sg.Neut	Thema	_	_
1-19	87-88	.	_	_	_	_	_	_	_	_	$.	_	.	_	_

#Text=Ich bedaure , dass es so weit hinten auf der Tagesordnung steht .
2-1	91-94	Ich	_	_	_	_	_	_	_	_	PPER	1.Nom.Sg.*	ich	_	_
2-2	95-102	bedaure	_	_	_	_	_	_	_	_	VVFIN	1.Sg.Pres.Ind	bedauern	_	_
2-3	103-104	,	_	_	_	_	_	_	_	_	$,	_	,	_	_
2-4	105-109	dass	_	_	_	_	_	_	_	_	KOUS	_	dass	_	_
2-5	110-112	es	_	_	_	_	_	_	_	_	PPER	3.Nom.Sg.Neut	es	_	_
2-6	113-115	so	_	_	_	_	_	_	_	_	ADV	_	so	_	_
2-7	116-120	weit	_	_	_	_	_	_	_	_	ADJD	Pos	weit	_	_
2-8	121-127	hinten	_	_	_	_	_	_	_	_	ADV	_	hinten	_	_
2-9	128-131	auf	_	_	_	_	_	_	_	_	APPR	_	auf	_	_
2-10	132-135	der	_	_	_	_	_	_	_	_	ART	Dat.Sg.Fem	der	_	_
2-11	136-148	Tagesordnung	_	_	_	_	_	_	_	_	NN	Dat.Sg.Fem	Tagesordnung	_	_
2-12	149-154	steht	_	_	_	_	_	_	_	_	VVFIN	3.Sg.Pres.Ind	stehen	_	_
2-13	155-156	.	_	_	_	_	_	_	_	_	$.	_	.	_	_

#Text=Wie können wir die Geldströme der terroristischen Organisationen stoppen oder zumindest eindämmen ?
3-1	159-162	Wie	_	_	_	_	_	_	_	_	PWAV	_	wie	_	_
3-2	163-169	können	_	_	_	_	_	_	_	_	VMFIN	1.Pl.Pres.Ind	können	_	_
3-3	170-173	wir	_	_	_	_	_	_	_	_	PPER	1.Nom.Pl.*	wir	_	_
3-4	174-177	die	_	_	_	_	_	_	_	_	ART	Acc.Pl.Masc	der	_	_
3-5	178-188	Geldströme	_	_	_	_	_	_	_	_	NN	Acc.Pl.Masc	Geldstrom	_	_
3-5.1	178-182	Geld	false	2sem	_	_	_	_	_	_		_	_	_	_	_	_	_	_	_	_	_
3-5.2	182-188	ströme	false	0Kern	true	true	großer Fluss	true	*	Austausch von Geld		_	_	_	_	_	_	_	_	_	_	_
3-6	189-192	der	_	_	_	_	_	_	_	_	ART	Gen.Pl.Fem	der	_	_
3-7	193-208	terroristischen	_	_	_	_	_	_	_	_	ADJA	Pos.Gen.Pl.Fem	terroristisch	_	_
3-8	209-223	Organisationen	_	_	_	_	_	_	_	_	NN	Gen.Pl.Fem	Organisation	_	_
3-9	224-231	stoppen	_	_	_	_	_	_	_	_	VVINF	Inf	stoppen	_	_
3-10	232-236	oder	_	_	_	_	_	_	_	_	KON	_	oder	_	_
3-11	237-246	zumindest	_	_	_	_	_	_	_	_	ADV	_	zumindest	_	_
3-12	247-256	eindämmen	_	_	_	_	_	_	_	_	VVINF	Inf	eindämmen	_	_
3-13	257-258	?	_	_	_	_	_	_	_	_	$.	_	?	_	_

#Text=Der Anschlag von Djerba zeigt einmal mehr , dass Terroristen international vernetzt sind und mit internationalen Finanztransaktionen ihre Attentate finanzieren .
4-1	261-264	Der	_	_	_	_	_	_	_	_	ART	Nom.Sg.Masc	der	_	_
4-2	265-273	Anschlag	_	_	_	_	_	_	_	_	NN	Nom.Sg.Masc	Anschlag	_	_
4-3	274-277	von	_	_	_	_	_	_	_	_	APPR	_	von	_	_
4-4	278-284	Djerba	_	_	_	_	_	_	_	_	NE	Dat.Sg.Neut	Djerba	_	_
4-5	285-290	zeigt	_	_	_	_	_	_	_	_	VVFIN	3.Sg.Pres.Ind	zeigen	_	_
4-6	291-297	einmal	_	_	_	_	_	_	_	_	ADV	_	einmal	_	_
4-7	298-302	mehr	_	_	_	_	_	_	_	_	ADV	_	mehr	_	_
4-8	303-304	,	_	_	_	_	_	_	_	_	$,	_	,	_	_
4-9	305-309	dass	_	_	_	_	_	_	_	_	KOUS	_	dass	_	_
4-10	310-321	Terroristen	_	_	_	_	_	_	_	_	NN	Nom.Pl.Masc	Terrorist	_	_
4-11	322-335	international	_	_	_	_	_	_	_	_	ADJD	Pos	international	_	_
4-12	336-344	vernetzt	_	_	_	_	_	_	_	_	VVPP	Psp	vernetzen	_	_
4-13	345-349	sind	_	_	_	_	_	_	_	_	VAFIN	3.Pl.Pres.Ind	sein	_	_
4-14	350-353	und	_	_	_	_	_	_	_	_	KON	_	und	_	_
4-15	354-357	mit	_	_	_	_	_	_	_	_	APPR	_	mit	_	_
4-16	358-373	internationalen	_	_	_	_	_	_	_	_	ADJA	Pos.Dat.Pl.Fem	international	_	_
4-17	374-393	Finanztransaktionen	_	_	_	_	_	_	_	_	NN	Dat.Pl.Fem	Finanztransaktion	_	_
4-18	394-398	ihre	_	_	_	_	_	_	_	_	PPOSAT	Acc.Pl.Neut	ihr	_	_
4-19	399-408	Attentate	_	_	_	_	_	_	_	_	NN	Acc.Pl.Neut	Attentat	_	_
4-20	409-420	finanzieren	_	_	_	_	_	_	_	_	VVFIN	3.Pl.Pres.Ind	finanzieren	_	_
4-21	421-422	.	_	_	_	_	_	_	_	_	$.	_	.	_	_

#Text=Mit dem vorliegenden Gesetzentwurf machen wir einen weiteren Schritt hin zu der effektiven Bekämpfung der internationalen Finanzströme terroristischer Organisationen .
5-1	425-428	Mit	_	_	_	_	_	_	_	_	APPR	_	mit	_	_
5-2	429-432	dem	_	_	_	_	_	_	_	_	ART	Dat.Sg.Masc	der	_	_
5-3	433-445	vorliegenden	_	_	_	_	_	_	_	_	ADJA	Pos.Dat.Sg.Masc	vorliegend	_	_
5-4	446-459	Gesetzentwurf	_	_	_	_	_	_	_	_	NN	Dat.Sg.Masc	Gesetzentwurf	_	_
5-5	460-466	machen	_	_	_	_	_	_	_	_	VVFIN	1.Pl.Pres.Ind	machen	_	_
5-6	467-470	wir	_	_	_	_	_	_	_	_	PPER	1.Nom.Pl.*	wir	_	_
5-7	471-476	einen	_	_	_	_	_	_	_	_	ART	Acc.Sg.Masc	ein	_	_
5-8	477-485	weiteren	_	_	_	_	_	_	_	_	ADJA	Comp.Acc.Sg.Masc	weit	_	_
5-9	486-493	Schritt	_	_	_	_	_	_	_	_	NN	Acc.Sg.Masc	Schritt	_	_
5-10	494-497	hin	_	_	_	_	_	_	_	_	ADV	_	hin	_	_
5-11	498-500	zu	_	_	_	_	_	_	_	_	APPR	_	zu	_	_
5-12	501-504	der	_	_	_	_	_	_	_	_	ART	Dat.Sg.Fem	der	_	_
5-13	505-515	effektiven	_	_	_	_	_	_	_	_	ADJA	Pos.Dat.Sg.Fem	effektiv	_	_
5-14	516-526	Bekämpfung	_	_	_	_	_	_	_	_	NN	Dat.Sg.Fem	Bekämpfung	_	_
5-15	527-530	der	_	_	_	_	_	_	_	_	ART	Gen.Pl.Masc	der	_	_
5-16	531-546	internationalen	_	_	_	_	_	_	_	_	ADJA	Pos.Gen.Pl.Masc	international	_	_
5-17	547-559	Finanzströme	_	_	_	_	_	_	_	_	NN	Gen.Pl.Masc	Finanzstrom	_	_
5-18	560-575	terroristischer	_	_	_	_	_	_	_	_	ADJA	Pos.Gen.Pl.Fem	terroristisch	_	_
5-19	576-590	Organisationen	_	_	_	_	_	_	_	_	NN	Gen.Pl.Fem	Organisation	_	_
5-20	591-592	.	_	_	_	_	_	_	_	_	$.	_	.	_	_

#Text=Der Entwurf wird aber auch in einem anderen Bereich relevant werden : in dem der organisierten Kriminalität .
6-1	595-598	Der	_	_	_	_	_	_	_	_	ART	Nom.Sg.Masc	der	_	_
6-2	599-606	Entwurf	_	_	_	_	_	_	_	_	NN	Nom.Sg.Masc	Entwurf	_	_
6-3	607-611	wird	_	_	_	_	_	_	_	_	VAFIN	3.Sg.Pres.Ind	werden	_	_
6-4	612-616	aber	_	_	_	_	_	_	_	_	ADV	_	aber	_	_
6-5	617-621	auch	_	_	_	_	_	_	_	_	ADV	_	auch	_	_
6-6	622-624	in	_	_	_	_	_	_	_	_	APPR	_	in	_	_
6-7	625-630	einem	_	_	_	_	_	_	_	_	ART	Dat.Sg.Masc	ein	_	_
6-8	631-638	anderen	_	_	_	_	_	_	_	_	ADJA	Pos.Dat.Sg.Masc	anderer	_	_
6-9	639-646	Bereich	_	_	_	_	_	_	_	_	NN	Dat.Sg.Masc	Bereich	_	_
6-10	647-655	relevant	_	_	_	_	_	_	_	_	VVPP	Psp	relevanen	_	_
6-11	656-662	werden	_	_	_	_	_	_	_	_	VAINF	Inf	werden	_	_
6-12	663-664	:	_	_	_	_	_	_	_	_	$.	_	:	_	_
6-13	665-667	in	_	_	_	_	_	_	_	_	APPR	_	in	_	_
6-14	668-671	dem	_	_	_	_	_	_	_	_	PDS	Dat.Sg.Neut	der	_	_
6-15	672-675	der	_	_	_	_	_	_	_	_	ART	Dat.Sg.Fem	der	_	_
6-16	676-689	organisierten	_	_	_	_	_	_	_	_	ADJA	Pos.Dat.Sg.Fem	organisiert	_	_
6-17	690-702	Kriminalität	_	_	_	_	_	_	_	_	NN	Dat.Sg.Fem	Kriminalität	_	_
6-18	703-704	.	_	_	_	_	_	_	_	_	$.	_	.	_	_

#Text=Wir müssen die Finanzbewegungen der organisierten Kriminalität , die zum Teil mit Etats jongliert , die höher als ein Staatshaushalt sind , eindämmen .
7-1	707-710	Wir	_	_	_	_	_	_	_	_	PPER	1.Nom.Pl.*	wir	_	_
7-2	711-717	müssen	_	_	_	_	_	_	_	_	VMFIN	1.Pl.Pres.Ind	müssen	_	_
7-3	718-721	die	_	_	_	_	_	_	_	_	ART	Acc.Pl.Fem	der	_	_
7-4	722-738	Finanzbewegungen	_	_	_	_	_	_	_	_	NN	Acc.Pl.Fem	Finanzbewegung	_	_
7-5	739-742	der	_	_	_	_	_	_	_	_	ART	Gen.Sg.Fem	der	_	_
7-6	743-756	organisierten	_	_	_	_	_	_	_	_	ADJA	Pos.Gen.Sg.Fem	organisiert	_	_
7-7	757-769	Kriminalität	_	_	_	_	_	_	_	_	NN	Gen.Sg.Fem	Kriminalität	_	_
7-8	770-771	,	_	_	_	_	_	_	_	_	$,	_	,	_	_
7-9	772-775	die	_	_	_	_	_	_	_	_	PRELS	Nom.Sg.Fem	der	_	_
7-10	776-779	zum	_	_	_	_	_	_	_	_	APPRART	Dat.Sg.Masc	zu	_	_
7-11	780-784	Teil	_	_	_	_	_	_	_	_	NN	Dat.Sg.Masc	Teil	_	_
7-12	785-788	mit	_	_	_	_	_	_	_	_	APPR	_	mit	_	_
7-13	789-794	Etats	_	_	_	_	_	_	_	_	NN	Dat.Pl.Masc	Etat	_	_
7-14	795-804	jongliert	false	0Kern	true	true	mit artistischem Können mehrere Gegenstände gleichzeitig spielerisch werfen und auffangen	true	*	zur Verfügung stehen	VVFIN	3.Sg.Pres.Ind	jonglieren	_	_
7-15	805-806	,	_	_	_	_	_	_	_	_	$,	_	,	_	_
7-16	807-810	die	_	_	_	_	_	_	_	_	PRELS	Nom.Pl.Masc	der	_	_
7-17	811-816	höher	_	_	_	_	_	_	_	_	ADJD	Comp	hoch	_	_
7-18	817-820	als	_	_	_	_	_	_	_	_	KOKOM	_	als	_	_
7-19	821-824	ein	_	_	_	_	_	_	_	_	ART	Nom.Sg.Masc	ein	_	_
7-20	825-839	Staatshaushalt	_	_	_	_	_	_	_	_	NN	Nom.Sg.Masc	Staatshaushalt	_	_
7-21	840-844	sind	_	_	_	_	_	_	_	_	VAFIN	3.Pl.Pres.Ind	sein	_	_
7-22	845-846	,	_	_	_	_	_	_	_	_	$,	_	,	_	_
7-23	847-856	eindämmen	_	_	_	_	_	_	_	_	VVINF	Inf	eindämmen	_	_
7-24	857-858	.	_	_	_	_	_	_	_	_	$.	_	.	_	_

#Text=Gerade hier gilt es , möglichst umfassende Kontrollen einzuführen .
8-1	861-867	Gerade	_	_	_	_	_	_	_	_	ADV	_	gerade	_	_
8-2	868-872	hier	_	_	_	_	_	_	_	_	ADV	_	hier	_	_
8-3	873-877	gilt	_	_	_	_	_	_	_	_	VVFIN	3.Sg.Pres.Ind	gelten	_	_
8-4	878-880	es	_	_	_	_	_	_	_	_	PPER	3.Nom.Sg.Neut	es	_	_
8-5	881-882	,	_	_	_	_	_	_	_	_	$,	_	,	_	_
8-6	883-892	möglichst	_	_	_	_	_	_	_	_	ADV	_	möglichst	_	_
8-7	893-903	umfassende	_	_	_	_	_	_	_	_	ADJA	Pos.Acc.Pl.Fem	umfassend	_	_
8-8	904-914	Kontrollen	_	_	_	_	_	_	_	_	NN	Acc.Pl.Fem	Kontrolle	_	_
8-9	915-926	einzuführen	_	_	_	_	_	_	_	_	VVIZU	Infzu	einführen	_	_
8-10	927-928	.	_	_	_	_	_	_	_	_	$.	_	.	_	_

#Text=Geldwäsche ist kein Kavaliersdelikt .
9-1	931-941	Geldwäsche	_	_	_	_	_	_	_	_	NN	Nom.Sg.Fem	Geldwäsche	_	_
9-1.1	931-935	Geld	false	2sem	_	_	_	_	_	_		_	_	_	_	_	_	_	_	_	_	_
9-1.2	935-941	wäsche	false	0Kern	true	true	das Waschen	true	*	illegal erworbenes Geld in den legalen Wirtschaftskreislauf einschleusen		_	_	_	_	_	_	_	_	_	_	_
9-2	942-945	ist	_	_	_	_	_	_	_	_	VAFIN	3.Sg.Pres.Ind	sein	_	_
9-3	946-950	kein	_	_	_	_	_	_	_	_	PIAT	Nom.Sg.Neut	kein	_	_
9-4	951-966	Kavaliersdelikt	_	_	_	_	_	_	_	_	NN	Nom.Sg.Neut	Kavaliersdelikt	_	_
9-5	967-968	.	_	_	_	_	_	_	_	_	$.	_	.	_	_

#Text=Wir müssen alles daran setzen , diesem Eindruck entgegenzutreten .
10-1	971-974	Wir	_	_	_	_	_	_	_	_	PPER	1.Nom.Pl.*	wir	_	_
10-2	975-981	müssen	_	_	_	_	_	_	_	_	VMFIN	1.Pl.Pres.Ind	müssen	_	_
10-3	982-987	alles	_	_	_	_	_	_	_	_	PIS	Acc.Sg.Neut	alle	_	_
10-4	988-993	daran	_	_	_	_	_	_	_	_	PROAV	_	daran	_	_
10-5	994-1000	setzen	_	_	_	_	_	_	_	_	VVINF	Inf	setzen	_	_
10-6	1001-1002	,	_	_	_	_	_	_	_	_	$,	_	,	_	_
10-7	1003-1009	diesem	_	_	_	_	_	_	_	_	PDAT	Dat.Sg.Masc	dieser	_	_
10-8	1010-1018	Eindruck	_	_	_	_	_	_	_	_	NN	Dat.Sg.Masc	Eindruck	_	_
10-9	1019-1035	entgegenzutreten	_	_	_	_	_	_	_	_	VVIZU	Infzu	entgegentreten	_	_
10-10	1036-1037	.	_	_	_	_	_	_	_	_	$.	_	.	_	_

#Text=Der Gesetzentwurf zeigt , wie schnell Europa hier reagiert hat und wie schnell wir die europäische Richtlinie umsetzen .
11-1	1040-1043	Der	_	_	_	_	_	_	_	_	ART	Nom.Sg.Masc	der	_	_
11-2	1044-1057	Gesetzentwurf	_	_	_	_	_	_	_	_	NN	Nom.Sg.Masc	Gesetzentwurf	_	_
11-3	1058-1063	zeigt	_	_	_	_	_	_	_	_	VVFIN	3.Sg.Pres.Ind	zeigen	_	_
11-4	1064-1065	,	_	_	_	_	_	_	_	_	$,	_	,	_	_
11-5	1066-1069	wie	_	_	_	_	_	_	_	_	PWAV	_	wie	_	_
11-6	1070-1077	schnell	_	_	_	_	_	_	_	_	ADJD	Pos	schnell	_	_
11-7	1078-1084	Europa	_	_	_	_	_	_	_	_	NE	Nom.Sg.Neut	Europa	_	_
11-8	1085-1089	hier	_	_	_	_	_	_	_	_	ADV	_	hier	_	_
11-9	1090-1098	reagiert	_	_	_	_	_	_	_	_	VVPP	Psp	reagieren	_	_
11-10	1099-1102	hat	_	_	_	_	_	_	_	_	VAFIN	3.Sg.Pres.Ind	haben	_	_
11-11	1103-1106	und	_	_	_	_	_	_	_	_	KON	_	und	_	_
11-12	1107-1110	wie	_	_	_	_	_	_	_	_	PWAV	_	wie	_	_
11-13	1111-1118	schnell	_	_	_	_	_	_	_	_	ADJD	Pos	schnell	_	_
11-14	1119-1122	wir	_	_	_	_	_	_	_	_	PPER	1.Nom.Pl.*	wir	_	_
11-15	1123-1126	die	_	_	_	_	_	_	_	_	ART	Acc.Sg.Fem	der	_	_
11-16	1127-1138	europäische	_	_	_	_	_	_	_	_	ADJA	Pos.Acc.Sg.Fem	europäisch	_	_
11-17	1139-1149	Richtlinie	_	_	_	_	_	_	_	_	NN	Acc.Sg.Fem	Richtlinie	_	_
11-18	1150-1158	umsetzen	_	_	_	_	_	_	_	_	VVFIN	1.Pl.Pres.Ind	umsetzen	_	_
11-19	1159-1160	.	_	_	_	_	_	_	_	_	$.	_	.	_	_

#Text=Das ist gut so .
12-1	1163-1166	Das	_	_	_	_	_	_	_	_	PDS	Nom.Sg.Neut	der	_	_
12-2	1167-1170	ist	_	_	_	_	_	_	_	_	VAFIN	3.Sg.Pres.Ind	sein	_	_
12-3	1171-1174	gut	_	_	_	_	_	_	_	_	ADJD	Pos	gut	_	_
12-4	1175-1177	so	_	_	_	_	_	_	_	_	ADV	_	so	_	_
12-5	1178-1179	.	_	_	_	_	_	_	_	_	$.	_	.	_	_

#Text=Gerade im Bereich der Geldwäsche ist die europäische und internationale Kooperation besonders wichtig .
13-1	1182-1188	Gerade	_	_	_	_	_	_	_	_	ADV	_	gerade	_	_
13-2	1189-1191	im	_	_	_	_	_	_	_	_	APPRART	Dat.Sg.Masc	in	_	_
13-3	1192-1199	Bereich	_	_	_	_	_	_	_	_	NN	Dat.Sg.Masc	Bereich	_	_
13-4	1200-1203	der	_	_	_	_	_	_	_	_	ART	Gen.Sg.Fem	der	_	_
13-5	1204-1214	Geldwäsche	_	_	_	_	_	_	_	_	NN	Gen.Sg.Fem	Geldwäsche	_	_
13-6	1215-1218	ist	_	_	_	_	_	_	_	_	VAFIN	3.Sg.Pres.Ind	sein	_	_
13-7	1219-1222	die	_	_	_	_	_	_	_	_	ART	Nom.Sg.Fem	der	_	_
13-8	1223-1234	europäische	_	_	_	_	_	_	_	_	ADJA	Pos.Nom.Sg.Fem	europäisch	_	_
13-9	1235-1238	und	_	_	_	_	_	_	_	_	KON	_	und	_	_
13-10	1239-1253	internationale	_	_	_	_	_	_	_	_	ADJA	Pos.Nom.Sg.Fem	international	_	_
13-11	1254-1265	Kooperation	_	_	_	_	_	_	_	_	NN	Nom.Sg.Fem	Kooperation	_	_
13-12	1266-1275	besonders	_	_	_	_	_	_	_	_	ADV	_	besonders	_	_
13-13	1276-1283	wichtig	_	_	_	_	_	_	_	_	ADJD	Pos	wichtig	_	_
13-14	1284-1285	.	_	_	_	_	_	_	_	_	$.	_	.	_	_

#Text=Geldströme machen keinen Halt vor nationalen Grenzen .
14-1	1288-1298	Geldströme	_	_	_	_	_	_	_	_	NN	Nom.Pl.Masc	Geldstrom	_	_
14-2	1299-1305	machen	_	_	_	_	_	_	_	_	VVFIN	3.Pl.Pres.Ind	machen	_	_
14-3	1306-1312	keinen	_	_	_	_	_	_	_	_	PIAT	Acc.Sg.Masc	kein	_	_
14-4	1313-1317	Halt	_	_	_	_	_	_	_	_	NN	Acc.Sg.Masc	Halt	_	_
14-5	1318-1321	vor	_	_	_	_	_	_	_	_	APPR	_	vor	_	_
14-6	1322-1332	nationalen	_	_	_	_	_	_	_	_	ADJA	Pos.Dat.Pl.Fem	national	_	_
14-7	1333-1340	Grenzen	_	_	_	_	_	_	_	_	NN	Dat.Pl.Fem	Grenze	_	_
14-8	1341-1342	.	_	_	_	_	_	_	_	_	$.	_	.	_	_

#Text=Schon das Vierte Finanzmarktförderungsgesetz hat auf die Transparenz der Finanzströme abgezielt .
15-1	1345-1350	Schon	_	_	_	_	_	_	_	_	ADV	_	schon	_	_
15-2	1351-1354	das	_	_	_	_	_	_	_	_	ART	Nom.Sg.Neut	der	_	_
15-3	1355-1361	Vierte	_	_	_	_	_	_	_	_	ADJA	Pos.Nom.Sg.Neut	vierter	_	_
15-4	1362-1389	Finanzmarktförderungsgesetz	_	_	_	_	_	_	_	_	NN	Nom.Sg.Neut	Finanzmarktförderungsgesetz	_	_
15-5	1390-1393	hat	_	_	_	_	_	_	_	_	VAFIN	3.Sg.Pres.Ind	haben	_	_
15-6	1394-1397	auf	_	_	_	_	_	_	_	_	APPR	_	auf	_	_
15-7	1398-1401	die	_	_	_	_	_	_	_	_	ART	Acc.Sg.Fem	der	_	_
15-8	1402-1413	Transparenz	_	_	_	_	_	_	_	_	NN	Acc.Sg.Fem	Transparenz	_	_
15-9	1414-1417	der	_	_	_	_	_	_	_	_	ART	Gen.Pl.Masc	der	_	_
15-10	1418-1430	Finanzströme	_	_	_	_	_	_	_	_	NN	Gen.Pl.Masc	Finanzstrom	_	_
15-11	1431-1440	abgezielt	_	_	_	_	_	_	_	_	VVPP	Psp	abzielen	_	_
15-12	1441-1442	.	_	_	_	_	_	_	_	_	$.	_	.	_	_

#Text=Mit dem jetzt vorliegenden Entwurf intensivieren wir die Transparenz .
16-1	1445-1448	Mit	_	_	_	_	_	_	_	_	APPR	_	mit	_	_
16-2	1449-1452	dem	_	_	_	_	_	_	_	_	ART	Dat.Sg.Masc	der	_	_
16-3	1453-1458	jetzt	_	_	_	_	_	_	_	_	ADV	_	jetzt	_	_
16-4	1459-1471	vorliegenden	_	_	_	_	_	_	_	_	ADJA	Pos.Dat.Sg.Masc	vorliegend	_	_
16-5	1472-1479	Entwurf	_	_	_	_	_	_	_	_	NN	Dat.Sg.Masc	Entwurf	_	_
16-6	1480-1493	intensivieren	_	_	_	_	_	_	_	_	VVFIN	1.Pl.Pres.Ind	intensivieren	_	_
16-7	1494-1497	wir	_	_	_	_	_	_	_	_	PPER	1.Nom.Pl.*	wir	_	_
16-8	1498-1501	die	_	_	_	_	_	_	_	_	ART	Acc.Sg.Fem	der	_	_
16-9	1502-1513	Transparenz	_	_	_	_	_	_	_	_	NN	Acc.Sg.Fem	Transparenz	_	_
16-10	1514-1515	.	_	_	_	_	_	_	_	_	$.	_	.	_	_

#Text=Wir tun das , indem wir die an Finanztransaktionen beteiligten Unternehmen und Personen verpflichten , stärker auf illegale Geldbewegungen zu achten .
17-1	1518-1521	Wir	_	_	_	_	_	_	_	_	PPER	1.Nom.Pl.*	wir	_	_
17-2	1522-1525	tun	_	_	_	_	_	_	_	_	VVFIN	1.Pl.Pres.Ind	tun	_	_
17-3	1526-1529	das	_	_	_	_	_	_	_	_	PDS	Acc.Sg.Neut	der	_	_
17-4	1530-1531	,	_	_	_	_	_	_	_	_	$,	_	,	_	_
17-5	1532-1537	indem	_	_	_	_	_	_	_	_	KOUS	_	indem	_	_
17-6	1538-1541	wir	_	_	_	_	_	_	_	_	PPER	1.Nom.Pl.*	wir	_	_
17-7	1542-1545	die	_	_	_	_	_	_	_	_	ART	Acc.Pl.*	der	_	_
17-8	1546-1548	an	_	_	_	_	_	_	_	_	APPR	_	an	_	_
17-9	1549-1568	Finanztransaktionen	_	_	_	_	_	_	_	_	NN	Dat.Pl.Fem	Finanztransaktion	_	_
17-10	1569-1580	beteiligten	_	_	_	_	_	_	_	_	ADJA	Pos.Acc.Pl.*	beteiligt	_	_
17-11	1581-1592	Unternehmen	_	_	_	_	_	_	_	_	NN	Acc.Pl.Neut	Unternehmen	_	_
17-12	1593-1596	und	_	_	_	_	_	_	_	_	KON	_	und	_	_
17-13	1597-1605	Personen	_	_	_	_	_	_	_	_	NN	Acc.Pl.Fem	Person	_	_
17-14	1606-1618	verpflichten	_	_	_	_	_	_	_	_	VVFIN	1.Pl.Pres.Ind	verpflichten	_	_
17-15	1619-1620	,	_	_	_	_	_	_	_	_	$,	_	,	_	_
17-16	1621-1628	stärker	_	_	_	_	_	_	_	_	ADJD	Comp	stark	_	_
17-17	1629-1632	auf	_	_	_	_	_	_	_	_	APPR	_	auf	_	_
17-18	1633-1641	illegale	_	_	_	_	_	_	_	_	ADJA	Pos.Acc.Pl.Fem	illegal	_	_
17-19	1642-1656	Geldbewegungen	_	_	_	_	_	_	_	_	NN	Acc.Pl.Fem	Geldbewegung	_	_
17-20	1657-1659	zu	_	_	_	_	_	_	_	_	PTKZU	_	zu	_	_
17-21	1660-1666	achten	_	_	_	_	_	_	_	_	VVINF	Inf	achten	_	_
17-22	1667-1668	.	_	_	_	_	_	_	_	_	$.	_	.	_	_

#Text=Es ist deswegen sinnvoll , dass zum Beispiel Versicherungsmakler , seien sie selbständig oder angestellt , jetzt in den Anwendungsbereich des Geldwäschebekämpfungsgesetzes einbezogen werden .
18-1	1671-1673	Es	_	_	_	_	_	_	_	_	PPER	3.Nom.Sg.Neut	es	_	_
18-2	1674-1677	ist	_	_	_	_	_	_	_	_	VAFIN	3.Sg.Pres.Ind	sein	_	_
18-3	1678-1686	deswegen	_	_	_	_	_	_	_	_	PROAV	_	deswegen	_	_
18-4	1687-1695	sinnvoll	_	_	_	_	_	_	_	_	ADJD	Pos	sinnvoll	_	_
18-5	1696-1697	,	_	_	_	_	_	_	_	_	$,	_	,	_	_
18-6	1698-1702	dass	_	_	_	_	_	_	_	_	KOUS	_	dass	_	_
18-7	1703-1706	zum	_	_	_	_	_	_	_	_	APPRART	Dat.Sg.Neut	zu	_	_
18-8	1707-1715	Beispiel	_	_	_	_	_	_	_	_	NN	Dat.Sg.Neut	Beispiel	_	_
18-9	1716-1735	Versicherungsmakler	_	_	_	_	_	_	_	_	NN	Nom.Pl.Masc	Versicherungsmakler	_	_
18-10	1736-1737	,	_	_	_	_	_	_	_	_	$,	_	,	_	_
18-11	1738-1743	seien	_	_	_	_	_	_	_	_	VAFIN	3.Pl.Pres.Subj	sein	_	_
18-12	1744-1747	sie	_	_	_	_	_	_	_	_	PPER	3.Nom.Pl.*	sie	_	_
18-13	1748-1759	selbständig	_	_	_	_	_	_	_	_	ADJD	Pos	selbständig	_	_
18-14	1760-1764	oder	_	_	_	_	_	_	_	_	KON	_	oder	_	_
18-15	1765-1775	angestellt	_	_	_	_	_	_	_	_	VVPP	Psp	anstellen	_	_
18-16	1776-1777	,	_	_	_	_	_	_	_	_	$,	_	,	_	_
18-17	1778-1783	jetzt	_	_	_	_	_	_	_	_	ADV	_	jetzt	_	_
18-18	1784-1786	in	_	_	_	_	_	_	_	_	APPR	_	in	_	_
18-19	1787-1790	den	_	_	_	_	_	_	_	_	ART	Acc.Sg.Masc	der	_	_
18-20	1791-1808	Anwendungsbereich	_	_	_	_	_	_	_	_	NN	Acc.Sg.Masc	Anwendungsbereich	_	_
18-21	1809-1812	des	_	_	_	_	_	_	_	_	ART	Gen.Sg.Neut	der	_	_
18-22	1813-1842	Geldwäschebekämpfungsgesetzes	_	_	_	_	_	_	_	_	NN	Gen.Sg.Neut	Geldwäschebekämpfungsgesetz	_	_
18-23	1843-1853	einbezogen	_	_	_	_	_	_	_	_	VVPP	Psp	einbeziehen	_	_
18-24	1854-1860	werden	_	_	_	_	_	_	_	_	VAINF	Inf	werden	_	_
18-25	1861-1862	.	_	_	_	_	_	_	_	_	$.	_	.	_	_

#Text=Es ist richtig , die Finanzinstitute stärker in die Pflicht zu nehmen .
19-1	1865-1867	Es	_	_	_	_	_	_	_	_	PPER	3.Nom.Sg.Neut	es	_	_
19-2	1868-1871	ist	_	_	_	_	_	_	_	_	VAFIN	3.Sg.Pres.Ind	sein	_	_
19-3	1872-1879	richtig	_	_	_	_	_	_	_	_	ADJD	Pos	richtig	_	_
19-4	1880-1881	,	_	_	_	_	_	_	_	_	$,	_	,	_	_
19-5	1882-1885	die	_	_	_	_	_	_	_	_	ART	Acc.Pl.Neut	der	_	_
19-6	1886-1901	Finanzinstitute	_	_	_	_	_	_	_	_	NN	Acc.Pl.Neut	Finanzinstitut	_	_
19-7	1902-1909	stärker	_	_	_	_	_	_	_	_	ADJD	Comp	stark	_	_
19-8	1910-1912	in	_	_	_	_	_	_	_	_	APPR	_	in	_	_
19-9	1913-1916	die	_	_	_	_	_	_	_	_	ART	Acc.Sg.Fem	der	_	_
19-10	1917-1924	Pflicht	_	_	_	_	_	_	_	_	NN	Acc.Sg.Fem	Pflicht	_	_
19-11	1925-1927	zu	_	_	_	_	_	_	_	_	PTKZU	_	zu	_	_
19-12	1928-1934	nehmen	_	_	_	_	_	_	_	_	VVINF	Inf	nehmen	_	_
19-13	1935-1936	.	_	_	_	_	_	_	_	_	$.	_	.	_	_

#Text=Das bedeutet auch , dass sich die Finanzinstitute über ihre bisherige Pflichten hinaus jetzt auch über die Identität einer Person vergewissern müssen , mit der sie längerfristige Geschäftsbeziehungen planen .
20-1	1939-1942	Das	_	_	_	_	_	_	_	_	PDS	Nom.Sg.Neut	der	_	_
20-2	1943-1951	bedeutet	_	_	_	_	_	_	_	_	VVFIN	3.Sg.Pres.Ind	bedeuten	_	_
20-3	1952-1956	auch	_	_	_	_	_	_	_	_	ADV	_	auch	_	_
20-4	1957-1958	,	_	_	_	_	_	_	_	_	$,	_	,	_	_
20-5	1959-1963	dass	_	_	_	_	_	_	_	_	KOUS	_	dass	_	_
20-6	1964-1968	sich	_	_	_	_	_	_	_	_	PRF	3.Acc.Pl	sich	_	_
20-7	1969-1972	die	_	_	_	_	_	_	_	_	ART	Nom.Pl.Neut	der	_	_
20-8	1973-1988	Finanzinstitute	_	_	_	_	_	_	_	_	NN	Nom.Pl.Neut	Finanzinstitut	_	_
20-9	1989-1993	über	_	_	_	_	_	_	_	_	APPR	_	über	_	_
20-10	1994-1998	ihre	_	_	_	_	_	_	_	_	PPOSAT	Acc.Pl.Fem	ihr	_	_
20-11	1999-2008	bisherige	_	_	_	_	_	_	_	_	ADJA	Pos.Acc.Pl.Fem	bisherig	_	_
20-12	2009-2018	Pflichten	_	_	_	_	_	_	_	_	NN	Acc.Pl.Fem	Pflicht	_	_
20-13	2019-2025	hinaus	_	_	_	_	_	_	_	_	APZR	_	hinaus	_	_
20-14	2026-2031	jetzt	_	_	_	_	_	_	_	_	ADV	_	jetzt	_	_
20-15	2032-2036	auch	_	_	_	_	_	_	_	_	ADV	_	auch	_	_
20-16	2037-2041	über	_	_	_	_	_	_	_	_	APPR	_	über	_	_
20-17	2042-2045	die	_	_	_	_	_	_	_	_	ART	Acc.Sg.Fem	der	_	_
20-18	2046-2055	Identität	_	_	_	_	_	_	_	_	NN	Acc.Sg.Fem	Identität	_	_
20-19	2056-2061	einer	_	_	_	_	_	_	_	_	ART	Gen.Sg.Fem	ein	_	_
20-20	2062-2068	Person	_	_	_	_	_	_	_	_	NN	Gen.Sg.Fem	Person	_	_
20-21	2069-2081	vergewissern	_	_	_	_	_	_	_	_	VVINF	Inf	vergewissern	_	_
20-22	2082-2088	müssen	_	_	_	_	_	_	_	_	VMFIN	3.Pl.Pres.Ind	müssen	_	_
20-23	2089-2090	,	_	_	_	_	_	_	_	_	$,	_	,	_	_
20-24	2091-2094	mit	_	_	_	_	_	_	_	_	APPR	_	mit	_	_
20-25	2095-2098	der	_	_	_	_	_	_	_	_	PRELS	Dat.Sg.Fem	der	_	_
20-26	2099-2102	sie	_	_	_	_	_	_	_	_	PPER	3.Nom.Pl.Neut	sie	_	_
20-27	2103-2117	längerfristige	_	_	_	_	_	_	_	_	ADJA	Pos.Acc.Pl.Fem	längerfristig	_	_
20-28	2118-2138	Geschäftsbeziehungen	_	_	_	_	_	_	_	_	NN	Acc.Pl.Fem	Geschäftsbeziehung	_	_
20-29	2139-2145	planen	_	_	_	_	_	_	_	_	VVFIN	3.Pl.Pres.Ind	planen	_	_
20-30	2146-2147	.	_	_	_	_	_	_	_	_	$.	_	.	_	_

#Text=Sie dürfen nicht länger davon ausgehen , dass Geld nicht stinkt .
21-1	2150-2153	Sie	_	_	_	_	_	_	_	_	PPER	3.Nom.Pl.*	sie	_	_
21-2	2154-2160	dürfen	_	_	_	_	_	_	_	_	VMFIN	3.Pl.Pres.Ind	dürfen	_	_
21-3	2161-2166	nicht	_	_	_	_	_	_	_	_	PTKNEG	_	nicht	_	_
21-4	2167-2173	länger	_	_	_	_	_	_	_	_	ADJD	Comp	lang	_	_
21-5	2174-2179	davon	_	_	_	_	_	_	_	_	PROAV	_	davon	_	_
21-6	2180-2188	ausgehen	_	_	_	_	_	_	_	_	VVINF	Inf	ausgehen	_	_
21-7	2189-2190	,	_	_	_	_	_	_	_	_	$,	_	,	_	_
21-8	2191-2195	dass	_	_	_	_	_	_	_	_	KOUS	_	dass	_	_
21-9	2196-2200	Geld	_	_	_	_	_	_	_	_	NN	Nom.Sg.Neut	Geld	_	_
21-10	2201-2206	nicht	_	_	_	_	_	_	_	_	PTKNEG	_	nicht	_	_
21-11	2207-2213	stinkt	false	0Kern	true	true	üblen Geruch von sich geben	true	*	illegal erworben	ADJD	Pos	stinkt	_	_
21-12	2214-2215	.	_	_	_	_	_	_	_	_	$.	_	.	_	_

#Text=Allerdings macht mir eine Regelung im Gesetzentwurf Sorge .
22-1	2218-2228	Allerdings	_	_	_	_	_	_	_	_	ADV	_	allerdings	_	_
22-2	2229-2234	macht	_	_	_	_	_	_	_	_	VVFIN	3.Sg.Pres.Ind	machen	_	_
22-3	2235-2238	mir	_	_	_	_	_	_	_	_	PPER	1.Dat.Sg.*	mir	_	_
22-4	2239-2243	eine	_	_	_	_	_	_	_	_	ART	Nom.Sg.Fem	ein	_	_
22-5	2244-2252	Regelung	_	_	_	_	_	_	_	_	NN	Nom.Sg.Fem	Regelung	_	_
22-6	2253-2255	im	_	_	_	_	_	_	_	_	APPRART	Dat.Sg.Masc	in	_	_
22-7	2256-2269	Gesetzentwurf	_	_	_	_	_	_	_	_	NN	Dat.Sg.Masc	Gesetzentwurf	_	_
22-8	2270-2275	Sorge	_	_	_	_	_	_	_	_	NN	Nom.Sg.Fem	Sorge	_	_
22-9	2276-2277	.	_	_	_	_	_	_	_	_	$.	_	.	_	_

#Text=Ich denke aber , dass wir hier im weiteren parlamentarischen Verfahren zu einer Lösung kommen werden .
23-1	2280-2283	Ich	_	_	_	_	_	_	_	_	PPER	1.Nom.Sg.*	ich	_	_
23-2	2284-2289	denke	_	_	_	_	_	_	_	_	VVFIN	1.Sg.Pres.Ind	denken	_	_
23-3	2290-2294	aber	_	_	_	_	_	_	_	_	ADV	_	aber	_	_
23-4	2295-2296	,	_	_	_	_	_	_	_	_	$,	_	,	_	_
23-5	2297-2301	dass	_	_	_	_	_	_	_	_	KOUS	_	dass	_	_
23-6	2302-2305	wir	_	_	_	_	_	_	_	_	PPER	1.Nom.Pl.*	wir	_	_
23-7	2306-2310	hier	_	_	_	_	_	_	_	_	ADV	_	hier	_	_
23-8	2311-2313	im	_	_	_	_	_	_	_	_	APPRART	Dat.Sg.Neut	in	_	_
23-9	2314-2322	weiteren	_	_	_	_	_	_	_	_	ADJA	Comp.Dat.Sg.Neut	weit	_	_
23-10	2323-2340	parlamentarischen	_	_	_	_	_	_	_	_	ADJA	Pos.Dat.Sg.Neut	parlamentarisch	_	_
23-11	2341-2350	Verfahren	_	_	_	_	_	_	_	_	NN	Dat.Sg.Neut	Verfahren	_	_
23-12	2351-2353	zu	_	_	_	_	_	_	_	_	APPR	_	zu	_	_
23-13	2354-2359	einer	_	_	_	_	_	_	_	_	ART	Dat.Sg.Fem	ein	_	_
23-14	2360-2366	Lösung	_	_	_	_	_	_	_	_	NN	Dat.Sg.Fem	Lösung	_	_
23-15	2367-2373	kommen	_	_	_	_	_	_	_	_	VVINF	Inf	kommen	_	_
23-16	2374-2380	werden	_	_	_	_	_	_	_	_	VAFIN	1.Pl.Pres.Ind	werden	_	_
23-17	2381-2382	.	_	_	_	_	_	_	_	_	$.	_	.	_	_

#Text=Ich spreche von den neuen Pflichten , die Rechtsanwältinnen und Rechtsanwälten auferlegt werden .
24-1	2385-2388	Ich	_	_	_	_	_	_	_	_	PPER	1.Nom.Sg.*	ich	_	_
24-2	2389-2396	spreche	_	_	_	_	_	_	_	_	VVFIN	1.Sg.Pres.Ind	sprechen	_	_
24-3	2397-2400	von	_	_	_	_	_	_	_	_	APPR	_	von	_	_
24-4	2401-2404	den	_	_	_	_	_	_	_	_	ART	Dat.Pl.Fem	der	_	_
24-5	2405-2410	neuen	_	_	_	_	_	_	_	_	ADJA	Pos.Dat.Pl.Fem	neu	_	_
24-6	2411-2420	Pflichten	_	_	_	_	_	_	_	_	NN	Dat.Pl.Fem	Pflicht	_	_
24-7	2421-2422	,	_	_	_	_	_	_	_	_	$,	_	,	_	_
24-8	2423-2426	die	_	_	_	_	_	_	_	_	PRELS	Nom.Pl.Fem	der	_	_
24-9	2427-2444	Rechtsanwältinnen	_	_	_	_	_	_	_	_	NN	Dat.Pl.Fem	Rechtsanwältin	_	_
24-10	2445-2448	und	_	_	_	_	_	_	_	_	KON	_	und	_	_
24-11	2449-2463	Rechtsanwälten	_	_	_	_	_	_	_	_	NN	Dat.Pl.Masc	Rechtsanwalt	_	_
24-12	2464-2473	auferlegt	_	_	_	_	_	_	_	_	VVPP	Psp	auferlegen	_	_
24-13	2474-2480	werden	_	_	_	_	_	_	_	_	VAFIN	3.Pl.Pres.Ind	werden	_	_
24-14	2481-2482	.	_	_	_	_	_	_	_	_	$.	_	.	_	_

#Text=Richtig ist sicherlich , dass sie sich jetzt über die Identität eines Mandanten vergewissern müssen , wenn sie bestimmte finanzielle Transaktionen vornehmen .
25-1	2485-2492	Richtig	_	_	_	_	_	_	_	_	ADJD	Pos	richtig	_	_
25-2	2493-2496	ist	_	_	_	_	_	_	_	_	VAFIN	3.Sg.Pres.Ind	sein	_	_
25-3	2497-2507	sicherlich	_	_	_	_	_	_	_	_	ADV	_	sicherlich	_	_
25-4	2508-2509	,	_	_	_	_	_	_	_	_	$,	_	,	_	_
25-5	2510-2514	dass	_	_	_	_	_	_	_	_	KOUS	_	dass	_	_
25-6	2515-2518	sie	_	_	_	_	_	_	_	_	PPER	3.Nom.Pl.*	sie	_	_
25-7	2519-2523	sich	_	_	_	_	_	_	_	_	PRF	3.Acc.Pl	sich	_	_
25-8	2524-2529	jetzt	_	_	_	_	_	_	_	_	ADV	_	jetzt	_	_
25-9	2530-2534	über	_	_	_	_	_	_	_	_	APPR	_	über	_	_
25-10	2535-2538	die	_	_	_	_	_	_	_	_	ART	Acc.Sg.Fem	der	_	_
25-11	2539-2548	Identität	_	_	_	_	_	_	_	_	NN	Acc.Sg.Fem	Identität	_	_
25-12	2549-2554	eines	_	_	_	_	_	_	_	_	ART	Gen.Sg.Masc	ein	_	_
25-13	2555-2564	Mandanten	_	_	_	_	_	_	_	_	NN	Gen.Sg.Masc	Mandant	_	_
25-14	2565-2577	vergewissern	_	_	_	_	_	_	_	_	VVINF	Inf	vergewissern	_	_
25-15	2578-2584	müssen	_	_	_	_	_	_	_	_	VMFIN	3.Pl.Pres.Ind	müssen	_	_
25-16	2585-2586	,	_	_	_	_	_	_	_	_	$,	_	,	_	_
25-17	2587-2591	wenn	_	_	_	_	_	_	_	_	KOUS	_	wenn	_	_
25-18	2592-2595	sie	_	_	_	_	_	_	_	_	PPER	3.Nom.Pl.Masc	sie	_	_
25-19	2596-2605	bestimmte	_	_	_	_	_	_	_	_	ADJA	Pos.Acc.Pl.Fem	bestimmt	_	_
25-20	2606-2617	finanzielle	_	_	_	_	_	_	_	_	ADJA	Pos.Acc.Pl.Fem	finanziell	_	_
25-21	2618-2631	Transaktionen	_	_	_	_	_	_	_	_	NN	Acc.Pl.Fem	Transaktion	_	_
25-22	2632-2641	vornehmen	_	_	_	_	_	_	_	_	VVFIN	3.Pl.Pres.Ind	vornehmen	_	_
25-23	2642-2643	.	_	_	_	_	_	_	_	_	$.	_	.	_	_

#Text=Zu weit geht aber meines Erachtens die Pflicht der Rechtsbeistände , in bestimmten Fällen eine Anzeige erstatten zu müssen .
26-1	2646-2648	Zu	_	_	_	_	_	_	_	_	PTKA	_	zu	_	_
26-2	2649-2653	weit	_	_	_	_	_	_	_	_	ADJD	Pos	weit	_	_
26-3	2654-2658	geht	_	_	_	_	_	_	_	_	VVFIN	3.Sg.Pres.Ind	gehen	_	_
26-4	2659-2663	aber	_	_	_	_	_	_	_	_	ADV	_	aber	_	_
26-5	2664-2670	meines	_	_	_	_	_	_	_	_	PPOSAT	Gen.Sg.Neut	mein	_	_
26-6	2671-2680	Erachtens	_	_	_	_	_	_	_	_	NN	Gen.Sg.Neut	erachten	_	_
26-7	2681-2684	die	_	_	_	_	_	_	_	_	ART	Nom.Sg.Fem	der	_	_
26-8	2685-2692	Pflicht	_	_	_	_	_	_	_	_	NN	Acc.Sg.Fem	Pflicht	_	_
26-9	2693-2696	der	_	_	_	_	_	_	_	_	ART	Gen.Pl.Masc	der	_	_
26-10	2697-2712	Rechtsbeistände	_	_	_	_	_	_	_	_	NN	Gen.Pl.Masc	Rechtsbeistand	_	_
26-11	2713-2714	,	_	_	_	_	_	_	_	_	$,	_	,	_	_
26-12	2715-2717	in	_	_	_	_	_	_	_	_	APPR	_	in	_	_
26-13	2718-2728	bestimmten	_	_	_	_	_	_	_	_	ADJA	Pos.Dat.Pl.Masc	bestimmt	_	_
26-14	2729-2735	Fällen	_	_	_	_	_	_	_	_	NN	Dat.Pl.Masc	Fall	_	_
26-15	2736-2740	eine	_	_	_	_	_	_	_	_	ART	Acc.Sg.Fem	ein	_	_
26-16	2741-2748	Anzeige	_	_	_	_	_	_	_	_	NN	Acc.Sg.Fem	Anzeige	_	_
26-17	2749-2758	erstatten	_	_	_	_	_	_	_	_	VVINF	Inf	erstatten	_	_
26-18	2759-2761	zu	_	_	_	_	_	_	_	_	PTKZU	_	zu	_	_
26-19	2762-2768	müssen	_	_	_	_	_	_	_	_	VMINF	Inf	müssen	_	_
26-20	2769-2770	.	_	_	_	_	_	_	_	_	$.	_	.	_	_

#Text=Das Verhältnis Rechtsanwalt - Mandant ist ein besonderes Vertrauensverhältnis .
27-1	2773-2776	Das	_	_	_	_	_	_	_	_	ART	Nom.Sg.Neut	der	_	_
27-2	2777-2787	Verhältnis	_	_	_	_	_	_	_	_	NN	Nom.Sg.Neut	Verhältnis	_	_
27-3	2788-2800	Rechtsanwalt	_	_	_	_	_	_	_	_	NN	Nom.Sg.Masc	Rechtsanwalt	_	_
27-4	2801-2802	-	_	_	_	_	_	_	_	_	$(	_	-	_	_
27-5	2803-2810	Mandant	_	_	_	_	_	_	_	_	NN	Nom.Sg.Masc	Mandant	_	_
27-6	2811-2814	ist	_	_	_	_	_	_	_	_	VAFIN	3.Sg.Pres.Ind	sein	_	_
27-7	2815-2818	ein	_	_	_	_	_	_	_	_	ART	Nom.Sg.Neut	ein	_	_
27-8	2819-2829	besonderes	_	_	_	_	_	_	_	_	ADJA	Pos.Nom.Sg.Neut	besonderer	_	_
27-9	2830-2850	Vertrauensverhältnis	_	_	_	_	_	_	_	_	NN	Nom.Sg.Neut	Vertrauensverhältnis	_	_
27-10	2851-2852	.	_	_	_	_	_	_	_	_	$.	_	.	_	_

#Text=Der Mandant muss die Sicherheit haben , dass er seinem Rechtsbeistand umfassend vertrauen kann .
28-1	2855-2858	Der	_	_	_	_	_	_	_	_	ART	Nom.Sg.Masc	der	_	_
28-2	2859-2866	Mandant	_	_	_	_	_	_	_	_	NN	Nom.Sg.Masc	Mandant	_	_
28-3	2867-2871	muss	_	_	_	_	_	_	_	_	VMFIN	3.Sg.Pres.Ind	müssen	_	_
28-4	2872-2875	die	_	_	_	_	_	_	_	_	ART	Acc.Sg.Fem	der	_	_
28-5	2876-2886	Sicherheit	_	_	_	_	_	_	_	_	NN	Acc.Sg.Fem	Sicherheit	_	_
28-6	2887-2892	haben	_	_	_	_	_	_	_	_	VAINF	Inf	haben	_	_
28-7	2893-2894	,	_	_	_	_	_	_	_	_	$,	_	,	_	_
28-8	2895-2899	dass	_	_	_	_	_	_	_	_	KOUS	_	dass	_	_
28-9	2900-2902	er	_	_	_	_	_	_	_	_	PPER	3.Nom.Sg.Masc	er	_	_
28-10	2903-2909	seinem	_	_	_	_	_	_	_	_	PPOSAT	Dat.Sg.Masc	sein	_	_
28-11	2910-2924	Rechtsbeistand	_	_	_	_	_	_	_	_	NN	Dat.Sg.Masc	Rechtsbeistand	_	_
28-12	2925-2934	umfassend	_	_	_	_	_	_	_	_	ADJD	Pos	umfassend	_	_
28-13	2935-2944	vertrauen	_	_	_	_	_	_	_	_	VVINF	Inf	vertrauen	_	_
28-14	2945-2949	kann	_	_	_	_	_	_	_	_	VMFIN	3.Sg.Pres.Ind	können	_	_
28-15	2950-2951	.	_	_	_	_	_	_	_	_	$.	_	.	_	_

#Text=Dieses Vertrauen des Rechtssuchenden ist auch Ausdruck des Schutzes der Persönlichkeit nach Art . 2 Abs . 1 des Grundgesetzes .
29-1	2954-2960	Dieses	_	_	_	_	_	_	_	_	PDAT	Nom.Sg.Neut	dieser	_	_
29-2	2961-2970	Vertrauen	_	_	_	_	_	_	_	_	NN	Nom.Sg.Neut	vertrauen	_	_
29-3	2971-2974	des	_	_	_	_	_	_	_	_	ART	Gen.Sg.Masc	der	_	_
29-4	2975-2990	Rechtssuchenden	_	_	_	_	_	_	_	_	NN	Gen.Sg.Masc	rechtssuchend	_	_
29-5	2991-2994	ist	_	_	_	_	_	_	_	_	VAFIN	3.Sg.Pres.Ind	sein	_	_
29-6	2995-2999	auch	_	_	_	_	_	_	_	_	ADV	_	auch	_	_
29-7	3000-3008	Ausdruck	_	_	_	_	_	_	_	_	NN	Nom.Sg.Masc	Ausdruck	_	_
29-8	3009-3012	des	_	_	_	_	_	_	_	_	ART	Gen.Sg.Masc	der	_	_
29-9	3013-3021	Schutzes	_	_	_	_	_	_	_	_	NN	Gen.Sg.Masc	Schutz	_	_
29-10	3022-3025	der	_	_	_	_	_	_	_	_	ART	Gen.Sg.Fem	der	_	_
29-11	3026-3040	Persönlichkeit	_	_	_	_	_	_	_	_	NN	Gen.Sg.Fem	Persönlichkeit	_	_
29-12	3041-3045	nach	_	_	_	_	_	_	_	_	APPR	_	nach	_	_
29-13	3046-3049	Art	_	_	_	_	_	_	_	_	NN	Dat.Sg.Fem	Art	_	_
29-14	3050-3051	.	_	_	_	_	_	_	_	_	$.	_	.	_	_
29-15	3052-3053	2	_	_	_	_	_	_	_	_	CARD	_	2	_	_
29-16	3054-3057	Abs	_	_	_	_	_	_	_	_	NN	Nom.Sg.Neut	Abs	_	_
29-17	3058-3059	.	_	_	_	_	_	_	_	_	$.	_	.	_	_
29-18	3060-3061	1	_	_	_	_	_	_	_	_	CARD	_	1	_	_
29-19	3062-3065	des	_	_	_	_	_	_	_	_	ART	Gen.Sg.Neut	der	_	_
29-20	3066-3079	Grundgesetzes	_	_	_	_	_	_	_	_	NN	Gen.Sg.Neut	Grundgesetz	_	_
29-21	3080-3081	.	_	_	_	_	_	_	_	_	$.	_	.	_	_

#Text=Alles , was der Rechtssuchende seinem Rechtsanwalt anvertraut , ist zunächst von diesem Schutz umfasst .
30-1	3084-3089	Alles	_	_	_	_	_	_	_	_	PIS	Nom.Sg.Neut	alle	_	_
30-2	3090-3091	,	_	_	_	_	_	_	_	_	$,	_	,	_	_
30-3	3092-3095	was	_	_	_	_	_	_	_	_	PRELS	Acc.Sg.Neut	wer	_	_
30-4	3096-3099	der	_	_	_	_	_	_	_	_	ART	Nom.Sg.Masc	der	_	_
30-5	3100-3114	Rechtssuchende	_	_	_	_	_	_	_	_	NN	Nom.Sg.Masc	rechtssuchend	_	_
30-6	3115-3121	seinem	_	_	_	_	_	_	_	_	PPOSAT	Dat.Sg.Masc	sein	_	_
30-7	3122-3134	Rechtsanwalt	_	_	_	_	_	_	_	_	NN	Dat.Sg.Masc	Rechtsanwalt	_	_
30-8	3135-3145	anvertraut	_	_	_	_	_	_	_	_	VVFIN	3.Sg.Pres.Ind	anvertrauen	_	_
30-9	3146-3147	,	_	_	_	_	_	_	_	_	$,	_	,	_	_
30-10	3148-3151	ist	_	_	_	_	_	_	_	_	VAFIN	3.Sg.Pres.Ind	sein	_	_
30-11	3152-3160	zunächst	_	_	_	_	_	_	_	_	ADV	_	zunächst	_	_
30-12	3161-3164	von	_	_	_	_	_	_	_	_	APPR	_	von	_	_
30-13	3165-3171	diesem	_	_	_	_	_	_	_	_	PDAT	Dat.Sg.Masc	dieser	_	_
30-14	3172-3178	Schutz	_	_	_	_	_	_	_	_	NN	Dat.Sg.Masc	Schutz	_	_
30-15	3179-3186	umfasst	_	_	_	_	_	_	_	_	ADJD	Pos	umfasst	_	_
30-16	3187-3188	.	_	_	_	_	_	_	_	_	$.	_	.	_	_

#Text=Gerade der Grundsatz " nemo tenetur se ipsum accusare " könnte aber durchbrochen werden , wenn der Rechtsanwalt verpflichtet wird , Mitteilungen über den Mandanten an die Rechtsanwaltskammer zu machen .
31-1	3191-3197	Gerade	_	_	_	_	_	_	_	_	ADV	_	gerade	_	_
31-2	3198-3201	der	_	_	_	_	_	_	_	_	ART	Nom.Sg.Masc	der	_	_
31-3	3202-3211	Grundsatz	_	_	_	_	_	_	_	_	NN	Nom.Sg.Masc	Grundsatz	_	_
31-4	3212-3213	"	_	_	_	_	_	_	_	_	$(	_	"	_	_
31-5	3214-3218	nemo	_	_	_	_	_	_	_	_	FM	_	nemo	_	_
31-6	3219-3226	tenetur	_	_	_	_	_	_	_	_	FM	_	tenetur	_	_
31-7	3227-3229	se	_	_	_	_	_	_	_	_	FM	_	se	_	_
31-8	3230-3235	ipsum	_	_	_	_	_	_	_	_	FM	_	ipsum	_	_
31-9	3236-3244	accusare	_	_	_	_	_	_	_	_	NE	Nom.Sg.*	accusare	_	_
31-10	3245-3246	"	_	_	_	_	_	_	_	_	$(	_	"	_	_
31-11	3247-3253	könnte	_	_	_	_	_	_	_	_	VMFIN	3.Sg.Past.Subj	können	_	_
31-12	3254-3258	aber	_	_	_	_	_	_	_	_	ADV	_	aber	_	_
31-13	3259-3271	durchbrochen	_	_	_	_	_	_	_	_	VVPP	Psp	durchbrechen	_	_
31-14	3272-3278	werden	_	_	_	_	_	_	_	_	VAINF	Inf	werden	_	_
31-15	3279-3280	,	_	_	_	_	_	_	_	_	$,	_	,	_	_
31-16	3281-3285	wenn	_	_	_	_	_	_	_	_	KOUS	_	wenn	_	_
31-17	3286-3289	der	_	_	_	_	_	_	_	_	ART	Nom.Sg.Masc	der	_	_
31-18	3290-3302	Rechtsanwalt	_	_	_	_	_	_	_	_	NN	Nom.Sg.Masc	Rechtsanwalt	_	_
31-19	3303-3315	verpflichtet	_	_	_	_	_	_	_	_	VVPP	Psp	verpflichten	_	_
31-20	3316-3320	wird	_	_	_	_	_	_	_	_	VAFIN	3.Sg.Pres.Ind	werden	_	_
31-21	3321-3322	,	_	_	_	_	_	_	_	_	$,	_	,	_	_
31-22	3323-3335	Mitteilungen	_	_	_	_	_	_	_	_	NN	Acc.Pl.Fem	Mitteilung	_	_
31-23	3336-3340	über	_	_	_	_	_	_	_	_	APPR	_	über	_	_
31-24	3341-3344	den	_	_	_	_	_	_	_	_	ART	Acc.Sg.Masc	der	_	_
31-25	3345-3354	Mandanten	_	_	_	_	_	_	_	_	NN	Acc.Sg.Masc	Mandant	_	_
31-26	3355-3357	an	_	_	_	_	_	_	_	_	APPR	_	an	_	_
31-27	3358-3361	die	_	_	_	_	_	_	_	_	ART	Acc.Sg.Fem	der	_	_
31-28	3362-3381	Rechtsanwaltskammer	_	_	_	_	_	_	_	_	NN	Acc.Sg.Fem	Rechtsanwaltskammer	_	_
31-29	3382-3384	zu	_	_	_	_	_	_	_	_	PTKZU	_	zu	_	_
31-30	3385-3391	machen	_	_	_	_	_	_	_	_	VVINF	Inf	machen	_	_
31-31	3392-3393	.	_	_	_	_	_	_	_	_	$.	_	.	_	_

#Text=Wenn der Mandant mit der Möglichkeit rechnen muss , dass Angaben , die er gegenüber dem Rechtsanwalt gemacht hat , von diesem weitergegeben werden , dann besteht die Gefahr , dass er sich seinem Rechtsanwalt gegenüber nicht umfassend offenbart .
32-1	3396-3400	Wenn	_	_	_	_	_	_	_	_	KOUS	_	wenn	_	_
32-2	3401-3404	der	_	_	_	_	_	_	_	_	ART	Nom.Sg.Masc	der	_	_
32-3	3405-3412	Mandant	_	_	_	_	_	_	_	_	NN	Nom.Sg.Masc	Mandant	_	_
32-4	3413-3416	mit	_	_	_	_	_	_	_	_	APPR	_	mit	_	_
32-5	3417-3420	der	_	_	_	_	_	_	_	_	ART	Dat.Sg.Fem	der	_	_
32-6	3421-3432	Möglichkeit	_	_	_	_	_	_	_	_	NN	Dat.Sg.Fem	Möglichkeit	_	_
32-7	3433-3440	rechnen	_	_	_	_	_	_	_	_	VVINF	Inf	rechnen	_	_
32-8	3441-3445	muss	_	_	_	_	_	_	_	_	VMFIN	3.Sg.Pres.Ind	müssen	_	_
32-9	3446-3447	,	_	_	_	_	_	_	_	_	$,	_	,	_	_
32-10	3448-3452	dass	_	_	_	_	_	_	_	_	KOUS	_	dass	_	_
32-11	3453-3460	Angaben	_	_	_	_	_	_	_	_	NN	Nom.Pl.Fem	Angabe	_	_
32-12	3461-3462	,	_	_	_	_	_	_	_	_	$,	_	,	_	_
32-13	3463-3466	die	_	_	_	_	_	_	_	_	PRELS	Acc.Pl.Fem	der	_	_
32-14	3467-3469	er	_	_	_	_	_	_	_	_	PPER	3.Nom.Sg.Masc	er	_	_
32-15	3470-3479	gegenüber	_	_	_	_	_	_	_	_	APPR	_	gegenüber	_	_
32-16	3480-3483	dem	_	_	_	_	_	_	_	_	ART	Dat.Sg.Masc	der	_	_
32-17	3484-3496	Rechtsanwalt	_	_	_	_	_	_	_	_	NN	Dat.Sg.Masc	Rechtsanwalt	_	_
32-18	3497-3504	gemacht	_	_	_	_	_	_	_	_	VVPP	Psp	machen	_	_
32-19	3505-3508	hat	_	_	_	_	_	_	_	_	VAFIN	3.Sg.Pres.Ind	haben	_	_
32-20	3509-3510	,	_	_	_	_	_	_	_	_	$,	_	,	_	_
32-21	3511-3514	von	_	_	_	_	_	_	_	_	APPR	_	von	_	_
32-22	3515-3521	diesem	_	_	_	_	_	_	_	_	PDS	Dat.Sg.Masc	dieser	_	_
32-23	3522-3535	weitergegeben	_	_	_	_	_	_	_	_	VVPP	Psp	weitergeben	_	_
32-24	3536-3542	werden	_	_	_	_	_	_	_	_	VAFIN	3.Pl.Pres.Ind	werden	_	_
32-25	3543-3544	,	_	_	_	_	_	_	_	_	$,	_	,	_	_
32-26	3545-3549	dann	_	_	_	_	_	_	_	_	ADV	_	dann	_	_
32-27	3550-3557	besteht	_	_	_	_	_	_	_	_	VVFIN	3.Sg.Pres.Ind	bestehen	_	_
32-28	3558-3561	die	_	_	_	_	_	_	_	_	ART	Nom.Sg.Fem	der	_	_
32-29	3562-3568	Gefahr	_	_	_	_	_	_	_	_	NN	Nom.Sg.Fem	Gefahr	_	_
32-30	3569-3570	,	_	_	_	_	_	_	_	_	$,	_	,	_	_
32-31	3571-3575	dass	_	_	_	_	_	_	_	_	KOUS	_	dass	_	_
32-32	3576-3578	er	_	_	_	_	_	_	_	_	PPER	3.Nom.Sg.Masc	er	_	_
32-33	3579-3583	sich	_	_	_	_	_	_	_	_	PRF	3.Acc.Sg	sich	_	_
32-34	3584-3590	seinem	_	_	_	_	_	_	_	_	PPOSAT	Dat.Sg.Masc	sein	_	_
32-35	3591-3603	Rechtsanwalt	_	_	_	_	_	_	_	_	NN	Dat.Sg.Masc	Rechtsanwalt	_	_
32-36	3604-3613	gegenüber	_	_	_	_	_	_	_	_	APPO	Dat	gegenüber	_	_
32-37	3614-3619	nicht	_	_	_	_	_	_	_	_	PTKNEG	_	nicht	_	_
32-38	3620-3629	umfassend	_	_	_	_	_	_	_	_	ADJD	Pos	umfassend	_	_
32-39	3630-3639	offenbart	_	_	_	_	_	_	_	_	VVFIN	3.Sg.Pres.Ind	offenbaren	_	_
32-40	3640-3641	.	_	_	_	_	_	_	_	_	$.	_	.	_	_

#Text=Meines Erachtens müssen wir hier den Gesetzentwurf auch noch einmal unter dem Gesichtspunkt der Wertungseinheit mit § 138 St GB betrachten .
33-1	3644-3650	Meines	_	_	_	_	_	_	_	_	PPOSAT	Gen.Sg.Neut	mein	_	_
33-2	3651-3660	Erachtens	_	_	_	_	_	_	_	_	NN	Gen.Sg.Neut	erachten	_	_
33-3	3661-3667	müssen	_	_	_	_	_	_	_	_	VMFIN	1.Pl.Pres.Ind	müssen	_	_
33-4	3668-3671	wir	_	_	_	_	_	_	_	_	PPER	1.Nom.Pl.*	wir	_	_
33-5	3672-3676	hier	_	_	_	_	_	_	_	_	ADV	_	hier	_	_
33-6	3677-3680	den	_	_	_	_	_	_	_	_	ART	Acc.Sg.Masc	der	_	_
33-7	3681-3694	Gesetzentwurf	_	_	_	_	_	_	_	_	NN	Acc.Sg.Masc	Gesetzentwurf	_	_
33-8	3695-3699	auch	_	_	_	_	_	_	_	_	ADV	_	auch	_	_
33-9	3700-3704	noch	_	_	_	_	_	_	_	_	ADV	_	noch	_	_
33-10	3705-3711	einmal	_	_	_	_	_	_	_	_	ADV	_	einmal	_	_
33-11	3712-3717	unter	_	_	_	_	_	_	_	_	APPR	_	unter	_	_
33-12	3718-3721	dem	_	_	_	_	_	_	_	_	ART	Dat.Sg.Masc	der	_	_
33-13	3722-3735	Gesichtspunkt	_	_	_	_	_	_	_	_	NN	Dat.Sg.Masc	Gesichtspunkt	_	_
33-14	3736-3739	der	_	_	_	_	_	_	_	_	ART	Gen.Sg.Fem	der	_	_
33-15	3740-3755	Wertungseinheit	_	_	_	_	_	_	_	_	NN	Gen.Sg.Fem	Wertungseinheit	_	_
33-16	3756-3759	mit	_	_	_	_	_	_	_	_	APPR	_	mit	_	_
33-17	3760-3761	§	_	_	_	_	_	_	_	_	NN	Dat.Sg.Masc	§	_	_
33-18	3762-3765	138	_	_	_	_	_	_	_	_	CARD	_	138	_	_
33-19	3766-3768	St	_	_	_	_	_	_	_	_	NE	*.*.*	St	_	_
33-20	3769-3771	GB	_	_	_	_	_	_	_	_	NE	Nom.*.*	GB	_	_
33-21	3772-3782	betrachten	_	_	_	_	_	_	_	_	VVINF	Inf	betrachten	_	_
33-22	3783-3784	.	_	_	_	_	_	_	_	_	$.	_	.	_	_

#Text=Dort hat der Rechtsanwalt die Pflicht , schwerste Verbrechen anzuzeigen .
34-1	3787-3791	Dort	_	_	_	_	_	_	_	_	ADV	_	dort	_	_
34-2	3792-3795	hat	_	_	_	_	_	_	_	_	VAFIN	3.Sg.Pres.Ind	haben	_	_
34-3	3796-3799	der	_	_	_	_	_	_	_	_	ART	Nom.Sg.Masc	der	_	_
34-4	3800-3812	Rechtsanwalt	_	_	_	_	_	_	_	_	NN	Nom.Sg.Masc	Rechtsanwalt	_	_
34-5	3813-3816	die	_	_	_	_	_	_	_	_	ART	Acc.Sg.Fem	der	_	_
34-6	3817-3824	Pflicht	_	_	_	_	_	_	_	_	NN	Acc.Sg.Fem	Pflicht	_	_
34-7	3825-3826	,	_	_	_	_	_	_	_	_	$,	_	,	_	_
34-8	3827-3836	schwerste	_	_	_	_	_	_	_	_	ADJA	Sup.Acc.Pl.Neut	schwer	_	_
34-9	3837-3847	Verbrechen	_	_	_	_	_	_	_	_	NN	Acc.Pl.Neut	Verbrechen	_	_
34-10	3848-3858	anzuzeigen	_	_	_	_	_	_	_	_	VVIZU	Infzu	anzeigen	_	_
34-11	3859-3860	.	_	_	_	_	_	_	_	_	$.	_	.	_	_

#Text=Im Geldwäschebekämpfungsgesetz ist er schon verpflichtet , ein Vergehen , wie es die Geldwäsche gemäß § 261 St GB darstellt , anzuzeigen .
35-1	3863-3865	Im	_	_	_	_	_	_	_	_	APPRART	Dat.Sg.Neut	in	_	_
35-2	3866-3893	Geldwäschebekämpfungsgesetz	_	_	_	_	_	_	_	_	NN	Dat.Sg.Neut	Geldwäschebekämpfungsgesetz	_	_
35-3	3894-3897	ist	_	_	_	_	_	_	_	_	VAFIN	3.Sg.Pres.Ind	sein	_	_
35-4	3898-3900	er	_	_	_	_	_	_	_	_	PPER	3.Nom.Sg.Masc	er	_	_
35-5	3901-3906	schon	_	_	_	_	_	_	_	_	ADV	_	schon	_	_
35-6	3907-3919	verpflichtet	_	_	_	_	_	_	_	_	VVPP	Psp	verpflichten	_	_
35-7	3920-3921	,	_	_	_	_	_	_	_	_	$,	_	,	_	_
35-8	3922-3925	ein	_	_	_	_	_	_	_	_	ART	Nom.Sg.Neut	ein	_	_
35-9	3926-3934	Vergehen	_	_	_	_	_	_	_	_	NN	Nom.Sg.Neut	Vergehen	_	_
35-10	3935-3936	,	_	_	_	_	_	_	_	_	$,	_	,	_	_
35-11	3937-3940	wie	_	_	_	_	_	_	_	_	PWAV	_	wie	_	_
35-12	3941-3943	es	_	_	_	_	_	_	_	_	PPER	3.Acc.Sg.Neut	es	_	_
35-13	3944-3947	die	_	_	_	_	_	_	_	_	ART	Nom.Sg.Fem	der	_	_
35-14	3948-3958	Geldwäsche	_	_	_	_	_	_	_	_	NN	Nom.Sg.Fem	Geldwäsche	_	_
35-15	3959-3964	gemäß	_	_	_	_	_	_	_	_	ADJD	Pos	gemäß	_	_
35-16	3965-3966	§	_	_	_	_	_	_	_	_	NN	Nom.Sg.Masc	§	_	_
35-17	3967-3970	261	_	_	_	_	_	_	_	_	CARD	_	261	_	_
35-18	3971-3973	St	_	_	_	_	_	_	_	_	NN	Nom.Sg.*	St	_	_
35-19	3974-3976	GB	_	_	_	_	_	_	_	_	NE	Nom.Sg.*	GB	_	_
35-20	3977-3986	darstellt	_	_	_	_	_	_	_	_	VVFIN	3.Sg.Pres.Ind	darstellen	_	_
35-21	3987-3988	,	_	_	_	_	_	_	_	_	$,	_	,	_	_
35-22	3989-3999	anzuzeigen	_	_	_	_	_	_	_	_	VVIZU	Infzu	anzeigen	_	_
35-23	4000-4001	.	_	_	_	_	_	_	_	_	$.	_	.	_	_

#Text=Ich denke , dass wir hier im weiteren parlamentarischen Verfahren noch einmal nachbessern sollten .
36-1	4004-4007	Ich	_	_	_	_	_	_	_	_	PPER	1.Nom.Sg.*	ich	_	_
36-2	4008-4013	denke	_	_	_	_	_	_	_	_	VVFIN	1.Sg.Pres.Ind	denken	_	_
36-3	4014-4015	,	_	_	_	_	_	_	_	_	$,	_	,	_	_
36-4	4016-4020	dass	_	_	_	_	_	_	_	_	KOUS	_	dass	_	_
36-5	4021-4024	wir	_	_	_	_	_	_	_	_	PPER	1.Nom.Pl.*	wir	_	_
36-6	4025-4029	hier	_	_	_	_	_	_	_	_	ADV	_	hier	_	_
36-7	4030-4032	im	_	_	_	_	_	_	_	_	APPRART	Dat.Sg.Neut	in	_	_
36-8	4033-4041	weiteren	_	_	_	_	_	_	_	_	ADJA	Comp.Dat.Sg.Neut	weit	_	_
36-9	4042-4059	parlamentarischen	_	_	_	_	_	_	_	_	ADJA	Pos.Dat.Sg.Neut	parlamentarisch	_	_
36-10	4060-4069	Verfahren	_	_	_	_	_	_	_	_	NN	Dat.Sg.Neut	Verfahren	_	_
36-11	4070-4074	noch	_	_	_	_	_	_	_	_	ADV	_	noch	_	_
36-12	4075-4081	einmal	_	_	_	_	_	_	_	_	ADV	_	einmal	_	_
36-13	4082-4093	nachbessern	_	_	_	_	_	_	_	_	VVINF	Inf	nachbessern	_	_
36-14	4094-4101	sollten	_	_	_	_	_	_	_	_	VMFIN	1.Pl.Past.Subj	sollen	_	_
36-15	4102-4103	.	_	_	_	_	_	_	_	_	$.	_	.	_	_

#Text=Auch hier muss das strucksche Gesetz gelten : Kein Gesetz geht so in das parlamentarische Verfahren hinein , wie es letztendlich verabschiedet wird .
37-1	4106-4110	Auch	_	_	_	_	_	_	_	_	ADV	_	auch	_	_
37-2	4111-4115	hier	_	_	_	_	_	_	_	_	ADV	_	hier	_	_
37-3	4116-4120	muss	_	_	_	_	_	_	_	_	VMFIN	3.Sg.Pres.Ind	müssen	_	_
37-4	4121-4124	das	_	_	_	_	_	_	_	_	ART	Nom.Sg.Neut	der	_	_
37-5	4125-4135	strucksche	_	_	_	_	_	_	_	_	ADJA	Pos.Nom.Sg.Neut	strucksch	_	_
37-6	4136-4142	Gesetz	_	_	_	_	_	_	_	_	NN	Nom.Sg.Neut	Gesetz	_	_
37-7	4143-4149	gelten	_	_	_	_	_	_	_	_	VVINF	Inf	gelten	_	_
37-8	4150-4151	:	_	_	_	_	_	_	_	_	$.	_	:	_	_
37-9	4152-4156	Kein	_	_	_	_	_	_	_	_	PIAT	Nom.Sg.Neut	kein	_	_
37-10	4157-4163	Gesetz	_	_	_	_	_	_	_	_	NN	Nom.Sg.Neut	Gesetz	_	_
37-11	4164-4168	geht	_	_	_	_	_	_	_	_	VVFIN	3.Sg.Pres.Ind	gehen	_	_
37-12	4169-4171	so	_	_	_	_	_	_	_	_	ADV	_	so	_	_
37-13	4172-4174	in	_	_	_	_	_	_	_	_	APPR	_	in	_	_
37-14	4175-4178	das	_	_	_	_	_	_	_	_	ART	Acc.Sg.Neut	der	_	_
37-15	4179-4195	parlamentarische	_	_	_	_	_	_	_	_	ADJA	Pos.Acc.Sg.Neut	parlamentarisch	_	_
37-16	4196-4205	Verfahren	_	_	_	_	_	_	_	_	NN	Acc.Sg.Neut	Verfahren	_	_
37-17	4206-4212	hinein	_	_	_	_	_	_	_	_	PTKVZ	_	hinein	_	_
37-18	4213-4214	,	_	_	_	_	_	_	_	_	$,	_	,	_	_
37-19	4215-4218	wie	_	_	_	_	_	_	_	_	PWAV	_	wie	_	_
37-20	4219-4221	es	_	_	_	_	_	_	_	_	PPER	3.Nom.Sg.Neut	es	_	_
37-21	4222-4234	letztendlich	_	_	_	_	_	_	_	_	ADV	_	letztendlich	_	_
37-22	4235-4248	verabschiedet	_	_	_	_	_	_	_	_	VVPP	Psp	verabschieden	_	_
37-23	4249-4253	wird	_	_	_	_	_	_	_	_	VAFIN	3.Sg.Pres.Ind	werden	_	_
37-24	4254-4255	.	_	_	_	_	_	_	_	_	$.	_	.	_	_

#Text=Wir haben hier auch noch Handlungsspielraum .
38-1	4258-4261	Wir	_	_	_	_	_	_	_	_	PPER	1.Nom.Pl.*	wir	_	_
38-2	4262-4267	haben	_	_	_	_	_	_	_	_	VAFIN	1.Pl.Pres.Ind	haben	_	_
38-3	4268-4272	hier	_	_	_	_	_	_	_	_	ADV	_	hier	_	_
38-4	4273-4277	auch	_	_	_	_	_	_	_	_	ADV	_	auch	_	_
38-5	4278-4282	noch	_	_	_	_	_	_	_	_	ADV	_	noch	_	_
38-6	4283-4301	Handlungsspielraum	_	_	_	_	_	_	_	_	NN	Acc.Sg.Masc	Handlungsspielraum	_	_
38-7	4302-4303	.	_	_	_	_	_	_	_	_	$.	_	.	_	_

#Text=Die Geldwäscherichtlinie , die mit dem heutigen Gesetzesentwurf umgesetzt wird , lässt ausdrücklich eine Ausnahme für rechtsberatende Berufe zu .
39-1	4306-4309	Die	_	_	_	_	_	_	_	_	ART	Nom.Sg.Fem	der	_	_
39-2	4310-4330	Geldwäscherichtlinie	_	_	_	_	_	_	_	_	NN	Nom.Sg.Fem	Geldwäscherichtlinie	_	_
39-3	4331-4332	,	_	_	_	_	_	_	_	_	$,	_	,	_	_
39-4	4333-4336	die	_	_	_	_	_	_	_	_	PRELS	Nom.Sg.Fem	der	_	_
39-5	4337-4340	mit	_	_	_	_	_	_	_	_	APPR	_	mit	_	_
39-6	4341-4344	dem	_	_	_	_	_	_	_	_	ART	Dat.Sg.Masc	der	_	_
39-7	4345-4353	heutigen	_	_	_	_	_	_	_	_	ADJA	Pos.Dat.Sg.Masc	heutig	_	_
39-8	4354-4369	Gesetzesentwurf	_	_	_	_	_	_	_	_	NN	Dat.Sg.Masc	Gesetzesentwurf	_	_
39-9	4370-4379	umgesetzt	_	_	_	_	_	_	_	_	VVPP	Psp	umsetzen	_	_
39-10	4380-4384	wird	_	_	_	_	_	_	_	_	VAFIN	3.Sg.Pres.Ind	werden	_	_
39-11	4385-4386	,	_	_	_	_	_	_	_	_	$,	_	,	_	_
39-12	4387-4392	lässt	_	_	_	_	_	_	_	_	VVFIN	3.Sg.Pres.Ind	lassen	_	_
39-13	4393-4405	ausdrücklich	_	_	_	_	_	_	_	_	ADJD	Pos	ausdrücklich	_	_
39-14	4406-4410	eine	_	_	_	_	_	_	_	_	ART	Acc.Sg.Fem	ein	_	_
39-15	4411-4419	Ausnahme	_	_	_	_	_	_	_	_	NN	Acc.Sg.Fem	Ausnahme	_	_
39-16	4420-4423	für	_	_	_	_	_	_	_	_	APPR	_	für	_	_
39-17	4424-4439	rechtsberatende	_	_	_	_	_	_	_	_	ADJA	Pos.Acc.Pl.Masc	rechtsberatend	_	_
39-18	4440-4446	Berufe	_	_	_	_	_	_	_	_	NN	Acc.Pl.Masc	Beruf	_	_
39-19	4447-4449	zu	_	_	_	_	_	_	_	_	PTKVZ	_	zu	_	_
39-20	4450-4451	.	_	_	_	_	_	_	_	_	$.	_	.	_	_

#Text=Insbesondere erlaubt sie , dass der Rechtsanwalt der Mandantin mitteilen darf , dass er Informationen an die Kammer weitergegeben hat .
40-1	4454-4466	Insbesondere	_	_	_	_	_	_	_	_	ADV	_	insbesondere	_	_
40-2	4467-4474	erlaubt	_	_	_	_	_	_	_	_	VVFIN	3.Sg.Pres.Ind	erlauben	_	_
40-3	4475-4478	sie	_	_	_	_	_	_	_	_	PPER	3.Nom.Sg.Fem	sie	_	_
40-4	4479-4480	,	_	_	_	_	_	_	_	_	$,	_	,	_	_
40-5	4481-4485	dass	_	_	_	_	_	_	_	_	KOUS	_	dass	_	_
40-6	4486-4489	der	_	_	_	_	_	_	_	_	ART	Nom.Sg.Masc	der	_	_
40-7	4490-4502	Rechtsanwalt	_	_	_	_	_	_	_	_	NN	Nom.Sg.Masc	Rechtsanwalt	_	_
40-8	4503-4506	der	_	_	_	_	_	_	_	_	ART	Gen.Sg.Fem	der	_	_
40-9	4507-4516	Mandantin	_	_	_	_	_	_	_	_	NN	Gen.Sg.Fem	Mandantin	_	_
40-10	4517-4526	mitteilen	_	_	_	_	_	_	_	_	VVINF	Inf	mitteilen	_	_
40-11	4527-4531	darf	_	_	_	_	_	_	_	_	VMFIN	3.Sg.Pres.Ind	dürfen	_	_
40-12	4532-4533	,	_	_	_	_	_	_	_	_	$,	_	,	_	_
40-13	4534-4538	dass	_	_	_	_	_	_	_	_	KOUS	_	dass	_	_
40-14	4539-4541	er	_	_	_	_	_	_	_	_	PPER	3.Nom.Sg.Masc	er	_	_
40-15	4542-4555	Informationen	_	_	_	_	_	_	_	_	NN	Acc.Pl.Fem	Information	_	_
40-16	4556-4558	an	_	_	_	_	_	_	_	_	APPR	_	an	_	_
40-17	4559-4562	die	_	_	_	_	_	_	_	_	ART	Acc.Sg.Fem	der	_	_
40-18	4563-4569	Kammer	_	_	_	_	_	_	_	_	NN	Acc.Sg.Fem	Kammer	_	_
40-19	4570-4583	weitergegeben	_	_	_	_	_	_	_	_	VVPP	Psp	weitergeben	_	_
40-20	4584-4587	hat	_	_	_	_	_	_	_	_	VAFIN	3.Sg.Pres.Ind	haben	_	_
40-21	4588-4589	.	_	_	_	_	_	_	_	_	$.	_	.	_	_

#Text=Das ist für das Vertrauensverhältnis zwischen Rechtsbeistand und Mandant sehr wichtig .
41-1	4592-4595	Das	_	_	_	_	_	_	_	_	PDS	Nom.Sg.Neut	der	_	_
41-2	4596-4599	ist	_	_	_	_	_	_	_	_	VAFIN	3.Sg.Pres.Ind	sein	_	_
41-3	4600-4603	für	_	_	_	_	_	_	_	_	APPR	_	für	_	_
41-4	4604-4607	das	_	_	_	_	_	_	_	_	ART	Acc.Sg.Neut	der	_	_
41-5	4608-4628	Vertrauensverhältnis	_	_	_	_	_	_	_	_	NN	Acc.Sg.Neut	Vertrauensverhältnis	_	_
41-6	4629-4637	zwischen	_	_	_	_	_	_	_	_	APPR	_	zwischen	_	_
41-7	4638-4652	Rechtsbeistand	_	_	_	_	_	_	_	_	NN	Dat.Sg.Masc	Rechtsbeistand	_	_
41-8	4653-4656	und	_	_	_	_	_	_	_	_	KON	_	und	_	_
41-9	4657-4664	Mandant	_	_	_	_	_	_	_	_	NN	Dat.Sg.Masc	Mandant	_	_
41-10	4665-4669	sehr	_	_	_	_	_	_	_	_	ADV	_	sehr	_	_
41-11	4670-4677	wichtig	_	_	_	_	_	_	_	_	ADJD	Pos	wichtig	_	_
41-12	4678-4679	.	_	_	_	_	_	_	_	_	$.	_	.	_	_

#Text=Denn nur so kann der Mandant das ausreichende Vertrauen zu seinem Rechtsanwalt aufbauen .
42-1	4682-4686	Denn	_	_	_	_	_	_	_	_	KON	_	denn	_	_
42-2	4687-4690	nur	_	_	_	_	_	_	_	_	ADV	_	nur	_	_
42-3	4691-4693	so	_	_	_	_	_	_	_	_	ADV	_	so	_	_
42-4	4694-4698	kann	_	_	_	_	_	_	_	_	VMFIN	3.Sg.Pres.Ind	können	_	_
42-5	4699-4702	der	_	_	_	_	_	_	_	_	ART	Nom.Sg.Masc	der	_	_
42-6	4703-4710	Mandant	_	_	_	_	_	_	_	_	NN	Nom.Sg.Masc	Mandant	_	_
42-7	4711-4714	das	_	_	_	_	_	_	_	_	ART	Acc.Sg.Neut	der	_	_
42-8	4715-4727	ausreichende	_	_	_	_	_	_	_	_	ADJA	Pos.Acc.Sg.Neut	ausreichend	_	_
42-9	4728-4737	Vertrauen	_	_	_	_	_	_	_	_	NN	Acc.Sg.Neut	vertrauen	_	_
42-10	4738-4740	zu	_	_	_	_	_	_	_	_	APPR	_	zu	_	_
42-11	4741-4747	seinem	_	_	_	_	_	_	_	_	PPOSAT	Dat.Sg.Masc	sein	_	_
42-12	4748-4760	Rechtsanwalt	_	_	_	_	_	_	_	_	NN	Dat.Sg.Masc	Rechtsanwalt	_	_
42-13	4761-4769	aufbauen	_	_	_	_	_	_	_	_	VVINF	Inf	aufbauen	_	_
42-14	4770-4771	.	_	_	_	_	_	_	_	_	$.	_	.	_	_

#Text=Er kann dann gegebenenfalls entscheiden , ob er das Mandatsverhältnis fortsetzen möchte oder nicht .
43-1	4774-4776	Er	_	_	_	_	_	_	_	_	PPER	3.Nom.Sg.Masc	er	_	_
43-2	4777-4781	kann	_	_	_	_	_	_	_	_	VMFIN	3.Sg.Pres.Ind	können	_	_
43-3	4782-4786	dann	_	_	_	_	_	_	_	_	ADV	_	dann	_	_
43-4	4787-4801	gegebenenfalls	_	_	_	_	_	_	_	_	ADV	_	gegebenenfalls	_	_
43-5	4802-4813	entscheiden	_	_	_	_	_	_	_	_	VVINF	Inf	entscheiden	_	_
43-6	4814-4815	,	_	_	_	_	_	_	_	_	$,	_	,	_	_
43-7	4816-4818	ob	_	_	_	_	_	_	_	_	KOUS	_	ob	_	_
43-8	4819-4821	er	_	_	_	_	_	_	_	_	PPER	3.Nom.Sg.Masc	er	_	_
43-9	4822-4825	das	_	_	_	_	_	_	_	_	ART	Acc.Sg.Neut	der	_	_
43-10	4826-4843	Mandatsverhältnis	_	_	_	_	_	_	_	_	NN	Acc.Sg.Neut	Mandatsverhältnis	_	_
43-11	4844-4854	fortsetzen	_	_	_	_	_	_	_	_	VVINF	Inf	fortsetzen	_	_
43-12	4855-4861	möchte	_	_	_	_	_	_	_	_	VMFIN	3.Sg.Pres.Ind	möchten	_	_
43-13	4862-4866	oder	_	_	_	_	_	_	_	_	KON	_	oder	_	_
43-14	4867-4872	nicht	_	_	_	_	_	_	_	_	PTKNEG	_	nicht	_	_
43-15	4873-4874	.	_	_	_	_	_	_	_	_	$.	_	.	_	_

#Text=Auch für den Rechtsanwalt und die Rechtsanwältin ist das wichtig : sie müssen , wenn sie schon zum Geheimnisverrat verpflichtet werden , berechtigt sein , sich demjenigen gegenüber zu offenbaren , der in der Erwartung des Geheimnisschutzes zu ihnen gekommen ist .
44-1	4877-4881	Auch	_	_	_	_	_	_	_	_	ADV	_	auch	_	_
44-2	4882-4885	für	_	_	_	_	_	_	_	_	APPR	_	für	_	_
44-3	4886-4889	den	_	_	_	_	_	_	_	_	ART	Acc.Sg.Masc	der	_	_
44-4	4890-4902	Rechtsanwalt	_	_	_	_	_	_	_	_	NN	Acc.Sg.Masc	Rechtsanwalt	_	_
44-5	4903-4906	und	_	_	_	_	_	_	_	_	KON	_	und	_	_
44-6	4907-4910	die	_	_	_	_	_	_	_	_	ART	Acc.Sg.Fem	der	_	_
44-7	4911-4925	Rechtsanwältin	_	_	_	_	_	_	_	_	NN	Acc.Sg.Fem	Rechtsanwältin	_	_
44-8	4926-4929	ist	_	_	_	_	_	_	_	_	VAFIN	3.Sg.Pres.Ind	sein	_	_
44-9	4930-4933	das	_	_	_	_	_	_	_	_	PDS	Nom.Sg.Neut	der	_	_
44-10	4934-4941	wichtig	_	_	_	_	_	_	_	_	ADJD	Pos	wichtig	_	_
44-11	4942-4943	:	_	_	_	_	_	_	_	_	$.	_	:	_	_
44-12	4944-4947	sie	_	_	_	_	_	_	_	_	PPER	3.Nom.Pl.*	sie	_	_
44-13	4948-4954	müssen	_	_	_	_	_	_	_	_	VMFIN	3.Pl.Pres.Ind	müssen	_	_
44-14	4955-4956	,	_	_	_	_	_	_	_	_	$,	_	,	_	_
44-15	4957-4961	wenn	_	_	_	_	_	_	_	_	KOUS	_	wenn	_	_
44-16	4962-4965	sie	_	_	_	_	_	_	_	_	PPER	3.Nom.Pl.*	sie	_	_
44-17	4966-4971	schon	_	_	_	_	_	_	_	_	ADV	_	schon	_	_
44-18	4972-4975	zum	_	_	_	_	_	_	_	_	APPRART	Dat.Sg.Masc	zu	_	_
44-19	4976-4991	Geheimnisverrat	_	_	_	_	_	_	_	_	NN	Dat.Sg.Masc	Geheimnisverrat	_	_
44-20	4992-5004	verpflichtet	_	_	_	_	_	_	_	_	VVPP	Psp	verpflichten	_	_
44-21	5005-5011	werden	_	_	_	_	_	_	_	_	VAFIN	3.Pl.Pres.Ind	werden	_	_
44-22	5012-5013	,	_	_	_	_	_	_	_	_	$,	_	,	_	_
44-23	5014-5024	berechtigt	_	_	_	_	_	_	_	_	VVPP	Psp	berechtigen	_	_
44-24	5025-5029	sein	_	_	_	_	_	_	_	_	VAINF	Inf	sein	_	_
44-25	5030-5031	,	_	_	_	_	_	_	_	_	$,	_	,	_	_
44-26	5032-5036	sich	_	_	_	_	_	_	_	_	PRF	3.Acc.Sg	sich	_	_
44-27	5037-5047	demjenigen	_	_	_	_	_	_	_	_	PDS	Dat.Pl.*	derjenige	_	_
44-28	5048-5057	gegenüber	_	_	_	_	_	_	_	_	APPO	Dat	gegenüber	_	_
44-29	5058-5060	zu	_	_	_	_	_	_	_	_	PTKZU	_	zu	_	_
44-30	5061-5071	offenbaren	_	_	_	_	_	_	_	_	VVINF	Inf	offenbaren	_	_
44-31	5072-5073	,	_	_	_	_	_	_	_	_	$,	_	,	_	_
44-32	5074-5077	der	_	_	_	_	_	_	_	_	PRELS	Nom.Sg.Masc	der	_	_
44-33	5078-5080	in	_	_	_	_	_	_	_	_	APPR	_	in	_	_
44-34	5081-5084	der	_	_	_	_	_	_	_	_	ART	Dat.Sg.Fem	der	_	_
44-35	5085-5094	Erwartung	_	_	_	_	_	_	_	_	NN	Dat.Sg.Fem	Erwartung	_	_
44-36	5095-5098	des	_	_	_	_	_	_	_	_	ART	Gen.Sg.Masc	der	_	_
44-37	5099-5116	Geheimnisschutzes	_	_	_	_	_	_	_	_	NN	Gen.Sg.Masc	Geheimnisschutz	_	_
44-38	5117-5119	zu	_	_	_	_	_	_	_	_	APPR	_	zu	_	_
44-39	5120-5125	ihnen	_	_	_	_	_	_	_	_	PPER	3.Dat.Pl.Neut	ihnen	_	_
44-40	5126-5134	gekommen	_	_	_	_	_	_	_	_	VVPP	Psp	kommen	_	_
44-41	5135-5138	ist	_	_	_	_	_	_	_	_	VAFIN	3.Sg.Pres.Ind	sein	_	_
44-42	5139-5140	.	_	_	_	_	_	_	_	_	$.	_	.	_	_

#Text=Ich bin mir sicher , dass wir hier noch zu einer vernünftigen Lösung kommen werden .
45-1	5143-5146	Ich	_	_	_	_	_	_	_	_	PPER	1.Nom.Sg.*	ich	_	_
45-2	5147-5150	bin	_	_	_	_	_	_	_	_	VAFIN	1.Sg.Pres.Ind	sein	_	_
45-3	5151-5154	mir	_	_	_	_	_	_	_	_	PPER	1.Dat.Sg.*	mir	_	_
45-4	5155-5161	sicher	_	_	_	_	_	_	_	_	ADJD	Pos	sicher	_	_
45-5	5162-5163	,	_	_	_	_	_	_	_	_	$,	_	,	_	_
45-6	5164-5168	dass	_	_	_	_	_	_	_	_	KOUS	_	dass	_	_
45-7	5169-5172	wir	_	_	_	_	_	_	_	_	PPER	1.Nom.Pl.*	wir	_	_
45-8	5173-5177	hier	_	_	_	_	_	_	_	_	ADV	_	hier	_	_
45-9	5178-5182	noch	_	_	_	_	_	_	_	_	ADV	_	noch	_	_
45-10	5183-5185	zu	_	_	_	_	_	_	_	_	APPR	_	zu	_	_
45-11	5186-5191	einer	_	_	_	_	_	_	_	_	ART	Dat.Sg.Fem	ein	_	_
45-12	5192-5204	vernünftigen	_	_	_	_	_	_	_	_	ADJA	Pos.Dat.Sg.Fem	vernünftig	_	_
45-13	5205-5211	Lösung	_	_	_	_	_	_	_	_	NN	Dat.Sg.Fem	Lösung	_	_
45-14	5212-5218	kommen	_	_	_	_	_	_	_	_	VVINF	Inf	kommen	_	_
45-15	5219-5225	werden	_	_	_	_	_	_	_	_	VAFIN	1.Pl.Pres.Ind	werden	_	_
45-16	5226-5227	.	_	_	_	_	_	_	_	_	$.	_	.	_	_

#Text=Die anderen Maßnahmen begrüße ich .
46-1	5230-5233	Die	_	_	_	_	_	_	_	_	ART	Acc.Pl.Fem	der	_	_
46-2	5234-5241	anderen	_	_	_	_	_	_	_	_	ADJA	Pos.Acc.Pl.Fem	anderer	_	_
46-3	5242-5251	Maßnahmen	_	_	_	_	_	_	_	_	NN	Acc.Pl.Fem	Maßnahme	_	_
46-4	5252-5259	begrüße	_	_	_	_	_	_	_	_	VVFIN	1.Sg.Pres.Ind	begrüßen	_	_
46-5	5260-5263	ich	_	_	_	_	_	_	_	_	PPER	1.Nom.Sg.*	ich	_	_
46-6	5264-5265	.	_	_	_	_	_	_	_	_	$.	_	.	_	_

#Text=Ich möchte zum Schluss noch einmal unterstreichen , dass der vorliegende Gesetzentwurf ein positives Beispiel für die schnelle Umsetzung europäischer Vorgaben und internationaler Initiativen ist , die eine Reaktion auf den 11 .
47-1	5268-5271	Ich	_	_	_	_	_	_	_	_	PPER	1.Nom.Sg.*	ich	_	_
47-2	5272-5278	möchte	_	_	_	_	_	_	_	_	VMFIN	1.Sg.Pres.Ind	möchten	_	_
47-3	5279-5282	zum	_	_	_	_	_	_	_	_	APPRART	Dat.Sg.Masc	zu	_	_
47-4	5283-5290	Schluss	_	_	_	_	_	_	_	_	NN	Dat.Sg.Masc	Schluss	_	_
47-5	5291-5295	noch	_	_	_	_	_	_	_	_	ADV	_	noch	_	_
47-6	5296-5302	einmal	_	_	_	_	_	_	_	_	ADV	_	einmal	_	_
47-7	5303-5317	unterstreichen	_	_	_	_	_	_	_	_	VVINF	Inf	unterstreichen	_	_
47-8	5318-5319	,	_	_	_	_	_	_	_	_	$,	_	,	_	_
47-9	5320-5324	dass	_	_	_	_	_	_	_	_	KOUS	_	dass	_	_
47-10	5325-5328	der	_	_	_	_	_	_	_	_	ART	Nom.Sg.Masc	der	_	_
47-11	5329-5340	vorliegende	_	_	_	_	_	_	_	_	ADJA	Pos.Nom.Sg.Masc	vorliegend	_	_
47-12	5341-5354	Gesetzentwurf	_	_	_	_	_	_	_	_	NN	Nom.Sg.Masc	Gesetzentwurf	_	_
47-13	5355-5358	ein	_	_	_	_	_	_	_	_	ART	Nom.Sg.Neut	ein	_	_
47-14	5359-5368	positives	_	_	_	_	_	_	_	_	ADJA	Pos.Nom.Sg.Neut	positiv	_	_
47-15	5369-5377	Beispiel	_	_	_	_	_	_	_	_	NN	Nom.Sg.Neut	Beispiel	_	_
47-16	5378-5381	für	_	_	_	_	_	_	_	_	APPR	_	für	_	_
47-17	5382-5385	die	_	_	_	_	_	_	_	_	ART	Acc.Sg.Fem	der	_	_
47-18	5386-5394	schnelle	_	_	_	_	_	_	_	_	ADJA	Pos.Acc.Sg.Fem	schnell	_	_
47-19	5395-5404	Umsetzung	_	_	_	_	_	_	_	_	NN	Acc.Sg.Fem	Umsetzung	_	_
47-20	5405-5417	europäischer	_	_	_	_	_	_	_	_	ADJA	Pos.Gen.Pl.Fem	europäisch	_	_
47-21	5418-5426	Vorgaben	_	_	_	_	_	_	_	_	NN	Gen.Pl.Fem	Vorgabe	_	_
47-22	5427-5430	und	_	_	_	_	_	_	_	_	KON	_	und	_	_
47-23	5431-5446	internationaler	_	_	_	_	_	_	_	_	ADJA	Pos.Gen.Pl.Fem	international	_	_
47-24	5447-5458	Initiativen	_	_	_	_	_	_	_	_	NN	Gen.Pl.Fem	Initiative	_	_
47-25	5459-5462	ist	_	_	_	_	_	_	_	_	VAFIN	3.Sg.Pres.Ind	sein	_	_
47-26	5463-5464	,	_	_	_	_	_	_	_	_	$,	_	,	_	_
47-27	5465-5468	die	_	_	_	_	_	_	_	_	PRELS	Nom.Pl.Fem	der	_	_
47-28	5469-5473	eine	_	_	_	_	_	_	_	_	ART	Acc.Sg.Fem	ein	_	_
47-29	5474-5482	Reaktion	_	_	_	_	_	_	_	_	NN	Acc.Sg.Fem	Reaktion	_	_
47-30	5483-5486	auf	_	_	_	_	_	_	_	_	APPR	_	auf	_	_
47-31	5487-5490	den	_	_	_	_	_	_	_	_	ART	Acc.Sg.Masc	der	_	_
47-32	5491-5493	11	_	_	_	_	_	_	_	_	CARD	_	11	_	_
47-33	5494-5495	.	_	_	_	_	_	_	_	_	$.	_	.	_	_

#Text=September sind .
48-1	5498-5507	September	_	_	_	_	_	_	_	_	NN	Nom.Sg.Masc	September	_	_
48-2	5508-5512	sind	_	_	_	_	_	_	_	_	VAFIN	3.Pl.Pres.Ind	sein	_	_
