#ID_SENT-ID_TOKEN	#CHAR_OFFSET	#TOKEN	#MET_A|MFlag	#MET_A|Rolle	#MET_B|basic	#MET_B|c_mark	#MET_B2|b_Lex	#MET_D|a_Par	#SATELLITES	#POS	#MORPH	#LEMMA	#METAPHORICAL_FUNC_WORD	#METAPHORICAL_FUNC_VERB_PHRASE
1-1	0-3	Der	_	_	_	_	_	_	_	_	_	ART	Nom.Sg.Masc	der	_	_
1-2	4-11	heutige	_	_	_	_	_	_	_	_	_	ADJA	Pos.Nom.Sg.Masc	heutig	_	_
1-3	12-26	Internationale	_	_	_	_	_	_	_	_	_	ADJA	Pos.Nom.Sg.Masc	international	_	_
1-4	27-30	Tag	_	_	_	_	_	_	_	_	_	NN	Nom.Sg.Masc	Tag	_	_
1-5	31-34	des	_	_	_	_	_	_	_	_	_	ART	Gen.Sg.Masc	der	_	_
1-6	35-42	Lehrers	_	_	_	_	_	_	_	_	_	NN	Gen.Sg.Masc	Lehrer	_	_
1-7	43-46	ist	_	_	_	_	_	_	_	_	_	VAFIN	3.Sg.Pres.Ind	sein	_	_
1-8	47-50	mir	_	_	_	_	_	_	_	_	_	PPER	1.Dat.Sg.*	mir	_	_
1-9	51-54	ein	_	_	_	_	_	_	_	_	_	ART	Nom.Sg.Neut	ein	_	_
1-10	55-70	Herzensanliegen	_	_	_	_	_	_	_	_	_	NN	Nom.Sg.Neut	Herzensanliegen	_	_
1-11	71-72	.	_	_	_	_	_	_	_	_	_	$.	_	.	_	_
2-1	75-78	Ich	_	_	_	_	_	_	_	_	_	PPER	1.Nom.Sg.*	ich	_	_
2-2	79-84	freue	_	_	_	_	_	_	_	_	_	VVFIN	1.Sg.Pres.Ind	freuen	_	_
2-3	85-89	mich	_	_	_	_	_	_	_	_	_	PRF	1.Acc.Sg	sich	_	_
2-4	90-91	,	_	_	_	_	_	_	_	_	_	$,	_	,	_	_
2-5	92-96	dass	_	_	_	_	_	_	_	_	_	KOUS	_	dass	_	_
2-6	97-101	eine	_	_	_	_	_	_	_	_	_	ART	Nom.Sg.Fem	ein	_	_
2-7	102-106	gute	_	_	_	_	_	_	_	_	_	ADJA	Pos.Nom.Sg.Fem	gut	_	_
2-8	107-111	Idee	_	_	_	_	_	_	_	_	_	NN	Nom.Sg.Fem	Idee	_	_
2-9	112-117	heute	_	_	_	_	_	_	_	_	_	ADV	_	heute	_	_
2-10	118-130	Wirklichkeit	_	_	_	_	_	_	_	_	_	NN	Nom.Sg.Fem	Wirklichkeit	_	_
2-11	131-135	wird	_	_	_	_	_	_	_	_	_	VAFIN	3.Sg.Pres.Ind	werden	_	_
2-12	136-137	.	_	_	_	_	_	_	_	_	_	$.	_	.	_	_
3-1	140-143	Ich	_	_	_	_	_	_	_	_	_	PPER	1.Nom.Sg.*	ich	_	_
3-2	144-151	begrüße	_	_	_	_	_	_	_	_	_	VVFIN	1.Sg.Pres.Ind	begrüßen	_	_
3-3	152-155	Sie	_	_	_	_	_	_	_	_	_	PPER	3.Acc.Pl.*	sie	_	_
3-4	156-160	hier	_	_	_	_	_	_	_	_	_	ADV	_	hier	_	_
3-5	161-163	im	_	_	_	_	_	_	_	_	_	APPRART	Dat.Sg.Neut	in	_	_
3-6	164-171	Schloss	_	_	_	_	_	_	_	_	_	NN	Dat.Sg.Neut	Schloß	_	_
3-7	172-180	Bellevue	_	_	_	_	_	_	_	_	_	NE	Nom.Sg.*	Bellevue	_	_
3-8	181-183	zu	_	_	_	_	_	_	_	_	_	APPR	_	zu	_	_
3-9	184-189	einem	_	_	_	_	_	_	_	_	_	ART	Dat.Sg.Masc	ein	_	_
3-10	190-193	Tag	_	_	_	_	_	_	_	_	_	NN	Dat.Sg.Masc	Tag	_	_
3-11	194-197	für	_	_	_	_	_	_	_	_	_	APPR	_	für	_	_
3-12	198-201	die	_	_	_	_	_	_	_	_	_	ART	Acc.Pl.*	der	_	_
3-13	202-213	Lehrerinnen	_	_	_	_	_	_	_	_	_	NN	Acc.Pl.Fem	Lehrerin	_	_
3-14	214-217	und	_	_	_	_	_	_	_	_	_	KON	_	und	_	_
3-15	218-224	Lehrer	_	_	_	_	_	_	_	_	_	NN	Acc.Pl.Masc	Lehrer	_	_
3-16	225-227	in	_	_	_	_	_	_	_	_	_	APPR	_	in	_	_
3-17	228-234	diesem	_	_	_	_	_	_	_	_	_	PDAT	Dat.Sg.Neut	dieser	_	_
3-18	235-239	Land	_	_	_	_	_	_	_	_	_	NN	Dat.Sg.Neut	Land	_	_
3-19	240-241	!	_	_	_	_	_	_	_	_	_	$.	_	!	_	_
4-1	244-247	Oft	_	_	_	_	_	_	_	_	_	ADV	_	oft	_	_
4-2	248-251	hat	_	_	_	_	_	_	_	_	_	VAFIN	3.Sg.Pres.Ind	haben	_	_
4-3	252-255	der	_	_	_	_	_	_	_	_	_	ART	Nom.Sg.Masc	der	_	_
4-4	256-271	Bundespräsident	_	_	_	_	_	_	_	_	_	NN	Nom.Sg.Masc	Bundespräsident	_	_
4-5	272-278	Mahner	_	_	_	_	_	_	_	_	_	NE	Nom.Sg.Masc	Mahner	_	_
4-6	279-281	zu	_	_	_	_	_	_	_	_	_	PTKZU	_	zu	_	_
4-7	282-286	sein	_	_	_	_	_	_	_	_	_	VAINF	Inf	sein	_	_
4-8	287-288	,	_	_	_	_	_	_	_	_	_	$,	_	,	_	_
4-9	289-292	auf	_	_	_	_	_	_	_	_	_	APPR	_	auf	_	_
4-10	293-310	Fehlentwicklungen	_	_	_	_	_	_	_	_	_	NN	Acc.Pl.Fem	Fehlentwicklung	_	_
4-11	311-318	unseres	_	_	_	_	_	_	_	_	_	PPOSAT	Gen.Sg.Neut	unser	_	_
4-12	319-331	Gemeinwesens	_	_	_	_	_	_	_	_	_	NN	Gen.Sg.Neut	Gemeinwesen	_	_
4-13	332-343	hinzuweisen	_	_	_	_	_	_	_	_	_	VVIZU	Infzu	hinweisen	_	_
4-14	344-345	,	_	_	_	_	_	_	_	_	_	$,	_	,	_	_
4-15	346-348	zu	_	_	_	_	_	_	_	_	_	APPR	_	zu	_	_
4-16	349-355	Wandel	_	_	_	_	_	_	_	_	_	NN	Dat.Sg.Masc	Wandel	_	_
4-17	356-359	und	_	_	_	_	_	_	_	_	_	KON	_	und	_	_
4-18	360-366	Reform	_	_	_	_	_	_	_	_	_	NN	Dat.Sg.Fem	Reform	_	_
4-19	367-377	aufzurufen	_	_	_	_	_	_	_	_	_	VVIZU	Infzu	aufrufen	_	_
4-20	378-379	.	_	_	_	_	_	_	_	_	_	$.	_	.	_	_
5-1	382-392	Mindestens	_	_	_	_	_	_	_	_	_	ADV	_	mindestens	_	_
5-2	393-395	so	_	_	_	_	_	_	_	_	_	ADV	_	so	_	_
5-3	396-400	sehr	_	_	_	_	_	_	_	_	_	ADV	_	sehr	_	_
5-4	401-402	,	_	_	_	_	_	_	_	_	_	$,	_	,	_	_
5-5	403-408	denke	_	_	_	_	_	_	_	_	_	VVFIN	1.Sg.Pres.Ind	denken	_	_
5-6	409-412	ich	_	_	_	_	_	_	_	_	_	PPER	1.Nom.Sg.*	ich	_	_
5-7	413-414	,	_	_	_	_	_	_	_	_	_	$,	_	,	_	_
5-8	415-421	sollte	_	_	_	_	_	_	_	_	_	VMFIN	3.Sg.Past.Subj	sollen	_	_
5-9	422-425	der	_	_	_	_	_	_	_	_	_	ART	Nom.Sg.Masc	der	_	_
5-10	426-441	Bundespräsident	_	_	_	_	_	_	_	_	_	NN	Nom.Sg.Masc	Bundespräsident	_	_
5-11	442-448	jedoch	_	_	_	_	_	_	_	_	_	ADV	_	jedoch	_	_
5-12	449-458	bestärken	_	_	_	_	_	_	_	_	_	VVINF	Inf	bestärken	_	_
5-13	459-460	,	_	_	_	_	_	_	_	_	_	$,	_	,	_	_
5-14	461-468	fördern	_	_	_	_	_	_	_	_	_	VVINF	Inf	fördern	_	_
5-15	469-470	,	_	_	_	_	_	_	_	_	_	$,	_	,	_	_
5-16	471-476	loben	_	_	_	_	_	_	_	_	_	VVINF	Inf	loben	_	_
5-17	477-478	,	_	_	_	_	_	_	_	_	_	$,	_	,	_	_
5-18	479-482	was	_	_	_	_	_	_	_	_	_	PRELS	Nom.Sg.Neut	wer	_	_
5-19	483-485	an	_	_	_	_	_	_	_	_	_	APPR	_	an	_	_
5-20	486-491	guter	_	_	_	_	_	_	_	_	_	ADJA	Pos.Dat.Sg.Fem	gut	_	_
5-21	492-498	Arbeit	_	_	_	_	_	_	_	_	_	NN	Dat.Sg.Fem	Arbeit	_	_
5-22	499-501	in	_	_	_	_	_	_	_	_	_	APPR	_	in	_	_
5-23	502-509	unserer	_	_	_	_	_	_	_	_	_	PPOSAT	Dat.Sg.Fem	unser	_	_
5-24	510-522	Gesellschaft	_	_	_	_	_	_	_	_	_	NN	Dat.Sg.Fem	Gesellschaft	_	_
5-25	523-532	geleistet	_	_	_	_	_	_	_	_	_	VVPP	Psp	leisten	_	_
5-26	533-537	wird	_	_	_	_	_	_	_	_	_	VAFIN	3.Sg.Pres.Ind	werden	_	_
5-27	538-539	,	_	_	_	_	_	_	_	_	_	$,	_	,	_	_
5-28	540-545	welch	_	_	_	_	_	_	_	_	_	PWAT	*.*.*	welcher	_	_
5-29	546-551	guter	_	_	_	_	_	_	_	_	_	ADJA	Pos.Nom.Sg.Masc	gut	_	_
5-30	552-557	Geist	_	_	_	_	_	_	_	_	_	NN	Nom.Sg.Masc	Geist	_	_
5-31	558-561	und	_	_	_	_	_	_	_	_	_	KON	_	und	_	_
5-32	562-567	guter	_	_	_	_	_	_	_	_	_	ADJA	Pos.Nom.Sg.Masc	gut	_	_
5-33	568-573	Wille	_	_	_	_	_	_	_	_	_	NN	Nom.Sg.Masc	Wille	_	_
5-34	574-576	in	_	_	_	_	_	_	_	_	_	APPR	_	in	_	_
5-35	577-584	unserem	_	_	_	_	_	_	_	_	_	PPOSAT	Dat.Sg.Neut	unser	_	_
5-36	585-589	Land	_	_	_	_	_	_	_	_	_	NN	Dat.Sg.Neut	Land	_	_
5-37	590-599	herrschen	_	_	_	_	_	_	_	_	_	VVFIN	3.Pl.Pres.Ind	herrschen	_	_
5-38	600-601	.	_	_	_	_	_	_	_	_	_	$.	_	.	_	_
6-1	604-607	Ich	_	_	_	_	_	_	_	_	_	PPER	1.Nom.Sg.*	ich	_	_
6-2	608-615	erfahre	_	_	_	_	_	_	_	_	_	VVFIN	1.Sg.Pres.Ind	erfahren	_	_
6-3	616-619	das	_	_	_	_	_	_	_	_	_	PDS	Acc.Sg.Neut	der	_	_
6-4	620-625	jeden	_	_	_	_	_	_	_	_	_	PIAT	Acc.Sg.Masc	jeder	_	_
6-5	626-629	Tag	_	_	_	_	_	_	_	_	_	NN	Acc.Sg.Masc	Tag	_	_
6-6	630-639	besonders	_	_	_	_	_	_	_	_	_	ADV	_	besonders	_	_
6-7	640-648	intensiv	_	_	_	_	_	_	_	_	_	ADJD	Pos	intensiv	_	_
6-8	649-650	,	_	_	_	_	_	_	_	_	_	$,	_	,	_	_
6-9	651-658	überall	_	_	_	_	_	_	_	_	_	ADV	_	überall	_	_
6-10	659-661	in	_	_	_	_	_	_	_	_	_	APPR	_	in	_	_
6-11	662-673	Deutschland	_	_	_	_	_	_	_	_	_	NE	Dat.Sg.Neut	Deutschland	_	_
6-12	674-675	.	_	_	_	_	_	_	_	_	_	$.	_	.	_	_
7-1	678-681	Wir	_	_	_	_	_	_	_	_	_	PPER	1.Nom.Pl.*	wir	_	_
7-2	682-690	Menschen	_	_	_	_	_	_	_	_	_	NN	Nom.Pl.Masc	Mensch	_	_
7-3	691-697	finden	_	_	_	_	_	_	_	_	_	VVFIN	1.Pl.Pres.Ind	finden	_	_
7-4	698-701	die	_	_	_	_	_	_	_	_	_	ART	Acc.Sg.Fem	der	_	_
7-5	702-707	Kraft	_	_	_	_	_	_	_	_	_	NN	Acc.Sg.Fem	Kraft	_	_
7-6	708-711	zum	_	_	_	_	_	_	_	_	_	APPRART	Dat.Sg.Neut	zu	_	_
7-7	712-720	Besseren	_	_	_	_	_	_	_	_	_	NN	Dat.Sg.Neut	gute	_	_
7-8	721-723	ja	_	_	_	_	_	_	_	_	_	ADV	_	ja	_	_
7-9	724-730	gerade	_	_	_	_	_	_	_	_	_	ADV	_	gerade	_	_
7-10	731-736	durch	_	_	_	_	_	_	_	_	_	APPR	_	durch	_	_
7-11	737-745	positive	_	_	_	_	_	_	_	_	_	ADJA	Pos.Acc.Pl.Fem	positiv	_	_
7-12	746-757	Erfahrungen	_	_	_	_	_	_	_	_	_	NN	Acc.Pl.Fem	Erfahrung	_	_
7-13	758-759	,	_	_	_	_	_	_	_	_	_	$,	_	,	_	_
7-14	760-765	durch	_	_	_	_	_	_	_	_	_	APPR	_	durch	_	_
7-15	766-769	die	_	_	_	_	_	_	_	_	_	ART	Acc.Sg.Fem	der	_	_
7-16	770-780	Bestärkung	_	_	_	_	_	_	_	_	_	NN	Acc.Sg.Fem	Bestärkung	_	_
7-17	781-784	des	_	_	_	_	_	_	_	_	_	ART	Gen.Sg.Neut	der	_	_
7-18	785-790	Guten	_	_	_	_	_	_	_	_	_	NN	Gen.Sg.Neut	gute	_	_
7-19	791-792	.	_	_	_	_	_	_	_	_	_	$.	_	.	_	_
8-1	795-798	Wir	_	_	_	_	_	_	_	_	_	PPER	1.Nom.Pl.*	wir	_	_
8-2	799-803	alle	_	_	_	_	_	_	_	_	_	PIS	Nom.Pl.*	alle	_	_
8-3	804-810	wissen	_	_	_	_	_	_	_	_	_	VVFIN	1.Pl.Pres.Ind	wissen	_	_
8-4	811-812	:	_	_	_	_	_	_	_	_	_	$.	_	:	_	_
8-5	813-819	Unsere	_	_	_	_	_	_	_	_	_	PPOSAT	Nom.Pl.Fem	unser	_	_
8-6	820-827	Schulen	_	_	_	_	_	_	_	_	_	NN	Nom.Pl.Fem	Schule	_	_
8-7	828-834	müssen	_	_	_	_	_	_	_	_	_	VMFIN	3.Pl.Pres.Ind	müssen	_	_
8-8	835-839	noch	_	_	_	_	_	_	_	_	_	ADV	_	noch	_	_
8-9	840-846	besser	_	_	_	_	_	_	_	_	_	ADJD	Comp	gut	_	_
8-10	847-853	werden	_	_	_	_	_	_	_	_	_	VAINF	Inf	werden	_	_
8-11	854-857	und	_	_	_	_	_	_	_	_	_	KON	_	und	_	_
8-12	858-864	dürfen	_	_	_	_	_	_	_	_	_	VMFIN	3.Pl.Pres.Ind	dürfen	_	_
8-13	865-869	sich	_	_	_	_	_	_	_	_	_	PRF	3.Acc.Pl	sich	_	_
8-14	870-875	nicht	_	_	_	_	_	_	_	_	_	PTKNEG	_	nicht	_	_
8-15	876-881	damit	_	_	_	_	_	_	_	_	_	PROAV	_	damit	_	_
8-16	882-890	abfinden	_	_	_	_	_	_	_	_	_	VVINF	Inf	abfinden	_	_
8-17	891-892	,	_	_	_	_	_	_	_	_	_	$,	_	,	_	_
8-18	893-897	dass	_	_	_	_	_	_	_	_	_	KOUS	_	dass	_	_
8-19	898-902	fast	_	_	_	_	_	_	_	_	_	ADV	_	fast	_	_
8-20	903-904	8	_	_	_	_	_	_	_	_	_	CARD	_	8	_	_
8-21	905-912	Prozent	_	_	_	_	_	_	_	_	_	NN	*.*.Neut	Prozent	_	_
8-22	913-918	eines	_	_	_	_	_	_	_	_	_	ART	Gen.Sg.Masc	ein	_	_
8-23	919-934	Altersjahrgangs	_	_	_	_	_	_	_	_	_	NN	Gen.Sg.Masc	Altersjahrgang	_	_
8-24	935-939	ohne	_	_	_	_	_	_	_	_	_	APPR	_	ohne	_	_
8-25	940-949	Abschluss	_	_	_	_	_	_	_	_	_	NN	Acc.Sg.Masc	Abschluss	_	_
8-26	950-957	bleiben	_	_	_	_	_	_	_	_	_	VVFIN	3.Pl.Pres.Ind	bleiben	_	_
8-27	958-959	.	_	_	_	_	_	_	_	_	_	$.	_	.	_	_
9-1	962-968	Schule	_	_	_	_	_	_	_	_	_	NN	Nom.Sg.Fem	Schule	_	_
9-2	969-973	soll	_	_	_	_	_	_	_	_	_	VMFIN	3.Sg.Pres.Ind	sollen	_	_
9-3	974-977	ein	_	_	_	_	_	_	_	_	_	ART	Nom.Sg.Masc	ein	_	_
9-4	978-981	Ort	_	_	_	_	_	_	_	_	_	NN	Nom.Sg.Masc	Ort	_	_
9-5	982-986	sein	_	_	_	_	_	_	_	_	_	VAINF	Inf	sein	_	_
9-6	987-988	,	_	_	_	_	_	_	_	_	_	$,	_	,	_	_
9-7	989-991	wo	_	_	_	_	_	_	_	_	_	PWAV	_	wo	_	_
9-8	992-997	jeder	_	_	_	_	_	_	_	_	_	PIS	Nom.Sg.Masc	jeder	_	_
9-9	998-1007	gebraucht	_	_	_	_	_	_	_	_	_	VVPP	Psp	brauchen	_	_
9-10	1008-1011	und	_	_	_	_	_	_	_	_	_	KON	_	und	_	_
9-11	1012-1015	der	_	_	_	_	_	_	_	_	_	ART	Nom.Sg.Masc	der	_	_
9-12	1016-1023	Beitrag	_	_	_	_	_	_	_	_	_	NN	Nom.Sg.Masc	Beitrag	_	_
9-13	1024-1029	aller	_	_	_	_	_	_	_	_	_	PIS	Gen.Pl.*	alle	_	_
9-14	1030-1042	eingefordert	_	_	_	_	_	_	_	_	_	VVPP	Psp	einfordern	_	_
9-15	1043-1047	wird	_	_	_	_	_	_	_	_	_	VAFIN	3.Sg.Pres.Ind	werden	_	_
9-16	1048-1049	.	_	_	_	_	_	_	_	_	_	$.	_	.	_	_
10-1	1052-1054	In	_	_	_	_	_	_	_	_	_	APPR	_	in	_	_
10-2	1055-1058	der	_	_	_	_	_	_	_	_	_	ART	Dat.Sg.Fem	der	_	_
10-3	1059-1065	Schule	_	_	_	_	_	_	_	_	_	NN	Dat.Sg.Fem	Schule	_	_
10-4	1066-1072	sollen	_	_	_	_	_	_	_	_	_	VMFIN	3.Pl.Pres.Ind	sollen	_	_
10-5	1073-1079	Kinder	_	_	_	_	_	_	_	_	_	NN	Nom.Pl.Neut	Kind	_	_
10-6	1080-1083	und	_	_	_	_	_	_	_	_	_	KON	_	und	_	_
10-7	1084-1095	Jugendliche	_	_	_	_	_	_	_	_	_	NN	Nom.Pl.*	jugendliche	_	_
10-8	1096-1099	die	_	_	_	_	_	_	_	_	_	ART	Acc.Pl.Fem	der	_	_
10-9	1100-1111	notwendigen	_	_	_	_	_	_	_	_	_	ADJA	Pos.Acc.Pl.Fem	notwendig	_	_
10-10	1112-1122	Kenntnisse	_	_	_	_	_	_	_	_	_	NN	Acc.Pl.Fem	Kenntnis	_	_
10-11	1123-1126	für	_	_	_	_	_	_	_	_	_	APPR	_	für	_	_
10-12	1127-1130	ihr	_	_	_	_	_	_	_	_	_	PPOSAT	Acc.Sg.Neut	ihr	_	_
10-13	1131-1137	ganzes	_	_	_	_	_	_	_	_	_	ADJA	Pos.Acc.Sg.Neut	ganz	_	_
10-14	1138-1143	Leben	_	_	_	_	_	_	_	_	_	NN	Acc.Sg.Neut	Leben	_	_
10-15	1144-1152	erwerben	_	_	_	_	_	_	_	_	_	VVINF	Inf	erwerben	_	_
10-16	1153-1156	und	_	_	_	_	_	_	_	_	_	KON	_	und	_	_
10-17	1157-1161	sich	_	_	_	_	_	_	_	_	_	PRF	3.Acc.Pl	sich	_	_
10-18	1162-1164	zu	_	_	_	_	_	_	_	_	_	APPR	_	zu	_	_
10-19	1165-1173	Menschen	_	_	_	_	_	_	_	_	_	NN	Dat.Pl.Masc	Mensch	_	_
10-20	1174-1184	entwickeln	_	_	_	_	_	_	_	_	_	VVINF	Inf	entwickeln	_	_
10-21	1185-1186	,	_	_	_	_	_	_	_	_	_	$,	_	,	_	_
10-22	1187-1190	die	_	_	_	_	_	_	_	_	_	PRELS	Nom.Pl.Masc	der	_	_
10-23	1191-1193	in	_	_	_	_	_	_	_	_	_	APPR	_	in	_	_
10-24	1194-1197	der	_	_	_	_	_	_	_	_	_	ART	Dat.Sg.Fem	der	_	_
10-25	1198-1202	Lage	_	_	_	_	_	_	_	_	_	NN	Dat.Sg.Fem	Lage	_	_
10-26	1203-1206	und	_	_	_	_	_	_	_	_	_	KON	_	und	_	_
10-27	1207-1213	bereit	_	_	_	_	_	_	_	_	_	ADJD	Pos	bereit	_	_
10-28	1214-1218	sind	_	_	_	_	_	_	_	_	_	VAFIN	3.Pl.Pres.Ind	sein	_	_
10-29	1219-1220	,	_	_	_	_	_	_	_	_	_	$,	_	,	_	_
10-30	1221-1233	eigenständig	_	_	_	_	_	_	_	_	_	ADJD	Pos	eigenständig	_	_
10-31	1234-1236	zu	_	_	_	_	_	_	_	_	_	PTKZU	_	zu	_	_
10-32	1237-1244	handeln	_	_	_	_	_	_	_	_	_	VVINF	Inf	handeln	_	_
10-33	1245-1248	und	_	_	_	_	_	_	_	_	_	KON	_	und	_	_
10-34	1249-1257	Probleme	_	_	_	_	_	_	_	_	_	NN	Acc.Pl.Neut	Problem	_	_
10-35	1258-1260	zu	_	_	_	_	_	_	_	_	_	PTKZU	_	zu	_	_
10-36	1261-1266	lösen	_	_	_	_	_	_	_	_	_	VVINF	Inf	lösen	_	_
10-37	1267-1268	.	_	_	_	_	_	_	_	_	_	$.	_	.	_	_
11-1	1271-1275	Auch	_	_	_	_	_	_	_	_	_	ADV	_	auch	_	_
11-2	1276-1282	andere	_	_	_	_	_	_	_	_	_	ADJA	Pos.Acc.Pl.Neut	anderer	_	_
11-3	1283-1288	Dinge	_	_	_	_	_	_	_	_	_	NN	Acc.Pl.Neut	Ding	_	_
11-4	1289-1295	müssen	_	_	_	_	_	_	_	_	_	VMFIN	1.Pl.Pres.Ind	müssen	_	_
11-5	1296-1299	wir	_	_	_	_	_	_	_	_	_	PPER	1.Nom.Pl.*	wir	_	_
11-6	1300-1304	noch	_	_	_	_	_	_	_	_	_	ADV	_	noch	_	_
11-7	1305-1315	verbessern	_	_	_	_	_	_	_	_	_	VVINF	Inf	verbessern	_	_
11-8	1316-1317	.	_	_	_	_	_	_	_	_	_	$.	_	.	_	_
12-1	1320-1330	Heutzutage	_	_	_	_	_	_	_	_	_	ADV	_	heutzutage	_	_
12-2	1331-1334	ist	_	_	_	_	_	_	_	_	_	VAFIN	3.Sg.Pres.Ind	sein	_	_
12-3	1335-1337	so	_	_	_	_	_	_	_	_	_	ADV	_	so	_	_
12-4	1338-1345	mancher	_	_	_	_	_	_	_	_	_	PIAT	Nom.Sg.Masc	mancher	_	_
12-5	1346-1352	Lehrer	false	5clash	_	_	_	_	_	_	_	NN	Nom.Sg.Masc	Lehrer	_	_
12-6	1353-1356	ein	_	_	_	_	_	_	_	_	_	ART	Nom.Sg.Masc	ein	_	_
12-7	1357-1370	Einzelkämpfer	_	_	_	_	_	_	_	_	_	NN	Nom.Sg.Masc	Einzelkämpfer	_	_
12-7.1	1363-1370	kämpfer	false	0Kern	true	true	männliche Person, die sich mit Heftigkeit handgreiflich mit jemandem auseinandersetzt	true	*	auf sich alleine gestellt	12-5		_	_	_	_	_	_	_	_	_	_	_
12-7.2	1357-1363	Einzel	false	2sem	_	_	_	_	_	_	_		_	_	_	_	_	_	_	_	_	_	_
12-8	1371-1372	,	_	_	_	_	_	_	_	_	_	$,	_	,	_	_
12-9	1373-1379	andere	_	_	_	_	_	_	_	_	_	ADJA	Pos.Acc.Pl.Masc	anderer	_	_
12-10	1380-1386	Lehrer	_	_	_	_	_	_	_	_	_	NN	Acc.Pl.Masc	Lehrer	_	_
12-11	1387-1393	trifft	_	_	_	_	_	_	_	_	_	VVFIN	3.Sg.Pres.Ind	treffen	_	_
12-12	1394-1396	er	_	_	_	_	_	_	_	_	_	PPER	3.Nom.Sg.Masc	er	_	_
12-13	1397-1400	nur	_	_	_	_	_	_	_	_	_	ADV	_	nur	_	_
12-14	1401-1403	im	_	_	_	_	_	_	_	_	_	APPRART	Dat.Sg.Neut	in	_	_
12-15	1404-1416	Lehrerzimmer	_	_	_	_	_	_	_	_	_	NN	Dat.Sg.Neut	Lehrerzimmer	_	_
12-16	1417-1418	.	_	_	_	_	_	_	_	_	_	$.	_	.	_	_
13-1	1421-1423	Es	_	_	_	_	_	_	_	_	_	PPER	3.Nom.Sg.Neut	es	_	_
13-2	1424-1428	gibt	_	_	_	_	_	_	_	_	_	VVFIN	3.Sg.Pres.Ind	geben	_	_
13-3	1429-1432	das	_	_	_	_	_	_	_	_	_	ART	Acc.Sg.Neut	der	_	_
13-4	1433-1440	Problem	_	_	_	_	_	_	_	_	_	NN	Acc.Sg.Neut	Problem	_	_
13-5	1441-1444	des	_	_	_	_	_	_	_	_	_	ART	Gen.Sg.Masc	der	_	_
13-6	1445-1446	"	_	_	_	_	_	_	_	_	_	$(	_	"	_	_
13-7	1447-1451	Burn	_	_	_	_	_	_	_	_	_	NE	Nom.Sg.*	Burn	_	_
13-8	1452-1455	out	_	_	_	_	_	_	_	_	_	ADV	_	out	_	_
13-9	1456-1457	"	_	_	_	_	_	_	_	_	_	$(	_	"	_	_
13-10	1458-1459	.	_	_	_	_	_	_	_	_	_	$.	_	.	_	_
14-1	1462-1467	Viele	_	_	_	_	_	_	_	_	_	PIAT	Nom.Pl.Masc	vieler	_	_
14-2	1468-1474	Lehrer	_	_	_	_	_	_	_	_	_	NN	Nom.Pl.Masc	Lehrer	_	_
14-3	1475-1480	sagen	_	_	_	_	_	_	_	_	_	VVFIN	3.Pl.Pres.Ind	sagen	_	_
14-4	1481-1482	,	_	_	_	_	_	_	_	_	_	$,	_	,	_	_
14-5	1483-1487	dass	_	_	_	_	_	_	_	_	_	KOUS	_	dass	_	_
14-6	1488-1491	sie	_	_	_	_	_	_	_	_	_	PPER	3.Nom.Pl.Masc	sie	_	_
14-7	1492-1496	auch	_	_	_	_	_	_	_	_	_	ADV	_	auch	_	_
14-8	1497-1503	einmal	_	_	_	_	_	_	_	_	_	ADV	_	einmal	_	_
14-9	1504-1510	Phasen	_	_	_	_	_	_	_	_	_	NN	Acc.Pl.Fem	Phase	_	_
14-10	1511-1514	des	_	_	_	_	_	_	_	_	_	ART	Gen.Sg.Neut	der	_	_
14-11	1515-1528	Hinauskommens	_	_	_	_	_	_	_	_	_	NN	Gen.Sg.Neut	Hinauskommen	_	_
14-12	1529-1530	,	_	_	_	_	_	_	_	_	_	$,	_	,	_	_
14-13	1531-1534	des	_	_	_	_	_	_	_	_	_	ART	Gen.Sg.Neut	der	_	_
14-14	1535-1547	Zurückgehens	_	_	_	_	_	_	_	_	_	NN	Gen.Sg.Neut	zurückgehen	_	_
14-15	1548-1550	an	_	_	_	_	_	_	_	_	_	APPR	_	an	_	_
14-16	1551-1554	die	_	_	_	_	_	_	_	_	_	ART	Acc.Sg.Fem	der	_	_
14-17	1555-1566	Universität	_	_	_	_	_	_	_	_	_	NN	Acc.Sg.Fem	Universität	_	_
14-18	1567-1568	,	_	_	_	_	_	_	_	_	_	$,	_	,	_	_
14-19	1569-1573	also	_	_	_	_	_	_	_	_	_	ADV	_	also	_	_
14-20	1574-1589	Sabbatzeiträume	_	_	_	_	_	_	_	_	_	NN	Acc.Pl.Masc	Sabbatzeitraum	_	_
14-21	1590-1599	bräuchten	_	_	_	_	_	_	_	_	_	VVFIN	3.Pl.Past.Subj	brauchen	_	_
14-22	1600-1601	,	_	_	_	_	_	_	_	_	_	$,	_	,	_	_
14-23	1602-1604	um	_	_	_	_	_	_	_	_	_	KOUI	_	um	_	_
14-24	1605-1611	danach	_	_	_	_	_	_	_	_	_	PROAV	_	danach	_	_
14-25	1612-1618	wieder	_	_	_	_	_	_	_	_	_	ADV	_	wieder	_	_
14-26	1619-1625	frisch	false	0Kern	true	false	neu, noch nicht alt	_	_	lebhaft, mehr Energie	_	ADJD	Pos	frisch	_	_
14-27	1626-1628	an	_	_	_	_	_	_	_	_	_	APPR	_	an	_	_
14-28	1629-1632	die	_	_	_	_	_	_	_	_	_	ART	Acc.Sg.Fem	der	_	_
14-29	1633-1639	Schule	_	_	_	_	_	_	_	_	_	NN	Acc.Sg.Fem	Schule	_	_
14-30	1640-1654	zurückzukehren	_	_	_	_	_	_	_	_	_	VVIZU	Infzu	zurückkehren	_	_
14-31	1655-1656	.	_	_	_	_	_	_	_	_	_	$.	_	.	_	_
15-1	1659-1662	Ich	_	_	_	_	_	_	_	_	_	PPER	1.Nom.Sg.*	ich	_	_
15-2	1663-1668	finde	_	_	_	_	_	_	_	_	_	VVFIN	1.Sg.Pres.Ind	finden	_	_
15-3	1669-1670	,	_	_	_	_	_	_	_	_	_	$,	_	,	_	_
15-4	1671-1674	das	_	_	_	_	_	_	_	_	_	PDS	Nom.Sg.Neut	der	_	_
15-5	1675-1681	sollte	_	_	_	_	_	_	_	_	_	VMFIN	3.Sg.Past.Subj	sollen	_	_
15-6	1682-1689	möglich	_	_	_	_	_	_	_	_	_	ADJD	Pos	möglich	_	_
15-7	1690-1694	sein	_	_	_	_	_	_	_	_	_	VAINF	Inf	sein	_	_
15-8	1695-1696	.	_	_	_	_	_	_	_	_	_	$.	_	.	_	_
16-1	1699-1704	Jeder	_	_	_	_	_	_	_	_	_	PIAT	Nom.Sg.Masc	jeder	_	_
16-2	1705-1711	Lehrer	_	_	_	_	_	_	_	_	_	NN	Nom.Sg.Masc	Lehrer	_	_
16-3	1712-1718	sollte	_	_	_	_	_	_	_	_	_	VMFIN	3.Sg.Past.Ind	sollen	_	_
16-4	1719-1723	alle	_	_	_	_	_	_	_	_	_	PIAT	Acc.Pl.Neut	aller	_	_
16-5	1724-1728	zehn	_	_	_	_	_	_	_	_	_	CARD	_	zehn	_	_
16-6	1729-1734	Jahre	_	_	_	_	_	_	_	_	_	NN	Acc.Pl.Neut	Jahr	_	_
16-7	1735-1738	ein	_	_	_	_	_	_	_	_	_	ART	Acc.Sg.Neut	ein	_	_
16-8	1739-1745	halbes	_	_	_	_	_	_	_	_	_	ADJA	Pos.Acc.Sg.Neut	halb	_	_
16-9	1746-1750	Jahr	_	_	_	_	_	_	_	_	_	NN	Acc.Sg.Neut	Jahr	_	_
16-10	1751-1754	aus	_	_	_	_	_	_	_	_	_	APPR	_	aus	_	_
16-11	1755-1758	dem	_	_	_	_	_	_	_	_	_	ART	Dat.Sg.Masc	der	_	_
16-12	1759-1764	Beruf	false	5clash	_	_	_	_	_	_	_	NN	Dat.Sg.Masc	Beruf	_	_
16-13	1765-1775	aussteigen	false	0Kern	true	false	ein Fahrzeug verlassen	_	_	Pause, 'Urlaub' machen	16-12	VVINF	Inf	aussteigen	_	_
16-14	1776-1779	und	_	_	_	_	_	_	_	_	_	KON	_	und	_	_
16-15	1780-1784	sich	_	_	_	_	_	_	_	_	_	PRF	3.Acc.Sg	sich	_	_
16-16	1785-1790	unter	_	_	_	_	_	_	_	_	_	APPR	_	unter	_	_
16-17	1791-1802	Fortzahlung	_	_	_	_	_	_	_	_	_	NN	Dat.Sg.Fem	Fortzahlung	_	_
16-18	1803-1809	seiner	_	_	_	_	_	_	_	_	_	PPOSAT	Gen.Pl.Masc	sein	_	_
16-19	1810-1816	Bezüge	_	_	_	_	_	_	_	_	_	NN	Gen.Pl.Masc	Bezug	_	_
16-20	1817-1829	weiterbilden	_	_	_	_	_	_	_	_	_	VVINF	Inf	weiterbilden	_	_
16-21	1830-1836	können	_	_	_	_	_	_	_	_	_	VMINF	Inf	können	_	_
16-22	1837-1838	.	_	_	_	_	_	_	_	_	_	$.	_	.	_	_
17-1	1841-1843	Am	_	_	_	_	_	_	_	_	_	APPRART	Dat.Sg.Neut	an	_	_
17-2	1844-1848	Ende	_	_	_	_	_	_	_	_	_	NN	Dat.Sg.Neut	Ende	_	_
17-3	1849-1855	würden	_	_	_	_	_	_	_	_	_	VAFIN	3.Pl.Past.Subj	werden	_	_
17-4	1856-1859	die	_	_	_	_	_	_	_	_	_	ART	Nom.Pl.Masc	der	_	_
17-5	1860-1866	Lehrer	_	_	_	_	_	_	_	_	_	NN	Nom.Pl.Masc	Lehrer	_	_
17-6	1867-1881	wahrscheinlich	_	_	_	_	_	_	_	_	_	ADJD	Pos	wahrscheinlich	_	_
17-7	1882-1887	diese	_	_	_	_	_	_	_	_	_	PDAT	Acc.Sg.Fem	dieser	_	_
17-8	1888-1892	Zeit	_	_	_	_	_	_	_	_	_	NN	Acc.Sg.Fem	Zeit	_	_
17-9	1893-1899	länger	_	_	_	_	_	_	_	_	_	ADJD	Comp	lang	_	_
17-10	1900-1912	unterrichten	_	_	_	_	_	_	_	_	_	VVINF	Inf	unterrichten	_	_
17-11	1913-1919	können	_	_	_	_	_	_	_	_	_	VMINF	Inf	können	_	_
17-12	1920-1921	.	_	_	_	_	_	_	_	_	_	$.	_	.	_	_
18-1	1924-1928	Aber	_	_	_	_	_	_	_	_	_	KON	_	aber	_	_
18-2	1929-1932	für	_	_	_	_	_	_	_	_	_	APPR	_	für	_	_
18-3	1933-1939	solche	_	_	_	_	_	_	_	_	_	PIAT	Acc.Pl.Fem	solcher	_	_
18-4	1940-1953	Veränderungen	_	_	_	_	_	_	_	_	_	NN	Acc.Pl.Fem	Veränderung	_	_
18-5	1954-1961	braucht	_	_	_	_	_	_	_	_	_	VVFIN	3.Sg.Pres.Ind	brauchen	_	_
18-6	1962-1965	man	_	_	_	_	_	_	_	_	_	PIS	Nom.Sg.*	man	_	_
18-7	1966-1970	eine	_	_	_	_	_	_	_	_	_	ART	Acc.Sg.Fem	ein	_	_
18-8	1971-1983	weitsichtige	_	_	_	_	_	_	_	_	_	ADJA	Pos.Acc.Sg.Fem	weitsichtig	_	_
18-9	1984-1991	Politik	_	_	_	_	_	_	_	_	_	NN	Acc.Sg.Fem	Politik	_	_
18-10	1992-1995	mit	_	_	_	_	_	_	_	_	_	APPR	_	mit	_	_
18-11	1996-2010	entsprechenden	_	_	_	_	_	_	_	_	_	ADJA	Pos.Dat.Pl.Fem	entsprechend	_	_
18-12	2011-2021	Mehrheiten	_	_	_	_	_	_	_	_	_	NN	Dat.Pl.Fem	Mehrheit	_	_
18-13	2022-2023	.	_	_	_	_	_	_	_	_	_	$.	_	.	_	_
19-1	2026-2029	Für	_	_	_	_	_	_	_	_	_	APPR	_	für	_	_
19-2	2030-2036	solche	_	_	_	_	_	_	_	_	_	PIAT	Acc.Pl.Fem	solcher	_	_
19-3	2037-2040	und	_	_	_	_	_	_	_	_	_	KON	_	und	_	_
19-4	2041-2047	andere	_	_	_	_	_	_	_	_	_	ADJA	Pos.Acc.Pl.Fem	anderer	_	_
19-5	2048-2062	Verbesserungen	_	_	_	_	_	_	_	_	_	NN	Acc.Pl.Fem	Verbesserung	_	_
19-6	2063-2069	können	_	_	_	_	_	_	_	_	_	VMFIN	1.Pl.Pres.Ind	können	_	_
19-7	2070-2073	wir	_	_	_	_	_	_	_	_	_	PPER	1.Nom.Pl.*	wir	_	_
19-8	2074-2076	in	_	_	_	_	_	_	_	_	_	APPR	_	in	_	_
19-9	2077-2084	unserem	_	_	_	_	_	_	_	_	_	PPOSAT	Dat.Sg.Neut	unser	_	_
19-10	2085-2089	Land	_	_	_	_	_	_	_	_	_	NN	Dat.Sg.Neut	Land	_	_
19-11	2090-2098	aufbauen	_	_	_	_	_	_	_	_	_	VVINF	Inf	aufbauen	_	_
19-12	2099-2102	auf	_	_	_	_	_	_	_	_	_	APPR	_	auf	_	_
19-13	2103-2108	guten	_	_	_	_	_	_	_	_	_	ADJA	Pos.Dat.Pl.Fem	gut	_	_
19-14	2109-2116	Schulen	_	_	_	_	_	_	_	_	_	NN	Dat.Pl.Fem	Schule	_	_
19-15	2117-2118	,	_	_	_	_	_	_	_	_	_	$,	_	,	_	_
19-16	2119-2122	auf	_	_	_	_	_	_	_	_	_	APPR	_	auf	_	_
19-17	2123-2137	qualifiziertem	_	_	_	_	_	_	_	_	_	ADJA	Pos.Dat.Sg.Neut	qualifiziert	_	_
19-18	2138-2141	und	_	_	_	_	_	_	_	_	_	KON	_	und	_	_
19-19	2142-2153	motiviertem	_	_	_	_	_	_	_	_	_	ADJA	Pos.Dat.Sg.Neut	motiviert	_	_
19-20	2154-2167	pädagogischen	_	_	_	_	_	_	_	_	_	ADJA	Pos.Dat.Sg.Neut	pädagogisch	_	_
19-21	2168-2176	Personal	_	_	_	_	_	_	_	_	_	NN	Dat.Sg.Neut	Personal	_	_
19-22	2177-2178	.	_	_	_	_	_	_	_	_	_	$.	_	.	_	_
20-1	2181-2187	Dieses	_	_	_	_	_	_	_	_	_	PDAT	Acc.Sg.Neut	dieser	_	_
20-2	2188-2196	Positive	_	_	_	_	_	_	_	_	_	NN	Acc.Sg.Neut	positive	_	_
20-3	2197-2200	ins	_	_	_	_	_	_	_	_	_	APPRART	Acc.Sg.Neut	in	_	_
20-4	2201-2212	Bewusstsein	_	_	_	_	_	_	_	_	_	NN	Acc.Sg.Neut	Bewusstsein	_	_
20-5	2213-2215	zu	_	_	_	_	_	_	_	_	_	PTKZU	_	zu	_	_
20-6	2216-2221	heben	_	_	_	_	_	_	_	_	_	VVINF	Inf	heben	_	_
20-7	2222-2226	dazu	_	_	_	_	_	_	_	_	_	PROAV	_	dazu	_	_
20-8	2227-2233	möchte	_	_	_	_	_	_	_	_	_	VMFIN	1.Sg.Pres.Ind	möchten	_	_
20-9	2234-2237	ich	_	_	_	_	_	_	_	_	_	PPER	1.Nom.Sg.*	ich	_	_
20-10	2238-2241	mit	_	_	_	_	_	_	_	_	_	APPR	_	mit	_	_
20-11	2242-2248	diesem	_	_	_	_	_	_	_	_	_	PDAT	Dat.Sg.Masc	dieser	_	_
20-12	2249-2252	Tag	_	_	_	_	_	_	_	_	_	NN	Dat.Sg.Masc	Tag	_	_
20-13	2253-2258	einen	_	_	_	_	_	_	_	_	_	ART	Acc.Sg.Masc	ein	_	_
20-14	2259-2266	Beitrag	_	_	_	_	_	_	_	_	_	NN	Acc.Sg.Masc	Beitrag	_	_
20-15	2267-2274	leisten	_	_	_	_	_	_	_	_	_	VVINF	Inf	leisten	_	_
20-16	2275-2276	.	_	_	_	_	_	_	_	_	_	$.	_	.	_	_
21-1	2279-2282	Für	_	_	_	_	_	_	_	_	_	APPR	_	für	_	_
21-2	2283-2287	mich	_	_	_	_	_	_	_	_	_	PPER	1.Acc.Sg.*	mich	_	_
21-3	2288-2291	ist	_	_	_	_	_	_	_	_	_	VAFIN	3.Sg.Pres.Ind	sein	_	_
21-4	2292-2295	das	_	_	_	_	_	_	_	_	_	PDS	Nom.Sg.Neut	der	_	_
21-5	2296-2299	ein	_	_	_	_	_	_	_	_	_	ART	Nom.Sg.Neut	ein	_	_
21-6	2300-2304	ganz	_	_	_	_	_	_	_	_	_	ADV	_	ganz	_	_
21-7	2305-2315	besonderes	_	_	_	_	_	_	_	_	_	ADJA	Pos.Nom.Sg.Neut	besonderer	_	_
21-8	2316-2324	Anliegen	_	_	_	_	_	_	_	_	_	NN	Nom.Sg.Neut	Anliegen	_	_
21-9	2325-2326	,	_	_	_	_	_	_	_	_	_	$,	_	,	_	_
21-10	2327-2331	weil	_	_	_	_	_	_	_	_	_	KOUS	_	weil	_	_
21-11	2332-2335	ich	_	_	_	_	_	_	_	_	_	PPER	1.Nom.Sg.*	ich	_	_
21-12	2336-2342	selber	_	_	_	_	_	_	_	_	_	ADV	_	selber	_	_
21-13	2343-2354	Lehrerinnen	_	_	_	_	_	_	_	_	_	NN	Acc.Pl.Fem	Lehrerin	_	_
21-14	2355-2358	und	_	_	_	_	_	_	_	_	_	KON	_	und	_	_
21-15	2359-2365	Lehrer	_	_	_	_	_	_	_	_	_	NN	Acc.Pl.Masc	Lehrer	_	_
21-16	2366-2370	viel	_	_	_	_	_	_	_	_	_	PIS	*.*.*	viel	_	_
21-17	2371-2373	zu	_	_	_	_	_	_	_	_	_	PTKZU	_	zu	_	_
21-18	2374-2383	verdanken	_	_	_	_	_	_	_	_	_	VVINF	Inf	verdanken	_	_
21-19	2384-2388	habe	_	_	_	_	_	_	_	_	_	VAFIN	1.Sg.Pres.Ind	haben	_	_
21-20	2389-2390	,	_	_	_	_	_	_	_	_	_	$,	_	,	_	_
21-21	2391-2393	in	_	_	_	_	_	_	_	_	_	APPR	_	in	_	_
21-22	2394-2400	meiner	_	_	_	_	_	_	_	_	_	PPOSAT	Dat.Sg.Fem	mein	_	_
21-23	2401-2408	eigenen	_	_	_	_	_	_	_	_	_	ADJA	Pos.Dat.Sg.Fem	eigen	_	_
21-24	2409-2418	Schulzeit	_	_	_	_	_	_	_	_	_	NN	Dat.Sg.Fem	Schulzeit	_	_
21-25	2419-2422	und	_	_	_	_	_	_	_	_	_	KON	_	und	_	_
21-26	2423-2429	danach	_	_	_	_	_	_	_	_	_	PROAV	_	danach	_	_
21-27	2430-2431	.	_	_	_	_	_	_	_	_	_	$.	_	.	_	_
22-1	2434-2440	Unsere	_	_	_	_	_	_	_	_	_	PPOSAT	Nom.Sg.Fem	unser	_	_
22-2	2441-2445	Idee	_	_	_	_	_	_	_	_	_	NN	Nom.Sg.Fem	Idee	_	_
22-3	2446-2449	war	_	_	_	_	_	_	_	_	_	VAFIN	3.Sg.Past.Ind	sein	_	_
22-4	2450-2451	,	_	_	_	_	_	_	_	_	_	$,	_	,	_	_
22-5	2452-2464	Schülerinnen	_	_	_	_	_	_	_	_	_	NN	Acc.Pl.Fem	Schülerin	_	_
22-6	2465-2468	und	_	_	_	_	_	_	_	_	_	KON	_	und	_	_
22-7	2469-2476	Schüler	_	_	_	_	_	_	_	_	_	NN	Acc.Pl.Masc	Schüler	_	_
22-8	2477-2486	anzuregen	_	_	_	_	_	_	_	_	_	VVIZU	Infzu	anregen	_	_
22-9	2487-2488	,	_	_	_	_	_	_	_	_	_	$,	_	,	_	_
22-10	2489-2495	einmal	_	_	_	_	_	_	_	_	_	ADV	_	einmal	_	_
22-11	2496-2510	aufzuschreiben	_	_	_	_	_	_	_	_	_	VVIZU	Infzu	aufschreiben	_	_
22-12	2511-2512	,	_	_	_	_	_	_	_	_	_	$,	_	,	_	_
22-13	2513-2518	warum	_	_	_	_	_	_	_	_	_	PWAV	_	warum	_	_
22-14	2519-2523	eine	_	_	_	_	_	_	_	_	_	ART	Nom.Sg.Fem	ein	_	_
22-15	2524-2533	bestimmte	_	_	_	_	_	_	_	_	_	ADJA	Pos.Nom.Sg.Fem	bestimmt	_	_
22-16	2534-2542	Lehrerin	_	_	_	_	_	_	_	_	_	NN	Nom.Sg.Fem	Lehrerin	_	_
22-17	2543-2547	oder	_	_	_	_	_	_	_	_	_	KON	_	oder	_	_
22-18	2548-2551	ein	_	_	_	_	_	_	_	_	_	ART	Nom.Sg.Masc	ein	_	_
22-19	2552-2562	bestimmter	_	_	_	_	_	_	_	_	_	ADJA	Pos.Nom.Sg.Masc	bestimmt	_	_
22-20	2563-2569	Lehrer	_	_	_	_	_	_	_	_	_	NN	Nom.Sg.Masc	Lehrer	_	_
22-21	2570-2573	ein	_	_	_	_	_	_	_	_	_	ART	Nom.Sg.Neut	ein	_	_
22-22	2574-2581	Vorbild	_	_	_	_	_	_	_	_	_	NN	Nom.Sg.Neut	Vorbild	_	_
22-23	2582-2585	für	_	_	_	_	_	_	_	_	_	APPR	_	für	_	_
22-24	2586-2589	sie	_	_	_	_	_	_	_	_	_	PPER	3.Acc.Pl.Masc	sie	_	_
22-25	2590-2598	geworden	_	_	_	_	_	_	_	_	_	VAPP	Psp	werden	_	_
22-26	2599-2602	ist	_	_	_	_	_	_	_	_	_	VAFIN	3.Sg.Pres.Ind	sein	_	_
22-27	2603-2604	.	_	_	_	_	_	_	_	_	_	$.	_	.	_	_
23-1	2607-2610	Aus	_	_	_	_	_	_	_	_	_	APPR	_	aus	_	_
23-2	2611-2614	den	_	_	_	_	_	_	_	_	_	ART	Dat.Pl.Fem	der	_	_
23-3	2615-2618	zum	_	_	_	_	_	_	_	_	_	APPRART	Dat.Sg.Masc	zu	_	_
23-4	2619-2623	Teil	_	_	_	_	_	_	_	_	_	NN	Dat.Sg.Masc	Teil	_	_
23-5	2624-2635	anrührenden	_	_	_	_	_	_	_	_	_	ADJA	Pos.Dat.Pl.Fem	anrührend	_	_
23-6	2636-2648	Einsendungen	_	_	_	_	_	_	_	_	_	NN	Dat.Pl.Fem	Einsendung	_	_
23-7	2649-2655	wurden	_	_	_	_	_	_	_	_	_	VAFIN	3.Pl.Past.Ind	werden	_	_
23-8	2656-2659	von	_	_	_	_	_	_	_	_	_	APPR	_	von	_	_
23-9	2660-2665	einer	_	_	_	_	_	_	_	_	_	ART	Dat.Sg.Fem	ein	_	_
23-10	2666-2670	Jury	_	_	_	_	_	_	_	_	_	NN	Dat.Sg.Fem	Jury	_	_
23-11	2671-2672	,	_	_	_	_	_	_	_	_	_	$,	_	,	_	_
23-12	2673-2676	die	_	_	_	_	_	_	_	_	_	PRELS	Nom.Sg.Fem	der	_	_
23-13	2677-2680	vor	_	_	_	_	_	_	_	_	_	APPR	_	vor	_	_
23-14	2681-2686	allem	_	_	_	_	_	_	_	_	_	PIS	Dat.Sg.Neut	alle	_	_
23-15	2687-2690	aus	_	_	_	_	_	_	_	_	_	APPR	_	aus	_	_
23-16	2691-2699	Schülern	_	_	_	_	_	_	_	_	_	NN	Dat.Pl.Masc	Schüler	_	_
23-17	2700-2701	,	_	_	_	_	_	_	_	_	_	$,	_	,	_	_
23-18	2702-2708	Eltern	_	_	_	_	_	_	_	_	_	NN	Dat.Pl.Masc	Eltern	_	_
23-19	2709-2712	und	_	_	_	_	_	_	_	_	_	KON	_	und	_	_
23-20	2713-2720	Lehrern	_	_	_	_	_	_	_	_	_	NN	Dat.Pl.Masc	Lehrer	_	_
23-21	2721-2728	bestand	_	_	_	_	_	_	_	_	_	VVFIN	3.Sg.Past.Ind	bestehen	_	_
23-22	2729-2730	,	_	_	_	_	_	_	_	_	_	$,	_	,	_	_
23-23	2731-2734	die	_	_	_	_	_	_	_	_	_	ART	Nom.Pl.Masc	der	_	_
23-24	2735-2751	eindrücklichsten	_	_	_	_	_	_	_	_	_	ADJA	Sup.Nom.Pl.Masc	eindrücklich	_	_
23-25	2752-2762	ausgewählt	_	_	_	_	_	_	_	_	_	VVPP	Psp	auswählen	_	_
23-26	2763-2766	und	_	_	_	_	_	_	_	_	_	KON	_	und	_	_
23-27	2767-2770	die	_	_	_	_	_	_	_	_	_	ART	Nom.Pl.Masc	der	_	_
23-28	2771-2781	jeweiligen	_	_	_	_	_	_	_	_	_	ADJA	Pos.Nom.Pl.Masc	jeweilig	_	_
23-29	2782-2789	Schüler	_	_	_	_	_	_	_	_	_	NN	Nom.Pl.Masc	Schüler	_	_
23-30	2790-2796	Lehrer	_	_	_	_	_	_	_	_	_	NN	Nom.Pl.Masc	Lehrer	_	_
23-31	2797-2802	Paare	_	_	_	_	_	_	_	_	_	NN	Acc.Pl.Neut	Paar	_	_
23-32	2803-2808	heute	_	_	_	_	_	_	_	_	_	ADV	_	heute	_	_
23-33	2809-2816	hierher	_	_	_	_	_	_	_	_	_	ADV	_	hierher	_	_
23-34	2817-2827	eingeladen	_	_	_	_	_	_	_	_	_	VVPP	Psp	einladen	_	_
23-35	2828-2829	.	_	_	_	_	_	_	_	_	_	$.	_	.	_	_
24-1	2832-2839	Bildung	_	_	_	_	_	_	_	_	_	NN	Nom.Sg.Fem	Bildung	_	_
24-2	2840-2843	und	_	_	_	_	_	_	_	_	_	KON	_	und	_	_
24-3	2844-2853	Erziehung	_	_	_	_	_	_	_	_	_	NN	Nom.Sg.Fem	Erziehung	_	_
24-4	2854-2857	das	_	_	_	_	_	_	_	_	_	PDS	Nom.Sg.Neut	der	_	_
24-5	2858-2861	ist	_	_	_	_	_	_	_	_	_	VAFIN	3.Sg.Pres.Ind	sein	_	_
24-6	2862-2865	die	_	_	_	_	_	_	_	_	_	ART	Nom.Sg.Fem	der	_	_
24-7	2866-2876	vielleicht	_	_	_	_	_	_	_	_	_	ADV	_	vielleicht	_	_
24-8	2877-2887	wichtigste	_	_	_	_	_	_	_	_	_	ADJA	Sup.Nom.Sg.Fem	wichtig	_	_
24-9	2888-2894	Arbeit	_	_	_	_	_	_	_	_	_	NN	Nom.Sg.Fem	Arbeit	_	_
24-10	2895-2898	für	_	_	_	_	_	_	_	_	_	APPR	_	für	_	_
24-11	2899-2902	die	_	_	_	_	_	_	_	_	_	ART	Acc.Sg.Fem	der	_	_
24-12	2903-2910	Zukunft	_	_	_	_	_	_	_	_	_	NN	Acc.Sg.Fem	Zukunft	_	_
24-13	2911-2918	unserer	_	_	_	_	_	_	_	_	_	PPOSAT	Gen.Sg.Fem	unser	_	_
24-14	2919-2931	Gesellschaft	_	_	_	_	_	_	_	_	_	NN	Gen.Sg.Fem	Gesellschaft	_	_
24-15	2932-2933	.	_	_	_	_	_	_	_	_	_	$.	_	.	_	_
25-1	2936-2939	Für	_	_	_	_	_	_	_	_	_	APPR	_	für	_	_
25-2	2940-2945	diese	_	_	_	_	_	_	_	_	_	PDAT	Acc.Sg.Fem	dieser	_	_
25-3	2946-2952	Arbeit	_	_	_	_	_	_	_	_	_	NN	Acc.Sg.Fem	Arbeit	_	_
25-4	2953-2959	können	_	_	_	_	_	_	_	_	_	VMFIN	1.Pl.Pres.Ind	können	_	_
25-5	2960-2963	wir	_	_	_	_	_	_	_	_	_	PPER	1.Nom.Pl.*	wir	_	_
25-6	2964-2977	Erzieherinnen	_	_	_	_	_	_	_	_	_	NN	Acc.Pl.Fem	Erzieherin	_	_
25-7	2978-2981	und	_	_	_	_	_	_	_	_	_	KON	_	und	_	_
25-8	2982-2991	Erziehern	_	_	_	_	_	_	_	_	_	NN	Acc.Pl.Masc	Erzieher	_	_
25-9	2992-2993	,	_	_	_	_	_	_	_	_	_	$,	_	,	_	_
25-10	2994-3005	Lehrerinnen	_	_	_	_	_	_	_	_	_	NN	Acc.Pl.Fem	Lehrerin	_	_
25-11	3006-3009	und	_	_	_	_	_	_	_	_	_	KON	_	und	_	_
25-12	3010-3016	Lehrer	_	_	_	_	_	_	_	_	_	NN	Acc.Pl.Masc	Lehrer	_	_
25-13	3017-3020	gar	_	_	_	_	_	_	_	_	_	ADV	_	gar	_	_
25-14	3021-3026	nicht	_	_	_	_	_	_	_	_	_	PTKNEG	_	nicht	_	_
25-15	3027-3032	genug	_	_	_	_	_	_	_	_	_	ADV	_	genug	_	_
25-16	3033-3044	Anerkennung	_	_	_	_	_	_	_	_	_	NN	Acc.Sg.Fem	Anerkennung	_	_
25-17	3045-3050	geben	_	_	_	_	_	_	_	_	_	VVINF	Inf	geben	_	_
25-18	3051-3054	und	_	_	_	_	_	_	_	_	_	KON	_	und	_	_
25-19	3055-3061	danken	_	_	_	_	_	_	_	_	_	VVINF	Inf	danken	_	_
25-20	3062-3063	.	_	_	_	_	_	_	_	_	_	$.	_	.	_	_
26-1	3066-3072	Lehrer	_	_	_	_	_	_	_	_	_	NN	Nom.Pl.Masc	Lehrer	_	_
26-2	3073-3077	sind	_	_	_	_	_	_	_	_	_	VAFIN	3.Pl.Pres.Ind	sein	_	_
26-3	3078-3083	heute	_	_	_	_	_	_	_	_	_	ADV	_	heute	_	_
26-4	3084-3091	größten	_	_	_	_	_	_	_	_	_	ADJA	Sup.Dat.Pl.Fem	groß	_	_
26-5	3092-3103	Erwartungen	_	_	_	_	_	_	_	_	_	NN	Dat.Pl.Fem	Erwartung	_	_
26-6	3104-3114	ausgesetzt	_	_	_	_	_	_	_	_	_	VVPP	Psp	aussetzen	_	_
26-7	3115-3116	.	_	_	_	_	_	_	_	_	_	$.	_	.	_	_
27-1	3119-3122	Sie	_	_	_	_	_	_	_	_	_	PPER	3.Nom.Pl.*	sie	_	_
27-2	3123-3129	sollen	_	_	_	_	_	_	_	_	_	VMFIN	3.Pl.Pres.Ind	sollen	_	_
27-3	3130-3139	familiäre	_	_	_	_	_	_	_	_	_	ADJA	Pos.Acc.Pl.Neut	familiär	_	_
27-4	3140-3143	und	_	_	_	_	_	_	_	_	_	KON	_	und	_	_
27-5	3144-3161	gesellschaftliche	_	_	_	_	_	_	_	_	_	ADJA	Pos.Acc.Pl.Neut	gesellschaftlich	_	_
27-6	3162-3174	Versäumnisse	false	5clash	_	_	_	_	_	_	_	NN	Acc.Pl.Neut	Versäumnis	_	_
27-7	3175-3184	ausbügeln	false	0Kern	true	true	etw. aus einem Kleidungsstück durch Bügeln entfernen	_	_	überwinden, in Ordnung bringen	27-6	VVINF	Inf	ausbügeln	_	_
27-8	3185-3188	und	_	_	_	_	_	_	_	_	_	KON	_	und	_	_
27-9	3189-3197	zugleich	_	_	_	_	_	_	_	_	_	ADV	_	zugleich	_	_
27-10	3198-3201	den	_	_	_	_	_	_	_	_	_	ART	Dat.Pl.Neut	der	_	_
27-11	3202-3209	Kindern	_	_	_	_	_	_	_	_	_	NN	Dat.Pl.Neut	Kind	_	_
27-12	3210-3215	immer	_	_	_	_	_	_	_	_	_	ADV	_	immer	_	_
27-13	3216-3220	mehr	_	_	_	_	_	_	_	_	_	PIAT	*.*.*	mehr	_	_
27-14	3221-3227	Wissen	_	_	_	_	_	_	_	_	_	NN	Acc.Sg.Neut	Wissen	_	_
27-15	3228-3230	in	_	_	_	_	_	_	_	_	_	APPR	_	in	_	_
27-16	3231-3239	manchmal	_	_	_	_	_	_	_	_	_	ADV	_	manchmal	_	_
27-17	3240-3248	kürzerer	_	_	_	_	_	_	_	_	_	ADJA	Comp.Dat.Sg.Fem	kurz	_	_
27-18	3249-3253	Zeit	_	_	_	_	_	_	_	_	_	NN	Dat.Sg.Fem	Zeit	_	_
27-19	3254-3264	vermitteln	_	_	_	_	_	_	_	_	_	VVINF	Inf	vermitteln	_	_
27-20	3265-3266	.	_	_	_	_	_	_	_	_	_	$.	_	.	_	_
28-1	3269-3272	Wir	_	_	_	_	_	_	_	_	_	PPER	1.Nom.Pl.*	wir	_	_
28-2	3273-3279	dürfen	_	_	_	_	_	_	_	_	_	VMFIN	1.Pl.Pres.Ind	dürfen	_	_
28-3	3280-3283	sie	_	_	_	_	_	_	_	_	_	PPER	3.Acc.Pl.*	sie	_	_
28-4	3284-3287	mit	_	_	_	_	_	_	_	_	_	APPR	_	mit	_	_
28-5	3288-3294	diesen	_	_	_	_	_	_	_	_	_	PDAT	Dat.Pl.Fem	dieser	_	_
28-6	3295-3303	Aufgaben	_	_	_	_	_	_	_	_	_	NN	Dat.Pl.Fem	Aufgabe	_	_
28-7	3304-3309	nicht	_	_	_	_	_	_	_	_	_	PTKNEG	_	nicht	_	_
28-8	3310-3316	allein	_	_	_	_	_	_	_	_	_	ADV	_	allein	_	_
28-9	3317-3323	lassen	_	_	_	_	_	_	_	_	_	VVINF	Inf	lassen	_	_
28-10	3324-3325	.	_	_	_	_	_	_	_	_	_	$.	_	.	_	_
29-1	3328-3332	Alle	_	_	_	_	_	_	_	_	_	PIS	Nom.Pl.*	alle	_	_
29-2	3333-3335	in	_	_	_	_	_	_	_	_	_	APPR	_	in	_	_
29-3	3336-3339	der	_	_	_	_	_	_	_	_	_	ART	Dat.Sg.Fem	der	_	_
29-4	3340-3352	Gesellschaft	_	_	_	_	_	_	_	_	_	NN	Dat.Sg.Fem	Gesellschaft	_	_
29-5	3353-3359	müssen	_	_	_	_	_	_	_	_	_	VMFIN	3.Pl.Pres.Ind	müssen	_	_
29-6	3360-3362	an	_	_	_	_	_	_	_	_	_	APPR	_	an	_	_
29-7	3363-3368	ihrem	_	_	_	_	_	_	_	_	_	PPOSAT	Dat.Sg.Masc	ihr	_	_
29-8	3369-3372	Ort	_	_	_	_	_	_	_	_	_	NN	Dat.Sg.Masc	Ort	_	_
29-9	3373-3376	die	_	_	_	_	_	_	_	_	_	ART	Acc.Pl.Fem	der	_	_
29-10	3377-3388	Bedingungen	_	_	_	_	_	_	_	_	_	NN	Acc.Pl.Fem	Bedingung	_	_
29-11	3389-3399	verbessern	_	_	_	_	_	_	_	_	_	VVINF	Inf	verbessern	_	_
29-12	3400-3406	helfen	_	_	_	_	_	_	_	_	_	VVINF	Inf	helfen	_	_
29-13	3407-3408	,	_	_	_	_	_	_	_	_	_	$,	_	,	_	_
29-14	3409-3414	unter	_	_	_	_	_	_	_	_	_	APPR	_	unter	_	_
29-15	3415-3420	denen	_	_	_	_	_	_	_	_	_	PRELS	Dat.Pl.Fem	der	_	_
29-16	3421-3427	Schule	_	_	_	_	_	_	_	_	_	NN	Nom.Sg.Fem	Schule	_	_
29-17	3428-3436	arbeiten	_	_	_	_	_	_	_	_	_	VVINF	Inf	arbeiten	_	_
29-18	3437-3441	kann	_	_	_	_	_	_	_	_	_	VMFIN	3.Sg.Pres.Ind	können	_	_
29-19	3442-3443	!	_	_	_	_	_	_	_	_	_	$.	_	!	_	_
30-1	3446-3452	Eltern	_	_	_	_	_	_	_	_	_	NN	Nom.Pl.*	Eltern	_	_
30-2	3453-3460	sollten	_	_	_	_	_	_	_	_	_	VMFIN	3.Pl.Past.Subj	sollen	_	_
30-3	3461-3465	sich	_	_	_	_	_	_	_	_	_	PRF	3.Acc.Pl	sich	_	_
30-4	3466-3472	fragen	_	_	_	_	_	_	_	_	_	VVINF	Inf	fragen	_	_
30-5	3473-3474	,	_	_	_	_	_	_	_	_	_	$,	_	,	_	_
30-6	3475-3477	ob	_	_	_	_	_	_	_	_	_	KOUS	_	ob	_	_
30-7	3478-3481	sie	_	_	_	_	_	_	_	_	_	PPER	3.Nom.Pl.*	sie	_	_
30-8	3482-3485	den	_	_	_	_	_	_	_	_	_	ART	Dat.Pl.Masc	der	_	_
30-9	3486-3493	Lehrern	_	_	_	_	_	_	_	_	_	NN	Dat.Pl.Masc	Lehrer	_	_
30-10	3494-3499	ihrer	_	_	_	_	_	_	_	_	_	PPOSAT	Gen.Pl.Neut	ihr	_	_
30-11	3500-3506	Kinder	_	_	_	_	_	_	_	_	_	NN	Gen.Pl.Neut	Kind	_	_
30-12	3507-3518	ausreichend	_	_	_	_	_	_	_	_	_	ADJD	Pos	ausreichend	_	_
30-13	3519-3532	pädagogisches	_	_	_	_	_	_	_	_	_	ADJA	Pos.Acc.Sg.Neut	pädagogisch	_	_
30-14	3533-3542	Vertrauen	_	_	_	_	_	_	_	_	_	NN	Acc.Sg.Neut	vertrauen	_	_
30-15	3543-3558	entgegenbringen	_	_	_	_	_	_	_	_	_	VVFIN	3.Pl.Pres.Ind	entgegenbringen	_	_
30-16	3559-3560	.	_	_	_	_	_	_	_	_	_	$.	_	.	_	_
31-1	3563-3568	Nicht	_	_	_	_	_	_	_	_	_	PTKNEG	_	nicht	_	_
31-2	3569-3573	jede	_	_	_	_	_	_	_	_	_	PIAT	Nom.Sg.Fem	jeder	_	_
31-3	3574-3582	Maßnahme	_	_	_	_	_	_	_	_	_	NN	Nom.Sg.Fem	Maßnahme	_	_
31-4	3583-3586	von	_	_	_	_	_	_	_	_	_	APPR	_	von	_	_
31-5	3587-3594	Lehrern	_	_	_	_	_	_	_	_	_	NN	Dat.Pl.Masc	Lehrer	_	_
31-6	3595-3599	oder	_	_	_	_	_	_	_	_	_	KON	_	oder	_	_
31-7	3600-3607	Schulen	_	_	_	_	_	_	_	_	_	NN	Dat.Pl.Fem	Schule	_	_
31-8	3608-3612	ruft	_	_	_	_	_	_	_	_	_	VVFIN	3.Sg.Pres.Ind	rufen	_	_
31-9	3613-3617	nach	_	_	_	_	_	_	_	_	_	APPR	_	nach	_	_
31-10	3618-3624	Kritik	_	_	_	_	_	_	_	_	_	NN	Dat.Sg.Fem	Kritik	_	_
31-11	3625-3629	oder	_	_	_	_	_	_	_	_	_	KON	_	oder	_	_
31-12	3630-3633	gar	_	_	_	_	_	_	_	_	_	ADV	_	gar	_	_
31-13	3634-3646	anwaltlicher	_	_	_	_	_	_	_	_	_	ADJA	Pos.Dat.Sg.Fem	anwaltlich	_	_
31-14	3647-3652	Hilfe	_	_	_	_	_	_	_	_	_	NN	Dat.Sg.Fem	Hilfe	_	_
31-15	3653-3654	.	_	_	_	_	_	_	_	_	_	$.	_	.	_	_
32-1	3657-3662	Henry	_	_	_	_	_	_	_	_	_	NE	Nom.Sg.Masc	Henry	_	_
32-2	3663-3667	Ford	_	_	_	_	_	_	_	_	_	NE	Nom.Sg.Masc	Ford	_	_
32-3	3668-3671	hat	_	_	_	_	_	_	_	_	_	VAFIN	3.Sg.Pres.Ind	haben	_	_
32-4	3672-3678	gesagt	_	_	_	_	_	_	_	_	_	VVPP	Psp	sagen	_	_
32-5	3679-3680	:	_	_	_	_	_	_	_	_	_	$.	_	:	_	_
32-6	3681-3682	"	_	_	_	_	_	_	_	_	_	$(	_	"	_	_
32-7	3683-3686	Die	_	_	_	_	_	_	_	_	_	ART	Nom.Sg.Fem	der	_	_
32-8	3687-3694	Zukunft	_	_	_	_	_	_	_	_	_	NN	Nom.Sg.Fem	Zukunft	_	_
32-9	3695-3698	des	_	_	_	_	_	_	_	_	_	ART	Gen.Sg.Neut	der	_	_
32-10	3699-3705	Landes	_	_	_	_	_	_	_	_	_	NN	Gen.Sg.Neut	Land	_	_
32-11	3706-3713	beginnt	_	_	_	_	_	_	_	_	_	VVFIN	3.Sg.Pres.Ind	beginnen	_	_
32-12	3714-3716	in	_	_	_	_	_	_	_	_	_	APPR	_	in	_	_
32-13	3717-3720	den	_	_	_	_	_	_	_	_	_	ART	Dat.Pl.Neut	der	_	_
32-14	3721-3727	Kinder	_	_	_	_	_	_	_	_	_	NN	Dat.Pl.Neut	Kind	_	_
32-15	3728-3729	-	_	_	_	_	_	_	_	_	_	$(	_	-	_	_
32-16	3730-3733	und	_	_	_	_	_	_	_	_	_	KON	_	und	_	_
32-17	3734-3748	Klassenzimmern	_	_	_	_	_	_	_	_	_	NN	Dat.Pl.Neut	Klassenzimmer	_	_
32-18	3749-3750	"	_	_	_	_	_	_	_	_	_	$(	_	"	_	_
32-19	3751-3752	.	_	_	_	_	_	_	_	_	_	$.	_	.	_	_
33-1	3755-3757	Er	_	_	_	_	_	_	_	_	_	PPER	3.Nom.Sg.Masc	er	_	_
33-2	3758-3761	hat	_	_	_	_	_	_	_	_	_	VAFIN	3.Sg.Pres.Ind	haben	_	_
33-3	3762-3773	wohlgemerkt	_	_	_	_	_	_	_	_	_	ADJD	Pos	wohlgemerkt	_	_
33-4	3774-3779	nicht	_	_	_	_	_	_	_	_	_	PTKNEG	_	nicht	_	_
33-5	3780-3786	gesagt	_	_	_	_	_	_	_	_	_	VVPP	Psp	sagen	_	_
33-6	3787-3788	,	_	_	_	_	_	_	_	_	_	$,	_	,	_	_
33-7	3789-3792	sie	_	_	_	_	_	_	_	_	_	PPER	3.Nom.Sg.Fem	sie	_	_
33-8	3793-3800	begänne	_	_	_	_	_	_	_	_	_	VVFIN	3.Sg.Pres.Subj	begännen	_	_
33-9	3801-3805	erst	_	_	_	_	_	_	_	_	_	ADV	_	erst	_	_
33-10	3806-3810	oder	_	_	_	_	_	_	_	_	_	KON	_	oder	_	_
33-11	3811-3814	nur	_	_	_	_	_	_	_	_	_	ADV	_	nur	_	_
33-12	3815-3817	in	_	_	_	_	_	_	_	_	_	APPR	_	in	_	_
33-13	3818-3821	den	_	_	_	_	_	_	_	_	_	ART	Dat.Pl.Neut	der	_	_
33-14	3822-3836	Klassenzimmern	_	_	_	_	_	_	_	_	_	NN	Dat.Pl.Neut	Klassenzimmer	_	_
33-15	3837-3838	.	_	_	_	_	_	_	_	_	_	$.	_	.	_	_
34-1	3841-3847	Eltern	_	_	_	_	_	_	_	_	_	NN	Nom.Pl.*	Eltern	_	_
34-2	3848-3853	haben	_	_	_	_	_	_	_	_	_	VAFIN	3.Pl.Pres.Ind	haben	_	_
34-3	3854-3863	Pflichten	_	_	_	_	_	_	_	_	_	NN	Acc.Pl.Fem	Pflicht	_	_
34-4	3864-3865	,	_	_	_	_	_	_	_	_	_	$,	_	,	_	_
34-5	3866-3868	an	_	_	_	_	_	_	_	_	_	APPR	_	an	_	_
34-6	3869-3872	die	_	_	_	_	_	_	_	_	_	PRELS	Acc.Pl.Fem	der	_	_
34-7	3873-3876	wir	_	_	_	_	_	_	_	_	_	PPER	1.Nom.Pl.*	wir	_	_
34-8	3877-3880	mit	_	_	_	_	_	_	_	_	_	APPR	_	mit	_	_
34-9	3881-3889	größerem	_	_	_	_	_	_	_	_	_	ADJA	Comp.Dat.Sg.Masc	groß	_	_
34-10	3890-3899	Nachdruck	_	_	_	_	_	_	_	_	_	NN	Dat.Sg.Masc	Nachdruck	_	_
34-11	3900-3908	erinnern	_	_	_	_	_	_	_	_	_	VVINF	Inf	erinnern	_	_
34-12	3909-3915	müssen	_	_	_	_	_	_	_	_	_	VMFIN	1.Pl.Pres.Ind	müssen	_	_
34-13	3916-3917	,	_	_	_	_	_	_	_	_	_	$,	_	,	_	_
34-14	3918-3919	z	_	_	_	_	_	_	_	_	_	XY	_	z	_	_
34-15	3920-3921	.	_	_	_	_	_	_	_	_	_	$.	_	.	_	_
35-1	3924-3925	B	_	_	_	_	_	_	_	_	_	XY	_	B	_	_
35-2	3926-3927	.	_	_	_	_	_	_	_	_	_	$.	_	.	_	_
35-3	3928-3931	die	_	_	_	_	_	_	_	_	_	ART	Nom.Sg.Fem	der	_	_
35-4	3932-3944	tatsächliche	_	_	_	_	_	_	_	_	_	ADJA	Pos.Nom.Sg.Fem	tatsächlich	_	_
35-5	3945-3954	Erfüllung	_	_	_	_	_	_	_	_	_	NN	Nom.Sg.Fem	Erfüllung	_	_
35-6	3955-3958	der	_	_	_	_	_	_	_	_	_	ART	Gen.Sg.Fem	der	_	_
35-7	3959-3971	Schulpflicht	_	_	_	_	_	_	_	_	_	NN	Gen.Sg.Fem	Schulpflicht	_	_
35-8	3972-3973	.	_	_	_	_	_	_	_	_	_	$.	_	.	_	_
36-1	3976-3979	Aus	_	_	_	_	_	_	_	_	_	APPR	_	aus	_	_
36-2	3980-3986	Afrika	_	_	_	_	_	_	_	_	_	NE	Dat.Sg.Neut	Afrika	_	_
36-3	3987-3992	kenne	_	_	_	_	_	_	_	_	_	VVFIN	1.Sg.Pres.Ind	kennen	_	_
36-4	3993-3996	ich	_	_	_	_	_	_	_	_	_	PPER	1.Nom.Sg.*	ich	_	_
36-5	3997-4000	den	_	_	_	_	_	_	_	_	_	ART	Acc.Sg.Masc	der	_	_
36-6	4001-4005	sehr	_	_	_	_	_	_	_	_	_	ADV	_	sehr	_	_
36-7	4006-4013	schönen	_	_	_	_	_	_	_	_	_	ADJA	Pos.Acc.Sg.Masc	schön	_	_
36-8	4014-4020	Spruch	_	_	_	_	_	_	_	_	_	NN	Acc.Sg.Masc	Spruch	_	_
36-9	4021-4022	:	_	_	_	_	_	_	_	_	_	$.	_	:	_	_
36-10	4023-4024	"	_	_	_	_	_	_	_	_	_	$(	_	"	_	_
36-11	4025-4028	Das	_	_	_	_	_	_	_	_	_	ART	Acc.Sg.Neut	der	_	_
36-12	4029-4034	ganze	_	_	_	_	_	_	_	_	_	ADJA	Pos.Acc.Sg.Neut	ganz	_	_
36-13	4035-4039	Dorf	_	_	_	_	_	_	_	_	_	NN	Acc.Sg.Neut	Dorf	_	_
36-14	4040-4047	erzieht	_	_	_	_	_	_	_	_	_	VVFIN	3.Sg.Pres.Ind	erziehen	_	_
36-15	4048-4051	das	_	_	_	_	_	_	_	_	_	ART	Nom.Sg.Neut	der	_	_
36-16	4052-4056	Kind	_	_	_	_	_	_	_	_	_	NN	Nom.Sg.Neut	Kind	_	_
36-17	4057-4058	"	_	_	_	_	_	_	_	_	_	$(	_	"	_	_
36-18	4059-4060	.	_	_	_	_	_	_	_	_	_	$.	_	.	_	_
37-1	4063-4067	Alle	_	_	_	_	_	_	_	_	_	PIS	Nom.Pl.*	alle	_	_
37-2	4068-4072	sind	_	_	_	_	_	_	_	_	_	VAFIN	3.Pl.Pres.Ind	sein	_	_
37-3	4073-4087	verantwortlich	_	_	_	_	_	_	_	_	_	ADJD	Pos	verantwortlich	_	_
37-4	4088-4089	:	_	_	_	_	_	_	_	_	_	$.	_	:	_	_
37-5	4090-4093	die	_	_	_	_	_	_	_	_	_	ART	Nom.Pl.*	der	_	_
37-6	4094-4104	Großeltern	_	_	_	_	_	_	_	_	_	NN	Nom.Pl.*	Großeltern	_	_
37-7	4105-4106	,	_	_	_	_	_	_	_	_	_	$,	_	,	_	_
37-8	4107-4110	die	_	_	_	_	_	_	_	_	_	ART	Acc.Pl.Fem	der	_	_
37-9	4111-4123	Generationen	_	_	_	_	_	_	_	_	_	NN	Nom.Pl.Fem	Generation	_	_
37-10	4124-4125	,	_	_	_	_	_	_	_	_	_	$,	_	,	_	_
37-11	4126-4129	die	_	_	_	_	_	_	_	_	_	ART	Acc.Pl.Masc	der	_	_
37-12	4130-4138	Nachbarn	_	_	_	_	_	_	_	_	_	NN	Nom.Pl.Masc	Nachbar	_	_
37-13	4139-4140	,	_	_	_	_	_	_	_	_	_	$,	_	,	_	_
37-14	4141-4144	die	_	_	_	_	_	_	_	_	_	ART	Nom.Pl.Masc	der	_	_
37-15	4145-4152	Freunde	_	_	_	_	_	_	_	_	_	NN	Nom.Pl.Masc	Freund	_	_
37-16	4153-4154	,	_	_	_	_	_	_	_	_	_	$,	_	,	_	_
37-17	4155-4158	die	_	_	_	_	_	_	_	_	_	ART	Nom.Pl.*	der	_	_
37-18	4159-4169	Verwandten	_	_	_	_	_	_	_	_	_	NN	Nom.Pl.*	verwandte	_	_
37-19	4170-4173	das	_	_	_	_	_	_	_	_	_	ART	Acc.Sg.Neut	der	_	_
37-20	4174-4179	ganze	_	_	_	_	_	_	_	_	_	ADJA	Pos.Acc.Sg.Neut	ganz	_	_
37-21	4180-4184	Dorf	_	_	_	_	_	_	_	_	_	NN	Acc.Sg.Neut	Dorf	_	_
37-22	4185-4192	erzieht	_	_	_	_	_	_	_	_	_	VVFIN	3.Sg.Pres.Ind	erziehen	_	_
37-23	4193-4196	das	_	_	_	_	_	_	_	_	_	ART	Nom.Sg.Neut	der	_	_
37-24	4197-4201	Kind	_	_	_	_	_	_	_	_	_	NN	Nom.Sg.Neut	Kind	_	_
37-25	4202-4203	.	_	_	_	_	_	_	_	_	_	$.	_	.	_	_
38-1	4206-4209	Bei	_	_	_	_	_	_	_	_	_	APPR	_	bei	_	_
38-2	4210-4213	uns	_	_	_	_	_	_	_	_	_	PPER	1.Dat.Pl.*	uns	_	_
38-3	4214-4222	herrscht	_	_	_	_	_	_	_	_	_	VVFIN	3.Sg.Pres.Ind	herrschen	_	_
38-4	4223-4231	manchmal	_	_	_	_	_	_	_	_	_	ADV	_	manchmal	_	_
38-5	4232-4235	die	_	_	_	_	_	_	_	_	_	ART	Nom.Sg.Fem	der	_	_
38-6	4236-4247	Vorstellung	_	_	_	_	_	_	_	_	_	NN	Nom.Sg.Fem	Vorstellung	_	_
38-7	4248-4249	,	_	_	_	_	_	_	_	_	_	$,	_	,	_	_
38-8	4250-4255	dafür	_	_	_	_	_	_	_	_	_	PROAV	_	dafür	_	_
38-9	4256-4259	sei	_	_	_	_	_	_	_	_	_	VAFIN	3.Sg.Pres.Subj	sein	_	_
38-10	4260-4263	der	_	_	_	_	_	_	_	_	_	ART	Nom.Sg.Masc	der	_	_
38-11	4264-4270	Lehrer	_	_	_	_	_	_	_	_	_	NN	Nom.Sg.Masc	Lehrer	_	_
38-12	4271-4280	zuständig	_	_	_	_	_	_	_	_	_	ADJD	Pos	zuständig	_	_
38-13	4281-4282	,	_	_	_	_	_	_	_	_	_	$,	_	,	_	_
38-14	4283-4286	die	_	_	_	_	_	_	_	_	_	ART	Nom.Sg.Fem	der	_	_
38-15	4287-4295	Lehrerin	_	_	_	_	_	_	_	_	_	NN	Nom.Sg.Fem	Lehrerin	_	_
38-16	4296-4297	.	_	_	_	_	_	_	_	_	_	$.	_	.	_	_
39-1	4300-4303	Die	_	_	_	_	_	_	_	_	_	ART	Nom.Sg.Fem	der	_	_
39-2	4304-4312	damalige	_	_	_	_	_	_	_	_	_	ADJA	Pos.Nom.Sg.Fem	damalig	_	_
39-3	4313-4328	Landesbischöfin	_	_	_	_	_	_	_	_	_	NN	Nom.Sg.Fem	Landesbischöfin	_	_
39-4	4329-4332	von	_	_	_	_	_	_	_	_	_	APPR	_	von	_	_
39-5	4333-4341	Hannover	_	_	_	_	_	_	_	_	_	NE	Dat.Sg.Neut	Hannover	_	_
39-6	4342-4345	hat	_	_	_	_	_	_	_	_	_	VAFIN	3.Sg.Pres.Ind	haben	_	_
39-7	4346-4349	mir	_	_	_	_	_	_	_	_	_	PPER	1.Dat.Sg.*	mir	_	_
39-8	4350-4353	vor	_	_	_	_	_	_	_	_	_	APPR	_	vor	_	_
39-9	4354-4360	vielen	_	_	_	_	_	_	_	_	_	PIAT	Dat.Pl.Neut	vieler	_	_
39-10	4361-4367	Jahren	_	_	_	_	_	_	_	_	_	NN	Dat.Pl.Neut	Jahr	_	_
39-11	4368-4375	erzählt	_	_	_	_	_	_	_	_	_	VVPP	Psp	erzählen	_	_
39-12	4376-4377	,	_	_	_	_	_	_	_	_	_	$,	_	,	_	_
39-13	4378-4382	eine	_	_	_	_	_	_	_	_	_	ART	Nom.Sg.Fem	ein	_	_
39-14	4383-4389	Mutter	_	_	_	_	_	_	_	_	_	NN	Nom.Sg.Fem	Mutter	_	_
39-15	4390-4394	habe	_	_	_	_	_	_	_	_	_	VAFIN	3.Sg.Pres.Subj	haben	_	_
39-16	4395-4398	sie	_	_	_	_	_	_	_	_	_	PPER	3.Acc.Sg.Fem	sie	_	_
39-17	4399-4410	aufgebracht	_	_	_	_	_	_	_	_	_	VVPP	Psp	aufbringen	_	_
39-18	4411-4420	angerufen	_	_	_	_	_	_	_	_	_	VVPP	Psp	anrufen	_	_
39-19	4421-4424	und	_	_	_	_	_	_	_	_	_	KON	_	und	_	_
39-20	4425-4432	geklagt	_	_	_	_	_	_	_	_	_	VVPP	Psp	klagen	_	_
39-21	4433-4434	,	_	_	_	_	_	_	_	_	_	$,	_	,	_	_
39-22	4435-4438	ihr	_	_	_	_	_	_	_	_	_	PPOSAT	Nom.Sg.Neut	ihr	_	_
39-23	4439-4443	Kind	_	_	_	_	_	_	_	_	_	NN	Nom.Sg.Neut	Kind	_	_
39-24	4444-4447	sei	_	_	_	_	_	_	_	_	_	VAFIN	3.Sg.Pres.Subj	sein	_	_
39-25	4448-4453	jetzt	_	_	_	_	_	_	_	_	_	ADV	_	jetzt	_	_
39-26	4454-4456	in	_	_	_	_	_	_	_	_	_	APPR	_	in	_	_
39-27	4457-4460	der	_	_	_	_	_	_	_	_	_	ART	Dat.Sg.Fem	der	_	_
39-28	4461-4468	dritten	_	_	_	_	_	_	_	_	_	ADJA	Pos.Dat.Sg.Fem	dritter	_	_
39-29	4469-4475	Klasse	_	_	_	_	_	_	_	_	_	NN	Dat.Sg.Fem	Klasse	_	_
39-30	4476-4479	und	_	_	_	_	_	_	_	_	_	KON	_	und	_	_
39-31	4480-4485	könne	_	_	_	_	_	_	_	_	_	VMFIN	3.Sg.Pres.Subj	können	_	_
39-32	4486-4491	immer	_	_	_	_	_	_	_	_	_	ADV	_	immer	_	_
39-33	4492-4496	noch	_	_	_	_	_	_	_	_	_	ADV	_	noch	_	_
39-34	4497-4501	kein	_	_	_	_	_	_	_	_	_	PIAT	Nom.Sg.Neut	kein	_	_
39-35	4502-4507	Gebet	_	_	_	_	_	_	_	_	_	NN	Nom.Sg.Neut	Gebet	_	_
39-36	4508-4509	.	_	_	_	_	_	_	_	_	_	$.	_	.	_	_
40-1	4512-4515	Das	_	_	_	_	_	_	_	_	_	PDS	Acc.Sg.Neut	der	_	_
40-2	4516-4522	fanden	_	_	_	_	_	_	_	_	_	VVFIN	1.Pl.Past.Ind	finden	_	_
40-3	4523-4526	wir	_	_	_	_	_	_	_	_	_	PPER	1.Nom.Pl.*	wir	_	_
40-4	4527-4536	natürlich	_	_	_	_	_	_	_	_	_	ADV	_	natürlich	_	_
40-5	4537-4542	nicht	_	_	_	_	_	_	_	_	_	PTKNEG	_	nicht	_	_
40-6	4543-4545	in	_	_	_	_	_	_	_	_	_	APPR	_	in	_	_
40-7	4546-4553	Ordnung	_	_	_	_	_	_	_	_	_	NN	Acc.Sg.Fem	Ordnung	_	_
40-8	4554-4555	.	_	_	_	_	_	_	_	_	_	$.	_	.	_	_
41-1	4558-4562	Aber	_	_	_	_	_	_	_	_	_	KON	_	aber	_	_
41-2	4563-4566	wir	_	_	_	_	_	_	_	_	_	PPER	1.Nom.Pl.*	wir	_	_
41-3	4567-4573	fanden	_	_	_	_	_	_	_	_	_	VVFIN	1.Pl.Past.Ind	finden	_	_
41-4	4574-4578	auch	_	_	_	_	_	_	_	_	_	ADV	_	auch	_	_
41-5	4579-4580	,	_	_	_	_	_	_	_	_	_	$,	_	,	_	_
41-6	4581-4585	dass	_	_	_	_	_	_	_	_	_	KOUS	_	dass	_	_
41-7	4586-4589	man	_	_	_	_	_	_	_	_	_	PIS	Nom.Sg.*	man	_	_
41-8	4590-4593	ein	_	_	_	_	_	_	_	_	_	ART	Acc.Sg.Neut	ein	_	_
41-9	4594-4599	Gebet	_	_	_	_	_	_	_	_	_	NN	Acc.Sg.Neut	Gebet	_	_
41-10	4600-4602	ja	_	_	_	_	_	_	_	_	_	ADV	_	ja	_	_
41-11	4603-4613	vielleicht	_	_	_	_	_	_	_	_	_	ADV	_	vielleicht	_	_
41-12	4614-4618	auch	_	_	_	_	_	_	_	_	_	ADV	_	auch	_	_
41-13	4619-4624	schon	_	_	_	_	_	_	_	_	_	ADV	_	schon	_	_
41-14	4625-4631	einmal	_	_	_	_	_	_	_	_	_	ADV	_	einmal	_	_
41-15	4632-4634	in	_	_	_	_	_	_	_	_	_	APPR	_	in	_	_
41-16	4635-4638	der	_	_	_	_	_	_	_	_	_	ART	Dat.Sg.Fem	der	_	_
41-17	4639-4646	Familie	_	_	_	_	_	_	_	_	_	NN	Dat.Sg.Fem	Familie	_	_
41-18	4647-4652	hätte	_	_	_	_	_	_	_	_	_	VAFIN	3.Sg.Past.Subj	haben	_	_
41-19	4653-4659	lernen	_	_	_	_	_	_	_	_	_	VVINF	Inf	lernen	_	_
41-20	4660-4666	können	_	_	_	_	_	_	_	_	_	VMINF	Inf	können	_	_
41-21	4667-4668	.	_	_	_	_	_	_	_	_	_	$.	_	.	_	_
42-1	4671-4676	Diese	_	_	_	_	_	_	_	_	_	PDAT	Acc.Sg.Fem	dieser	_	_
42-2	4677-4690	Verantwortung	_	_	_	_	_	_	_	_	_	NN	Acc.Sg.Fem	Verantwortung	_	_
42-3	4691-4694	der	_	_	_	_	_	_	_	_	_	ART	Gen.Pl.*	der	_	_
42-4	4695-4701	Eltern	_	_	_	_	_	_	_	_	_	NN	Gen.Pl.*	Eltern	_	_
42-5	4702-4708	müssen	_	_	_	_	_	_	_	_	_	VMFIN	1.Pl.Pres.Ind	müssen	_	_
42-6	4709-4712	wir	_	_	_	_	_	_	_	_	_	PPER	1.Nom.Pl.*	wir	_	_
42-7	4713-4720	stärker	_	_	_	_	_	_	_	_	_	ADJD	Comp	stark	_	_
42-8	4721-4728	betonen	_	_	_	_	_	_	_	_	_	VVINF	Inf	betonen	_	_
42-9	4729-4730	.	_	_	_	_	_	_	_	_	_	$.	_	.	_	_
43-1	4733-4736	Was	_	_	_	_	_	_	_	_	_	PWS	Nom.Sg.Neut	was	_	_
43-2	4737-4740	ist	_	_	_	_	_	_	_	_	_	VAFIN	3.Sg.Pres.Ind	sein	_	_
43-3	4741-4744	das	_	_	_	_	_	_	_	_	_	ART	Nom.Sg.Neut	der	_	_
43-4	4745-4749	Ziel	_	_	_	_	_	_	_	_	_	NN	Nom.Sg.Neut	Ziel	_	_
43-5	4750-4753	von	_	_	_	_	_	_	_	_	_	APPR	_	von	_	_
43-6	4754-4763	Erziehung	_	_	_	_	_	_	_	_	_	NN	Dat.Sg.Fem	Erziehung	_	_
43-7	4764-4767	und	_	_	_	_	_	_	_	_	_	KON	_	und	_	_
43-8	4768-4775	Bildung	_	_	_	_	_	_	_	_	_	NN	Dat.Sg.Fem	Bildung	_	_
43-9	4776-4777	?	_	_	_	_	_	_	_	_	_	$.	_	?	_	_
44-1	4780-4783	Ich	_	_	_	_	_	_	_	_	_	PPER	1.Nom.Sg.*	ich	_	_
44-2	4784-4787	bin	_	_	_	_	_	_	_	_	_	VAFIN	1.Sg.Pres.Ind	sein	_	_
44-3	4788-4797	überzeugt	_	_	_	_	_	_	_	_	_	VVPP	Psp	überzeugen	_	_
44-4	4798-4799	:	_	_	_	_	_	_	_	_	_	$.	_	:	_	_
44-5	4800-4804	Ziel	_	_	_	_	_	_	_	_	_	NN	Nom.Sg.Neut	Ziel	_	_
44-6	4805-4808	ist	_	_	_	_	_	_	_	_	_	VAFIN	3.Sg.Pres.Ind	sein	_	_
44-7	4809-4812	vor	_	_	_	_	_	_	_	_	_	APPR	_	vor	_	_
44-8	4813-4818	allem	_	_	_	_	_	_	_	_	_	PIS	Dat.Sg.Neut	alle	_	_
44-9	4819-4823	eine	_	_	_	_	_	_	_	_	_	ART	Nom.Sg.Fem	ein	_	_
44-10	4824-4833	bestimmte	_	_	_	_	_	_	_	_	_	ADJA	Pos.Nom.Sg.Fem	bestimmt	_	_
44-11	4834-4841	Haltung	_	_	_	_	_	_	_	_	_	NN	Nom.Sg.Fem	Haltung	_	_
44-12	4842-4845	und	_	_	_	_	_	_	_	_	_	KON	_	und	_	_
44-13	4846-4851	nicht	_	_	_	_	_	_	_	_	_	PTKNEG	_	nicht	_	_
44-14	4852-4861	lediglich	_	_	_	_	_	_	_	_	_	ADV	_	lediglich	_	_
44-15	4862-4865	die	_	_	_	_	_	_	_	_	_	ART	Nom.Sg.Fem	der	_	_
44-16	4866-4874	Aufnahme	_	_	_	_	_	_	_	_	_	NN	Nom.Sg.Fem	Aufnahme	_	_
44-17	4875-4878	von	_	_	_	_	_	_	_	_	_	APPR	_	von	_	_
44-18	4879-4885	Wissen	_	_	_	_	_	_	_	_	_	NN	Dat.Sg.Neut	wissen	_	_
44-19	4886-4887	.	_	_	_	_	_	_	_	_	_	$.	_	.	_	_
45-1	4890-4892	Es	_	_	_	_	_	_	_	_	_	PPER	3.Nom.Sg.Neut	es	_	_
45-2	4893-4896	ist	_	_	_	_	_	_	_	_	_	VAFIN	3.Sg.Pres.Ind	sein	_	_
45-3	4897-4899	ja	_	_	_	_	_	_	_	_	_	ADV	_	ja	_	_
45-4	4900-4907	richtig	_	_	_	_	_	_	_	_	_	ADJD	Pos	richtig	_	_
45-5	4908-4909	:	_	_	_	_	_	_	_	_	_	$.	_	:	_	_
45-6	4910-4914	Mehr	_	_	_	_	_	_	_	_	_	ADV	_	mehr	_	_
45-7	4915-4919	denn	_	_	_	_	_	_	_	_	_	KOKOM	_	denn	_	_
45-8	4920-4922	je	_	_	_	_	_	_	_	_	_	ADV	_	je	_	_
45-9	4923-4928	kommt	_	_	_	_	_	_	_	_	_	VVFIN	3.Sg.Pres.Ind	kommen	_	_
45-10	4929-4931	es	_	_	_	_	_	_	_	_	_	PPER	3.Nom.Sg.Neut	es	_	_
45-11	4932-4937	heute	_	_	_	_	_	_	_	_	_	ADV	_	heute	_	_
45-12	4938-4940	in	_	_	_	_	_	_	_	_	_	APPR	_	in	_	_
45-13	4941-4944	den	_	_	_	_	_	_	_	_	_	ART	Dat.Pl.Masc	der	_	_
45-14	4945-4957	allermeisten	_	_	_	_	_	_	_	_	_	PIAT	Dat.Pl.Masc	allermeister	_	_
45-15	4958-4965	Berufen	_	_	_	_	_	_	_	_	_	NN	Dat.Pl.Masc	Beruf	_	_
45-16	4966-4969	auf	_	_	_	_	_	_	_	_	_	APPR	_	auf	_	_
45-17	4970-4982	lebenslanges	_	_	_	_	_	_	_	_	_	ADJA	Pos.Acc.Sg.Neut	lebenslang	_	_
45-18	4983-4989	Lernen	_	_	_	_	_	_	_	_	_	NN	Acc.Sg.Neut	lernen	_	_
45-19	4990-4992	an	_	_	_	_	_	_	_	_	_	PTKVZ	_	an	_	_
45-20	4993-4994	.	_	_	_	_	_	_	_	_	_	$.	_	.	_	_
46-1	4997-5001	Aber	_	_	_	_	_	_	_	_	_	KON	_	aber	_	_
46-2	5002-5008	gerade	_	_	_	_	_	_	_	_	_	ADV	_	gerade	_	_
46-3	5009-5016	deshalb	_	_	_	_	_	_	_	_	_	PROAV	_	deshalb	_	_
46-4	5017-5020	ist	_	_	_	_	_	_	_	_	_	VAFIN	3.Sg.Pres.Ind	sein	_	_
46-5	5021-5023	es	_	_	_	_	_	_	_	_	_	PPER	3.Nom.Sg.Neut	es	_	_
46-6	5024-5026	so	_	_	_	_	_	_	_	_	_	ADV	_	so	_	_
46-7	5027-5034	wichtig	_	_	_	_	_	_	_	_	_	ADJD	Pos	wichtig	_	_
46-8	5035-5036	,	_	_	_	_	_	_	_	_	_	$,	_	,	_	_
46-9	5037-5040	mit	_	_	_	_	_	_	_	_	_	APPR	_	mit	_	_
46-10	5041-5048	welcher	_	_	_	_	_	_	_	_	_	PWAT	Dat.Sg.Fem	welcher	_	_
46-11	5049-5056	Haltung	_	_	_	_	_	_	_	_	_	NN	Dat.Sg.Fem	Haltung	_	_
46-12	5057-5060	wir	_	_	_	_	_	_	_	_	_	PPER	1.Nom.Pl.*	wir	_	_
46-13	5061-5067	dieser	_	_	_	_	_	_	_	_	_	PDAT	Gen.Sg.Fem	dieser	_	_
46-14	5068-5072	sich	_	_	_	_	_	_	_	_	_	PRF	3.Acc.Sg	sich	_	_
46-15	5073-5080	schnell	_	_	_	_	_	_	_	_	_	ADJD	Pos	schnell	_	_
46-16	5081-5091	wandelnden	_	_	_	_	_	_	_	_	_	ADJA	Pos.Gen.Sg.Fem	wandelnd	_	_
46-17	5092-5096	Welt	_	_	_	_	_	_	_	_	_	NN	Gen.Sg.Fem	Welt	_	_
46-18	5097-5112	gegenübertreten	_	_	_	_	_	_	_	_	_	VVFIN	1.Pl.Pres.Ind	gegenübertreten	_	_
46-19	5113-5114	.	_	_	_	_	_	_	_	_	_	$.	_	.	_	_
47-1	5117-5121	Dass	_	_	_	_	_	_	_	_	_	PWS	Acc.Sg.Neut	dass	_	_
47-2	5122-5125	wir	_	_	_	_	_	_	_	_	_	PPER	1.Nom.Pl.*	wir	_	_
47-3	5126-5129	uns	_	_	_	_	_	_	_	_	_	PRF	1.Acc.Pl	sich	_	_
47-4	5130-5135	nicht	_	_	_	_	_	_	_	_	_	PTKNEG	_	nicht	_	_
47-5	5136-5146	fortreißen	false	0Kern	true	true	mit einer heftigen Bewegung erfassen und von einem Ort gewaltsam wegbringen	true	*	überwältigen	_	VVINF	Inf	fortreißen	_	_
47-6	5147-5153	lassen	_	_	_	_	_	_	_	_	_	VVFIN	1.Pl.Pres.Ind	lassen	_	_
47-7	5154-5155	.	_	_	_	_	_	_	_	_	_	$.	_	.	_	_
48-1	5158-5162	Dass	_	_	_	_	_	_	_	_	_	KOUS	_	dass	_	_
48-2	5163-5166	wir	_	_	_	_	_	_	_	_	_	PPER	1.Nom.Pl.*	wir	_	_
48-3	5167-5173	eigene	_	_	_	_	_	_	_	_	_	ADJA	Pos.Acc.Pl.Masc	eigen	_	_
48-4	5174-5182	Maßstäbe	_	_	_	_	_	_	_	_	_	NN	Acc.Pl.Masc	Maßstab	_	_
48-5	5183-5188	haben	_	_	_	_	_	_	_	_	_	VAFIN	1.Pl.Pres.Ind	haben	_	_
48-6	5189-5192	und	_	_	_	_	_	_	_	_	_	KON	_	und	_	_
48-7	5193-5196	sie	_	_	_	_	_	_	_	_	_	PPER	3.Acc.Pl.Masc	sie	_	_
48-8	5197-5199	an	_	_	_	_	_	_	_	_	_	APPR	_	an	_	_
48-9	5200-5203	die	_	_	_	_	_	_	_	_	_	ART	Acc.Sg.Fem	der	_	_
48-10	5204-5213	Überfülle	_	_	_	_	_	_	_	_	_	NN	Acc.Sg.Fem	Überfülle	_	_
48-11	5214-5217	der	_	_	_	_	_	_	_	_	_	ART	Gen.Pl.Fem	der	_	_
48-12	5218-5231	Informationen	_	_	_	_	_	_	_	_	_	NN	Gen.Pl.Fem	Information	_	_
48-13	5232-5239	anlegen	_	_	_	_	_	_	_	_	_	VVFIN	1.Pl.Pres.Ind	anlegen	_	_
48-14	5240-5241	.	_	_	_	_	_	_	_	_	_	$.	_	.	_	_
49-1	5244-5248	Dass	_	_	_	_	_	_	_	_	_	PWS	Acc.Sg.Neut	dass	_	_
49-2	5249-5252	wir	_	_	_	_	_	_	_	_	_	PPER	1.Nom.Pl.*	wir	_	_
49-3	5253-5259	wissen	_	_	_	_	_	_	_	_	_	VVFIN	1.Pl.Pres.Ind	wissen	_	_
49-4	5260-5261	,	_	_	_	_	_	_	_	_	_	$,	_	,	_	_
49-5	5262-5265	was	_	_	_	_	_	_	_	_	_	PWS	Acc.Sg.Neut	was	_	_
49-6	5266-5269	wir	_	_	_	_	_	_	_	_	_	PPER	1.Nom.Pl.*	wir	_	_
49-7	5270-5274	wert	_	_	_	_	_	_	_	_	_	ADJD	Pos	wert	_	_
49-8	5275-5279	sind	_	_	_	_	_	_	_	_	_	VAFIN	1.Pl.Pres.Ind	sein	_	_
49-9	5280-5283	und	_	_	_	_	_	_	_	_	_	KON	_	und	_	_
49-10	5284-5287	was	_	_	_	_	_	_	_	_	_	PWS	Acc.Sg.Neut	was	_	_
49-11	5288-5291	wir	_	_	_	_	_	_	_	_	_	PPER	1.Nom.Pl.*	wir	_	_
49-12	5292-5295	uns	_	_	_	_	_	_	_	_	_	PRF	1.Acc.Pl	sich	_	_
49-13	5296-5304	schuldig	_	_	_	_	_	_	_	_	_	ADJD	Pos	schuldig	_	_
49-14	5305-5309	sind	_	_	_	_	_	_	_	_	_	VAFIN	1.Pl.Pres.Ind	sein	_	_
49-15	5310-5311	.	_	_	_	_	_	_	_	_	_	$.	_	.	_	_
50-1	5314-5321	Nämlich	_	_	_	_	_	_	_	_	_	ADV	_	nämlich	_	_
50-2	5322-5327	etwas	_	_	_	_	_	_	_	_	_	PIS	*.*.Neut	etwas	_	_
50-3	5328-5331	aus	_	_	_	_	_	_	_	_	_	APPR	_	aus	_	_
50-4	5332-5335	uns	_	_	_	_	_	_	_	_	_	PPER	1.Dat.Pl.*	uns	_	_
50-5	5336-5338	zu	_	_	_	_	_	_	_	_	_	PTKZU	_	zu	_	_
50-6	5339-5345	machen	_	_	_	_	_	_	_	_	_	VVINF	Inf	machen	_	_
50-7	5346-5349	und	_	_	_	_	_	_	_	_	_	KON	_	und	_	_
50-8	5350-5357	unseren	_	_	_	_	_	_	_	_	_	PPOSAT	Acc.Sg.Masc	unser	_	_
50-9	5358-5361	Weg	_	_	_	_	_	_	_	_	_	NN	Acc.Sg.Masc	Weg	_	_
50-10	5362-5364	zu	_	_	_	_	_	_	_	_	_	PTKZU	_	zu	_	_
50-11	5365-5370	gehen	_	_	_	_	_	_	_	_	_	VVINF	Inf	gehen	_	_
50-12	5371-5372	,	_	_	_	_	_	_	_	_	_	$,	_	,	_	_
50-13	5373-5378	nicht	_	_	_	_	_	_	_	_	_	PTKNEG	_	nicht	_	_
50-14	5379-5381	in	_	_	_	_	_	_	_	_	_	APPR	_	in	_	_
50-15	5382-5392	Passivität	_	_	_	_	_	_	_	_	_	NN	Acc.Sg.Fem	Passivität	_	_
50-16	5393-5396	und	_	_	_	_	_	_	_	_	_	KON	_	und	_	_
50-17	5397-5413	Gleichgültigkeit	_	_	_	_	_	_	_	_	_	NN	Acc.Sg.Fem	Gleichgültigkeit	_	_
50-18	5414-5416	zu	_	_	_	_	_	_	_	_	_	PTKZU	_	zu	_	_
50-19	5417-5426	verharren	_	_	_	_	_	_	_	_	_	VVINF	Inf	verharren	_	_
50-20	5427-5428	.	_	_	_	_	_	_	_	_	_	$.	_	.	_	_
51-1	5431-5434	Wer	_	_	_	_	_	_	_	_	_	PWS	Nom.Sg.Masc	wer	_	_
51-2	5435-5441	jungen	_	_	_	_	_	_	_	_	_	ADJA	Pos.Dat.Pl.Masc	jung	_	_
51-3	5442-5450	Menschen	_	_	_	_	_	_	_	_	_	NN	Dat.Pl.Masc	Mensch	_	_
51-4	5451-5453	in	_	_	_	_	_	_	_	_	_	APPR	_	in	_	_
51-5	5454-5460	diesem	_	_	_	_	_	_	_	_	_	PDAT	Dat.Sg.Masc	dieser	_	_
51-6	5461-5466	Sinne	_	_	_	_	_	_	_	_	_	NN	Dat.Sg.Masc	Sinn	_	_
51-7	5467-5471	eine	_	_	_	_	_	_	_	_	_	ART	Acc.Sg.Fem	ein	_	_
51-8	5472-5479	Haltung	_	_	_	_	_	_	_	_	_	NN	Acc.Sg.Fem	Haltung	_	_
51-9	5480-5483	und	_	_	_	_	_	_	_	_	_	KON	_	und	_	_
51-10	5484-5488	eine	_	_	_	_	_	_	_	_	_	ART	Acc.Sg.Fem	ein	_	_
51-11	5489-5500	Einstellung	_	_	_	_	_	_	_	_	_	NN	Acc.Sg.Fem	Einstellung	_	_
51-12	5501-5511	vermittelt	_	_	_	_	_	_	_	_	_	VVFIN	3.Sg.Pres.Ind	vermitteln	_	_
51-13	5512-5513	,	_	_	_	_	_	_	_	_	_	$,	_	,	_	_
51-14	5514-5517	der	_	_	_	_	_	_	_	_	_	PDS	Nom.Sg.Masc	der	_	_
51-15	5518-5523	hilft	_	_	_	_	_	_	_	_	_	VVFIN	3.Sg.Pres.Ind	helfen	_	_
51-16	5524-5529	damit	_	_	_	_	_	_	_	_	_	PROAV	_	damit	_	_
51-17	5530-5542	entscheidend	_	_	_	_	_	_	_	_	_	ADJD	Pos	entscheidend	_	_
51-18	5543-5544	,	_	_	_	_	_	_	_	_	_	$,	_	,	_	_
51-19	5545-5549	dass	_	_	_	_	_	_	_	_	_	KOUS	_	dass	_	_
51-20	5550-5555	unser	_	_	_	_	_	_	_	_	_	PPOSAT	Nom.Sg.Neut	unser	_	_
51-21	5556-5564	soziales	_	_	_	_	_	_	_	_	_	ADJA	Pos.Nom.Sg.Neut	sozial	_	_
51-22	5565-5571	Gefüge	_	_	_	_	_	_	_	_	_	NN	Nom.Sg.Neut	Gefüge	_	_
51-23	5572-5576	auch	_	_	_	_	_	_	_	_	_	ADV	_	auch	_	_
51-24	5577-5584	künftig	_	_	_	_	_	_	_	_	_	ADJD	Pos	künftig	_	_
51-25	5585-5589	hält	_	_	_	_	_	_	_	_	_	VVFIN	3.Sg.Pres.Ind	halten	_	_
51-26	5590-5591	.	_	_	_	_	_	_	_	_	_	$.	_	.	_	_
52-1	5594-5597	Auf	_	_	_	_	_	_	_	_	_	APPR	_	auf	_	_
52-2	5598-5602	eine	_	_	_	_	_	_	_	_	_	ART	Acc.Sg.Fem	ein	_	_
52-3	5603-5609	solche	_	_	_	_	_	_	_	_	_	PIAT	Acc.Sg.Fem	solcher	_	_
52-4	5610-5617	Haltung	_	_	_	_	_	_	_	_	_	NN	Acc.Sg.Fem	Haltung	_	_
52-5	5618-5619	,	_	_	_	_	_	_	_	_	_	$,	_	,	_	_
52-6	5620-5623	auf	_	_	_	_	_	_	_	_	_	APPR	_	auf	_	_
52-7	5624-5626	so	_	_	_	_	_	_	_	_	_	ADV	_	so	_	_
52-8	5627-5638	verstandene	_	_	_	_	_	_	_	_	_	ADJA	Pos.Acc.Sg.Fem	verstanden	_	_
52-9	5639-5646	Bildung	_	_	_	_	_	_	_	_	_	NN	Acc.Sg.Fem	Bildung	_	_
52-10	5647-5653	wirken	_	_	_	_	_	_	_	_	_	VVFIN	3.Pl.Pres.Ind	wirken	_	_
52-11	5654-5665	Lehrerinnen	_	_	_	_	_	_	_	_	_	NN	Nom.Pl.Fem	Lehrerin	_	_
52-12	5666-5669	und	_	_	_	_	_	_	_	_	_	KON	_	und	_	_
52-13	5670-5676	Lehrer	_	_	_	_	_	_	_	_	_	NN	Nom.Pl.Masc	Lehrer	_	_
52-14	5677-5680	hin	_	_	_	_	_	_	_	_	_	PTKVZ	_	hin	_	_
52-15	5681-5682	,	_	_	_	_	_	_	_	_	_	$,	_	,	_	_
52-16	5683-5688	indem	_	_	_	_	_	_	_	_	_	KOUS	_	indem	_	_
52-17	5689-5692	sie	_	_	_	_	_	_	_	_	_	PPER	3.Nom.Pl.Masc	sie	_	_
52-18	5693-5702	Vorbilder	_	_	_	_	_	_	_	_	_	NN	Nom.Pl.Neut	Vorbilder	_	_
52-19	5703-5707	sind	_	_	_	_	_	_	_	_	_	VAFIN	3.Pl.Pres.Ind	sein	_	_
52-20	5708-5709	,	_	_	_	_	_	_	_	_	_	$,	_	,	_	_
52-21	5710-5715	indem	_	_	_	_	_	_	_	_	_	KOUS	_	indem	_	_
52-22	5716-5720	ihre	_	_	_	_	_	_	_	_	_	PPOSAT	Nom.Sg.Fem	ihr	_	_
52-23	5721-5727	eigene	_	_	_	_	_	_	_	_	_	ADJA	Pos.Nom.Sg.Fem	eigen	_	_
52-24	5728-5735	Haltung	_	_	_	_	_	_	_	_	_	NN	Nom.Sg.Fem	Haltung	_	_
52-25	5736-5739	zur	_	_	_	_	_	_	_	_	_	APPRART	Dat.Sg.Fem	zu	_	_
52-26	5740-5744	Welt	_	_	_	_	_	_	_	_	_	NN	Dat.Sg.Fem	Welt	_	_
52-27	5745-5746	,	_	_	_	_	_	_	_	_	_	$,	_	,	_	_
52-28	5747-5750	zum	_	_	_	_	_	_	_	_	_	APPRART	Dat.Sg.Neut	zu	_	_
52-29	5751-5756	Leben	_	_	_	_	_	_	_	_	_	NN	Dat.Sg.Neut	Leben	_	_
52-30	5757-5758	,	_	_	_	_	_	_	_	_	_	$,	_	,	_	_
52-31	5759-5762	zum	_	_	_	_	_	_	_	_	_	APPRART	Dat.Sg.Masc	zu	_	_
52-32	5763-5771	Menschen	_	_	_	_	_	_	_	_	_	NN	Dat.Sg.Masc	Mensch	_	_
52-33	5772-5782	ausstrahlt	_	_	_	_	_	_	_	_	_	VVFIN	3.Sg.Pres.Ind	ausstrahlen	_	_
52-34	5783-5786	auf	_	_	_	_	_	_	_	_	_	APPR	_	auf	_	_
52-35	5787-5790	die	_	_	_	_	_	_	_	_	_	ART	Acc.Pl.*	der	_	_
52-36	5791-5803	Schülerinnen	_	_	_	_	_	_	_	_	_	NN	Acc.Pl.Fem	Schülerin	_	_
52-37	5804-5807	und	_	_	_	_	_	_	_	_	_	KON	_	und	_	_
52-38	5808-5815	Schüler	_	_	_	_	_	_	_	_	_	NN	Acc.Pl.Masc	Schüler	_	_
52-39	5816-5817	.	_	_	_	_	_	_	_	_	_	$.	_	.	_	_
53-1	5820-5825	Indem	_	_	_	_	_	_	_	_	_	KOUS	_	indem	_	_
53-2	5826-5829	sie	_	_	_	_	_	_	_	_	_	PPER	3.Nom.Pl.*	sie	_	_
53-3	5830-5836	selbst	false	5clash	_	_	_	_	_	_	_	ADV	_	selbst	_	_
53-4	5837-5840	für	_	_	_	_	_	_	_	_	_	APPR	_	für	_	_
53-5	5841-5844	die	_	_	_	_	_	_	_	_	_	ART	Acc.Pl.Neut	der	_	_
53-6	5845-5850	Dinge	_	_	_	_	_	_	_	_	_	NN	Acc.Pl.Neut	Ding	_	_
53-7	5851-5858	brennen	false	0Kern	true	true	in Flammen stehen	_	_	Leidenschaft zeigen	53-3	VVFIN	3.Pl.Pres.Ind	brennen	_	_
53-8	5859-5860	,	_	_	_	_	_	_	_	_	_	$,	_	,	_	_
53-9	5861-5864	die	_	_	_	_	_	_	_	_	_	PRELS	Acc.Pl.Neut	der	_	_
53-10	5865-5868	sie	_	_	_	_	_	_	_	_	_	PPER	3.Nom.Pl.*	sie	_	_
53-11	5869-5881	unterrichten	_	_	_	_	_	_	_	_	_	VVFIN	3.Pl.Pres.Ind	unterrichten	_	_
53-12	5882-5883	.	_	_	_	_	_	_	_	_	_	$.	_	.	_	_
54-1	5886-5891	Indem	_	_	_	_	_	_	_	_	_	KOUS	_	indem	_	_
54-2	5892-5895	sie	_	_	_	_	_	_	_	_	_	PPER	3.Nom.Pl.*	sie	_	_
54-3	5896-5902	spüren	_	_	_	_	_	_	_	_	_	VVINF	Inf	spüren	_	_
54-4	5903-5909	lassen	_	_	_	_	_	_	_	_	_	VVFIN	3.Pl.Pres.Ind	lassen	_	_
54-5	5910-5911	,	_	_	_	_	_	_	_	_	_	$,	_	,	_	_
54-6	5912-5915	wie	_	_	_	_	_	_	_	_	_	PWAV	_	wie	_	_
54-7	5916-5926	beglückend	_	_	_	_	_	_	_	_	_	ADJD	Pos	beglückend	_	_
54-8	5927-5929	es	_	_	_	_	_	_	_	_	_	PPER	3.Nom.Sg.Neut	es	_	_
54-9	5930-5933	ist	_	_	_	_	_	_	_	_	_	VAFIN	3.Sg.Pres.Ind	sein	_	_
54-10	5934-5935	,	_	_	_	_	_	_	_	_	_	$,	_	,	_	_
54-11	5936-5939	und	_	_	_	_	_	_	_	_	_	KON	_	und	_	_
54-12	5940-5944	dass	_	_	_	_	_	_	_	_	_	KOUS	_	dass	_	_
54-13	5945-5947	es	_	_	_	_	_	_	_	_	_	PPER	3.Nom.Sg.Neut	es	_	_
54-14	5948-5951	zum	_	_	_	_	_	_	_	_	_	APPRART	Dat.Sg.Neut	zu	_	_
54-15	5952-5957	Leben	_	_	_	_	_	_	_	_	_	NN	Dat.Sg.Neut	Leben	_	_
54-16	5958-5962	dazu	_	_	_	_	_	_	_	_	_	PROAV	_	dazu	_	_
54-17	5963-5969	gehört	_	_	_	_	_	_	_	_	_	VVFIN	3.Sg.Pres.Ind	gehören	_	_
54-18	5970-5971	,	_	_	_	_	_	_	_	_	_	$,	_	,	_	_
54-19	5972-5976	sich	_	_	_	_	_	_	_	_	_	PRF	3.Acc.Sg	sich	_	_
54-20	5977-5986	gründlich	_	_	_	_	_	_	_	_	_	ADJD	Pos	gründlich	_	_
54-21	5987-5989	in	_	_	_	_	_	_	_	_	_	APPR	_	in	_	_
54-22	5990-5995	etwas	_	_	_	_	_	_	_	_	_	PIS	*.*.Neut	etwas	_	_
54-23	5996-6012	hineinzuarbeiten	_	_	_	_	_	_	_	_	_	VVIZU	Infzu	hineinarbeiten	_	_
54-24	6013-6014	.	_	_	_	_	_	_	_	_	_	$.	_	.	_	_
55-1	6017-6021	Dass	_	_	_	_	_	_	_	_	_	PDS	Nom.Sg.Neut	der	_	_
55-2	6022-6027	einem	_	_	_	_	_	_	_	_	_	PIS	Dat.Sg.*	einer	_	_
55-3	6028-6035	niemand	_	_	_	_	_	_	_	_	_	PIS	Nom.Sg.Masc	niemand	_	_
55-4	6036-6045	Gelerntes	_	_	_	_	_	_	_	_	_	NN	Nom.Sg.Neut	gelernter	_	_
55-5	6046-6052	nehmen	_	_	_	_	_	_	_	_	_	VVINF	Inf	nehmen	_	_
55-6	6053-6057	kann	_	_	_	_	_	_	_	_	_	VMFIN	3.Sg.Pres.Ind	können	_	_
55-7	6058-6059	.	_	_	_	_	_	_	_	_	_	$.	_	.	_	_
56-1	6062-6067	Indem	_	_	_	_	_	_	_	_	_	KOUS	_	indem	_	_
56-2	6068-6079	Lehrerinnen	_	_	_	_	_	_	_	_	_	NN	Nom.Pl.Fem	Lehrerin	_	_
56-3	6080-6083	und	_	_	_	_	_	_	_	_	_	KON	_	und	_	_
56-4	6084-6090	Lehrer	_	_	_	_	_	_	_	_	_	NN	Nom.Pl.Masc	Lehrer	_	_
56-5	6091-6095	hohe	_	_	_	_	_	_	_	_	_	ADJA	Pos.Acc.Pl.Masc	hoch	_	_
56-6	6096-6105	Ansprüche	_	_	_	_	_	_	_	_	_	NN	Acc.Pl.Masc	Anspruch	_	_
56-7	6106-6111	haben	_	_	_	_	_	_	_	_	_	VAFIN	3.Pl.Pres.Ind	haben	_	_
56-8	6112-6115	und	_	_	_	_	_	_	_	_	_	KON	_	und	_	_
56-9	6116-6124	Leistung	_	_	_	_	_	_	_	_	_	NN	Acc.Sg.Fem	Leistung	_	_
56-10	6125-6135	einfordern	_	_	_	_	_	_	_	_	_	VVFIN	3.Pl.Pres.Ind	einfordern	_	_
56-11	6136-6141	dabei	_	_	_	_	_	_	_	_	_	PROAV	_	dabei	_	_
56-12	6142-6146	aber	_	_	_	_	_	_	_	_	_	ADV	_	aber	_	_
56-13	6147-6155	zugleich	_	_	_	_	_	_	_	_	_	ADV	_	zugleich	_	_
56-14	6156-6166	freundlich	_	_	_	_	_	_	_	_	_	ADJD	Pos	freundlich	_	_
56-15	6167-6170	und	_	_	_	_	_	_	_	_	_	KON	_	und	_	_
56-16	6171-6178	gerecht	_	_	_	_	_	_	_	_	_	ADJD	Pos	gerecht	_	_
56-17	6179-6183	sind	_	_	_	_	_	_	_	_	_	VAFIN	3.Pl.Pres.Ind	sein	_	_
56-18	6184-6185	.	_	_	_	_	_	_	_	_	_	$.	_	.	_	_
57-1	6188-6194	Lehrer	_	_	_	_	_	_	_	_	_	NN	Nom.Pl.Masc	Lehrer	_	_
57-2	6195-6201	wirken	_	_	_	_	_	_	_	_	_	VVFIN	3.Pl.Pres.Ind	wirken	_	_
57-3	6202-6203	,	_	_	_	_	_	_	_	_	_	$,	_	,	_	_
57-4	6204-6209	indem	_	_	_	_	_	_	_	_	_	KOUS	_	indem	_	_
57-5	6210-6213	sie	_	_	_	_	_	_	_	_	_	PPER	3.Nom.Pl.Masc	sie	_	_
57-6	6214-6223	entdecken	_	_	_	_	_	_	_	_	_	VVINF	Inf	entdecken	_	_
57-7	6224-6230	helfen	_	_	_	_	_	_	_	_	_	VVFIN	3.Pl.Pres.Ind	helfen	_	_
57-8	6231-6234	und	_	_	_	_	_	_	_	_	_	KON	_	und	_	_
57-9	6235-6242	fördern	_	_	_	_	_	_	_	_	_	VVFIN	3.Pl.Pres.Ind	fördern	_	_
57-10	6243-6244	,	_	_	_	_	_	_	_	_	_	$,	_	,	_	_
57-11	6245-6248	was	_	_	_	_	_	_	_	_	_	PRELS	Nom.Sg.Neut	wer	_	_
57-12	6249-6251	in	_	_	_	_	_	_	_	_	_	APPR	_	in	_	_
57-13	6252-6255	den	_	_	_	_	_	_	_	_	_	ART	Dat.Pl.Neut	der	_	_
57-14	6256-6263	Kindern	_	_	_	_	_	_	_	_	_	NN	Dat.Pl.Neut	Kind	_	_
57-15	6264-6270	steckt	false	0Kern	true	false	in, an etw. fest haften, festsitzen	_	_	Fähigkeit haben	_	VVFIN	3.Sg.Pres.Ind	stecken	_	_
57-16	6271-6272	.	_	_	_	_	_	_	_	_	_	$.	_	.	_	_
58-1	6275-6280	Indem	_	_	_	_	_	_	_	_	_	KOUS	_	indem	_	_
58-2	6281-6284	sie	_	_	_	_	_	_	_	_	_	PPER	3.Nom.Pl.*	sie	_	_
58-3	6285-6293	anleiten	_	_	_	_	_	_	_	_	_	VVFIN	3.Pl.Pres.Ind	anleiten	_	_
58-4	6294-6297	und	_	_	_	_	_	_	_	_	_	KON	_	und	_	_
58-5	6298-6307	bestärken	_	_	_	_	_	_	_	_	_	VVFIN	3.Pl.Pres.Ind	bestärken	_	_
58-6	6308-6311	und	_	_	_	_	_	_	_	_	_	KON	_	und	_	_
58-7	6312-6317	dabei	_	_	_	_	_	_	_	_	_	PROAV	_	dabei	_	_
58-8	6318-6321	auf	_	_	_	_	_	_	_	_	_	APPR	_	auf	_	_
58-9	6322-6328	nichts	_	_	_	_	_	_	_	_	_	PIAT	*.*.Neut	nichts	_	_
58-10	6329-6336	anderes	_	_	_	_	_	_	_	_	_	PIS	Acc.Sg.Neut	anderer	_	_
58-11	6337-6344	blicken	_	_	_	_	_	_	_	_	_	VVFIN	3.Pl.Pres.Ind	blicken	_	_
58-12	6345-6346	,	_	_	_	_	_	_	_	_	_	$,	_	,	_	_
58-13	6347-6350	als	_	_	_	_	_	_	_	_	_	KOKOM	_	als	_	_
58-14	6351-6354	auf	_	_	_	_	_	_	_	_	_	APPR	_	auf	_	_
58-15	6355-6358	die	_	_	_	_	_	_	_	_	_	ART	Acc.Sg.Fem	der	_	_
58-16	6359-6371	einzigartige	_	_	_	_	_	_	_	_	_	ADJA	Pos.Acc.Sg.Fem	einzigartig	_	_
58-17	6372-6378	Person	_	_	_	_	_	_	_	_	_	NN	Acc.Sg.Fem	Person	_	_
58-18	6379-6384	jedes	_	_	_	_	_	_	_	_	_	PIAT	Gen.Sg.Masc	jeder	_	_
58-19	6385-6394	einzelnen	_	_	_	_	_	_	_	_	_	ADJA	Pos.Gen.Sg.Masc	einzeln	_	_
58-20	6395-6401	jungen	_	_	_	_	_	_	_	_	_	ADJA	Pos.Gen.Sg.Masc	jung	_	_
58-21	6402-6410	Menschen	_	_	_	_	_	_	_	_	_	NN	Gen.Sg.Masc	Mensch	_	_
58-22	6411-6412	.	_	_	_	_	_	_	_	_	_	$.	_	.	_	_
59-1	6415-6420	Indem	_	_	_	_	_	_	_	_	_	KOUS	_	indem	_	_
59-2	6421-6424	sie	_	_	_	_	_	_	_	_	_	PPER	3.Nom.Pl.*	sie	_	_
59-3	6425-6429	jede	_	_	_	_	_	_	_	_	_	PIAT	Acc.Sg.Fem	jeder	_	_
59-4	6430-6439	Schülerin	_	_	_	_	_	_	_	_	_	NN	Acc.Sg.Fem	Schülerin	_	_
59-5	6440-6443	und	_	_	_	_	_	_	_	_	_	KON	_	und	_	_
59-6	6444-6449	jeden	_	_	_	_	_	_	_	_	_	PIAT	Acc.Sg.Masc	jeder	_	_
59-7	6450-6457	Schüler	_	_	_	_	_	_	_	_	_	NN	Acc.Sg.Masc	Schüler	_	_
59-8	6458-6463	ernst	_	_	_	_	_	_	_	_	_	ADJD	Pos	ernst	_	_
59-9	6464-6470	nehmen	_	_	_	_	_	_	_	_	_	VVFIN	3.Pl.Pres.Ind	nehmen	_	_
59-10	6471-6472	,	_	_	_	_	_	_	_	_	_	$,	_	,	_	_
59-11	6473-6475	in	_	_	_	_	_	_	_	_	_	APPR	_	in	_	_
59-12	6476-6481	ihren	_	_	_	_	_	_	_	_	_	PPOSAT	Dat.Pl.Fem	ihr	_	_
59-13	6482-6485	und	_	_	_	_	_	_	_	_	_	KON	_	und	_	_
59-14	6486-6492	seinen	_	_	_	_	_	_	_	_	_	PPOSAT	Dat.Pl.Fem	sein	_	_
59-15	6493-6502	Schwächen	_	_	_	_	_	_	_	_	_	NN	Dat.Pl.Fem	Schwäche	_	_
59-16	6503-6506	wie	_	_	_	_	_	_	_	_	_	KOKOM	_	wie	_	_
59-17	6507-6509	in	_	_	_	_	_	_	_	_	_	APPR	_	in	_	_
59-18	6510-6513	den	_	_	_	_	_	_	_	_	_	ART	Dat.Pl.Fem	der	_	_
59-19	6514-6521	Stärken	_	_	_	_	_	_	_	_	_	NN	Dat.Pl.Fem	Stärke	_	_
59-20	6522-6523	.	_	_	_	_	_	_	_	_	_	$.	_	.	_	_
60-1	6526-6529	Die	_	_	_	_	_	_	_	_	_	ART	Nom.Pl.Fem	der	_	_
60-2	6530-6541	Erfahrungen	_	_	_	_	_	_	_	_	_	NN	Nom.Pl.Fem	Erfahrung	_	_
60-3	6542-6549	solcher	_	_	_	_	_	_	_	_	_	PIAT	Gen.Sg.Fem	solcher	_	_
60-4	6550-6559	Zuwendung	_	_	_	_	_	_	_	_	_	NN	Gen.Sg.Fem	Zuwendung	_	_
60-5	6560-6569	vergessen	_	_	_	_	_	_	_	_	_	VVFIN	3.Pl.Pres.Ind	vergessen	_	_
60-6	6570-6578	Menschen	_	_	_	_	_	_	_	_	_	NN	Nom.Pl.Masc	Mensch	_	_
60-7	6579-6582	ihr	_	_	_	_	_	_	_	_	_	PPOSAT	Acc.Sg.Neut	ihr	_	_
60-8	6583-6589	ganzes	_	_	_	_	_	_	_	_	_	ADJA	Pos.Acc.Sg.Neut	ganz	_	_
60-9	6590-6595	Leben	_	_	_	_	_	_	_	_	_	NN	Acc.Sg.Neut	Leben	_	_
60-10	6596-6600	lang	_	_	_	_	_	_	_	_	_	ADJD	Pos	lang	_	_
60-11	6601-6606	nicht	_	_	_	_	_	_	_	_	_	PTKNEG	_	nicht	_	_
60-12	6607-6608	.	_	_	_	_	_	_	_	_	_	$.	_	.	_	_
61-1	6611-6614	Die	_	_	_	_	_	_	_	_	_	ART	Nom.Pl.*	der	_	_
61-2	6615-6626	Lehrerinnen	_	_	_	_	_	_	_	_	_	NN	Nom.Pl.Fem	Lehrerin	_	_
61-3	6627-6630	und	_	_	_	_	_	_	_	_	_	KON	_	und	_	_
61-4	6631-6637	Lehrer	_	_	_	_	_	_	_	_	_	NN	Nom.Pl.Masc	Lehrer	_	_
61-5	6638-6639	,	_	_	_	_	_	_	_	_	_	$,	_	,	_	_
61-6	6640-6643	die	_	_	_	_	_	_	_	_	_	PRELS	Nom.Pl.*	der	_	_
61-7	6644-6649	heute	_	_	_	_	_	_	_	_	_	ADV	_	heute	_	_
61-8	6650-6654	hier	_	_	_	_	_	_	_	_	_	ADV	_	hier	_	_
61-9	6655-6657	im	_	_	_	_	_	_	_	_	_	APPRART	Dat.Sg.Neut	in	_	_
61-10	6658-6665	Schloss	_	_	_	_	_	_	_	_	_	NN	Dat.Sg.Neut	Schloß	_	_
61-11	6666-6674	Bellevue	_	_	_	_	_	_	_	_	_	NN	Nom.Sg.Fem	Bellevue	_	_
61-12	6675-6677	zu	_	_	_	_	_	_	_	_	_	APPR	_	zu	_	_
61-13	6678-6682	Gast	_	_	_	_	_	_	_	_	_	NN	Dat.Sg.Masc	Gast	_	_
61-14	6683-6687	sind	_	_	_	_	_	_	_	_	_	VAFIN	3.Pl.Pres.Ind	sein	_	_
61-15	6688-6689	,	_	_	_	_	_	_	_	_	_	$,	_	,	_	_
61-16	6690-6696	stehen	_	_	_	_	_	_	_	_	_	VVFIN	3.Pl.Pres.Ind	stehen	_	_
61-17	6697-6709	beispielhaft	_	_	_	_	_	_	_	_	_	ADJD	Pos	beispielhaft	_	_
61-18	6710-6713	für	_	_	_	_	_	_	_	_	_	APPR	_	für	_	_
61-19	6714-6719	viele	_	_	_	_	_	_	_	_	_	PIAT	Acc.Pl.Neut	vieler	_	_
61-20	6720-6728	Tausende	_	_	_	_	_	_	_	_	_	NN	Acc.Pl.Neut	Tausend	_	_
61-21	6729-6730	,	_	_	_	_	_	_	_	_	_	$,	_	,	_	_
61-22	6731-6734	die	_	_	_	_	_	_	_	_	_	PRELS	Nom.Pl.Neut	der	_	_
61-23	6735-6740	genau	_	_	_	_	_	_	_	_	_	ADJD	Pos	genau	_	_
61-24	6741-6747	solche	_	_	_	_	_	_	_	_	_	PIAT	Nom.Pl.Neut	solcher	_	_
61-25	6748-6757	Vorbilder	_	_	_	_	_	_	_	_	_	NN	Nom.Pl.Neut	Vorbilder	_	_
61-26	6758-6762	sind	_	_	_	_	_	_	_	_	_	VAFIN	3.Pl.Pres.Ind	sein	_	_
61-27	6763-6764	.	_	_	_	_	_	_	_	_	_	$.	_	.	_	_
62-1	6767-6772	Dafür	_	_	_	_	_	_	_	_	_	PROAV	_	dafür	_	_
62-2	6773-6779	möchte	_	_	_	_	_	_	_	_	_	VMFIN	1.Sg.Pres.Ind	möchten	_	_
62-3	6780-6783	ich	_	_	_	_	_	_	_	_	_	PPER	1.Nom.Sg.*	ich	_	_
62-4	6784-6789	Ihnen	_	_	_	_	_	_	_	_	_	PPER	3.Dat.Pl.*	ihnen	_	_
62-5	6790-6793	von	_	_	_	_	_	_	_	_	_	APPR	_	von	_	_
62-6	6794-6800	Herzen	_	_	_	_	_	_	_	_	_	NN	Dat.Pl.Neut	Herz	_	_
62-7	6801-6807	danken	_	_	_	_	_	_	_	_	_	VVINF	Inf	danken	_	_
62-8	6808-6809	.	_	_	_	_	_	_	_	_	_	$.	_	.	_	_
63-1	6812-6814	Im	_	_	_	_	_	_	_	_	_	APPRART	Dat.Sg.Masc	in	_	_
63-2	6815-6821	Grunde	_	_	_	_	_	_	_	_	_	NN	Dat.Sg.Masc	Grund	_	_
63-3	6822-6826	wird	_	_	_	_	_	_	_	_	_	VAFIN	3.Sg.Pres.Ind	werden	_	_
63-4	6827-6831	also	_	_	_	_	_	_	_	_	_	ADV	_	also	_	_
63-5	6832-6834	in	_	_	_	_	_	_	_	_	_	APPR	_	in	_	_
63-6	6835-6842	unseren	_	_	_	_	_	_	_	_	_	PPOSAT	Dat.Pl.Fem	unser	_	_
63-7	6843-6850	Schulen	_	_	_	_	_	_	_	_	_	NN	Dat.Pl.Fem	Schule	_	_
63-8	6851-6855	eine	_	_	_	_	_	_	_	_	_	ART	Nom.Sg.Fem	ein	_	_
63-9	6856-6862	höhere	_	_	_	_	_	_	_	_	_	ADJA	Comp.Nom.Sg.Fem	hoch	_	_
63-10	6863-6869	Dichte	_	_	_	_	_	_	_	_	_	NN	Nom.Sg.Fem	Dichte	_	_
63-11	6870-6872	an	_	_	_	_	_	_	_	_	_	APPR	_	an	_	_
63-12	6873-6888	beeindruckenden	_	_	_	_	_	_	_	_	_	ADJA	Pos.Dat.Pl.Fem	beeindruckend	_	_
63-13	6889-6905	Persönlichkeiten	_	_	_	_	_	_	_	_	_	NN	Dat.Pl.Fem	Persönlichkeit	_	_
63-14	6906-6910	voll	_	_	_	_	_	_	_	_	_	ADJD	Pos	voll	_	_
63-15	6911-6922	selbstloser	_	_	_	_	_	_	_	_	_	ADJA	Pos.Dat.Sg.Fem	selbstlos	_	_
63-16	6923-6937	Menschlichkeit	_	_	_	_	_	_	_	_	_	NN	Dat.Sg.Fem	Menschlichkeit	_	_
63-17	6938-6946	erwartet	_	_	_	_	_	_	_	_	_	VVPP	Psp	erwarten	_	_
63-18	6947-6950	als	_	_	_	_	_	_	_	_	_	KOKOM	_	als	_	_
63-19	6951-6953	in	_	_	_	_	_	_	_	_	_	APPR	_	in	_	_
63-20	6954-6959	jedem	_	_	_	_	_	_	_	_	_	PIAT	Dat.Sg.Masc	jeder	_	_
63-21	6960-6967	anderen	_	_	_	_	_	_	_	_	_	ADJA	Pos.Dat.Sg.Masc	anderer	_	_
63-22	6968-6973	Beruf	_	_	_	_	_	_	_	_	_	NN	Dat.Sg.Masc	Beruf	_	_
63-23	6974-6981	Pfarrer	_	_	_	_	_	_	_	_	_	NN	Nom.Sg.Masc	Pfarrer	_	_
63-24	6982-6992	vielleicht	_	_	_	_	_	_	_	_	_	ADV	_	vielleicht	_	_
63-25	6993-7004	ausgenommen	_	_	_	_	_	_	_	_	_	VVPP	Psp	ausnehmen	_	_
63-26	7005-7006	.	_	_	_	_	_	_	_	_	_	$.	_	.	_	_
64-1	7009-7014	Etwas	_	_	_	_	_	_	_	_	_	ADV	_	etwas	_	_
64-2	7015-7019	fürs	_	_	_	_	_	_	_	_	_	APPRART	Acc.Sg.Neut	für	_	_
64-3	7020-7025	Leben	_	_	_	_	_	_	_	_	_	NN	Acc.Sg.Neut	Leben	_	_
64-4	7026-7037	mitgenommen	_	_	_	_	_	_	_	_	_	VVPP	Psp	mitnehmen	_	_
64-5	7038-7043	haben	_	_	_	_	_	_	_	_	_	VAFIN	1.Pl.Pres.Ind	haben	_	_
64-6	7044-7047	wir	_	_	_	_	_	_	_	_	_	PPER	1.Nom.Pl.*	wir	_	_
64-7	7048-7052	aber	_	_	_	_	_	_	_	_	_	ADV	_	aber	_	_
64-8	7053-7057	doch	_	_	_	_	_	_	_	_	_	ADV	_	doch	_	_
64-9	7058-7061	von	_	_	_	_	_	_	_	_	_	APPR	_	von	_	_
64-10	7062-7065	den	_	_	_	_	_	_	_	_	_	ART	Dat.Pl.*	der	_	_
64-11	7066-7078	allermeisten	_	_	_	_	_	_	_	_	_	PIS	Dat.Pl.Neut	allermeister	_	_
64-12	7079-7080	,	_	_	_	_	_	_	_	_	_	$,	_	,	_	_
64-13	7081-7084	die	_	_	_	_	_	_	_	_	_	PRELS	Nom.Pl.*	der	_	_
64-14	7085-7087	da	_	_	_	_	_	_	_	_	_	ADV	_	da	_	_
64-15	7088-7093	vorne	_	_	_	_	_	_	_	_	_	ADV	_	vorne	_	_
64-16	7094-7103	gestanden	_	_	_	_	_	_	_	_	_	VVPP	Psp	stehen	_	_
64-17	7104-7109	haben	_	_	_	_	_	_	_	_	_	VAFIN	3.Pl.Pres.Ind	haben	_	_
64-18	7110-7112	im	_	_	_	_	_	_	_	_	_	APPRART	Dat.Sg.Masc	in	_	_
64-19	7113-7118	Laufe	_	_	_	_	_	_	_	_	_	NN	Dat.Sg.Masc	Lauf	_	_
64-20	7119-7122	der	_	_	_	_	_	_	_	_	_	ART	Gen.Pl.Neut	der	_	_
64-21	7123-7128	Jahre	_	_	_	_	_	_	_	_	_	NN	Gen.Pl.Neut	Jahr	_	_
64-22	7129-7130	.	_	_	_	_	_	_	_	_	_	$.	_	.	_	_
65-1	7133-7140	Solange	_	_	_	_	_	_	_	_	_	KOUS	_	solange	_	_
65-2	7141-7143	es	_	_	_	_	_	_	_	_	_	PPER	3.Nom.Sg.Neut	es	_	_
65-3	7144-7150	eigene	_	_	_	_	_	_	_	_	_	ADJA	Pos.Nom.Pl.Fem	eigen	_	_
65-4	7151-7167	Persönlichkeiten	_	_	_	_	_	_	_	_	_	NN	Nom.Pl.Fem	Persönlichkeit	_	_
65-5	7168-7173	waren	_	_	_	_	_	_	_	_	_	VAFIN	3.Pl.Past.Ind	sein	_	_
65-6	7174-7175	,	_	_	_	_	_	_	_	_	_	$,	_	,	_	_
65-7	7176-7181	Typen	_	_	_	_	_	_	_	_	_	NN	Nom.Pl.Masc	Typ	_	_
65-8	7182-7185	mit	_	_	_	_	_	_	_	_	_	APPR	_	mit	_	_
65-9	7186-7191	Ecken	false	0Kern	true	true	zwei zusammenlaufende kanten	true	*	Eigenheiten[1]	_	NN	Dat.Pl.Fem	Ecke	_	_
65-10	7192-7195	und	_	_	_	_	_	_	_	Eigenheiten[1]	_	KON	_	und	_	_
65-11	7196-7202	Kanten	false	0Kern	true	true	nicht abgerundet	true	*	Eigenheiten[1]	_	NN	Dat.Pl.Masc	Kanten	_	_
65-12	7203-7204	.	_	_	_	_	_	_	_	_	_	$.	_	.	_	_
66-1	7207-7212	Jeder	_	_	_	_	_	_	_	_	_	PIS	Nom.Sg.Masc	jeder	_	_
66-2	7213-7216	von	_	_	_	_	_	_	_	_	_	APPR	_	von	_	_
66-3	7217-7220	uns	_	_	_	_	_	_	_	_	_	PPER	1.Dat.Pl.*	uns	_	_
66-4	7221-7226	etwas	_	_	_	_	_	_	_	_	_	PIAT	*.*.*	etwas	_	_
66-5	7227-7234	Älteren	_	_	_	_	_	_	_	_	_	NN	Dat.Pl.*	alte	_	_
66-6	7235-7238	hat	_	_	_	_	_	_	_	_	_	VAFIN	3.Sg.Pres.Ind	haben	_	_
66-7	7239-7248	Beispiele	_	_	_	_	_	_	_	_	_	NN	Acc.Pl.Neut	Beispiel	_	_
66-8	7249-7252	vor	_	_	_	_	_	_	_	_	_	APPR	_	vor	_	_
66-9	7253-7258	Augen	_	_	_	_	_	_	_	_	_	NN	Dat.Pl.Neut	Auge	_	_
66-10	7259-7260	,	_	_	_	_	_	_	_	_	_	$,	_	,	_	_
66-11	7261-7263	an	_	_	_	_	_	_	_	_	_	APPR	_	an	_	_
66-12	7264-7267	die	_	_	_	_	_	_	_	_	_	PRELS	Acc.Pl.Neut	der	_	_
66-13	7268-7270	er	_	_	_	_	_	_	_	_	_	PPER	3.Nom.Sg.Masc	er	_	_
66-14	7271-7276	gerne	_	_	_	_	_	_	_	_	_	ADV	_	gerne	_	_
66-15	7277-7278	,	_	_	_	_	_	_	_	_	_	$,	_	,	_	_
66-16	7279-7283	wohl	_	_	_	_	_	_	_	_	_	ADV	_	wohl	_	_
66-17	7284-7289	sogar	_	_	_	_	_	_	_	_	_	ADV	_	sogar	_	_
66-18	7290-7293	mit	_	_	_	_	_	_	_	_	_	APPR	_	mit	_	_
66-19	7294-7300	Wehmut	_	_	_	_	_	_	_	_	_	NN	Dat.Sg.Fem	Wehmut	_	_
66-20	7301-7312	zurückdenkt	_	_	_	_	_	_	_	_	_	VVFIN	3.Sg.Pres.Ind	zurückdenken	_	_
66-21	7313-7314	.	_	_	_	_	_	_	_	_	_	$.	_	.	_	_
67-1	7317-7320	Ich	_	_	_	_	_	_	_	_	_	PPER	1.Nom.Sg.*	ich	_	_
67-2	7321-7326	danke	_	_	_	_	_	_	_	_	_	VVFIN	1.Sg.Pres.Ind	danken	_	_
67-3	7327-7330	der	_	_	_	_	_	_	_	_	_	ART	Dat.Sg.Fem	der	_	_
67-4	7331-7344	Wochenzeitung	_	_	_	_	_	_	_	_	_	NN	Dat.Sg.Fem	Wochenzeitung	_	_
67-5	7345-7346	"	_	_	_	_	_	_	_	_	_	$(	_	"	_	_
67-6	7347-7350	Die	_	_	_	_	_	_	_	_	_	ART	Nom.Sg.Fem	der	_	_
67-7	7351-7355	Zeit	_	_	_	_	_	_	_	_	_	NN	Nom.Sg.Fem	Zeit	_	_
67-8	7356-7357	"	_	_	_	_	_	_	_	_	_	$(	_	"	_	_
67-9	7358-7361	und	_	_	_	_	_	_	_	_	_	KON	_	und	_	_
67-10	7362-7365	dem	_	_	_	_	_	_	_	_	_	ART	Dat.Sg.Masc	der	_	_
67-11	7366-7376	Zeitverlag	_	_	_	_	_	_	_	_	_	NN	Dat.Sg.Masc	Zeitverlag	_	_
67-12	7377-7380	für	_	_	_	_	_	_	_	_	_	APPR	_	für	_	_
67-13	7381-7384	die	_	_	_	_	_	_	_	_	_	ART	Acc.Sg.Fem	der	_	_
67-14	7385-7399	Zusammenarbeit	_	_	_	_	_	_	_	_	_	NN	Acc.Sg.Fem	Zusammenarbeit	_	_
67-15	7400-7403	auf	_	_	_	_	_	_	_	_	_	APPR	_	auf	_	_
67-16	7404-7410	diesen	_	_	_	_	_	_	_	_	_	PDAT	Acc.Sg.Masc	dieser	_	_
67-17	7411-7414	Tag	_	_	_	_	_	_	_	_	_	NN	Acc.Sg.Masc	Tag	_	_
67-18	7415-7418	hin	_	_	_	_	_	_	_	_	_	ADV	_	hin	_	_
67-19	7419-7420	.	_	_	_	_	_	_	_	_	_	$.	_	.	_	_
68-1	7423-7426	Ich	_	_	_	_	_	_	_	_	_	PPER	1.Nom.Sg.*	ich	_	_
68-2	7427-7432	danke	_	_	_	_	_	_	_	_	_	VVFIN	1.Sg.Pres.Ind	danken	_	_
68-3	7433-7436	der	_	_	_	_	_	_	_	_	_	ART	Dat.Sg.Fem	der	_	_
68-4	7437-7449	neunköpfigen	_	_	_	_	_	_	_	_	_	ADJA	Pos.Dat.Sg.Fem	neunköpfig	_	_
68-5	7450-7454	Jury	_	_	_	_	_	_	_	_	_	NN	Dat.Sg.Fem	Jury	_	_
68-6	7455-7458	für	_	_	_	_	_	_	_	_	_	APPR	_	für	_	_
68-7	7459-7462	die	_	_	_	_	_	_	_	_	_	ART	Acc.Sg.Fem	der	_	_
68-8	7463-7470	Auswahl	_	_	_	_	_	_	_	_	_	NN	Acc.Sg.Fem	Auswahl	_	_
68-9	7471-7474	der	_	_	_	_	_	_	_	_	_	ART	Gen.Pl.Masc	der	_	_
68-10	7475-7482	Schüler	_	_	_	_	_	_	_	_	_	NN	Gen.Pl.Masc	Schüler	_	_
68-11	7483-7489	Lehrer	_	_	_	_	_	_	_	_	_	NN	Gen.Pl.Masc	Lehrer	_	_
68-12	7490-7495	Paare	_	_	_	_	_	_	_	_	_	NN	Gen.Pl.Neut	Paar	_	_
68-13	7496-7497	.	_	_	_	_	_	_	_	_	_	$.	_	.	_	_
69-1	7500-7503	Ich	_	_	_	_	_	_	_	_	_	PPER	1.Nom.Sg.*	ich	_	_
69-2	7504-7509	danke	_	_	_	_	_	_	_	_	_	VVFIN	1.Sg.Pres.Ind	danken	_	_
69-3	7510-7513	dem	_	_	_	_	_	_	_	_	_	ART	Dat.Sg.Masc	der	_	_
69-4	7514-7522	heutigen	_	_	_	_	_	_	_	_	_	ADJA	Pos.Dat.Sg.Masc	heutig	_	_
69-5	7523-7532	Moderator	_	_	_	_	_	_	_	_	_	NN	Dat.Sg.Masc	Moderator	_	_
69-6	7533-7541	Johannes	_	_	_	_	_	_	_	_	_	NE	Nom.Sg.Masc	Johannes	_	_
69-7	7542-7543	B	_	_	_	_	_	_	_	_	_	NE	Nom.Sg.Masc	B	_	_
69-8	7544-7545	.	_	_	_	_	_	_	_	_	_	$.	_	.	_	_
69-9	7546-7552	Kerner	_	_	_	_	_	_	_	_	_	NE	Nom.Sg.*	Kerner	_	_
69-10	7553-7554	.	_	_	_	_	_	_	_	_	_	$.	_	.	_	_
70-1	7557-7560	Ich	_	_	_	_	_	_	_	_	_	PPER	1.Nom.Sg.*	ich	_	_
70-2	7561-7566	danke	_	_	_	_	_	_	_	_	_	VVFIN	1.Sg.Pres.Ind	danken	_	_
70-3	7567-7574	Stephan	_	_	_	_	_	_	_	_	_	NE	Nom.Sg.Masc	Stephan	_	_
70-4	7575-7580	Serin	_	_	_	_	_	_	_	_	_	NE	Acc.Sg.*	Serin	_	_
70-5	7581-7582	,	_	_	_	_	_	_	_	_	_	$,	_	,	_	_
70-6	7583-7587	Axel	_	_	_	_	_	_	_	_	_	NE	Nom.Sg.Masc	Axel	_	_
70-7	7588-7593	Hacke	_	_	_	_	_	_	_	_	_	NE	Acc.Sg.Masc	Hacke	_	_
70-8	7594-7597	und	_	_	_	_	_	_	_	_	_	KON	_	und	_	_
70-9	7598-7606	Giovanni	_	_	_	_	_	_	_	_	_	NE	Nom.Sg.Masc	Giovanni	_	_
70-10	7607-7609	di	_	_	_	_	_	_	_	_	_	NE	*.*.*	di	_	_
70-11	7610-7617	Lorenzo	_	_	_	_	_	_	_	_	_	NE	Acc.Sg.Masc	Lorenzo	_	_
70-12	7618-7619	,	_	_	_	_	_	_	_	_	_	$,	_	,	_	_
70-13	7620-7623	die	_	_	_	_	_	_	_	_	_	PRELS	Nom.Pl.*	der	_	_
70-14	7624-7627	aus	_	_	_	_	_	_	_	_	_	APPR	_	aus	_	_
70-15	7628-7633	ihren	_	_	_	_	_	_	_	_	_	PPOSAT	Dat.Pl.Neut	ihr	_	_
70-16	7634-7641	Büchern	_	_	_	_	_	_	_	_	_	NN	Dat.Pl.Neut	Buch	_	_
70-17	7642-7645	zum	_	_	_	_	_	_	_	_	_	APPRART	Dat.Sg.Neut	zu	_	_
70-18	7646-7651	Thema	_	_	_	_	_	_	_	_	_	NN	Dat.Sg.Neut	Thema	_	_
70-19	7652-7657	lesen	_	_	_	_	_	_	_	_	_	VVINF	Inf	lesen	_	_
70-20	7658-7664	werden	_	_	_	_	_	_	_	_	_	VAFIN	3.Pl.Pres.Ind	werden	_	_
70-21	7665-7666	.	_	_	_	_	_	_	_	_	_	$.	_	.	_	_
71-1	7669-7672	Ich	_	_	_	_	_	_	_	_	_	PPER	1.Nom.Sg.*	ich	_	_
71-2	7673-7678	danke	_	_	_	_	_	_	_	_	_	VVFIN	1.Sg.Pres.Ind	danken	_	_
71-3	7679-7682	den	_	_	_	_	_	_	_	_	_	ART	Dat.Pl.*	der	_	_
71-4	7683-7696	Künstlerinnen	_	_	_	_	_	_	_	_	_	NN	Dat.Pl.Fem	Künstlerin	_	_
71-5	7697-7700	und	_	_	_	_	_	_	_	_	_	KON	_	und	_	_
71-6	7701-7710	Künstlern	_	_	_	_	_	_	_	_	_	NN	Dat.Pl.Masc	Künstler	_	_
71-7	7711-7712	,	_	_	_	_	_	_	_	_	_	$,	_	,	_	_
71-8	7713-7716	die	_	_	_	_	_	_	_	_	_	PRELS	Nom.Pl.Masc	der	_	_
71-9	7717-7723	diesen	_	_	_	_	_	_	_	_	_	PDAT	Acc.Sg.Masc	dieser	_	_
71-10	7724-7727	Tag	_	_	_	_	_	_	_	_	_	NN	Acc.Sg.Masc	Tag	_	_
71-11	7728-7738	bereichern	_	_	_	_	_	_	_	_	_	VVFIN	3.Pl.Pres.Ind	bereichern	_	_
71-12	7739-7740	.	_	_	_	_	_	_	_	_	_	$.	_	.	_	_
72-1	7743-7746	Vor	_	_	_	_	_	_	_	_	_	APPR	_	vor	_	_
72-2	7747-7752	allem	_	_	_	_	_	_	_	_	_	PIS	Dat.Sg.Neut	alle	_	_
72-3	7753-7758	danke	_	_	_	_	_	_	_	_	_	VVFIN	1.Sg.Pres.Ind	danken	_	_
72-4	7759-7762	ich	_	_	_	_	_	_	_	_	_	PPER	1.Nom.Sg.*	ich	_	_
72-5	7763-7766	den	_	_	_	_	_	_	_	_	_	ART	Dat.Pl.*	der	_	_
72-6	7767-7779	Schülerinnen	_	_	_	_	_	_	_	_	_	NN	Dat.Pl.Fem	Schülerin	_	_
72-7	7780-7783	und	_	_	_	_	_	_	_	_	_	KON	_	und	_	_
72-8	7784-7792	Schülern	_	_	_	_	_	_	_	_	_	NN	Dat.Pl.Masc	Schüler	_	_
72-9	7793-7794	,	_	_	_	_	_	_	_	_	_	$,	_	,	_	_
72-10	7795-7798	die	_	_	_	_	_	_	_	_	_	PRELS	Nom.Pl.*	der	_	_
72-11	7799-7803	sich	_	_	_	_	_	_	_	_	_	PRF	3.Acc.Pl	sich	_	_
72-12	7804-7807	auf	_	_	_	_	_	_	_	_	_	APPR	_	auf	_	_
72-13	7808-7814	diesen	_	_	_	_	_	_	_	_	_	PDAT	Acc.Sg.Masc	dieser	_	_
72-14	7815-7821	Impuls	_	_	_	_	_	_	_	_	_	NN	Acc.Sg.Masc	Impuls	_	_
72-15	7822-7825	zum	_	_	_	_	_	_	_	_	_	APPRART	Dat.Sg.Neut	zu	_	_
72-16	7826-7835	Positiven	_	_	_	_	_	_	_	_	_	NN	Dat.Sg.Neut	positive	_	_
72-17	7836-7847	eingelassen	_	_	_	_	_	_	_	_	_	VVPP	Psp	einlassen	_	_
72-18	7848-7853	haben	_	_	_	_	_	_	_	_	_	VAFIN	3.Pl.Pres.Ind	haben	_	_
72-19	7854-7855	!	_	_	_	_	_	_	_	_	_	$.	_	!	_	_
73-1	7858-7861	Ich	_	_	_	_	_	_	_	_	_	PPER	1.Nom.Sg.*	ich	_	_
73-2	7862-7867	freue	_	_	_	_	_	_	_	_	_	VVFIN	1.Sg.Pres.Ind	freuen	_	_
73-3	7868-7872	mich	_	_	_	_	_	_	_	_	_	PRF	1.Acc.Sg	sich	_	_
73-4	7873-7876	nun	_	_	_	_	_	_	_	_	_	ADV	_	nun	_	_
73-5	7877-7880	auf	_	_	_	_	_	_	_	_	_	APPR	_	auf	_	_
73-6	7881-7884	die	_	_	_	_	_	_	_	_	_	ART	Acc.Pl.Fem	der	_	_
73-7	7885-7896	Begegnungen	_	_	_	_	_	_	_	_	_	NN	Acc.Pl.Fem	Begegnung	_	_
73-8	7897-7900	und	_	_	_	_	_	_	_	_	_	KON	_	und	_	_
73-9	7901-7904	die	_	_	_	_	_	_	_	_	_	ART	Acc.Pl.Neut	der	_	_
73-10	7905-7914	Gespräche	_	_	_	_	_	_	_	_	_	NN	Acc.Pl.Neut	Gesprach	_	_
73-11	7915-7916	.	_	_	_	_	_	_	_	_	_	$.	_	.	_	_
74-1	7919-7922	Ich	_	_	_	_	_	_	_	_	_	PPER	1.Nom.Sg.*	ich	_	_
74-2	7923-7930	wünsche	_	_	_	_	_	_	_	_	_	VVFIN	1.Sg.Pres.Ind	wünschen	_	_
74-3	7931-7935	Euch	_	_	_	_	_	_	_	_	_	PPER	2.Dat.Pl.*	euch	_	_
74-4	7936-7937	,	_	_	_	_	_	_	_	_	_	$,	_	,	_	_
74-5	7938-7943	Ihnen	_	_	_	_	_	_	_	_	_	PPER	3.Dat.Pl.*	ihnen	_	_
74-6	7944-7945	,	_	_	_	_	_	_	_	_	_	$,	_	,	_	_
74-7	7946-7949	uns	_	_	_	_	_	_	_	_	_	PPER	1.Dat.Pl.*	uns	_	_
74-8	7950-7955	einen	_	_	_	_	_	_	_	_	_	ART	Acc.Sg.Masc	ein	_	_
74-9	7956-7959	Tag	_	_	_	_	_	_	_	_	_	NN	Acc.Sg.Masc	Tag	_	_
74-10	7960-7961	,	_	_	_	_	_	_	_	_	_	$,	_	,	_	_
74-11	7962-7965	der	_	_	_	_	_	_	_	_	_	PRELS	Nom.Sg.Masc	der	_	_
74-12	7966-7968	in	_	_	_	_	_	_	_	_	_	APPR	_	in	_	_
74-13	7969-7972	die	_	_	_	_	_	_	_	_	_	ART	Acc.Pl.Neut	der	_	_
74-14	7973-7981	nächsten	_	_	_	_	_	_	_	_	_	ADJA	Pos.Acc.Pl.Neut	nächster	_	_
74-15	7982-7987	Jahre	_	_	_	_	_	_	_	_	_	NN	Acc.Pl.Neut	Jahr	_	_
74-16	7988-7998	ausstrahlt	_	_	_	_	_	_	_	_	_	VVFIN	3.Sg.Pres.Ind	ausstrahlen	_	_
74-17	7999-8001	in	_	_	_	_	_	_	_	_	_	APPR	_	in	_	_
74-18	8002-8005	die	_	_	_	_	_	_	_	_	_	ART	Acc.Sg.Fem	der	_	_
74-19	8006-8018	Gesellschaft	_	_	_	_	_	_	_	_	_	NN	Acc.Sg.Fem	Gesellschaft	_	_
74-20	8019-8025	hinein	_	_	_	_	_	_	_	_	_	ADV	_	hinein	_	_
74-21	8026-8029	und	_	_	_	_	_	_	_	_	_	KON	_	und	_	_
74-22	8030-8033	auf	_	_	_	_	_	_	_	_	_	APPR	_	auf	_	_
74-23	8034-8037	den	_	_	_	_	_	_	_	_	_	ART	Acc.Sg.Masc	der	_	_
74-24	8038-8044	Alltag	_	_	_	_	_	_	_	_	_	NN	Acc.Sg.Masc	Alltag	_	_
74-25	8045-8047	in	_	_	_	_	_	_	_	_	_	APPR	_	in	_	_
74-26	8048-8051	den	_	_	_	_	_	_	_	_	_	ART	Dat.Pl.Fem	der	_	_
74-27	8052-8059	Schulen	_	_	_	_	_	_	_	_	_	NN	Dat.Pl.Fem	Schule	_	_
74-28	8060-8061	.	_	_	_	_	_	_	_	_	_	$.	_	.	_	_
75-1	8064-8069	Einen	_	_	_	_	_	_	_	_	_	ART	Acc.Sg.Masc	ein	_	_
75-2	8070-8073	Tag	_	_	_	_	_	_	_	_	_	NN	Acc.Sg.Masc	Tag	_	_
75-3	8074-8075	,	_	_	_	_	_	_	_	_	_	$,	_	,	_	_
75-4	8076-8079	der	_	_	_	_	_	_	_	_	_	PRELS	Nom.Sg.Masc	der	_	_
75-5	8080-8083	die	_	_	_	_	_	_	_	_	_	ART	Acc.Sg.Fem	der	_	_
75-6	8084-8093	Botschaft	_	_	_	_	_	_	_	_	_	NN	Acc.Sg.Fem	Botschaft	_	_
75-7	8094-8104	verbreiten	_	_	_	_	_	_	_	_	_	VVINF	Inf	verbreiten	_	_
75-8	8105-8110	hilft	_	_	_	_	_	_	_	_	_	VVFIN	3.Sg.Pres.Ind	helfen	_	_
75-9	8111-8112	:	_	_	_	_	_	_	_	_	_	$.	_	:	_	_
75-10	8113-8116	Auf	_	_	_	_	_	_	_	_	_	APPR	_	auf	_	_
75-11	8117-8120	die	_	_	_	_	_	_	_	_	_	ART	Acc.Pl.*	der	_	_
75-12	8121-8132	Lehrerinnen	_	_	_	_	_	_	_	_	_	NN	Acc.Pl.Fem	Lehrerin	_	_
75-13	8133-8136	und	_	_	_	_	_	_	_	_	_	KON	_	und	_	_
75-14	8137-8143	Lehrer	_	_	_	_	_	_	_	_	_	NN	Acc.Pl.Masc	Lehrer	_	_
75-15	8144-8149	kommt	_	_	_	_	_	_	_	_	_	VVFIN	3.Sg.Pres.Ind	kommen	_	_
75-16	8150-8152	es	_	_	_	_	_	_	_	_	_	PPER	3.Nom.Sg.Neut	es	_	_
75-17	8153-8155	an	_	_	_	_	_	_	_	_	_	PTKVZ	_	an	_	_
