#ID_SENT-ID_TOKEN	#CHAR_OFFSET	#TOKEN	#MET_A|MFlag	#MET_A|Rolle	#MET_B|basic	#MET_B|c_mark	#MET_B2|b_Lex	#MET_D|a_Par	#SATELLITES	#POS	#MORPH	#LEMMA	#METAPHORICAL_FUNC_WORD	#METAPHORICAL_FUNC_VERB_PHRASE
1-1	0-6	Lampen	_	_	_	_	_	_	_	NN	Nom.Pl.Fem	Lampe	_	_
1-2	7-11	sind	_	_	_	_	_	_	_	VAFIN	3.Pl.Pres.Ind	sein	_	_
1-3	12-22	eigentlich	_	_	_	_	_	_	_	ADV	_	eigentlich	_	_
1-4	23-26	nur	_	_	_	_	_	_	_	ADV	_	nur	_	_
1-5	27-30	der	_	_	_	_	_	_	_	ART	Nom.Sg.Masc	der	false	_
1-6	31-35	Teil	_	_	_	_	_	_	_	NN	Nom.Sg.Masc	Teil	_	_
1-7	36-41	eines	_	_	_	_	_	_	_	ART	Gen.Sg.Neut	ein	false	_
1-8	42-53	leuchtenden	_	_	_	_	_	_	_	ADJA	Pos.Gen.Sg.Neut	leuchtend	_	_
1-9	54-59	Dings	_	_	_	_	_	_	_	NN	Gen.Sg.Neut	Ding	_	_
1-10	60-61	,	_	_	_	_	_	_	_	$,	_	,	_	_
1-11	62-65	der	_	_	_	_	_	_	_	PRELS	Nom.Sg.Masc	der	_	_
1-12	66-70	auch	_	_	_	_	_	_	_	ADV	_	auch	_	_
1-13	71-79	wirklich	_	_	_	_	_	_	_	ADJD	Pos	wirklich	_	_
1-14	80-85	Licht	_	_	_	_	_	_	_	NN	Acc.Sg.Neut	Licht	_	_
1-15	86-92	abgibt	_	_	_	_	_	_	_	VVFIN	3.Sg.Pres.Ind	abgeben	_	_
1-16	93-94	.	_	_	_	_	_	_	_	$.	_	.	_	_
2-1	97-100	Das	_	_	_	_	_	_	_	ART	Nom.Sg.Neut	der	false	_
2-2	101-105	Wort	_	_	_	_	_	_	_	NN	Nom.Sg.Neut	Wort	_	_
2-3	106-111	kommt	_	_	_	_	_	_	_	VVFIN	3.Sg.Pres.Ind	kommen	_	false
2-4	112-115	vom	_	_	_	_	_	_	_	APPRART	Dat.Sg.Neut	von	false	_
2-5	116-128	griechischen	_	_	_	_	_	_	_	ADJA	Pos.Dat.Sg.Neut	griechisch	_	_
2-6	129-135	lampás	_	_	_	_	_	_	_	ADJA	Pos.Dat.Sg.Neut	lampás	_	_
2-7	136-137	,	_	_	_	_	_	_	_	$,	_	,	_	_
2-8	138-141	was	_	_	_	_	_	_	_	PRELS	Acc.Sg.Neut	wer	_	_
2-9	142-148	Fackel	_	_	_	_	_	_	_	NE	Nom.Sg.*	Fackel	_	_
2-10	149-157	bedeutet	_	_	_	_	_	_	_	VVFIN	3.Sg.Pres.Ind	bedeuten	_	_
2-11	158-159	.	_	_	_	_	_	_	_	$.	_	.	_	_
3-1	162-165	Wir	_	_	_	_	_	_	_	PPER	1.Nom.Pl.*	wir	_	_
3-2	166-172	nennen	_	_	_	_	_	_	_	VVFIN	1.Pl.Pres.Ind	nennen	_	_
3-3	173-178	heute	_	_	_	_	_	_	_	ADV	_	heute	_	_
3-4	179-183	aber	_	_	_	_	_	_	_	ADV	_	aber	_	_
3-5	184-189	jedes	_	_	_	_	_	_	_	PIAT	Acc.Sg.Neut	jeder	_	_
3-6	190-194	Ding	_	_	_	_	_	_	_	NN	Acc.Sg.Neut	Ding	_	_
3-7	195-196	,	_	_	_	_	_	_	_	$,	_	,	_	_
3-8	197-200	das	_	_	_	_	_	_	_	PRELS	Nom.Sg.Neut	der	_	_
3-9	201-210	irgendwie	_	_	_	_	_	_	_	ADV	_	irgendwie	_	_
3-10	211-216	Licht	_	_	_	_	_	_	_	NN	Acc.Sg.Neut	Licht	_	_
3-11	217-227	produziert	_	_	_	_	_	_	_	VVFIN	3.Sg.Pres.Ind	produzieren	_	_
3-12	228-233	Lampe	_	_	_	_	_	_	_	NN	Acc.Sg.Fem	Lampe	_	_
3-13	234-235	,	_	_	_	_	_	_	_	$,	_	,	_	_
3-14	236-239	die	_	_	_	_	_	_	_	ART	Acc.Sg.Fem	der	false	_
3-15	240-255	Nachttischlampe	_	_	_	_	_	_	_	NN	Acc.Sg.Fem	Nachttischlampe	_	_
3-16	256-257	,	_	_	_	_	_	_	_	$,	_	,	_	_
3-17	258-261	die	_	_	_	_	_	_	_	ART	Acc.Sg.Fem	der	false	_
3-18	262-273	Küchenlampe	_	_	_	_	_	_	_	NN	Acc.Sg.Fem	Küchenlampe	_	_
3-19	274-278	oder	_	_	_	_	_	_	_	KON	_	oder	false	_
3-20	279-282	die	_	_	_	_	_	_	_	ART	Acc.Sg.Fem	der	false	_
3-21	283-292	Flurlampe	_	_	_	_	_	_	_	NN	Acc.Sg.Fem	Flurlampe	_	_
3-22	293-294	,	_	_	_	_	_	_	_	$,	_	,	_	_
3-23	295-301	obwohl	_	_	_	_	_	_	_	KOUS	_	obwohl	false	_
3-24	302-305	man	_	_	_	_	_	_	_	PIS	Nom.Sg.*	man	_	_
3-25	306-312	streng	_	_	_	_	_	_	_	ADJD	Pos	streng	_	_
3-26	313-318	sagen	_	_	_	_	_	_	_	VVINF	Inf	sagen	_	_
3-27	319-325	könnte	_	_	_	_	_	_	_	VMFIN	3.Sg.Past.Subj	können	_	_
3-28	326-327	,	_	_	_	_	_	_	_	$,	_	,	_	_
3-29	328-331	nur	_	_	_	_	_	_	_	ADV	_	nur	_	_
3-30	332-335	das	_	_	_	_	_	_	_	ART	Acc.Sg.Neut	der	false	_
3-31	336-340	Teil	_	_	_	_	_	_	_	NN	Acc.Sg.Neut	Teil	_	_
3-32	341-342	,	_	_	_	_	_	_	_	$,	_	,	_	_
3-33	343-346	das	_	_	_	_	_	_	_	ART	Acc.Sg.Neut	der	false	_
3-34	347-352	Licht	_	_	_	_	_	_	_	NN	Acc.Sg.Neut	Licht	_	_
3-35	353-363	produziert	_	_	_	_	_	_	_	VVFIN	3.Sg.Pres.Ind	produzieren	_	_
3-36	364-367	ist	_	_	_	_	_	_	_	VAFIN	3.Sg.Pres.Ind	sein	_	_
3-37	368-371	die	_	_	_	_	_	_	_	ART	Nom.Sg.Fem	der	false	_
3-38	372-377	Lampe	_	_	_	_	_	_	_	NN	Nom.Sg.Fem	Lampe	_	_
3-39	378-379	.	_	_	_	_	_	_	_	$.	_	.	_	_
4-1	382-388	Lampen	_	_	_	_	_	_	_	NN	Nom.Pl.Fem	Lampe	_	_
4-2	389-395	kennst	_	_	_	_	_	_	_	VVFIN	2.Sg.Pres.Ind	kennen	_	_
4-3	396-398	du	_	_	_	_	_	_	_	PPER	2.Nom.Sg.*	du	_	_
4-4	399-404	heute	_	_	_	_	_	_	_	ADV	_	heute	_	_
4-5	405-419	wahrscheinlich	_	_	_	_	_	_	_	ADJD	Pos	wahrscheinlich	_	_
4-6	420-423	nur	_	_	_	_	_	_	_	ADV	_	nur	_	_
4-7	424-428	noch	_	_	_	_	_	_	_	ADV	_	noch	_	_
4-8	429-439	elektrisch	_	_	_	_	_	_	_	ADJD	Pos	elektrisch	_	_
4-9	440-441	,	_	_	_	_	_	_	_	$,	_	,	_	_
4-10	442-446	aber	_	_	_	_	_	_	_	KON	_	aber	false	_
4-11	447-453	früher	_	_	_	_	_	_	_	ADJD	Comp	früh	_	_
4-12	454-460	wurden	_	_	_	_	_	_	_	VAFIN	3.Pl.Past.Ind	werden	_	_
4-13	461-464	sie	_	_	_	_	_	_	_	PPER	3.Nom.Pl.*	sie	_	_
4-14	465-469	auch	_	_	_	_	_	_	_	ADV	_	auch	_	_
4-15	470-473	mit	_	_	_	_	_	_	_	APPR	_	mit	false	_
4-16	474-476	Öl	_	_	_	_	_	_	_	NN	Dat.Sg.Neut	Öl	_	_
4-17	477-481	oder	_	_	_	_	_	_	_	KON	_	oder	false	_
4-18	482-485	Gas	_	_	_	_	_	_	_	NN	Dat.Sg.Neut	Gas	_	_
4-19	486-495	betrieben	_	_	_	_	_	_	_	VVPP	Psp	betreiben	_	_
4-20	496-497	.	_	_	_	_	_	_	_	$.	_	.	_	_
5-1	500-504	Aber	_	_	_	_	_	_	_	KON	_	aber	false	_
5-2	505-508	der	_	_	_	_	_	_	_	ART	Dat.Sg.Fem	der	false	_
5-3	509-514	Reihe	_	_	_	_	_	_	_	NN	Dat.Sg.Fem	Reihe	_	_
5-4	515-519	nach	_	_	_	_	_	_	_	PTKVZ	_	nach	false	_
5-5	520-521	.	_	_	_	_	_	_	_	$.	_	.	_	_
6-1	524-529	Viele	_	_	_	_	_	_	_	PIAT	Nom.Pl.Fem	vieler	_	_
6-2	530-536	Lampen	_	_	_	_	_	_	_	NN	Nom.Pl.Fem	Lampe	_	_
6-3	537-543	wurden	_	_	_	_	_	_	_	VAFIN	3.Pl.Past.Ind	werden	_	_
6-4	544-552	erfunden	_	_	_	_	_	_	_	VVPP	Psp	erfinden	_	_
6-5	553-554	,	_	_	_	_	_	_	_	$,	_	,	_	_
6-6	555-559	aber	_	_	_	_	_	_	_	KON	_	aber	false	_
6-7	560-563	das	_	_	_	_	_	_	_	ART	Nom.Sg.Neut	der	false	_
6-8	564-569	Licht	_	_	_	_	_	_	_	NN	Nom.Sg.Neut	Licht	_	_
6-9	570-573	als	_	_	_	_	_	_	_	APPR	_	als	false	_
6-10	574-581	solches	_	_	_	_	_	_	_	PIS	Nom.Sg.Neut	solcher	_	_
6-11	582-587	wurde	_	_	_	_	_	_	_	VAFIN	3.Sg.Past.Ind	werden	_	_
6-12	588-596	entdeckt	_	_	_	_	_	_	_	VVPP	Psp	entdecken	_	_
6-13	597-598	.	_	_	_	_	_	_	_	$.	_	.	_	_
7-1	601-604	Die	_	_	_	_	_	_	_	ART	Acc.Sg.Fem	der	false	_
7-2	605-614	Fähigkeit	_	_	_	_	_	_	_	NN	Acc.Sg.Fem	Fähigkeit	_	_
7-3	615-620	Feuer	_	_	_	_	_	_	_	NN	Acc.Sg.Neut	Feuer	_	_
7-4	621-623	zu	_	_	_	_	_	_	_	PTKZU	_	zu	false	_
7-5	624-630	machen	_	_	_	_	_	_	_	VVINF	Inf	machen	_	false
7-6	631-634	und	_	_	_	_	_	_	_	KON	_	und	false	_
7-7	635-640	damit	_	_	_	_	_	_	_	PROAV	_	damit	_	_
7-8	641-645	eine	_	_	_	_	_	_	_	ART	Acc.Sg.Fem	ein	false	_
7-9	646-657	Lichtquelle	_	_	_	_	_	_	_	NN	Acc.Sg.Fem	Lichtquelle	_	_
7-10	658-668	unabhängig	_	_	_	_	_	_	_	ADJD	Pos	unabhängig	_	_
7-11	669-672	vom	_	_	_	_	_	_	_	APPRART	Dat.Sg.Neut	von	false	_
7-12	673-683	Tageslicht	_	_	_	_	_	_	_	NN	Dat.Sg.Neut	Tageslicht	_	_
7-13	684-686	zu	_	_	_	_	_	_	_	PTKZU	_	zu	false	_
7-14	687-692	haben	_	_	_	_	_	_	_	VAINF	Inf	haben	_	false
7-15	693-694	,	_	_	_	_	_	_	_	$,	_	,	_	_
7-16	695-698	war	_	_	_	_	_	_	_	VAFIN	3.Sg.Past.Ind	sein	_	_
7-17	699-702	für	_	_	_	_	_	_	_	APPR	_	für	false	_
7-18	703-711	Menschen	_	_	_	_	_	_	_	NN	Acc.Pl.Masc	Mensch	_	_
7-19	712-715	ein	_	_	_	_	_	_	_	ART	Nom.Sg.Masc	ein	false	_
7-20	716-725	wichtiger	_	_	_	_	_	_	_	ADJA	Pos.Nom.Sg.Masc	wichtig	_	_
7-21	726-733	Schritt	_	_	_	_	_	_	_	NN	Nom.Sg.Masc	Schritt	_	_
7-22	734-735	.	_	_	_	_	_	_	_	$.	_	.	_	_
8-1	738-743	Diese	_	_	_	_	_	_	_	PDAT	Nom.Sg.Fem	dieser	_	_
8-2	744-754	Entdeckung	_	_	_	_	_	_	_	NN	Nom.Sg.Fem	Entdeckung	_	_
8-3	755-758	ist	_	_	_	_	_	_	_	VAFIN	3.Sg.Pres.Ind	sein	_	_
8-4	759-773	wahrscheinlich	_	_	_	_	_	_	_	ADJD	Pos	wahrscheinlich	_	_
8-5	774-779	älter	_	_	_	_	_	_	_	ADJD	Comp	alt	_	_
8-6	780-783	als	_	_	_	_	_	_	_	KOKOM	_	als	false	_
8-7	784-790	50.000	_	_	_	_	_	_	_	CARD	_	50.000	_	_
8-8	791-796	Jahre	_	_	_	_	_	_	_	NN	Acc.Pl.Neut	Jahr	_	_
8-9	797-798	,	_	_	_	_	_	_	_	$,	_	,	_	_
8-10	799-803	denn	_	_	_	_	_	_	_	KON	_	denn	false	_
8-11	804-807	aus	_	_	_	_	_	_	_	APPR	_	aus	false	_
8-12	808-814	dieser	_	_	_	_	_	_	_	PDAT	Dat.Sg.Fem	dieser	_	_
8-13	815-819	Zeit	_	_	_	_	_	_	_	NN	Dat.Sg.Fem	Zeit	_	_
8-14	820-826	stammt	_	_	_	_	_	_	_	VVFIN	3.Sg.Pres.Ind	stammen	_	_
8-15	827-835	ungefähr	_	_	_	_	_	_	_	ADJD	Pos	ungefähr	_	_
8-16	836-839	die	_	_	_	_	_	_	_	ART	Nom.Sg.Fem	der	false	_
8-17	840-845	erste	_	_	_	_	_	_	_	ADJA	Pos.Nom.Sg.Fem	erster	_	_
8-18	846-851	Lampe	_	_	_	_	_	_	_	NN	Nom.Sg.Fem	Lampe	_	_
8-19	852-855	die	_	_	_	_	_	_	_	ART	Acc.Pl.Masc	der	false	_
8-20	856-874	Geschichtsforscher	_	_	_	_	_	_	_	NN	Acc.Pl.Masc	Geschichtsforscher	_	_
8-21	875-883	gefunden	_	_	_	_	_	_	_	VVPP	Psp	finden	_	false
8-22	884-889	haben	_	_	_	_	_	_	_	VAFIN	3.Pl.Pres.Ind	haben	_	false
8-23	890-891	.	_	_	_	_	_	_	_	$.	_	.	_	_
9-1	894-897	Das	_	_	_	_	_	_	_	PDS	Nom.Sg.Neut	der	_	_
9-2	898-901	ist	_	_	_	_	_	_	_	VAFIN	3.Sg.Pres.Ind	sein	_	_
9-3	902-904	25	_	_	_	_	_	_	_	CARD	_	25	_	_
9-4	905-908	mal	_	_	_	_	_	_	_	ADV	_	mal	_	_
9-5	909-916	solange	_	_	_	_	_	_	_	ADV	_	solange	_	_
9-6	917-920	her	_	_	_	_	_	_	_	PTKVZ	_	her	false	_
9-7	921-922	,	_	_	_	_	_	_	_	$,	_	,	_	_
9-8	923-926	wie	_	_	_	_	_	_	_	KOKOM	_	wie	false	_
9-9	927-932	Jesus	_	_	_	_	_	_	_	NE	Nom.Sg.Masc	Jesus	_	_
9-10	933-939	Geburt	_	_	_	_	_	_	_	NE	Nom.Sg.Masc	Geburt	_	_
9-11	940-943	und	_	_	_	_	_	_	_	KON	_	und	false	_
9-12	944-947	der	_	_	_	_	_	_	_	ART	Nom.Sg.Masc	der	false	_
9-13	948-952	Fund	_	_	_	_	_	_	_	NN	Nom.Sg.Masc	Fund	_	_
9-14	953-959	stammt	_	_	_	_	_	_	_	VVFIN	3.Sg.Pres.Ind	stammen	_	_
9-15	960-965	sogar	_	_	_	_	_	_	_	ADV	_	sogar	_	_
9-16	966-969	aus	_	_	_	_	_	_	_	APPR	_	aus	false	_
9-17	970-981	Deutschland	_	_	_	_	_	_	_	NE	Dat.Sg.Neut	Deutschland	_	_
9-18	982-983	.	_	_	_	_	_	_	_	$.	_	.	_	_
10-1	986-989	Vor	_	_	_	_	_	_	_	APPR	_	vor	false	_
10-2	990-996	10.000	_	_	_	_	_	_	_	CARD	_	10.000	_	_
10-3	997-1003	Jahren	_	_	_	_	_	_	_	NN	Dat.Pl.Neut	Jahr	_	_
10-4	1004-1007	gab	_	_	_	_	_	_	_	VVFIN	3.Sg.Past.Ind	geben	_	false
10-5	1008-1010	es	_	_	_	_	_	_	_	PPER	3.Nom.Sg.Neut	es	_	_
10-6	1011-1014	die	_	_	_	_	_	_	_	ART	Acc.Pl.Fem	der	false	_
10-7	1015-1021	ersten	_	_	_	_	_	_	_	ADJA	Pos.Acc.Pl.Fem	erster	_	_
10-8	1022-1030	Öllampen	_	_	_	_	_	_	_	NN	Acc.Pl.Fem	Öllampe	_	_
10-9	1031-1034	aus	_	_	_	_	_	_	_	APPR	_	aus	false	_
10-10	1035-1038	Ton	_	_	_	_	_	_	_	NN	Dat.Sg.Masc	Ton	_	_
10-11	1039-1040	,	_	_	_	_	_	_	_	$,	_	,	_	_
10-12	1041-1044	wie	_	_	_	_	_	_	_	PWAV	_	wie	_	_
10-13	1045-1047	du	_	_	_	_	_	_	_	PPER	2.Nom.Sg.*	du	_	_
10-14	1048-1051	sie	_	_	_	_	_	_	_	PPER	3.Acc.Pl.Fem	sie	_	_
10-15	1052-1055	auf	_	_	_	_	_	_	_	APPR	_	auf	false	_
10-16	1056-1059	dem	_	_	_	_	_	_	_	ART	Dat.Sg.Neut	der	false	_
10-17	1060-1064	Bild	_	_	_	_	_	_	_	NN	Dat.Sg.Neut	Bild	_	_
10-18	1065-1070	sehen	_	_	_	_	_	_	_	VVINF	Inf	sehen	_	_
10-19	1071-1077	kannst	_	_	_	_	_	_	_	VVFIN	2.Sg.Pres.Ind	kannen	_	_
10-20	1078-1079	.	_	_	_	_	_	_	_	$.	_	.	_	_
11-1	1082-1085	Wie	_	_	_	_	_	_	_	PWAV	_	wie	_	_
11-2	1086-1091	lange	_	_	_	_	_	_	_	ADV	_	lange	_	_
11-3	1092-1094	es	_	_	_	_	_	_	_	PPER	3.Nom.Sg.Neut	es	_	_
11-4	1095-1100	schon	_	_	_	_	_	_	_	ADV	_	schon	_	_
11-5	1101-1107	Kerzen	_	_	_	_	_	_	_	NN	Acc.Pl.Fem	Kerze	_	_
11-6	1108-1112	gibt	_	_	_	_	_	_	_	VVFIN	3.Sg.Pres.Ind	geben	_	false
11-7	1113-1114	,	_	_	_	_	_	_	_	$,	_	,	_	_
11-8	1115-1119	kann	_	_	_	_	_	_	_	VMFIN	3.Sg.Pres.Ind	können	_	_
11-9	1120-1127	niemand	_	_	_	_	_	_	_	PIS	Nom.Sg.Masc	niemand	_	_
11-10	1128-1133	sagen	_	_	_	_	_	_	_	VVINF	Inf	sagen	_	_
11-11	1134-1135	,	_	_	_	_	_	_	_	$,	_	,	_	_
11-12	1136-1138	da	_	_	_	_	_	_	_	KOUS	_	da	false	_
11-13	1139-1144	davon	_	_	_	_	_	_	_	PROAV	_	davon	_	_
11-14	1145-1151	nichts	_	_	_	_	_	_	_	PIS	*.*.Neut	nichts	_	_
11-15	1152-1158	zurück	_	_	_	_	_	_	_	PTKVZ	_	zurück	false	_
11-16	1159-1165	bleibt	_	_	_	_	_	_	_	VVFIN	3.Sg.Pres.Ind	bleiben	_	_
11-17	1166-1167	,	_	_	_	_	_	_	_	$,	_	,	_	_
11-18	1168-1172	aber	_	_	_	_	_	_	_	KON	_	aber	false	_
11-19	1173-1191	Geschichtsforscher	_	_	_	_	_	_	_	NN	Nom.Pl.Masc	Geschichtsforscher	_	_
11-20	1192-1199	glauben	_	_	_	_	_	_	_	VVFIN	3.Pl.Pres.Ind	glauben	_	_
11-21	1200-1201	,	_	_	_	_	_	_	_	$,	_	,	_	_
11-22	1202-1206	dass	_	_	_	_	_	_	_	KOUS	_	dass	false	_
11-23	1207-1210	sie	_	_	_	_	_	_	_	PPER	3.Nom.Pl.Masc	sie	_	_
11-24	1211-1219	ungefähr	_	_	_	_	_	_	_	ADJD	Pos	ungefähr	_	_
11-25	1220-1224	2000	_	_	_	_	_	_	_	CARD	_	2000	_	_
11-26	1225-1230	Jahre	_	_	_	_	_	_	_	NN	Acc.Pl.Neut	Jahr	_	_
11-27	1231-1234	alt	_	_	_	_	_	_	_	ADJD	Pos	alt	_	_
11-28	1235-1239	sind	_	_	_	_	_	_	_	VAFIN	3.Pl.Pres.Ind	sein	_	_
11-29	1240-1241	.	_	_	_	_	_	_	_	$.	_	.	_	_
12-1	1244-1246	Im	_	_	_	_	_	_	_	APPRART	Dat.Sg.Neut	in	false	_
12-2	1247-1254	Prinzip	_	_	_	_	_	_	_	NN	Dat.Sg.Neut	Prinzip	_	_
12-3	1255-1259	sind	_	_	_	_	_	_	_	VAFIN	3.Pl.Pres.Ind	sein	_	_
12-4	1260-1263	sie	_	_	_	_	_	_	_	PPER	3.Nom.Pl.*	sie	_	_
12-5	1264-1272	verwandt	_	_	_	_	_	_	_	ADJD	Pos	verwandt	_	_
12-6	1273-1276	mit	_	_	_	_	_	_	_	APPR	_	mit	false	_
12-7	1277-1280	den	_	_	_	_	_	_	_	ART	Dat.Pl.Fem	der	false	_
12-8	1281-1289	Öllampen	_	_	_	_	_	_	_	NN	Dat.Pl.Fem	Öllampe	_	_
12-9	1290-1291	,	_	_	_	_	_	_	_	$,	_	,	_	_
12-10	1292-1294	da	_	_	_	_	_	_	_	KOUS	_	da	false	_
12-11	1295-1298	sie	_	_	_	_	_	_	_	PPER	3.Nom.Pl.*	sie	_	_
12-12	1299-1308	ebenfalls	_	_	_	_	_	_	_	ADV	_	ebenfalls	_	_
12-13	1309-1313	über	_	_	_	_	_	_	_	APPR	_	über	false	_
12-14	1314-1319	einen	_	_	_	_	_	_	_	ART	Acc.Sg.Masc	ein	false	_
12-15	1320-1322	in	_	_	_	_	_	_	_	APPR	_	in	false	_
12-16	1323-1333	Brennstoff	_	_	_	_	_	_	_	NN	Acc.Sg.Masc	Brennstoff	_	_
12-17	1334-1335	(	_	_	_	_	_	_	_	$(	_	(	_	_
12-18	1336-1339	Das	_	_	_	_	_	_	_	ART	Acc.Sg.Neut	der	false	_
12-19	1340-1345	Wachs	_	_	_	_	_	_	_	NE	Nom.Pl.*	Wachs	_	_
12-20	1346-1347	)	_	_	_	_	_	_	_	$(	_	)	_	_
12-21	1348-1358	getauchten	_	_	_	_	_	_	_	ADJA	Pos.Acc.Sg.Masc	getaucht	_	_
12-22	1359-1364	Docht	_	_	_	_	_	_	_	NN	Acc.Sg.Masc	Docht	_	_
12-23	1365-1378	funktionieren	_	_	_	_	_	_	_	VVFIN	3.Pl.Pres.Ind	funktionieren	_	_
12-24	1379-1380	.	_	_	_	_	_	_	_	$.	_	.	_	_
13-1	1383-1385	So	_	_	_	_	_	_	_	ADV	_	so	_	_
13-2	1386-1391	wurde	_	_	_	_	_	_	_	VAFIN	3.Sg.Past.Ind	werden	_	_
13-3	1392-1396	über	_	_	_	_	_	_	_	APPR	_	über	false	_
13-4	1397-1405	tausende	_	_	_	_	_	_	_	ADJA	Pos.Acc.Pl.Neut	tausend	_	_
13-5	1406-1409	von	_	_	_	_	_	_	_	APPR	_	von	false	_
13-6	1410-1416	Jahren	_	_	_	_	_	_	_	NN	Dat.Pl.Neut	Jahr	_	_
13-7	1417-1427	beleuchtet	_	_	_	_	_	_	_	VVPP	Psp	beleuchten	_	_
13-8	1428-1429	.	_	_	_	_	_	_	_	$.	_	.	_	_
14-1	1432-1435	Vor	_	_	_	_	_	_	_	APPR	_	vor	false	_
14-2	1436-1439	200	_	_	_	_	_	_	_	CARD	_	200	_	_
14-3	1440-1446	Jahren	_	_	_	_	_	_	_	NN	Dat.Pl.Neut	Jahr	_	_
14-4	1447-1451	dann	_	_	_	_	_	_	_	ADV	_	dann	_	_
14-5	1452-1459	änderte	_	_	_	_	_	_	_	VVFIN	3.Sg.Past.Ind	ändern	_	_
14-6	1460-1464	sich	_	_	_	_	_	_	_	PRF	3.Acc.Sg	sich	_	_
14-7	1465-1468	der	_	_	_	_	_	_	_	ART	Nom.Sg.Masc	der	false	_
14-8	1469-1479	Brennstoff	_	_	_	_	_	_	_	NN	Nom.Sg.Masc	Brennstoff	_	_
14-9	1480-1481	,	_	_	_	_	_	_	_	$,	_	,	_	_
14-10	1482-1486	weil	_	_	_	_	_	_	_	KOUS	_	weil	false	_
14-11	1487-1490	wir	_	_	_	_	_	_	_	PPER	1.Nom.Pl.*	wir	_	_
14-12	1491-1494	die	_	_	_	_	_	_	_	ART	Acc.Sg.Fem	der	false	_
14-13	1495-1506	Herstellung	_	_	_	_	_	_	_	NN	Acc.Sg.Fem	Herstellung	_	_
14-14	1507-1510	von	_	_	_	_	_	_	_	APPR	_	von	false	_
14-15	1511-1520	Petroleum	_	_	_	_	_	_	_	NN	Dat.Sg.Neut	Petroleum	_	_
14-16	1521-1528	gelernt	_	_	_	_	_	_	_	VVPP	Psp	lernen	_	_
14-17	1529-1534	haben	_	_	_	_	_	_	_	VAFIN	1.Pl.Pres.Ind	haben	_	false
14-18	1535-1536	.	_	_	_	_	_	_	_	$.	_	.	_	_
15-1	1539-1544	Einem	_	_	_	_	_	_	_	ART	Dat.Sg.Neut	ein	false	_
15-2	1545-1547	Öl	_	_	_	_	_	_	_	NN	Dat.Sg.Neut	Öl	_	_
15-3	1548-1549	,	_	_	_	_	_	_	_	$,	_	,	_	_
15-4	1550-1554	dass	_	_	_	_	_	_	_	KOUS	_	dass	false	_
15-5	1555-1558	man	_	_	_	_	_	_	_	PIS	Nom.Sg.*	man	_	_
15-6	1559-1562	aus	_	_	_	_	_	_	_	APPR	_	aus	false	_
15-7	1563-1568	Erdöl	_	_	_	_	_	_	_	NN	Dat.Sg.Neut	Erdöl	_	_
15-8	1569-1576	gewinnt	_	_	_	_	_	_	_	VVFIN	3.Sg.Pres.Ind	gewinnen	_	_
15-9	1577-1578	.	_	_	_	_	_	_	_	$.	_	.	_	_
16-1	1581-1584	Und	_	_	_	_	_	_	_	KON	_	und	false	_
16-2	1585-1589	nach	_	_	_	_	_	_	_	ADV	_	nach	_	_
16-3	1590-1593	und	_	_	_	_	_	_	_	KON	_	und	false	_
16-4	1594-1598	nach	_	_	_	_	_	_	_	ADV	_	nach	_	_
16-5	1599-1605	wurden	_	_	_	_	_	_	_	VAFIN	3.Pl.Past.Ind	werden	_	_
16-6	1606-1614	Öllampen	_	_	_	_	_	_	_	NN	Nom.Pl.Fem	Öllampe	_	_
16-7	1615-1618	nur	_	_	_	_	_	_	_	ADV	_	nur	_	_
16-8	1619-1623	noch	_	_	_	_	_	_	_	ADV	_	noch	_	_
16-9	1624-1627	mit	_	_	_	_	_	_	_	APPR	_	mit	false	_
16-10	1628-1637	Petroleum	_	_	_	_	_	_	_	NN	Dat.Sg.Neut	Petroleum	_	_
16-11	1638-1647	betrieben	_	_	_	_	_	_	_	VVPP	Psp	betreiben	_	_
16-12	1648-1649	.	_	_	_	_	_	_	_	$.	_	.	_	_
17-1	1652-1656	Etwa	_	_	_	_	_	_	_	ADV	_	etwa	_	_
17-2	1657-1660	zur	_	_	_	_	_	_	_	APPRART	Dat.Sg.Fem	zu	false	_
17-3	1661-1669	gleichen	_	_	_	_	_	_	_	ADJA	Pos.Dat.Sg.Fem	gleich	_	_
17-4	1670-1674	Zeit	_	_	_	_	_	_	_	NN	Dat.Sg.Fem	Zeit	_	_
17-5	1675-1680	wurde	_	_	_	_	_	_	_	VAFIN	3.Sg.Past.Ind	werden	_	_
17-6	1681-1685	auch	_	_	_	_	_	_	_	ADV	_	auch	_	_
17-7	1686-1696	brennbares	_	_	_	_	_	_	_	ADJA	Pos.Nom.Sg.Neut	brennbar	_	_
17-8	1697-1700	Gas	_	_	_	_	_	_	_	NN	Nom.Sg.Neut	Gas	_	_
17-9	1701-1704	als	_	_	_	_	_	_	_	APPR	_	als	false	_
17-10	1705-1715	Brennstoff	_	_	_	_	_	_	_	NN	Nom.Sg.Masc	Brennstoff	_	_
17-11	1716-1726	eingeführt	_	_	_	_	_	_	_	VVPP	Psp	einführen	_	_
17-12	1727-1728	.	_	_	_	_	_	_	_	$.	_	.	_	_
18-1	1731-1734	Das	_	_	_	_	_	_	_	PDS	Acc.Sg.Neut	der	_	_
18-2	1735-1741	konnte	_	_	_	_	_	_	_	VMFIN	3.Sg.Past.Ind	können	_	_
18-3	1742-1745	man	_	_	_	_	_	_	_	PIS	Nom.Sg.*	man	_	_
18-4	1746-1753	einfach	_	_	_	_	_	_	_	ADV	_	einfach	_	_
18-5	1754-1758	über	_	_	_	_	_	_	_	APPR	_	über	false	_
18-6	1759-1772	Rohrleitungen	_	_	_	_	_	_	_	NN	Acc.Pl.Fem	Rohrleitung	_	_
18-7	1773-1776	zur	_	_	_	_	_	_	_	APPRART	Dat.Sg.Fem	zu	false	_
18-8	1777-1782	Lampe	_	_	_	_	_	_	_	NN	Dat.Sg.Fem	Lampe	_	_
18-9	1783-1790	bringen	_	_	_	_	_	_	_	VVINF	Inf	bringen	_	false
18-10	1791-1794	und	_	_	_	_	_	_	_	KON	_	und	false	_
18-11	1795-1797	so	_	_	_	_	_	_	_	ADV	_	so	_	_
18-12	1798-1803	wurde	_	_	_	_	_	_	_	VAFIN	3.Sg.Past.Ind	werden	_	_
18-13	1804-1807	zum	_	_	_	_	_	_	_	APPRART	Dat.Sg.Neut	zu	false	_
18-14	1808-1816	Beispiel	_	_	_	_	_	_	_	NN	Dat.Sg.Neut	Beispiel	_	_
18-15	1817-1835	Straßenbeleuchtung	_	_	_	_	_	_	_	NN	Nom.Sg.Fem	Straßenbeleuchtung	_	_
18-16	1836-1842	früher	_	_	_	_	_	_	_	ADJD	Comp	früh	_	_
18-17	1843-1850	gemacht	_	_	_	_	_	_	_	VVPP	Psp	machen	_	false
18-18	1851-1852	.	_	_	_	_	_	_	_	$.	_	.	_	_
19-1	1855-1858	Vor	_	_	_	_	_	_	_	APPR	_	vor	false	_
19-2	1859-1862	150	_	_	_	_	_	_	_	CARD	_	150	_	_
19-3	1863-1869	Jahren	_	_	_	_	_	_	_	NN	Dat.Pl.Neut	Jahr	_	_
19-4	1870-1874	erst	_	_	_	_	_	_	_	ADV	_	erst	_	_
19-5	1875-1881	wurden	_	_	_	_	_	_	_	VAFIN	3.Pl.Past.Ind	werden	_	_
19-6	1882-1893	elektrische	_	_	_	_	_	_	_	ADJA	Pos.Nom.Pl.Fem	elektrisch	_	_
19-7	1894-1900	Lampen	_	_	_	_	_	_	_	NN	Nom.Pl.Fem	Lampe	_	_
19-8	1901-1909	entdeckt	_	_	_	_	_	_	_	VVPP	Psp	entdecken	_	_
19-9	1910-1911	.	_	_	_	_	_	_	_	$.	_	.	_	_
19-10	1912-1916	1879	_	_	_	_	_	_	_	CARD	_	1879	_	_
19-11	1917-1923	erfand	_	_	_	_	_	_	_	VVFIN	3.Sg.Past.Ind	erfinden	_	_
19-12	1924-1930	Thomas	_	_	_	_	_	_	_	NE	Nom.Sg.Masc	Thomas	_	_
19-13	1931-1937	Edison	_	_	_	_	_	_	_	NE	Nom.Sg.Masc	Edison	_	_
19-14	1938-1939	(	_	_	_	_	_	_	_	$(	_	(	_	_
19-15	1940-1946	Sprich	_	_	_	_	_	_	_	NN	Nom.Sg.Masc	Sprich	_	_
19-16	1947-1948	:	_	_	_	_	_	_	_	$.	_	:	_	_
19-17	1949-1955	Tommes	_	_	_	_	_	_	_	NE	*.*.*	Tommes	_	_
19-18	1956-1963	Eddisen	_	_	_	_	_	_	_	NE	*.*.*	Eddisen	_	_
19-19	1964-1965	)	_	_	_	_	_	_	_	$(	_	)	_	_
19-20	1966-1969	die	_	_	_	_	_	_	_	ART	Acc.Sg.Fem	der	false	_
19-21	1970-1975	erste	_	_	_	_	_	_	_	ADJA	Pos.Acc.Sg.Fem	erster	_	_
19-22	1976-1985	Glühlampe	_	_	_	_	_	_	_	NN	Acc.Sg.Fem	Glühlampe	_	_
19-23	1986-1987	,	_	_	_	_	_	_	_	$,	_	,	_	_
19-24	1988-1991	die	_	_	_	_	_	_	_	PRELS	Nom.Sg.Fem	der	_	_
19-25	1992-1996	sich	_	_	_	_	_	_	_	PRF	3.Acc.Sg	sich	_	_
19-26	1997-2000	für	_	_	_	_	_	_	_	APPR	_	für	false	_
19-27	2001-2006	viele	_	_	_	_	_	_	_	PIAT	Acc.Pl.Masc	vieler	_	_
19-28	2007-2023	Anwendungszwecke	_	_	_	_	_	_	_	NN	Acc.Pl.Masc	Anwendungszweck	_	_
19-29	2024-2031	eignete	_	_	_	_	_	_	_	VVFIN	3.Sg.Past.Ind	eignen	_	_
19-30	2032-2033	.	_	_	_	_	_	_	_	$.	_	.	_	_
20-1	2036-2039	Die	_	_	_	_	_	_	_	ART	Nom.Sg.Fem	der	false	_
20-2	2040-2050	sogenannte	_	_	_	_	_	_	_	ADJA	Pos.Nom.Sg.Fem	sogenannter	_	_
20-3	2051-2065	Glühfadenlampe	_	_	_	_	_	_	_	NN	Nom.Sg.Fem	Glühfadenlampe	_	_
20-4	2066-2069	war	_	_	_	_	_	_	_	VAFIN	3.Sg.Past.Ind	sein	_	_
20-5	2070-2074	zwar	_	_	_	_	_	_	_	ADV	_	zwar	_	_
20-6	2075-2078	von	_	_	_	_	_	_	_	APPR	_	von	false	_
20-7	2079-2082	der	_	_	_	_	_	_	_	ART	Dat.Sg.Fem	der	false	_
20-8	2083-2087	Idee	_	_	_	_	_	_	_	NN	Dat.Sg.Fem	Idee	_	_
20-9	2088-2091	her	_	_	_	_	_	_	_	APZR	_	her	false	_
20-10	2092-2097	älter	_	_	_	_	_	_	_	ADJD	Comp	alt	_	_
20-11	2098-2099	,	_	_	_	_	_	_	_	$,	_	,	_	_
20-12	2100-2104	aber	_	_	_	_	_	_	_	KON	_	aber	false	_
20-13	2105-2111	Edison	_	_	_	_	_	_	_	NN	Nom.Sg.Fem	Edison	_	_
20-14	2112-2115	war	_	_	_	_	_	_	_	VAFIN	3.Sg.Past.Ind	sein	_	_
20-15	2116-2119	der	_	_	_	_	_	_	_	ART	Nom.Sg.Masc	der	false	_
20-16	2120-2125	erste	_	_	_	_	_	_	_	ADJA	Pos.Nom.Sg.Masc	erster	_	_
20-17	2126-2127	,	_	_	_	_	_	_	_	$,	_	,	_	_
20-18	2128-2131	der	_	_	_	_	_	_	_	PRELS	Nom.Sg.Masc	der	_	_
20-19	2132-2135	die	_	_	_	_	_	_	_	ART	Acc.Sg.Fem	der	false	_
20-20	2136-2140	Idee	_	_	_	_	_	_	_	NN	Acc.Sg.Fem	Idee	_	_
20-21	2141-2143	so	_	_	_	_	_	_	_	ADV	_	so	_	_
20-22	2144-2152	umsetzen	_	_	_	_	_	_	_	VVINF	Inf	umsetzen	_	_
20-23	2153-2159	konnte	_	_	_	_	_	_	_	VMFIN	3.Sg.Past.Ind	können	_	_
20-24	2160-2161	,	_	_	_	_	_	_	_	$,	_	,	_	_
20-25	2162-2166	dass	_	_	_	_	_	_	_	KOUS	_	dass	false	_
20-26	2167-2170	sie	_	_	_	_	_	_	_	PPER	3.Nom.Sg.Fem	sie	_	_
20-27	2171-2174	für	_	_	_	_	_	_	_	APPR	_	für	false	_
20-28	2175-2180	viele	_	_	_	_	_	_	_	PIAT	Acc.Pl.Masc	vieler	_	_
20-29	2181-2189	Menschen	_	_	_	_	_	_	_	NN	Acc.Pl.Masc	Mensch	_	_
20-30	2190-2197	nutzbar	_	_	_	_	_	_	_	ADJD	Pos	nutzbar	_	_
20-31	2198-2203	wurde	_	_	_	_	_	_	_	VAFIN	3.Sg.Past.Ind	werden	_	_
20-32	2204-2205	.	_	_	_	_	_	_	_	$.	_	.	_	_
21-1	2208-2210	Du	_	_	_	_	_	_	_	PPER	2.Nom.Sg.*	du	_	_
21-2	2211-2217	kannst	_	_	_	_	_	_	_	VVFIN	2.Sg.Pres.Ind	kannen	_	_
21-3	2218-2221	dir	_	_	_	_	_	_	_	PPER	2.Dat.Sg.*	dir	_	_
21-4	2222-2225	aus	_	_	_	_	_	_	_	APPR	_	aus	false	_
21-5	2226-2231	einer	_	_	_	_	_	_	_	ART	Dat.Sg.Fem	ein	false	_
21-6	2232-2238	Frucht	_	_	_	_	_	_	_	NN	Dat.Sg.Fem	Frucht	_	_
21-7	2239-2242	und	_	_	_	_	_	_	_	KON	_	und	false	_
21-8	2243-2250	einigen	_	_	_	_	_	_	_	PIAT	Dat.Pl.Neut	einiger	_	_
21-9	2251-2267	Küchenutensilien	_	_	_	_	_	_	_	NN	Dat.Pl.Neut	Küchenutensil	_	_
21-10	2268-2274	selbst	_	_	_	_	_	_	_	ADV	_	selbst	_	_
21-11	2275-2279	eine	_	_	_	_	_	_	_	ART	Acc.Sg.Fem	ein	false	_
21-12	2280-2285	Lampe	_	_	_	_	_	_	_	NN	Acc.Sg.Fem	Lampe	_	_
21-13	2286-2291	bauen	_	_	_	_	_	_	_	VVINF	Inf	bauen	_	_
21-14	2292-2293	.	_	_	_	_	_	_	_	$.	_	.	_	_
22-1	2296-2299	Wir	_	_	_	_	_	_	_	PPER	1.Nom.Pl.*	wir	_	_
22-2	2300-2309	benötigen	_	_	_	_	_	_	_	VVFIN	1.Pl.Pres.Ind	benötigen	_	_
22-3	2310-2311	:	_	_	_	_	_	_	_	$.	_	:	_	_
22-4	2312-2316	Lass	_	_	_	_	_	_	_	PWS	Acc.Sg.Neut	lass	_	_
22-5	2317-2320	dir	_	_	_	_	_	_	_	PPER	2.Dat.Sg.*	dir	_	_
22-6	2321-2324	von	_	_	_	_	_	_	_	APPR	_	von	false	_
22-7	2325-2330	einem	_	_	_	_	_	_	_	ART	Dat.Sg.Neut	ein	false	_
22-8	2331-2342	Erwachsenen	_	_	_	_	_	_	_	NN	Dat.Sg.Neut	erwachsene	_	_
22-9	2343-2349	helfen	_	_	_	_	_	_	_	VVINF	Inf	helfen	_	_
22-10	2350-2351	!	_	_	_	_	_	_	_	$.	_	!	_	_
23-1	2354-2357	Mit	_	_	_	_	_	_	_	APPR	_	mit	false	_
23-2	2358-2366	scharfen	_	_	_	_	_	_	_	ADJA	Pos.Dat.Pl.Neut	scharf	_	_
23-3	2367-2374	Messern	_	_	_	_	_	_	_	NN	Dat.Pl.Neut	Messer	_	_
23-4	2375-2378	und	_	_	_	_	_	_	_	KON	_	und	false	_
23-5	2379-2384	Feuer	_	_	_	_	_	_	_	NN	Dat.Sg.Neut	Feuer	_	_
23-6	2385-2393	solltest	_	_	_	_	_	_	_	VVFIN	2.Sg.Pres.Ind	sollten	_	_
23-7	2394-2396	du	_	_	_	_	_	_	_	PPER	2.Nom.Sg.*	du	_	_
23-8	2397-2401	sehr	_	_	_	_	_	_	_	ADV	_	sehr	_	_
23-9	2402-2403	,	_	_	_	_	_	_	_	$,	_	,	_	_
23-10	2404-2408	sehr	_	_	_	_	_	_	_	ADV	_	sehr	_	_
23-11	2409-2419	vorsichtig	_	_	_	_	_	_	_	ADJD	Pos	vorsichtig	_	_
23-12	2420-2427	umgehen	_	_	_	_	_	_	_	VVINF	Inf	umgehen	_	_
23-13	2428-2429	.	_	_	_	_	_	_	_	$.	_	.	_	_
24-1	2432-2436	Lass	_	_	_	_	_	_	_	KOUS	_	lass	false	_
24-2	2437-2440	dir	_	_	_	_	_	_	_	PPER	2.Dat.Sg.*	dir	_	_
24-3	2441-2447	vorher	_	_	_	_	_	_	_	ADV	_	vorher	_	_
24-4	2448-2456	erklären	_	_	_	_	_	_	_	VVFIN	1.Pl.Pres.Ind	erklären	_	_
24-5	2457-2458	,	_	_	_	_	_	_	_	$,	_	,	_	_
24-6	2459-2462	wie	_	_	_	_	_	_	_	PWAV	_	wie	_	_
24-7	2463-2466	man	_	_	_	_	_	_	_	PIS	Nom.Sg.*	man	_	_
24-8	2467-2472	damit	_	_	_	_	_	_	_	PROAV	_	damit	_	_
24-9	2473-2479	umgeht	_	_	_	_	_	_	_	VVFIN	3.Sg.Pres.Ind	umgehen	_	_
24-10	2480-2483	und	_	_	_	_	_	_	_	KON	_	und	false	_
24-11	2484-2488	lese	_	_	_	_	_	_	_	VVFIN	3.Sg.Pres.Subj	lesen	_	_
24-12	2489-2494	unten	_	_	_	_	_	_	_	ADV	_	unten	_	_
24-13	2495-2496	"	_	_	_	_	_	_	_	$(	_	"	_	_
24-14	2497-2500	Wie	_	_	_	_	_	_	_	PWAV	_	wie	_	_
24-15	2501-2511	gefährlich	_	_	_	_	_	_	_	ADJD	Pos	gefährlich	_	_
24-16	2512-2515	ist	_	_	_	_	_	_	_	VAFIN	3.Sg.Pres.Ind	sein	_	_
24-17	2516-2518	es	_	_	_	_	_	_	_	PPER	3.Nom.Sg.Neut	es	_	_
24-18	2519-2520	"	_	_	_	_	_	_	_	$(	_	"	_	_
24-19	2521-2522	.	_	_	_	_	_	_	_	$.	_	.	_	_
25-1	2525-2528	Die	_	_	_	_	_	_	_	ART	Nom.Sg.Fem	der	false	_
25-2	2529-2535	Frucht	_	_	_	_	_	_	_	NN	Nom.Sg.Fem	Frucht	_	_
25-3	2536-2539	hat	_	_	_	_	_	_	_	VAFIN	3.Sg.Pres.Ind	haben	_	false
25-4	2540-2556	gegenüberliegend	_	_	_	_	_	_	_	ADJD	Pos	gegenüberliegend	_	_
25-5	2557-2561	zwei	_	_	_	_	_	_	_	CARD	_	zwei	_	_
25-6	2562-2563	„	_	_	_	_	_	_	_	$(	_	„	_	_
25-7	2564-2571	Gnubbel	_	_	_	_	_	_	_	NN	Nom.Sg.Masc	Gnubbel	_	_
25-8	2572-2573	“	_	_	_	_	_	_	_	$(	_	“	_	_
25-9	2574-2575	.	_	_	_	_	_	_	_	$.	_	.	_	_
26-1	2578-2580	An	_	_	_	_	_	_	_	APPR	_	an	false	_
26-2	2581-2584	dem	_	_	_	_	_	_	_	ART	Dat.Sg.Masc	der	false	_
26-3	2585-2590	einen	_	_	_	_	_	_	_	PIS	Dat.Sg.Masc	einer	_	_
26-4	2591-2594	war	_	_	_	_	_	_	_	VAFIN	3.Sg.Past.Ind	sein	_	_
26-5	2595-2598	sie	_	_	_	_	_	_	_	PPER	3.Nom.Sg.Fem	sie	_	_
26-6	2599-2602	mit	_	_	_	_	_	_	_	APPR	_	mit	false	_
26-7	2603-2606	dem	_	_	_	_	_	_	_	ART	Dat.Sg.Masc	der	false	_
26-8	2607-2611	Baum	_	_	_	_	_	_	_	NN	Dat.Sg.Masc	Baum	_	_
26-9	2612-2621	verbunden	_	_	_	_	_	_	_	VVPP	Psp	verbinden	_	_
26-10	2622-2623	,	_	_	_	_	_	_	_	$,	_	,	_	_
26-11	2624-2627	der	_	_	_	_	_	_	_	ART	Nom.Sg.Masc	der	false	_
26-12	2628-2634	andere	_	_	_	_	_	_	_	ADJA	Pos.Nom.Sg.Masc	anderer	_	_
26-13	2635-2638	ist	_	_	_	_	_	_	_	VAFIN	3.Sg.Pres.Ind	sein	_	_
26-14	2639-2642	der	_	_	_	_	_	_	_	ART	Nom.Sg.Masc	der	false	_
26-15	2643-2647	Rest	_	_	_	_	_	_	_	NN	Nom.Sg.Masc	Rest	_	_
26-16	2648-2651	der	_	_	_	_	_	_	_	ART	Gen.Sg.Fem	der	false	_
26-17	2652-2657	Blüte	_	_	_	_	_	_	_	NN	Gen.Sg.Fem	Blüte	_	_
26-18	2658-2659	.	_	_	_	_	_	_	_	$.	_	.	_	_
27-1	2662-2670	Schneide	_	_	_	_	_	_	_	NN	Nom.Sg.Fem	Schneide	_	_
27-2	2671-2676	jetzt	_	_	_	_	_	_	_	ADV	_	jetzt	_	_
27-3	2677-2682	genau	_	_	_	_	_	_	_	ADJD	Pos	genau	_	_
27-4	2683-2691	zwischen	_	_	_	_	_	_	_	APPR	_	zwischen	false	_
27-5	2692-2698	diesen	_	_	_	_	_	_	_	PDAT	Dat.Pl.*	dieser	_	_
27-6	2699-2705	beiden	_	_	_	_	_	_	_	PIS	Dat.Pl.*	beide	_	_
27-7	2706-2712	einmal	_	_	_	_	_	_	_	ADV	_	einmal	_	_
27-8	2713-2717	rund	_	_	_	_	_	_	_	ADV	_	rund	_	_
27-9	2718-2720	um	_	_	_	_	_	_	_	APPR	_	um	false	_
27-10	2721-2724	die	_	_	_	_	_	_	_	ART	Acc.Sg.Fem	der	false	_
27-11	2725-2731	Frucht	_	_	_	_	_	_	_	NN	Acc.Sg.Fem	Frucht	_	_
27-12	2732-2733	.	_	_	_	_	_	_	_	$.	_	.	_	_
28-1	2736-2740	Wenn	_	_	_	_	_	_	_	KOUS	_	wenn	false	_
28-2	2741-2743	du	_	_	_	_	_	_	_	PPER	2.Nom.Sg.*	du	_	_
28-3	2744-2754	vorsichtig	_	_	_	_	_	_	_	ADJD	Pos	vorsichtig	_	_
28-4	2755-2759	bist	_	_	_	_	_	_	_	VAFIN	2.Sg.Pres.Ind	sein	_	_
28-5	2760-2761	,	_	_	_	_	_	_	_	$,	_	,	_	_
28-6	2762-2768	kannst	_	_	_	_	_	_	_	VVFIN	2.Sg.Pres.Ind	kannen	_	_
28-7	2769-2771	du	_	_	_	_	_	_	_	PPER	2.Nom.Sg.*	du	_	_
28-8	2772-2775	das	_	_	_	_	_	_	_	PDS	Acc.Sg.Neut	der	_	_
28-9	2776-2779	bei	_	_	_	_	_	_	_	APPR	_	bei	false	_
28-10	2780-2785	einer	_	_	_	_	_	_	_	ART	Dat.Sg.Fem	ein	false	_
28-11	2786-2795	Mandarine	_	_	_	_	_	_	_	NN	Dat.Sg.Fem	Mandarine	_	_
28-12	2796-2806	vielleicht	_	_	_	_	_	_	_	ADV	_	vielleicht	_	_
28-13	2807-2812	sogar	_	_	_	_	_	_	_	ADV	_	sogar	_	_
28-14	2813-2816	von	_	_	_	_	_	_	_	APPR	_	von	false	_
28-15	2817-2821	Hand	_	_	_	_	_	_	_	NN	Dat.Sg.Fem	Hand	_	_
28-16	2822-2828	machen	_	_	_	_	_	_	_	VVFIN	3.Pl.Pres.Ind	machen	_	false
28-17	2829-2830	.	_	_	_	_	_	_	_	$.	_	.	_	_
29-1	2833-2837	Wenn	_	_	_	_	_	_	_	KOUS	_	wenn	false	_
29-2	2838-2840	du	_	_	_	_	_	_	_	PPER	2.Nom.Sg.*	du	_	_
29-3	2841-2844	die	_	_	_	_	_	_	_	ART	Acc.Sg.Fem	der	false	_
29-4	2845-2851	Frucht	_	_	_	_	_	_	_	NN	Acc.Sg.Fem	Frucht	_	_
29-5	2852-2858	danach	_	_	_	_	_	_	_	PROAV	_	danach	_	_
29-6	2859-2866	schälst	_	_	_	_	_	_	_	ADV	_	schälst	_	_
29-7	2867-2870	ist	_	_	_	_	_	_	_	VAFIN	3.Sg.Pres.Ind	sein	_	_
29-8	2871-2873	es	_	_	_	_	_	_	_	PPER	3.Nom.Sg.Neut	es	_	_
29-9	2874-2881	wichtig	_	_	_	_	_	_	_	ADJD	Pos	wichtig	_	_
29-10	2882-2883	,	_	_	_	_	_	_	_	$,	_	,	_	_
29-11	2884-2888	dass	_	_	_	_	_	_	_	KOUS	_	dass	false	_
29-12	2889-2892	die	_	_	_	_	_	_	_	ART	Nom.Pl.Fem	der	false	_
29-13	2893-2899	beiden	_	_	_	_	_	_	_	PIAT	Nom.Pl.Fem	beide	_	_
29-14	2900-2907	Hälften	_	_	_	_	_	_	_	NN	Nom.Pl.Fem	Hälfte	_	_
29-15	2908-2913	heile	_	_	_	_	_	_	_	ADV	_	heile	_	_
29-16	2914-2921	bleiben	_	_	_	_	_	_	_	VVFIN	3.Pl.Pres.Ind	bleiben	_	_
29-17	2922-2923	.	_	_	_	_	_	_	_	$.	_	.	_	_
30-1	2926-2932	Schäle	_	_	_	_	_	_	_	NE	Nom.Sg.*	Schäle	_	_
30-2	2933-2937	also	_	_	_	_	_	_	_	ADV	_	also	_	_
30-3	2938-2941	das	_	_	_	_	_	_	_	ART	Acc.Sg.Neut	der	false	_
30-4	2942-2954	Fruchtfleich	_	_	_	_	_	_	_	NN	Acc.Sg.Neut	Fruchtfleich	_	_
30-5	2955-2965	vorsichtig	_	_	_	_	_	_	_	ADJD	Pos	vorsichtig	_	_
30-6	2966-2969	aus	_	_	_	_	_	_	_	APPR	_	aus	false	_
30-7	2970-2973	den	_	_	_	_	_	_	_	ART	Dat.Pl.Fem	der	false	_
30-8	2974-2980	beiden	_	_	_	_	_	_	_	PIAT	Dat.Pl.Fem	beide	_	_
30-9	2981-2988	Hälften	_	_	_	_	_	_	_	NN	Dat.Pl.Fem	Halfte	_	_
30-10	2989-2995	heraus	_	_	_	_	_	_	_	PTKVZ	_	heraus	false	_
30-11	2996-2997	.	_	_	_	_	_	_	_	$.	_	.	_	_
31-1	3000-3002	Du	_	_	_	_	_	_	_	PPER	2.Nom.Sg.*	du	_	_
31-2	3003-3009	kannst	_	_	_	_	_	_	_	VVFIN	2.Sg.Pres.Ind	kannen	_	_
31-3	3010-3012	es	_	_	_	_	_	_	_	PPER	3.Acc.Sg.Neut	es	_	_
31-4	3013-3018	essen	_	_	_	_	_	_	_	VVINF	Inf	essen	_	_
31-5	3019-3020	,	_	_	_	_	_	_	_	$,	_	,	_	_
31-6	3021-3026	bevor	_	_	_	_	_	_	_	KOUS	_	bevor	false	_
31-7	3027-3029	du	_	_	_	_	_	_	_	PPER	2.Nom.Sg.*	du	_	_
31-8	3030-3036	weiter	_	_	_	_	_	_	_	ADV	_	weiter	_	_
31-9	3037-3043	machst	_	_	_	_	_	_	_	VVFIN	2.Sg.Pres.Ind	machen	_	false
31-10	3044-3045	,	_	_	_	_	_	_	_	$,	_	,	_	_
31-11	3046-3049	wir	_	_	_	_	_	_	_	PPER	1.Nom.Pl.*	wir	_	_
31-12	3050-3058	brauchen	_	_	_	_	_	_	_	VVFIN	1.Pl.Pres.Ind	brauchen	_	_
31-13	3059-3061	es	_	_	_	_	_	_	_	PPER	3.Acc.Sg.Neut	es	_	_
31-14	3062-3067	nicht	_	_	_	_	_	_	_	PTKNEG	_	nicht	_	_
31-15	3068-3072	mehr	_	_	_	_	_	_	_	ADV	_	mehr	_	_
31-16	3073-3074	.	_	_	_	_	_	_	_	$.	_	.	_	_
32-1	3077-3080	Auf	_	_	_	_	_	_	_	APPR	_	auf	false	_
32-2	3081-3084	der	_	_	_	_	_	_	_	ART	Dat.Sg.Fem	der	false	_
32-3	3085-3090	einen	_	_	_	_	_	_	_	ADJA	Pos.Dat.Sg.Fem	ein	_	_
32-4	3091-3096	Seite	_	_	_	_	_	_	_	NN	Dat.Sg.Fem	Seite	_	_
32-5	3097-3100	ist	_	_	_	_	_	_	_	VAFIN	3.Sg.Pres.Ind	sein	_	_
32-6	3101-3102	,	_	_	_	_	_	_	_	$,	_	,	_	_
32-7	3103-3107	wenn	_	_	_	_	_	_	_	KOUS	_	wenn	false	_
32-8	3108-3110	du	_	_	_	_	_	_	_	PPER	2.Nom.Sg.*	du	_	_
32-9	3111-3116	alles	_	_	_	_	_	_	_	PIS	Acc.Sg.Neut	alle	_	_
32-10	3117-3124	richtig	_	_	_	_	_	_	_	ADJD	Pos	richtig	_	_
32-11	3125-3132	gemacht	_	_	_	_	_	_	_	VVPP	Psp	machen	_	false
32-12	3133-3137	hast	_	_	_	_	_	_	_	VAFIN	2.Sg.Pres.Ind	haben	_	false
32-13	3138-3139	,	_	_	_	_	_	_	_	$,	_	,	_	_
32-14	3140-3143	ein	_	_	_	_	_	_	_	ART	Nom.Sg.Neut	ein	false	_
32-15	3144-3151	kleines	_	_	_	_	_	_	_	ADJA	Pos.Nom.Sg.Neut	klein	_	_
32-16	3152-3157	Stück	_	_	_	_	_	_	_	NN	Nom.Sg.Neut	Stück	_	_
32-17	3158-3164	Weißes	_	_	_	_	_	_	_	NN	Nom.Sg.Neut	weiße	_	_
32-18	3165-3168	vom	_	_	_	_	_	_	_	APPRART	Dat.Sg.Neut	von	false	_
32-19	3169-3176	inneren	_	_	_	_	_	_	_	ADJA	Pos.Dat.Sg.*	innerer	_	_
32-20	3177-3180	der	_	_	_	_	_	_	_	ART	Gen.Sg.Fem	der	false	_
32-21	3181-3187	Frucht	_	_	_	_	_	_	_	NN	Gen.Sg.Fem	Frucht	_	_
32-22	3188-3194	stehen	_	_	_	_	_	_	_	VVINF	Inf	stehen	_	false
32-23	3195-3204	geblieben	_	_	_	_	_	_	_	VVPP	Psp	bleiben	_	_
32-24	3205-3206	.	_	_	_	_	_	_	_	$.	_	.	_	_
33-1	3209-3212	Das	_	_	_	_	_	_	_	PDS	Nom.Sg.Neut	der	_	_
33-2	3213-3217	wird	_	_	_	_	_	_	_	VAFIN	3.Sg.Pres.Ind	werden	_	_
33-3	3218-3223	unser	_	_	_	_	_	_	_	PPOSAT	Nom.Sg.Masc	unser	_	_
33-4	3224-3229	Docht	_	_	_	_	_	_	_	NN	Nom.Sg.Neut	Docht	_	_
33-5	3230-3231	.	_	_	_	_	_	_	_	$.	_	.	_	_
34-1	3234-3238	Wenn	_	_	_	_	_	_	_	KOUS	_	wenn	false	_
34-2	3239-3241	du	_	_	_	_	_	_	_	PPER	2.Nom.Sg.*	du	_	_
34-3	3242-3244	in	_	_	_	_	_	_	_	APPR	_	in	false	_
34-4	3245-3248	die	_	_	_	_	_	_	_	ART	Acc.Sg.Fem	der	false	_
34-5	3249-3255	andere	_	_	_	_	_	_	_	ADJA	Pos.Acc.Sg.Fem	anderer	_	_
34-6	3256-3261	Seite	_	_	_	_	_	_	_	NN	Acc.Sg.Fem	Seite	_	_
34-7	3262-3265	ein	_	_	_	_	_	_	_	ART	Acc.Sg.Neut	ein	false	_
34-8	3266-3271	etwas	_	_	_	_	_	_	_	ADV	_	etwas	_	_
34-9	3272-3280	größeres	_	_	_	_	_	_	_	ADJA	Comp.Acc.Sg.Neut	groß	_	_
34-10	3281-3285	Loch	_	_	_	_	_	_	_	NN	Acc.Sg.Neut	Loch	_	_
34-11	3286-3288	um	_	_	_	_	_	_	_	APPR	_	um	false	_
34-12	3289-3292	den	_	_	_	_	_	_	_	ART	Acc.Sg.Masc	der	false	_
34-13	3293-3294	„	_	_	_	_	_	_	_	FM	_	„	_	_
34-14	3295-3302	Gnubbel	_	_	_	_	_	_	_	NN	Acc.Sg.Masc	Gnubbel	_	_
34-15	3303-3304	“	_	_	_	_	_	_	_	FM	_	“	_	_
34-16	3305-3310	herum	_	_	_	_	_	_	_	APZR	_	herum	false	_
34-17	3311-3321	schneidest	_	_	_	_	_	_	_	VVFIN	2.Sg.Pres.Ind	schneiden	_	_
34-18	3322-3323	,	_	_	_	_	_	_	_	$,	_	,	_	_
34-19	3324-3330	kannst	_	_	_	_	_	_	_	VVFIN	2.Sg.Pres.Ind	kannen	_	_
34-20	3331-3333	du	_	_	_	_	_	_	_	PPER	2.Nom.Sg.*	du	_	_
34-21	3334-3343	hinterher	_	_	_	_	_	_	_	ADV	_	hinterher	_	_
34-22	3344-3348	auch	_	_	_	_	_	_	_	ADV	_	auch	_	_
34-23	3349-3354	einen	_	_	_	_	_	_	_	ART	Acc.Sg.Masc	ein	false	_
34-24	3355-3361	Deckel	_	_	_	_	_	_	_	NN	Acc.Sg.Masc	Deckel	_	_
34-25	3362-3365	auf	_	_	_	_	_	_	_	APPR	_	auf	false	_
34-26	3366-3371	deine	_	_	_	_	_	_	_	PPOSAT	Acc.Sg.Fem	dein	_	_
34-27	3372-3377	Lampe	_	_	_	_	_	_	_	NN	Acc.Sg.Fem	Lampe	_	_
34-28	3378-3384	setzen	_	_	_	_	_	_	_	VVINF	Inf	setzen	_	false
34-29	3385-3386	,	_	_	_	_	_	_	_	$,	_	,	_	_
34-30	3387-3391	aber	_	_	_	_	_	_	_	KON	_	aber	false	_
34-31	3392-3395	das	_	_	_	_	_	_	_	PDS	Nom.Sg.Neut	der	_	_
34-32	3396-3399	ist	_	_	_	_	_	_	_	VAFIN	3.Sg.Pres.Ind	sein	_	_
34-33	3400-3405	nicht	_	_	_	_	_	_	_	PTKNEG	_	nicht	_	_
34-34	3406-3415	unbedingt	_	_	_	_	_	_	_	ADV	_	unbedingt	_	_
34-35	3416-3421	nötig	_	_	_	_	_	_	_	ADJD	Pos	nötig	_	_
34-36	3422-3423	.	_	_	_	_	_	_	_	$.	_	.	_	_
35-1	3426-3431	Jetzt	_	_	_	_	_	_	_	ADV	_	jetzt	_	_
35-2	3432-3439	stellst	_	_	_	_	_	_	_	VVFIN	2.Sg.Pres.Ind	stellen	_	false
35-3	3440-3442	du	_	_	_	_	_	_	_	PPER	2.Nom.Sg.*	du	_	_
35-4	3443-3446	den	_	_	_	_	_	_	_	ART	Acc.Sg.Masc	der	false	_
35-5	3447-3451	Teil	_	_	_	_	_	_	_	NN	Acc.Sg.Masc	Teil	_	_
35-6	3452-3455	mit	_	_	_	_	_	_	_	APPR	_	mit	false	_
35-7	3456-3459	dem	_	_	_	_	_	_	_	ART	Dat.Sg.Masc	der	false	_
35-8	3460-3465	Docht	_	_	_	_	_	_	_	NN	Dat.Sg.Neut	Docht	_	_
35-9	3466-3469	auf	_	_	_	_	_	_	_	APPR	_	auf	false	_
35-10	3470-3475	einen	_	_	_	_	_	_	_	ART	Acc.Sg.Masc	ein	false	_
35-11	3476-3482	Teller	_	_	_	_	_	_	_	NN	Acc.Sg.Masc	Teller	_	_
35-12	3483-3486	und	_	_	_	_	_	_	_	KON	_	und	false	_
35-13	3487-3493	füllst	_	_	_	_	_	_	_	VVFIN	3.Sg.Pres.Ind	füllsen	_	_
35-14	3494-3499	diese	_	_	_	_	_	_	_	PDAT	Acc.Sg.Fem	dieser	_	_
35-15	3500-3506	Hälfte	_	_	_	_	_	_	_	NN	Acc.Sg.Fem	Hälfte	_	_
35-16	3507-3510	mit	_	_	_	_	_	_	_	APPR	_	mit	false	_
35-17	3511-3514	ein	_	_	_	_	_	_	_	ART	*.*.*	ein	false	_
35-18	3515-3520	wenig	_	_	_	_	_	_	_	PIS	*.*.*	wenig	_	_
35-19	3521-3524	mit	_	_	_	_	_	_	_	APPR	_	mit	false	_
35-20	3525-3528	dem	_	_	_	_	_	_	_	ART	Dat.Sg.Neut	der	false	_
35-21	3529-3537	Küchenöl	_	_	_	_	_	_	_	NN	Dat.Sg.Neut	Küchenöl	_	_
35-22	3538-3539	.	_	_	_	_	_	_	_	$.	_	.	_	_
36-1	3542-3549	Wichtig	_	_	_	_	_	_	_	ADJD	Pos	wichtig	_	_
36-2	3550-3553	ist	_	_	_	_	_	_	_	VAFIN	3.Sg.Pres.Ind	sein	_	_
36-3	3554-3555	:	_	_	_	_	_	_	_	$.	_	:	_	_
36-4	3556-3560	Nimm	_	_	_	_	_	_	_	NE	Nom.Sg.Neut	Nimm	_	_
36-5	3561-3566	nicht	_	_	_	_	_	_	_	PTKNEG	_	nicht	_	_
36-6	3567-3569	zu	_	_	_	_	_	_	_	PTKA	_	zu	_	_
36-7	3570-3574	viel	_	_	_	_	_	_	_	PIS	*.*.*	viel	_	_
36-8	3575-3576	,	_	_	_	_	_	_	_	$,	_	,	_	_
36-9	3577-3580	die	_	_	_	_	_	_	_	ART	Nom.Sg.Fem	der	false	_
36-10	3581-3587	Spitze	_	_	_	_	_	_	_	NN	Nom.Sg.Fem	Spitze	_	_
36-11	3588-3591	des	_	_	_	_	_	_	_	ART	Gen.Sg.Masc	der	false	_
36-12	3592-3598	Dochts	_	_	_	_	_	_	_	NN	Gen.Sg.Masc	Docht	_	_
36-13	3599-3605	sollte	_	_	_	_	_	_	_	VMFIN	3.Sg.Past.Ind	sollen	_	_
36-14	3606-3610	noch	_	_	_	_	_	_	_	ADV	_	noch	_	_
36-15	3611-3614	aus	_	_	_	_	_	_	_	APPR	_	aus	false	_
36-16	3615-3618	dem	_	_	_	_	_	_	_	ART	Dat.Sg.Neut	der	false	_
36-17	3619-3621	Öl	_	_	_	_	_	_	_	NN	Dat.Sg.Neut	Öl	_	_
36-18	3622-3635	herausschauen	_	_	_	_	_	_	_	VVINF	Inf	herausschauen	_	_
36-19	3636-3637	.	_	_	_	_	_	_	_	$.	_	.	_	_
37-1	3640-3646	Tauche	_	_	_	_	_	_	_	VVFIN	3.Sg.Pres.Subj	tauchen	_	_
37-2	3647-3650	die	_	_	_	_	_	_	_	ART	Nom.Sg.Fem	der	false	_
37-3	3651-3657	Spitze	_	_	_	_	_	_	_	NN	Nom.Sg.Fem	Spitze	_	_
37-4	3658-3662	aber	_	_	_	_	_	_	_	ADV	_	aber	_	_
37-5	3663-3668	etwas	_	_	_	_	_	_	_	ADV	_	etwas	_	_
37-6	3669-3674	unter	_	_	_	_	_	_	_	PTKVZ	_	unter	false	_
37-7	3675-3678	und	_	_	_	_	_	_	_	KON	_	und	false	_
37-8	3679-3685	richte	_	_	_	_	_	_	_	VVFIN	3.Sg.Pres.Subj	richten	_	_
37-9	3686-3689	sie	_	_	_	_	_	_	_	PPER	3.Acc.Sg.Fem	sie	_	_
37-10	3690-3696	danach	_	_	_	_	_	_	_	PROAV	_	danach	_	_
37-11	3697-3703	wieder	_	_	_	_	_	_	_	ADV	_	wieder	_	_
37-12	3704-3707	auf	_	_	_	_	_	_	_	PTKVZ	_	auf	false	_
37-13	3708-3709	,	_	_	_	_	_	_	_	$,	_	,	_	_
37-14	3710-3715	damit	_	_	_	_	_	_	_	KOUS	_	damit	false	_
37-15	3716-3719	sie	_	_	_	_	_	_	_	PPER	3.Nom.Sg.Fem	sie	_	_
37-16	3720-3723	das	_	_	_	_	_	_	_	ART	Acc.Sg.Neut	der	false	_
37-17	3724-3726	Öl	_	_	_	_	_	_	_	NN	Acc.Sg.Neut	Öl	_	_
37-18	3727-3731	auch	_	_	_	_	_	_	_	ADV	_	auch	_	_
37-19	3732-3741	aufsaugen	_	_	_	_	_	_	_	VVINF	Inf	aufsaugen	_	_
37-20	3742-3746	kann	_	_	_	_	_	_	_	VMFIN	3.Sg.Pres.Ind	können	_	_
37-21	3747-3748	.	_	_	_	_	_	_	_	$.	_	.	_	_
38-1	3751-3756	Jetzt	_	_	_	_	_	_	_	ADV	_	jetzt	_	_
38-2	3757-3763	kannst	_	_	_	_	_	_	_	VVFIN	2.Sg.Pres.Ind	kannen	_	_
38-3	3764-3766	du	_	_	_	_	_	_	_	PPER	2.Nom.Sg.*	du	_	_
38-4	3767-3770	die	_	_	_	_	_	_	_	ART	Acc.Sg.Fem	der	false	_
38-5	3771-3776	Lampe	_	_	_	_	_	_	_	NN	Acc.Sg.Fem	Lampe	_	_
38-6	3777-3780	mit	_	_	_	_	_	_	_	APPR	_	mit	false	_
38-7	3781-3786	einem	_	_	_	_	_	_	_	ART	Dat.Sg.Neut	ein	false	_
38-8	3787-3798	Streichholz	_	_	_	_	_	_	_	NN	Dat.Sg.Neut	Streichholz	_	_
38-9	3799-3808	entzünden	_	_	_	_	_	_	_	VVINF	Inf	entzünden	_	_
38-10	3809-3810	.	_	_	_	_	_	_	_	$.	_	.	_	_
39-1	3813-3823	Herzlichen	_	_	_	_	_	_	_	ADJA	Pos.Acc.Sg.Masc	herzlich	_	_
39-2	3824-3835	Glückwunsch	_	_	_	_	_	_	_	NN	Acc.Sg.Masc	Glückwunsch	_	_
39-3	3836-3837	,	_	_	_	_	_	_	_	$,	_	,	_	_
39-4	3838-3840	Du	_	_	_	_	_	_	_	PPER	2.Nom.Sg.*	du	_	_
39-5	3841-3845	hast	_	_	_	_	_	_	_	VAFIN	2.Sg.Pres.Ind	haben	_	false
39-6	3846-3849	dir	_	_	_	_	_	_	_	PPER	2.Dat.Sg.*	dir	_	_
39-7	3850-3855	deine	_	_	_	_	_	_	_	PPOSAT	Acc.Sg.Fem	dein	_	_
39-8	3856-3862	eigene	_	_	_	_	_	_	_	ADJA	Pos.Acc.Sg.Fem	eigen	_	_
39-9	3863-3870	Öllampe	_	_	_	_	_	_	_	NN	Acc.Sg.Fem	Öllampe	_	_
39-10	3871-3877	gebaut	_	_	_	_	_	_	_	VVPP	Psp	bauen	_	_
39-11	3878-3879	.	_	_	_	_	_	_	_	$.	_	.	_	_
40-1	3882-3884	Am	_	_	_	_	_	_	_	APPRART	Dat.Sg.Masc	an	false	_
40-2	3885-3892	meisten	_	_	_	_	_	_	_	PIAT	*.*.*	meister	_	_
40-3	3893-3897	Spaß	_	_	_	_	_	_	_	NN	Dat.Sg.Masc	Spaß	_	_
40-4	3898-3903	macht	_	_	_	_	_	_	_	VVFIN	3.Sg.Pres.Ind	machen	_	false
40-5	3904-3907	das	_	_	_	_	_	_	_	PDS	Nom.Sg.Neut	der	_	_
40-6	3908-3910	im	_	_	_	_	_	_	_	APPRART	Dat.Sg.Masc	in	false	_
40-7	3911-3917	Winter	_	_	_	_	_	_	_	NN	Dat.Sg.Masc	Winter	_	_
40-8	3918-3919	,	_	_	_	_	_	_	_	$,	_	,	_	_
40-9	3920-3924	wenn	_	_	_	_	_	_	_	KOUS	_	wenn	false	_
40-10	3925-3927	es	_	_	_	_	_	_	_	PPER	3.Nom.Sg.Neut	es	_	_
40-11	3928-3935	draußen	_	_	_	_	_	_	_	ADV	_	draußen	_	_
40-12	3936-3942	dunkel	_	_	_	_	_	_	_	ADJD	Pos	dunkel	_	_
40-13	3943-3946	ist	_	_	_	_	_	_	_	VAFIN	3.Sg.Pres.Ind	sein	_	_
40-14	3947-3948	,	_	_	_	_	_	_	_	$,	_	,	_	_
40-15	3949-3952	und	_	_	_	_	_	_	_	KON	_	und	false	_
40-16	3953-3956	die	_	_	_	_	_	_	_	ART	Nom.Sg.Fem	der	false	_
40-17	3957-3972	Mandarinenlampe	_	_	_	_	_	_	_	NN	Nom.Sg.Fem	Mandarinenlampe	_	_
40-18	3973-3978	schön	_	_	_	_	_	_	_	ADJD	Pos	schön	_	_
40-19	3979-3983	nach	_	_	_	_	_	_	_	APPR	_	nach	false	_
40-20	3984-3995	Weihnachten	_	_	_	_	_	_	_	NN	Dat.Sg.Neut	Weihnachten	_	_
40-21	3996-4002	duftet	_	_	_	_	_	_	_	VVFIN	3.Sg.Pres.Ind	duften	_	_
40-22	4003-4004	.	_	_	_	_	_	_	_	$.	_	.	_	_
41-1	4007-4011	Wenn	_	_	_	_	_	_	_	KOUS	_	wenn	false	_
41-2	4012-4014	du	_	_	_	_	_	_	_	PPER	2.Nom.Sg.*	du	_	_
41-3	4015-4018	das	_	_	_	_	_	_	_	PDS	Acc.Sg.Neut	der	_	_
41-4	4019-4026	nochmal	_	_	_	_	_	_	_	ADV	_	nochmal	_	_
41-5	4027-4034	genauer	_	_	_	_	_	_	_	ADJD	Comp	genau	_	_
41-6	4035-4041	wissen	_	_	_	_	_	_	_	VVINF	Inf	wissen	_	_
41-7	4042-4050	möchtest	_	_	_	_	_	_	_	VVFIN	2.Sg.Pres.Ind	möchten	_	_
41-8	4051-4052	,	_	_	_	_	_	_	_	$,	_	,	_	_
41-9	4053-4058	suche	_	_	_	_	_	_	_	VVFIN	3.Sg.Pres.Subj	suchen	_	_
41-10	4059-4062	mit	_	_	_	_	_	_	_	APPR	_	mit	false	_
41-11	4063-4069	deinen	_	_	_	_	_	_	_	PPOSAT	Dat.Pl.*	dein	_	_
41-12	4070-4076	Eltern	_	_	_	_	_	_	_	NN	Dat.Pl.*	Eltern	_	_
41-13	4077-4093	Anleitungsvideos	_	_	_	_	_	_	_	NN	Acc.Pl.Neut	Anleitungsvideo	_	_
41-14	4094-4095	,	_	_	_	_	_	_	_	$,	_	,	_	_
41-15	4096-4099	von	_	_	_	_	_	_	_	APPR	_	von	false	_
41-16	4100-4105	denen	_	_	_	_	_	_	_	PRELS	Dat.Pl.Neut	der	_	_
41-17	4106-4108	es	_	_	_	_	_	_	_	PPER	3.Nom.Sg.Neut	es	_	_
41-18	4109-4113	sehr	_	_	_	_	_	_	_	ADV	_	sehr	_	_
41-19	4114-4119	viele	_	_	_	_	_	_	_	PIS	Acc.Pl.*	viele	_	_
41-20	4120-4124	gibt	_	_	_	_	_	_	_	VVFIN	3.Sg.Pres.Ind	geben	_	false
41-21	4125-4126	.	_	_	_	_	_	_	_	$.	_	.	_	_
42-1	4129-4131	Zu	_	_	_	_	_	_	_	APPR	_	zu	false	_
42-2	4132-4137	einer	_	_	_	_	_	_	_	ART	Dat.Sg.Fem	ein	false	_
42-3	4138-4143	Lampe	_	_	_	_	_	_	_	NN	Dat.Sg.Fem	Lampe	_	_
42-4	4144-4151	gehören	_	_	_	_	_	_	_	VVFIN	3.Pl.Pres.Ind	gehören	_	_
42-5	4152-4157	immer	_	_	_	_	_	_	_	ADV	_	immer	_	_
42-6	4158-4162	zwei	_	_	_	_	_	_	_	CARD	_	zwei	_	_
42-7	4163-4168	Teile	_	_	_	_	_	_	_	NN	Nom.Pl.Masc	Teil	_	_
42-8	4169-4170	:	_	_	_	_	_	_	_	$.	_	:	_	_
42-9	4171-4174	Der	_	_	_	_	_	_	_	ART	Nom.Sg.Masc	der	false	_
42-10	4175-4185	Brennstoff	_	_	_	_	_	_	_	NN	Nom.Sg.Masc	Brennstoff	_	_
42-11	4186-4187	,	_	_	_	_	_	_	_	$,	_	,	_	_
42-12	4188-4191	wir	_	_	_	_	_	_	_	PPER	1.Nom.Pl.*	wir	_	_
42-13	4192-4198	nennen	_	_	_	_	_	_	_	VVFIN	1.Pl.Pres.Ind	nennen	_	_
42-14	4199-4202	ihn	_	_	_	_	_	_	_	PPER	3.Acc.Sg.Masc	ihn	_	_
42-15	4203-4207	auch	_	_	_	_	_	_	_	ADV	_	auch	_	_
42-16	4208-4221	Energieträger	_	_	_	_	_	_	_	NN	Nom.Sg.Masc	Energieträger	_	_
42-17	4222-4223	,	_	_	_	_	_	_	_	$,	_	,	_	_
42-18	4224-4228	weil	_	_	_	_	_	_	_	KOUS	_	weil	false	_
42-19	4229-4231	er	_	_	_	_	_	_	_	PPER	3.Nom.Sg.Masc	er	_	_
42-20	4232-4235	die	_	_	_	_	_	_	_	ART	Acc.Sg.Fem	der	false	_
42-21	4236-4243	Energie	_	_	_	_	_	_	_	NN	Acc.Sg.Fem	Energie	_	_
42-22	4244-4253	überträgt	_	_	_	_	_	_	_	VVFIN	3.Sg.Pres.Ind	übertragen	_	_
42-23	4254-4255	,	_	_	_	_	_	_	_	$,	_	,	_	_
42-24	4256-4260	kann	_	_	_	_	_	_	_	VMFIN	3.Sg.Pres.Ind	können	_	_
42-25	4261-4263	Öl	_	_	_	_	_	_	_	NN	Acc.Sg.Neut	Öl	_	_
42-26	4264-4265	,	_	_	_	_	_	_	_	$,	_	,	_	_
42-27	4266-4271	Wachs	_	_	_	_	_	_	_	NN	Nom.Sg.Neut	Wachs	_	_
42-28	4272-4273	,	_	_	_	_	_	_	_	$,	_	,	_	_
42-29	4274-4277	Gas	_	_	_	_	_	_	_	NN	Nom.Sg.Neut	Gas	_	_
42-30	4278-4282	oder	_	_	_	_	_	_	_	KON	_	oder	false	_
42-31	4283-4288	Strom	_	_	_	_	_	_	_	NN	Acc.Sg.Masc	Strom	_	_
42-32	4289-4293	sein	_	_	_	_	_	_	_	VAINF	Inf	sein	_	_
42-33	4294-4295	,	_	_	_	_	_	_	_	$,	_	,	_	_
42-34	4296-4299	wie	_	_	_	_	_	_	_	PWAV	_	wie	_	_
42-35	4300-4302	du	_	_	_	_	_	_	_	PPER	2.Nom.Sg.*	du	_	_
42-36	4303-4307	oben	_	_	_	_	_	_	_	ADV	_	oben	_	_
42-37	4308-4313	schon	_	_	_	_	_	_	_	ADV	_	schon	_	_
42-38	4314-4321	gelernt	_	_	_	_	_	_	_	VVPP	Psp	lernen	_	_
42-39	4322-4326	hast	_	_	_	_	_	_	_	VAFIN	2.Sg.Pres.Ind	haben	_	false
42-40	4327-4328	.	_	_	_	_	_	_	_	$.	_	.	_	_
43-1	4331-4334	Die	_	_	_	_	_	_	_	ART	Nom.Sg.Fem	der	false	_
43-2	4335-4346	Brennstelle	_	_	_	_	_	_	_	NN	Nom.Sg.Fem	Brennstelle	_	_
43-3	4347-4350	ist	_	_	_	_	_	_	_	VAFIN	3.Sg.Pres.Ind	sein	_	_
43-4	4351-4354	der	_	_	_	_	_	_	_	ART	Dat.Sg.Fem	der	false	_
43-5	4355-4360	Docht	_	_	_	_	_	_	_	NN	Dat.Sg.Fem	Docht	_	_
43-6	4361-4366	einer	_	_	_	_	_	_	_	ART	Gen.Sg.Fem	ein	false	_
43-7	4367-4372	Kerze	_	_	_	_	_	_	_	NN	Gen.Sg.Fem	Kerze	_	_
43-8	4373-4377	oder	_	_	_	_	_	_	_	KON	_	oder	false	_
43-9	4378-4383	einer	_	_	_	_	_	_	_	ART	Dat.Sg.Fem	ein	false	_
43-10	4384-4391	Öllampe	_	_	_	_	_	_	_	NN	Dat.Sg.Fem	Öllampe	_	_
43-11	4392-4396	aber	_	_	_	_	_	_	_	ADV	_	aber	_	_
43-12	4397-4401	auch	_	_	_	_	_	_	_	ADV	_	auch	_	_
43-13	4402-4405	die	_	_	_	_	_	_	_	ART	Nom.Sg.Fem	der	false	_
43-14	4406-4416	sogenannte	_	_	_	_	_	_	_	ADJA	Pos.Nom.Sg.Fem	sogenannter	_	_
43-15	4417-4427	Glühwendel	_	_	_	_	_	_	_	NN	Nom.Sg.Fem	Glühwendel	_	_
43-16	4428-4430	in	_	_	_	_	_	_	_	APPR	_	in	false	_
43-17	4431-4436	einer	_	_	_	_	_	_	_	ART	Dat.Sg.Fem	ein	false	_
43-18	4437-4446	Glühlampe	_	_	_	_	_	_	_	NN	Dat.Sg.Fem	Glühlampe	_	_
43-19	4447-4448	.	_	_	_	_	_	_	_	$.	_	.	_	_
44-1	4451-4454	Wie	_	_	_	_	_	_	_	PWAV	_	wie	_	_
44-2	4455-4459	wird	_	_	_	_	_	_	_	VAFIN	3.Sg.Pres.Ind	werden	_	_
44-3	4460-4462	da	_	_	_	_	_	_	_	ADV	_	da	_	_
44-4	4463-4468	jetzt	_	_	_	_	_	_	_	ADV	_	jetzt	_	_
44-5	4469-4476	Energie	_	_	_	_	_	_	_	NN	Nom.Sg.Fem	Energie	_	_
44-6	4477-4479	in	_	_	_	_	_	_	_	APPR	_	in	false	_
44-7	4480-4485	Licht	_	_	_	_	_	_	_	NN	Acc.Sg.Neut	Licht	_	_
44-8	4486-4495	gewandelt	_	_	_	_	_	_	_	VVPP	Psp	wandeln	_	_
44-9	4496-4497	?	_	_	_	_	_	_	_	$.	_	?	_	_
45-1	4500-4505	Dafür	_	_	_	_	_	_	_	PROAV	_	dafür	_	_
45-2	4506-4512	müssen	_	_	_	_	_	_	_	VMFIN	1.Pl.Pres.Ind	müssen	_	_
45-3	4513-4516	wir	_	_	_	_	_	_	_	PPER	1.Nom.Pl.*	wir	_	_
45-4	4517-4520	als	_	_	_	_	_	_	_	APPR	_	als	false	_
45-5	4521-4527	erstes	_	_	_	_	_	_	_	ADJA	Pos.Nom.Sg.Neut	erster	_	_
45-6	4528-4537	verstehen	_	_	_	_	_	_	_	VVINF	Inf	verstehen	_	_
45-7	4538-4541	was	_	_	_	_	_	_	_	ADJA	Pos.Nom.Sg.Neut	was	_	_
45-8	4542-4547	Licht	_	_	_	_	_	_	_	NN	Nom.Sg.Neut	Licht	_	_
45-9	4548-4551	ist	_	_	_	_	_	_	_	VAFIN	3.Sg.Pres.Ind	sein	_	_
45-10	4552-4553	.	_	_	_	_	_	_	_	$.	_	.	_	_
46-1	4556-4561	Licht	_	_	_	_	_	_	_	NN	Nom.Sg.Neut	Licht	_	_
46-2	4562-4565	ist	_	_	_	_	_	_	_	VAFIN	3.Sg.Pres.Ind	sein	_	_
46-3	4566-4575	Strahlung	_	_	_	_	_	_	_	NN	Nom.Sg.Fem	Strahlung	_	_
46-4	4576-4577	.	_	_	_	_	_	_	_	$.	_	.	_	_
47-1	4580-4585	Stell	_	_	_	_	_	_	_	NE	Nom.Sg.*	Stell	_	_
47-2	4586-4589	dir	_	_	_	_	_	_	_	PPER	2.Dat.Sg.*	dir	_	_
47-3	4590-4593	vor	_	_	_	_	_	_	_	APPR	_	vor	false	_
47-4	4594-4596	du	_	_	_	_	_	_	_	PPER	2.Dat.Sg.*	du	_	_
47-5	4597-4601	hast	_	_	_	_	_	_	_	VAFIN	2.Sg.Pres.Ind	haben	_	false
47-6	4602-4606	eine	_	_	_	_	_	_	_	ART	Acc.Sg.Fem	ein	false	_
47-7	4607-4619	Sprühflasche	_	_	_	_	_	_	_	NN	Acc.Sg.Fem	Sprühflasche	_	_
47-8	4620-4623	für	_	_	_	_	_	_	_	APPR	_	für	false	_
47-9	4624-4627	den	_	_	_	_	_	_	_	ART	Acc.Sg.Masc	der	false	_
47-10	4628-4634	Garten	_	_	_	_	_	_	_	NN	Acc.Sg.Masc	Garten	_	_
47-11	4635-4636	,	_	_	_	_	_	_	_	$,	_	,	_	_
47-12	4637-4640	mit	_	_	_	_	_	_	_	APPR	_	mit	false	_
47-13	4641-4644	der	_	_	_	_	_	_	_	PRELS	Dat.Sg.Fem	der	_	_
47-14	4645-4647	du	_	_	_	_	_	_	_	PPER	2.Nom.Sg.*	du	_	_
47-15	4648-4654	Wasser	_	_	_	_	_	_	_	NN	Acc.Sg.Neut	Wasser	_	_
47-16	4655-4666	verspritzen	_	_	_	_	_	_	_	VVINF	Inf	verspritzen	_	_
47-17	4667-4673	willst	_	_	_	_	_	_	_	VMFIN	2.Sg.Pres.Ind	wollen	_	_
47-18	4674-4675	.	_	_	_	_	_	_	_	$.	_	.	_	_
48-1	4678-4687	Strahlung	_	_	_	_	_	_	_	NN	Acc.Sg.Fem	Strahlung	_	_
48-2	4688-4693	musst	_	_	_	_	_	_	_	VVFIN	2.Sg.Pres.Ind	mussen	_	_
48-3	4694-4696	du	_	_	_	_	_	_	_	PPER	2.Nom.Sg.*	du	_	_
48-4	4697-4700	dir	_	_	_	_	_	_	_	PPER	2.Dat.Sg.*	dir	_	_
48-5	4701-4708	genauso	_	_	_	_	_	_	_	ADV	_	genauso	_	_
48-6	4709-4719	vorstellen	_	_	_	_	_	_	_	VVINF	Inf	vorstellen	_	_
48-7	4720-4721	:	_	_	_	_	_	_	_	$.	_	:	_	_
48-8	4722-4724	Es	_	_	_	_	_	_	_	PPER	3.Nom.Sg.Neut	es	_	_
48-9	4725-4729	gibt	_	_	_	_	_	_	_	VVFIN	3.Sg.Pres.Ind	geben	_	false
48-10	4730-4734	eine	_	_	_	_	_	_	_	ART	Acc.Sg.Fem	ein	false	_
48-11	4735-4741	Quelle	_	_	_	_	_	_	_	NN	Acc.Sg.Fem	Quelle	_	_
48-12	4742-4743	(	_	_	_	_	_	_	_	$(	_	(	_	_
48-13	4744-4748	hier	_	_	_	_	_	_	_	ADV	_	hier	_	_
48-14	4749-4751	in	_	_	_	_	_	_	_	APPR	_	in	false	_
48-15	4752-4755	der	_	_	_	_	_	_	_	ART	Dat.Sg.Fem	der	false	_
48-16	4756-4769	Gartenspritze	_	_	_	_	_	_	_	NN	Dat.Sg.Fem	Gartenspritze	_	_
48-17	4770-4773	die	_	_	_	_	_	_	_	ART	Nom.Sg.Fem	der	false	_
48-18	4774-4778	Düse	_	_	_	_	_	_	_	NN	Nom.Sg.Fem	Düse	_	_
48-19	4779-4782	für	_	_	_	_	_	_	_	APPR	_	für	false	_
48-20	4783-4786	das	_	_	_	_	_	_	_	ART	Acc.Sg.Neut	der	false	_
48-21	4787-4793	Wasser	_	_	_	_	_	_	_	NN	Acc.Sg.Neut	Wasser	_	_
48-22	4794-4795	)	_	_	_	_	_	_	_	$(	_	)	_	_
48-23	4796-4799	von	_	_	_	_	_	_	_	APPR	_	von	false	_
48-24	4800-4803	der	_	_	_	_	_	_	_	ART	Dat.Sg.Fem	der	false	_
48-25	4804-4808	sich	_	_	_	_	_	_	_	PRF	3.Acc.Sg	sich	_	_
48-26	4809-4814	etwas	_	_	_	_	_	_	_	PIS	*.*.Neut	etwas	_	_
48-27	4815-4824	wegbewegt	_	_	_	_	_	_	_	VVFIN	3.Sg.Pres.Ind	wegbewegen	_	_
48-28	4825-4826	(	_	_	_	_	_	_	_	$(	_	(	_	_
48-29	4827-4831	also	_	_	_	_	_	_	_	ADV	_	also	_	_
48-30	4832-4835	das	_	_	_	_	_	_	_	ART	Acc.Sg.Neut	der	false	_
48-31	4836-4842	Wasser	_	_	_	_	_	_	_	NN	Nom.Sg.Neut	Wasser	_	_
48-32	4843-4844	)	_	_	_	_	_	_	_	$(	_	)	_	_
48-33	4845-4846	.	_	_	_	_	_	_	_	$.	_	.	_	_
49-1	4849-4851	Du	_	_	_	_	_	_	_	PPER	2.Nom.Sg.*	du	_	_
49-2	4852-4859	benutzt	_	_	_	_	_	_	_	VVFIN	3.Sg.Pres.Ind	benutzen	_	_
49-3	4860-4863	das	_	_	_	_	_	_	_	ART	Acc.Sg.Neut	der	false	_
49-4	4864-4868	Wort	_	_	_	_	_	_	_	NN	Acc.Sg.Neut	Wort	_	_
49-5	4869-4872	mit	_	_	_	_	_	_	_	APPR	_	mit	false	_
49-6	4873-4883	Sicherheit	_	_	_	_	_	_	_	NN	Dat.Sg.Fem	Sicherheit	_	_
49-7	4884-4888	auch	_	_	_	_	_	_	_	ADV	_	auch	_	_
49-8	4889-4894	schon	_	_	_	_	_	_	_	ADV	_	schon	_	_
49-9	4895-4896	,	_	_	_	_	_	_	_	$,	_	,	_	_
49-10	4897-4901	wenn	_	_	_	_	_	_	_	KOUS	_	wenn	false	_
49-11	4902-4904	du	_	_	_	_	_	_	_	PPER	2.Nom.Sg.*	du	_	_
49-12	4905-4908	mit	_	_	_	_	_	_	_	APPR	_	mit	false	_
49-13	4909-4915	deiner	_	_	_	_	_	_	_	PPOSAT	Dat.Sg.Fem	dein	_	_
49-14	4916-4928	Taschenlampe	_	_	_	_	_	_	_	NN	Dat.Sg.Fem	Taschenlampe	_	_
49-15	4929-4937	irgendwo	_	_	_	_	_	_	_	ADV	_	irgendwo	_	_
49-16	4938-4941	hin	_	_	_	_	_	_	_	ADV	_	hin	_	_
49-17	4942-4951	leuchtest	_	_	_	_	_	_	_	VVFIN	2.Sg.Pres.Ind	leuchten	_	_
49-18	4952-4957	sagst	_	_	_	_	_	_	_	VVFIN	2.Sg.Pres.Ind	sagen	_	_
49-19	4958-4960	du	_	_	_	_	_	_	_	PPER	2.Nom.Sg.*	du	_	_
49-20	4961-4962	:	_	_	_	_	_	_	_	$.	_	:	_	_
49-21	4963-4966	Der	_	_	_	_	_	_	_	ART	Nom.Sg.Masc	der	false	_
49-22	4967-4978	Lichtstrahl	_	_	_	_	_	_	_	NN	Nom.Sg.Masc	Lichtstrahl	_	_
49-23	4979-4984	fällt	_	_	_	_	_	_	_	VVFIN	3.Sg.Pres.Ind	fallen	_	_
49-24	4985-4988	auf	_	_	_	_	_	_	_	APPR	_	auf	false	_
49-25	4989-4992	das	_	_	_	_	_	_	_	ART	Acc.Sg.Neut	der	false	_
49-26	4993-4997	Buch	_	_	_	_	_	_	_	NN	Acc.Sg.Neut	Buch	_	_
49-27	4998-4999	.	_	_	_	_	_	_	_	$.	_	.	_	_
50-1	5002-5005	Wie	_	_	_	_	_	_	_	PWAV	_	wie	_	_
50-2	5006-5014	entsteht	_	_	_	_	_	_	_	VVFIN	3.Sg.Pres.Ind	entstehen	_	_
50-3	5015-5018	nun	_	_	_	_	_	_	_	ADV	_	nun	_	_
50-4	5019-5024	diese	_	_	_	_	_	_	_	PDAT	Nom.Sg.Fem	dieser	_	_
50-5	5025-5039	Lichtstrahlung	_	_	_	_	_	_	_	NN	Nom.Sg.Fem	Lichtstrahlung	_	_
50-6	5040-5041	?	_	_	_	_	_	_	_	$.	_	?	_	_
51-1	5044-5047	Wir	_	_	_	_	_	_	_	PPER	1.Nom.Pl.*	wir	_	_
51-2	5048-5053	haben	_	_	_	_	_	_	_	VAFIN	1.Pl.Pres.Ind	haben	_	false
51-3	5054-5056	im	_	_	_	_	_	_	_	APPRART	Dat.Sg.Neut	in	false	_
51-4	5057-5064	Kapitel	_	_	_	_	_	_	_	NN	Dat.Sg.Neut	Kapitel	_	_
51-5	5065-5069	über	_	_	_	_	_	_	_	APPR	_	über	false	_
51-6	5070-5075	Atome	_	_	_	_	_	_	_	NE	Acc.Sg.Neut	Atome	_	_
51-7	5076-5083	gelernt	_	_	_	_	_	_	_	VVPP	Psp	lernen	_	_
51-8	5084-5085	,	_	_	_	_	_	_	_	$,	_	,	_	_
51-9	5086-5090	dass	_	_	_	_	_	_	_	KOUS	_	dass	false	_
51-10	5091-5096	Atome	_	_	_	_	_	_	_	NE	Nom.Sg.*	Atome	_	_
51-11	5097-5107	Elektronen	_	_	_	_	_	_	_	VVPP	Psp	elektringen	_	_
51-12	5108-5113	haben	_	_	_	_	_	_	_	VAFIN	3.Pl.Pres.Ind	haben	_	false
51-13	5114-5115	,	_	_	_	_	_	_	_	$,	_	,	_	_
51-14	5116-5119	die	_	_	_	_	_	_	_	PRELS	Nom.Pl.Fem	der	_	_
51-15	5120-5123	die	_	_	_	_	_	_	_	ART	Acc.Sg.Fem	der	false	_
51-16	5124-5133	Atomkerne	_	_	_	_	_	_	_	NN	Acc.Sg.Fem	Atomkerne	_	_
51-17	5134-5137	auf	_	_	_	_	_	_	_	APPR	_	auf	false	_
51-18	5138-5155	unterschiedlichen	_	_	_	_	_	_	_	ADJA	Pos.Dat.Pl.Fem	unterschiedlich	_	_
51-19	5156-5162	Bahnen	_	_	_	_	_	_	_	NN	Dat.Pl.Fem	Bahn	_	_
51-20	5163-5172	umkreisen	_	_	_	_	_	_	_	VVFIN	3.Pl.Pres.Ind	umkreisen	_	_
51-21	5173-5174	.	_	_	_	_	_	_	_	$.	_	.	_	_
52-1	5177-5183	Manche	_	_	_	_	_	_	_	PIAT	Nom.Pl.Fem	mancher	_	_
52-2	5184-5194	Elektronen	_	_	_	_	_	_	_	NN	Nom.Pl.Fem	Elektrone	_	_
52-3	5195-5199	sind	_	_	_	_	_	_	_	VAFIN	3.Pl.Pres.Ind	sein	_	_
52-4	5200-5207	dichter	_	_	_	_	_	_	_	ADJD	Comp	dicht	_	_
52-5	5208-5210	am	_	_	_	_	_	_	_	APPRART	Dat.Sg.Masc	an	false	_
52-6	5211-5215	Kern	_	_	_	_	_	_	_	NN	Dat.Sg.Masc	Kern	_	_
52-7	5216-5219	als	_	_	_	_	_	_	_	KOKOM	_	als	false	_
52-8	5220-5226	andere	_	_	_	_	_	_	_	PIS	Nom.Pl.*	anderer	_	_
52-9	5227-5228	.	_	_	_	_	_	_	_	$.	_	.	_	_
53-1	5231-5235	Wenn	_	_	_	_	_	_	_	KOUS	_	wenn	false	_
53-2	5236-5241	jetzt	_	_	_	_	_	_	_	ADV	_	jetzt	_	_
53-3	5242-5247	durch	_	_	_	_	_	_	_	APPR	_	durch	false	_
53-4	5248-5259	irgendeinen	_	_	_	_	_	_	_	PIAT	Acc.Sg.Masc	irgendein	_	_
53-5	5260-5266	Effekt	_	_	_	_	_	_	_	NN	Acc.Sg.Masc	Effekt	_	_
53-6	5267-5268	(	_	_	_	_	_	_	_	$(	_	(	_	_
53-7	5269-5277	chemisch	_	_	_	_	_	_	_	ADJD	Pos	chemisch	_	_
53-8	5278-5283	durch	_	_	_	_	_	_	_	APPR	_	durch	false	_
53-9	5284-5295	Verbrennung	_	_	_	_	_	_	_	NN	Acc.Sg.Fem	Verbrennung	_	_
53-10	5296-5300	oder	_	_	_	_	_	_	_	KON	_	oder	false	_
53-11	5301-5311	elektrisch	_	_	_	_	_	_	_	ADJD	Pos	elektrisch	_	_
53-12	5312-5315	wie	_	_	_	_	_	_	_	KOKOM	_	wie	false	_
53-13	5316-5318	in	_	_	_	_	_	_	_	APPR	_	in	false	_
53-14	5319-5322	der	_	_	_	_	_	_	_	ART	Dat.Sg.Fem	der	false	_
53-15	5323-5332	Glühlampe	_	_	_	_	_	_	_	NN	Dat.Sg.Fem	Glühlampe	_	_
53-16	5333-5334	)	_	_	_	_	_	_	_	$(	_	)	_	_
53-17	5335-5338	ein	_	_	_	_	_	_	_	ART	Nom.Sg.Masc	ein	false	_
53-18	5339-5347	Elektron	_	_	_	_	_	_	_	NN	Nom.Sg.Masc	Elektron	_	_
53-19	5348-5351	die	_	_	_	_	_	_	_	ART	Acc.Sg.Fem	der	false	_
53-20	5352-5356	Bahn	_	_	_	_	_	_	_	NN	Acc.Sg.Fem	Bahn	_	_
53-21	5357-5365	wechselt	_	_	_	_	_	_	_	VVFIN	3.Sg.Pres.Ind	wechseln	_	_
53-22	5366-5367	,	_	_	_	_	_	_	_	$,	_	,	_	_
53-23	5368-5372	dann	_	_	_	_	_	_	_	ADV	_	dann	_	_
53-24	5373-5381	entsteht	_	_	_	_	_	_	_	VVFIN	3.Sg.Pres.Ind	entstehen	_	_
53-25	5382-5385	bei	_	_	_	_	_	_	_	APPR	_	bei	false	_
53-26	5386-5392	diesem	_	_	_	_	_	_	_	PDAT	Dat.Sg.Masc	dieser	_	_
53-27	5393-5404	Bahnwechsel	_	_	_	_	_	_	_	NN	Dat.Sg.Masc	Bahnwechsel	_	_
53-28	5405-5414	Strahlung	_	_	_	_	_	_	_	NN	Nom.Sg.Fem	Strahlung	_	_
53-29	5415-5416	.	_	_	_	_	_	_	_	$.	_	.	_	_
54-1	5419-5426	Hierbei	_	_	_	_	_	_	_	PROAV	_	hierbei	_	_
54-2	5427-5435	entsteht	_	_	_	_	_	_	_	VVFIN	3.Sg.Pres.Ind	entstehen	_	_
54-3	5436-5441	nicht	_	_	_	_	_	_	_	PTKNEG	_	nicht	_	_
54-4	5442-5445	nur	_	_	_	_	_	_	_	ADV	_	nur	_	_
54-5	5446-5460	Lichtstrahlung	_	_	_	_	_	_	_	NN	Nom.Sg.Fem	Lichtstrahlung	_	_
54-6	5461-5462	,	_	_	_	_	_	_	_	$,	_	,	_	_
54-7	5463-5470	sondern	_	_	_	_	_	_	_	KON	_	sondern	false	_
54-8	5471-5475	auch	_	_	_	_	_	_	_	ADV	_	auch	_	_
54-9	5476-5479	zum	_	_	_	_	_	_	_	APPRART	Dat.Sg.Neut	zu	false	_
54-10	5480-5488	Beispiel	_	_	_	_	_	_	_	NN	Dat.Sg.Neut	Beispiel	_	_
54-11	5489-5503	Wärmestrahlung	_	_	_	_	_	_	_	NN	Nom.Sg.Fem	Wärmestrahlung	_	_
54-12	5504-5505	,	_	_	_	_	_	_	_	$,	_	,	_	_
54-13	5506-5509	was	_	_	_	_	_	_	_	PWS	Nom.Sg.Neut	was	_	_
54-14	5510-5515	einer	_	_	_	_	_	_	_	PIS	Nom.Sg.Masc	einer	_	_
54-15	5516-5519	der	_	_	_	_	_	_	_	ART	Gen.Pl.Masc	der	false	_
54-16	5520-5526	Gründe	_	_	_	_	_	_	_	NN	Gen.Pl.Masc	Grund	_	_
54-17	5527-5530	ist	_	_	_	_	_	_	_	VAFIN	3.Sg.Pres.Ind	sein	_	_
54-18	5531-5532	,	_	_	_	_	_	_	_	$,	_	,	_	_
54-19	5533-5538	warum	_	_	_	_	_	_	_	PWAV	_	warum	_	_
54-20	5539-5545	Lampen	_	_	_	_	_	_	_	NN	Nom.Pl.Fem	Lampe	_	_
54-21	5546-5550	warm	_	_	_	_	_	_	_	ADJD	Pos	warm	_	_
54-22	5551-5555	sind	_	_	_	_	_	_	_	VAFIN	3.Pl.Pres.Ind	sein	_	_
54-23	5556-5557	.	_	_	_	_	_	_	_	$.	_	.	_	_
55-1	5560-5564	Eine	_	_	_	_	_	_	_	ART	Nom.Sg.Fem	ein	false	_
55-2	5565-5570	Lampe	_	_	_	_	_	_	_	NN	Nom.Sg.Fem	Lampe	_	_
55-3	5571-5578	wandelt	_	_	_	_	_	_	_	VVFIN	3.Sg.Pres.Ind	wandeln	_	_
55-4	5579-5582	die	_	_	_	_	_	_	_	ART	Acc.Sg.Fem	der	false	_
55-5	5583-5590	Energie	_	_	_	_	_	_	_	NN	Acc.Sg.Fem	Energie	_	_
55-6	5591-5592	,	_	_	_	_	_	_	_	$,	_	,	_	_
55-7	5593-5596	die	_	_	_	_	_	_	_	PRELS	Nom.Sg.Fem	der	_	_
55-8	5597-5599	in	_	_	_	_	_	_	_	APPR	_	in	false	_
55-9	5600-5604	Form	_	_	_	_	_	_	_	NN	Dat.Sg.Fem	Form	_	_
55-10	5605-5608	des	_	_	_	_	_	_	_	ART	Gen.Sg.Masc	der	false	_
55-11	5609-5620	Brennstoffs	_	_	_	_	_	_	_	NN	Gen.Sg.Masc	Brennstoff	_	_
55-12	5621-5630	zugeführt	_	_	_	_	_	_	_	VVPP	Psp	zuführen	_	_
55-13	5631-5635	wird	_	_	_	_	_	_	_	VAFIN	3.Sg.Pres.Ind	werden	_	_
55-14	5636-5638	in	_	_	_	_	_	_	_	APPR	_	in	false	_
55-15	5639-5644	Licht	_	_	_	_	_	_	_	NN	Dat.Sg.Neut	Licht	_	_
55-16	5645-5648	und	_	_	_	_	_	_	_	KON	_	und	false	_
55-17	5649-5654	Wärme	_	_	_	_	_	_	_	NN	Dat.Sg.Fem	Wärme	_	_
55-18	5655-5656	.	_	_	_	_	_	_	_	$.	_	.	_	_
56-1	5659-5667	Entweder	_	_	_	_	_	_	_	KON	_	entweder	false	_
56-2	5668-5677	geschieht	_	_	_	_	_	_	_	VVFIN	3.Sg.Pres.Ind	geschehen	_	_
56-3	5678-5681	das	_	_	_	_	_	_	_	PDS	Nom.Sg.Neut	der	_	_
56-4	5682-5690	chemisch	_	_	_	_	_	_	_	ADJD	Pos	chemisch	_	_
56-5	5691-5694	bei	_	_	_	_	_	_	_	APPR	_	bei	false	_
56-6	5695-5698	der	_	_	_	_	_	_	_	ART	Dat.Sg.Fem	der	false	_
56-7	5699-5710	Verbrennung	_	_	_	_	_	_	_	NN	Dat.Sg.Fem	Verbrennung	_	_
56-8	5711-5712	,	_	_	_	_	_	_	_	$,	_	,	_	_
56-9	5713-5717	oder	_	_	_	_	_	_	_	KON	_	oder	false	_
56-10	5718-5723	durch	_	_	_	_	_	_	_	APPR	_	durch	false	_
56-11	5724-5727	die	_	_	_	_	_	_	_	ART	Acc.Sg.Fem	der	false	_
56-12	5728-5735	Nutzung	_	_	_	_	_	_	_	NN	Acc.Sg.Fem	Nutzung	_	_
56-13	5736-5746	bestimmter	_	_	_	_	_	_	_	ADJA	Pos.Gen.Pl.Masc	bestimmt	_	_
56-14	5747-5759	elektrischer	_	_	_	_	_	_	_	ADJA	Pos.Gen.Pl.Masc	elektrisch	_	_
56-15	5760-5767	Effekte	_	_	_	_	_	_	_	NN	Gen.Pl.Masc	Effekt	_	_
56-16	5768-5769	.	_	_	_	_	_	_	_	$.	_	.	_	_
57-1	5772-5775	Ein	_	_	_	_	_	_	_	ART	*.*.*	ein	false	_
57-2	5776-5780	paar	_	_	_	_	_	_	_	PIAT	*.*.*	paar	_	_
57-3	5781-5786	davon	_	_	_	_	_	_	_	PROAV	_	davon	_	_
57-4	5787-5793	werden	_	_	_	_	_	_	_	VAFIN	1.Pl.Pres.Ind	werden	_	_
57-5	5794-5797	wir	_	_	_	_	_	_	_	PPER	1.Nom.Pl.*	wir	_	_
57-6	5798-5801	uns	_	_	_	_	_	_	_	PRF	1.Acc.Pl	sich	_	_
57-7	5802-5806	noch	_	_	_	_	_	_	_	ADV	_	noch	_	_
57-8	5807-5813	später	_	_	_	_	_	_	_	ADJD	Comp	spät	_	_
57-9	5814-5822	woanders	_	_	_	_	_	_	_	ADV	_	woanders	_	_
57-10	5823-5832	anschauen	_	_	_	_	_	_	_	VVINF	Inf	anschauen	_	_
57-11	5833-5834	.	_	_	_	_	_	_	_	$.	_	.	_	_
58-1	5837-5840	Die	_	_	_	_	_	_	_	ART	Nom.Sg.Fem	der	false	_
58-2	5841-5848	Energie	_	_	_	_	_	_	_	NN	Nom.Sg.Fem	Energie	_	_
58-3	5849-5854	kommt	_	_	_	_	_	_	_	VVFIN	3.Sg.Pres.Ind	kommen	_	false
58-4	5855-5859	also	_	_	_	_	_	_	_	ADV	_	also	_	_
58-5	5860-5868	entweder	_	_	_	_	_	_	_	KON	_	entweder	false	_
58-6	5869-5872	aus	_	_	_	_	_	_	_	APPR	_	aus	false	_
58-7	5873-5878	einem	_	_	_	_	_	_	_	ART	Dat.Sg.Neut	ein	false	_
58-8	5879-5888	Kraftwerk	_	_	_	_	_	_	_	NN	Dat.Sg.Neut	Kraftwerk	_	_
58-9	5889-5890	,	_	_	_	_	_	_	_	$,	_	,	_	_
58-10	5891-5896	einer	_	_	_	_	_	_	_	ART	Dat.Sg.Fem	ein	false	_
58-11	5897-5905	Batterie	_	_	_	_	_	_	_	NN	Dat.Sg.Fem	Batterie	_	_
58-12	5906-5910	oder	_	_	_	_	_	_	_	KON	_	oder	false	_
58-13	5911-5914	aus	_	_	_	_	_	_	_	APPR	_	aus	false	_
58-14	5915-5920	einem	_	_	_	_	_	_	_	ART	Dat.Sg.Masc	ein	false	_
58-15	5921-5931	Brennstoff	_	_	_	_	_	_	_	NN	Dat.Sg.Masc	Brennstoff	_	_
58-16	5932-5933	,	_	_	_	_	_	_	_	$,	_	,	_	_
58-17	5934-5937	wie	_	_	_	_	_	_	_	KOKOM	_	wie	false	_
58-18	5938-5943	Wachs	_	_	_	_	_	_	_	NE	Nom.Sg.*	Wachs	_	_
58-19	5944-5945	,	_	_	_	_	_	_	_	$,	_	,	_	_
58-20	5946-5948	Öl	_	_	_	_	_	_	_	NN	Dat.Sg.Neut	Öl	_	_
58-21	5949-5953	oder	_	_	_	_	_	_	_	KON	_	oder	false	_
58-22	5954-5958	Holz	_	_	_	_	_	_	_	NN	Dat.Sg.Neut	Holz	_	_
58-23	5959-5960	.	_	_	_	_	_	_	_	$.	_	.	_	_
59-1	5963-5967	Eine	_	_	_	_	_	_	_	ART	Nom.Sg.Fem	ein	false	_
59-2	5968-5973	Lampe	_	_	_	_	_	_	_	NN	Nom.Sg.Fem	Lampe	_	_
59-3	5974-5977	ist	_	_	_	_	_	_	_	VAFIN	3.Sg.Pres.Ind	sein	_	_
59-4	5978-5991	hauptsächlich	_	_	_	_	_	_	_	ADJD	Pos	hauptsächlich	_	_
59-5	5992-6002	gefährlich	_	_	_	_	_	_	_	ADJD	Pos	gefährlich	_	_
59-6	6003-6007	weil	_	_	_	_	_	_	_	KOUS	_	weil	false	_
59-7	6008-6011	sie	_	_	_	_	_	_	_	PPER	3.Nom.Sg.Fem	sie	_	_
59-8	6012-6016	warm	_	_	_	_	_	_	_	ADJD	Pos	warm	_	_
59-9	6017-6020	ist	_	_	_	_	_	_	_	VAFIN	3.Sg.Pres.Ind	sein	_	_
59-10	6021-6022	.	_	_	_	_	_	_	_	$.	_	.	_	_
60-1	6025-6028	Sie	_	_	_	_	_	_	_	PPER	3.Nom.Sg.Fem	sie	_	_
60-2	6029-6032	ist	_	_	_	_	_	_	_	VAFIN	3.Sg.Pres.Ind	sein	_	_
60-3	6033-6040	richtig	_	_	_	_	_	_	_	ADJD	Pos	richtig	_	_
60-4	6041-6045	heiß	_	_	_	_	_	_	_	ADJD	Pos	heiß	_	_
60-5	6046-6047	.	_	_	_	_	_	_	_	$.	_	.	_	_
61-1	6050-6054	Ganz	_	_	_	_	_	_	_	ADV	_	ganz	_	_
61-2	6055-6059	klar	_	_	_	_	_	_	_	ADJD	Pos	klar	_	_
61-3	6060-6063	ist	_	_	_	_	_	_	_	VAFIN	3.Sg.Pres.Ind	sein	_	_
61-4	6064-6067	das	_	_	_	_	_	_	_	PDS	Nom.Sg.Neut	der	_	_
61-5	6068-6071	bei	_	_	_	_	_	_	_	APPR	_	bei	false	_
61-6	6072-6080	Öllampen	_	_	_	_	_	_	_	NN	Dat.Pl.Fem	Öllampe	_	_
61-7	6081-6084	und	_	_	_	_	_	_	_	KON	_	und	false	_
61-8	6085-6091	Kerzen	_	_	_	_	_	_	_	NN	Dat.Pl.Fem	Kerze	_	_
61-9	6092-6093	,	_	_	_	_	_	_	_	$,	_	,	_	_
61-10	6094-6097	die	_	_	_	_	_	_	_	PRELS	Nom.Pl.Fem	der	_	_
61-11	6098-6105	brennen	_	_	_	_	_	_	_	VVFIN	3.Pl.Pres.Ind	brennen	_	_
61-12	6106-6107	.	_	_	_	_	_	_	_	$.	_	.	_	_
62-1	6110-6112	Du	_	_	_	_	_	_	_	PPER	2.Nom.Sg.*	du	_	_
62-2	6113-6119	kannst	_	_	_	_	_	_	_	VVFIN	2.Sg.Pres.Ind	kannen	_	_
62-3	6120-6123	die	_	_	_	_	_	_	_	ART	Acc.Sg.Fem	der	false	_
62-4	6124-6130	Flamme	_	_	_	_	_	_	_	NN	Acc.Sg.Fem	Flamme	_	_
62-5	6131-6136	nicht	_	_	_	_	_	_	_	PTKNEG	_	nicht	_	_
62-6	6137-6145	berühren	_	_	_	_	_	_	_	VVINF	Inf	berühren	_	_
62-7	6146-6150	ohne	_	_	_	_	_	_	_	KOUI	_	ohne	false	_
62-8	6151-6155	dich	_	_	_	_	_	_	_	PPER	2.Acc.Sg.*	dich	_	_
62-9	6156-6161	stark	_	_	_	_	_	_	_	ADJD	Pos	stark	_	_
62-10	6162-6164	zu	_	_	_	_	_	_	_	PTKZU	_	zu	false	_
62-11	6165-6175	verbrennen	_	_	_	_	_	_	_	VVINF	Inf	verbrennen	_	_
62-12	6176-6177	.	_	_	_	_	_	_	_	$.	_	.	_	_
63-1	6180-6184	Aber	_	_	_	_	_	_	_	KON	_	aber	false	_
63-2	6185-6189	auch	_	_	_	_	_	_	_	ADV	_	auch	_	_
63-3	6190-6196	andere	_	_	_	_	_	_	_	ADJA	Pos.Nom.Pl.Fem	anderer	_	_
63-4	6197-6203	Lampen	_	_	_	_	_	_	_	NN	Nom.Pl.Fem	Lampe	_	_
63-5	6204-6210	werden	_	_	_	_	_	_	_	VAFIN	3.Pl.Pres.Ind	werden	_	_
63-6	6211-6215	heiß	_	_	_	_	_	_	_	ADJD	Pos	heiß	_	_
63-7	6216-6217	,	_	_	_	_	_	_	_	$,	_	,	_	_
63-8	6218-6221	und	_	_	_	_	_	_	_	KON	_	und	false	_
63-9	6222-6228	können	_	_	_	_	_	_	_	VMFIN	3.Pl.Pres.Ind	können	_	_
63-10	6229-6234	damit	_	_	_	_	_	_	_	PROAV	_	damit	_	_
63-11	6235-6241	andere	_	_	_	_	_	_	_	ADJA	Pos.Acc.Pl.Neut	anderer	_	_
63-12	6242-6247	Dinge	_	_	_	_	_	_	_	NN	Nom.Pl.Neut	Ding	_	_
63-13	6248-6257	entzünden	_	_	_	_	_	_	_	VVINF	Inf	entzünden	_	_
63-14	6258-6259	.	_	_	_	_	_	_	_	$.	_	.	_	_
64-1	6262-6266	Wenn	_	_	_	_	_	_	_	KOUS	_	wenn	false	_
64-2	6267-6269	du	_	_	_	_	_	_	_	PPER	2.Nom.Sg.*	du	_	_
64-3	6270-6274	also	_	_	_	_	_	_	_	ADV	_	also	_	_
64-4	6275-6281	Lampen	_	_	_	_	_	_	_	NN	Acc.Pl.Fem	Lampe	_	_
64-5	6282-6285	mit	_	_	_	_	_	_	_	APPR	_	mit	false	_
64-6	6286-6291	einer	_	_	_	_	_	_	_	ART	Dat.Sg.Fem	ein	false	_
64-7	6292-6297	Decke	_	_	_	_	_	_	_	NN	Dat.Sg.Fem	Decke	_	_
64-8	6298-6306	bedeckst	_	_	_	_	_	_	_	VVFIN	2.Sg.Pres.Ind	bedecken	_	_
64-9	6307-6308	,	_	_	_	_	_	_	_	$,	_	,	_	_
64-10	6309-6313	weil	_	_	_	_	_	_	_	KOUS	_	weil	false	_
64-11	6314-6316	du	_	_	_	_	_	_	_	PPER	2.Nom.Sg.*	du	_	_
64-12	6317-6319	es	_	_	_	_	_	_	_	PPER	3.Acc.Sg.Neut	es	_	_
64-13	6320-6325	nicht	_	_	_	_	_	_	_	PTKNEG	_	nicht	_	_
64-14	6326-6328	so	_	_	_	_	_	_	_	ADV	_	so	_	_
64-15	6329-6333	hell	_	_	_	_	_	_	_	ADJD	Pos	hell	_	_
64-16	6334-6339	haben	_	_	_	_	_	_	_	VAINF	Inf	haben	_	false
64-17	6340-6348	möchtest	_	_	_	_	_	_	_	VVFIN	2.Sg.Pres.Ind	möchten	_	_
64-18	6349-6350	,	_	_	_	_	_	_	_	$,	_	,	_	_
64-19	6351-6354	ist	_	_	_	_	_	_	_	VAFIN	3.Sg.Pres.Ind	sein	_	_
64-20	6355-6358	das	_	_	_	_	_	_	_	PDS	Nom.Sg.Neut	der	_	_
64-21	6359-6363	sehr	_	_	_	_	_	_	_	ADV	_	sehr	_	_
64-22	6364-6374	gefährlich	_	_	_	_	_	_	_	ADJD	Pos	gefährlich	_	_
64-23	6375-6376	,	_	_	_	_	_	_	_	$,	_	,	_	_
64-24	6377-6381	denn	_	_	_	_	_	_	_	KON	_	denn	false	_
64-25	6382-6385	die	_	_	_	_	_	_	_	ART	Nom.Sg.Fem	der	false	_
64-26	6386-6391	Wärme	_	_	_	_	_	_	_	NN	Nom.Sg.Fem	Wärme	_	_
64-27	6392-6395	der	_	_	_	_	_	_	_	ART	Gen.Sg.Fem	der	false	_
64-28	6396-6401	Lampe	_	_	_	_	_	_	_	NN	Gen.Sg.Fem	Lampe	_	_
64-29	6402-6406	kann	_	_	_	_	_	_	_	VMFIN	3.Sg.Pres.Ind	können	_	_
64-30	6407-6411	dazu	_	_	_	_	_	_	_	PROAV	_	dazu	_	_
64-31	6412-6418	führen	_	_	_	_	_	_	_	VVINF	Inf	führen	_	false
64-32	6419-6420	,	_	_	_	_	_	_	_	$,	_	,	_	_
64-33	6421-6425	dass	_	_	_	_	_	_	_	KOUS	_	dass	false	_
64-34	6426-6430	sich	_	_	_	_	_	_	_	PRF	3.Acc.Sg	sich	_	_
64-35	6431-6434	die	_	_	_	_	_	_	_	ART	Nom.Sg.Fem	der	false	_
64-36	6435-6440	Decke	_	_	_	_	_	_	_	NN	Nom.Sg.Fem	Decke	_	_
64-37	6441-6449	enzündet	_	_	_	_	_	_	_	VVFIN	3.Sg.Pres.Ind	enzünden	_	_
64-38	6450-6451	.	_	_	_	_	_	_	_	$.	_	.	_	_
65-1	6454-6459	Feuer	_	_	_	_	_	_	_	NN	Nom.Sg.Neut	Feuer	_	_
65-2	6460-6463	ist	_	_	_	_	_	_	_	VAFIN	3.Sg.Pres.Ind	sein	_	_
65-3	6464-6468	sehr	_	_	_	_	_	_	_	ADV	_	sehr	_	_
65-4	6469-6479	gefährlich	_	_	_	_	_	_	_	ADJD	Pos	gefährlich	_	_
65-5	6480-6481	,	_	_	_	_	_	_	_	$,	_	,	_	_
65-6	6482-6486	weil	_	_	_	_	_	_	_	KOUS	_	weil	false	_
65-7	6487-6489	es	_	_	_	_	_	_	_	PPER	3.Nom.Sg.Neut	es	_	_
65-8	6490-6494	sich	_	_	_	_	_	_	_	PRF	3.Acc.Sg	sich	_	_
65-9	6495-6501	selbst	_	_	_	_	_	_	_	ADV	_	selbst	_	_
65-10	6502-6508	erhält	_	_	_	_	_	_	_	VVFIN	3.Sg.Pres.Ind	erhalten	_	_
65-11	6509-6512	und	_	_	_	_	_	_	_	KON	_	und	false	_
65-12	6513-6516	auf	_	_	_	_	_	_	_	APPR	_	auf	false	_
65-13	6517-6520	die	_	_	_	_	_	_	_	ART	Acc.Sg.Fem	der	false	_
65-14	6521-6525	Luft	_	_	_	_	_	_	_	NN	Acc.Sg.Fem	Luft	_	_
65-15	6526-6536	angewiesen	_	_	_	_	_	_	_	VVPP	Psp	anweisen	_	_
65-16	6537-6540	ist	_	_	_	_	_	_	_	VAFIN	3.Sg.Pres.Ind	sein	_	_
65-17	6541-6542	.	_	_	_	_	_	_	_	$.	_	.	_	_
66-1	6545-6549	Eine	_	_	_	_	_	_	_	ART	Nom.Sg.Fem	ein	false	_
66-2	6550-6555	Kerze	_	_	_	_	_	_	_	NN	Nom.Sg.Fem	Kerze	_	_
66-3	6556-6562	kannst	_	_	_	_	_	_	_	VVFIN	2.Sg.Pres.Ind	kannen	_	_
66-4	6563-6565	du	_	_	_	_	_	_	_	PPER	2.Nom.Sg.*	du	_	_
66-5	6566-6569	nur	_	_	_	_	_	_	_	ADV	_	nur	_	_
66-6	6570-6577	deshalb	_	_	_	_	_	_	_	PROAV	_	deshalb	_	_
66-7	6578-6587	auspusten	_	_	_	_	_	_	_	VVINF	Inf	auspusten	_	_
66-8	6588-6589	,	_	_	_	_	_	_	_	$,	_	,	_	_
66-9	6590-6594	weil	_	_	_	_	_	_	_	KOUS	_	weil	false	_
66-10	6595-6598	die	_	_	_	_	_	_	_	ART	Nom.Sg.Fem	der	false	_
66-11	6599-6605	Flamme	_	_	_	_	_	_	_	NN	Nom.Sg.Fem	Flamme	_	_
66-12	6606-6608	so	_	_	_	_	_	_	_	ADV	_	so	_	_
66-13	6609-6614	klein	_	_	_	_	_	_	_	ADJD	Pos	klein	_	_
66-14	6615-6618	ist	_	_	_	_	_	_	_	VAFIN	3.Sg.Pres.Ind	sein	_	_
66-15	6619-6620	.	_	_	_	_	_	_	_	$.	_	.	_	_
67-1	6623-6625	Je	_	_	_	_	_	_	_	ADV	_	je	_	_
67-2	6626-6632	größer	_	_	_	_	_	_	_	ADJD	Comp	groß	_	_
67-3	6633-6636	ein	_	_	_	_	_	_	_	ART	Nom.Sg.Neut	ein	false	_
67-4	6637-6642	Feuer	_	_	_	_	_	_	_	NN	Nom.Sg.Neut	Feuer	_	_
67-5	6643-6647	wird	_	_	_	_	_	_	_	VAFIN	3.Sg.Pres.Ind	werden	_	_
67-6	6648-6649	,	_	_	_	_	_	_	_	$,	_	,	_	_
67-7	6650-6655	desto	_	_	_	_	_	_	_	ADV	_	desto	_	_
67-8	6656-6668	gefährlicher	_	_	_	_	_	_	_	ADJD	Comp	gefährlich	_	_
67-9	6669-6673	wird	_	_	_	_	_	_	_	VAFIN	3.Sg.Pres.Ind	werden	_	_
67-10	6674-6676	es	_	_	_	_	_	_	_	PPER	3.Nom.Sg.Neut	es	_	_
67-11	6677-6678	.	_	_	_	_	_	_	_	$.	_	.	_	_
67-12	6679-6683	Wenn	_	_	_	_	_	_	_	KOUS	_	wenn	false	_
67-13	6684-6688	also	_	_	_	_	_	_	_	ADV	_	also	_	_
67-14	6689-6692	die	_	_	_	_	_	_	_	ART	Nom.Sg.Fem	der	false	_
67-15	6693-6699	Flamme	_	_	_	_	_	_	_	NN	Nom.Sg.Fem	Flamme	_	_
67-16	6700-6703	der	_	_	_	_	_	_	_	ART	Gen.Sg.Fem	der	false	_
67-17	6704-6709	Kerze	_	_	_	_	_	_	_	NN	Gen.Sg.Fem	Kerze	_	_
67-18	6710-6714	oder	_	_	_	_	_	_	_	KON	_	oder	false	_
67-19	6715-6720	eines	_	_	_	_	_	_	_	ART	Gen.Sg.Neut	ein	false	_
67-20	6721-6734	Streichholzes	_	_	_	_	_	_	_	NN	Gen.Sg.Neut	Streichholz	_	_
67-21	6735-6738	zum	_	_	_	_	_	_	_	APPRART	Dat.Sg.Neut	zu	false	_
67-22	6739-6748	entzünden	_	_	_	_	_	_	_	NN	Dat.Sg.Neut	entzünden	_	_
67-23	6749-6754	einer	_	_	_	_	_	_	_	ART	Dat.Sg.Fem	ein	false	_
67-24	6755-6760	Lampe	_	_	_	_	_	_	_	NN	Gen.Sg.Fem	Lampe	_	_
67-25	6761-6767	andere	_	_	_	_	_	_	_	ADJA	Pos.Acc.Pl.Masc	anderer	_	_
67-26	6768-6777	brennbare	_	_	_	_	_	_	_	ADJA	Pos.Acc.Pl.Masc	brennbar	_	_
67-27	6778-6784	Stoffe	_	_	_	_	_	_	_	NN	Acc.Pl.Masc	Stoff	_	_
67-28	6785-6792	berührt	_	_	_	_	_	_	_	VVFIN	3.Sg.Pres.Ind	berühren	_	_
67-29	6793-6794	,	_	_	_	_	_	_	_	$,	_	,	_	_
67-30	6795-6799	kann	_	_	_	_	_	_	_	VMFIN	3.Sg.Pres.Ind	können	_	_
67-31	6800-6804	sehr	_	_	_	_	_	_	_	ADV	_	sehr	_	_
67-32	6805-6812	schnell	_	_	_	_	_	_	_	ADJD	Pos	schnell	_	_
67-33	6813-6817	eine	_	_	_	_	_	_	_	ART	Acc.Sg.Fem	ein	false	_
67-34	6818-6833	hochgefährliche	_	_	_	_	_	_	_	ADJA	Pos.Nom.Sg.Fem	hochgefährlich	_	_
67-35	6834-6843	Situation	_	_	_	_	_	_	_	NN	Acc.Sg.Fem	Situation	_	_
67-36	6844-6853	entstehen	_	_	_	_	_	_	_	VVINF	Inf	entstehen	_	_
67-37	6854-6855	.	_	_	_	_	_	_	_	$.	_	.	_	_
68-1	6858-6862	Wenn	_	_	_	_	_	_	_	KOUS	_	wenn	false	_
68-2	6863-6866	zum	_	_	_	_	_	_	_	APPRART	Dat.Sg.Neut	zu	false	_
68-3	6867-6875	Beispiel	_	_	_	_	_	_	_	NN	Dat.Sg.Neut	Beispiel	_	_
68-4	6876-6880	eine	_	_	_	_	_	_	_	ART	Nom.Sg.Fem	ein	false	_
68-5	6881-6886	Kerze	_	_	_	_	_	_	_	NN	Nom.Sg.Fem	Kerze	_	_
68-6	6887-6890	auf	_	_	_	_	_	_	_	APPR	_	auf	false	_
68-7	6891-6894	dem	_	_	_	_	_	_	_	ART	Dat.Sg.Masc	der	false	_
68-8	6895-6900	Tisch	_	_	_	_	_	_	_	NN	Dat.Sg.Masc	Tisch	_	_
68-9	6901-6906	einen	_	_	_	_	_	_	_	ART	Acc.Sg.Masc	ein	false	_
68-10	6907-6916	trockenen	_	_	_	_	_	_	_	ADJA	Pos.Acc.Sg.Masc	trocken	_	_
68-11	6917-6929	Blumenstrauß	_	_	_	_	_	_	_	NN	Acc.Sg.Masc	Blumenstrauß	_	_
68-12	6930-6939	entzündet	_	_	_	_	_	_	_	VVFIN	3.Sg.Pres.Ind	entzünden	_	_
68-13	6940-6941	,	_	_	_	_	_	_	_	$,	_	,	_	_
68-14	6942-6945	der	_	_	_	_	_	_	_	PRELS	Nom.Sg.Masc	der	_	_
68-15	6946-6953	daneben	_	_	_	_	_	_	_	PROAV	_	daneben	_	_
68-16	6954-6959	steht	_	_	_	_	_	_	_	VVFIN	3.Sg.Pres.Ind	stehen	_	false
68-17	6960-6961	,	_	_	_	_	_	_	_	$,	_	,	_	_
68-18	6962-6966	hast	_	_	_	_	_	_	_	VAFIN	2.Sg.Pres.Ind	haben	_	false
68-19	6967-6969	du	_	_	_	_	_	_	_	PPER	2.Nom.Sg.*	du	_	_
68-20	6970-6975	keine	_	_	_	_	_	_	_	PIAT	Acc.Sg.Fem	kein	_	_
68-21	6976-6982	Minute	_	_	_	_	_	_	_	NN	Acc.Sg.Fem	Minute	_	_
68-22	6983-6984	,	_	_	_	_	_	_	_	$,	_	,	_	_
68-23	6985-6987	um	_	_	_	_	_	_	_	KOUI	_	um	false	_
68-24	6988-6990	zu	_	_	_	_	_	_	_	PTKZU	_	zu	false	_
68-25	6991-7000	versuchen	_	_	_	_	_	_	_	VVINF	Inf	versuchen	_	_
68-26	7001-7004	das	_	_	_	_	_	_	_	ART	Acc.Sg.Neut	der	false	_
68-27	7005-7010	Feuer	_	_	_	_	_	_	_	NN	Acc.Sg.Neut	Feuer	_	_
68-28	7011-7013	zu	_	_	_	_	_	_	_	PTKZU	_	zu	false	_
68-29	7014-7021	löschen	_	_	_	_	_	_	_	VVINF	Inf	löschen	_	_
68-30	7022-7023	,	_	_	_	_	_	_	_	$,	_	,	_	_
68-31	7024-7029	daher	_	_	_	_	_	_	_	PROAV	_	daher	_	_
68-32	7030-7038	solltest	_	_	_	_	_	_	_	VVFIN	2.Sg.Pres.Ind	sollten	_	_
68-33	7039-7041	du	_	_	_	_	_	_	_	PPER	2.Nom.Sg.*	du	_	_
68-34	7042-7048	sofort	_	_	_	_	_	_	_	ADV	_	sofort	_	_
68-35	7049-7052	den	_	_	_	_	_	_	_	ART	Acc.Sg.Masc	der	false	_
68-36	7053-7057	Raum	_	_	_	_	_	_	_	NN	Acc.Sg.Masc	Raum	_	_
68-37	7058-7061	und	_	_	_	_	_	_	_	KON	_	und	false	_
68-38	7062-7065	das	_	_	_	_	_	_	_	ART	Acc.Sg.Neut	der	false	_
68-39	7066-7070	Haus	_	_	_	_	_	_	_	NN	Acc.Sg.Neut	Haus	_	_
68-40	7071-7080	verlassen	_	_	_	_	_	_	_	VVINF	Inf	verlassen	_	_
68-41	7081-7082	,	_	_	_	_	_	_	_	$,	_	,	_	_
68-42	7083-7089	andere	_	_	_	_	_	_	_	ADJA	Pos.Acc.Pl.Masc	anderer	_	_
68-43	7090-7098	Menschen	_	_	_	_	_	_	_	NN	Acc.Pl.Masc	Mensch	_	_
68-44	7099-7101	im	_	_	_	_	_	_	_	APPRART	Dat.Sg.Neut	in	false	_
68-45	7102-7106	Haus	_	_	_	_	_	_	_	NN	Dat.Sg.Neut	Haus	_	_
68-46	7107-7118	informieren	_	_	_	_	_	_	_	VVINF	Inf	informieren	_	_
68-47	7119-7122	und	_	_	_	_	_	_	_	KON	_	und	false	_
68-48	7123-7126	mit	_	_	_	_	_	_	_	APPR	_	mit	false	_
68-49	7127-7130	der	_	_	_	_	_	_	_	ART	Dat.Sg.Fem	der	false	_
68-50	7131-7144	Telefonnummer	_	_	_	_	_	_	_	NN	Dat.Sg.Fem	Telefonnummer	_	_
68-51	7145-7148	112	_	_	_	_	_	_	_	CARD	_	112	_	_
68-52	7149-7152	die	_	_	_	_	_	_	_	ART	Acc.Sg.Fem	der	false	_
68-53	7153-7162	Feuerwehr	_	_	_	_	_	_	_	NN	Acc.Sg.Fem	Feuerwehr	_	_
68-54	7163-7168	rufen	_	_	_	_	_	_	_	VVINF	Inf	rufen	_	_
68-55	7169-7170	.	_	_	_	_	_	_	_	$.	_	.	_	_
69-1	7173-7175	Je	_	_	_	_	_	_	_	ADV	_	je	_	_
69-2	7176-7182	früher	_	_	_	_	_	_	_	ADJD	Comp	früh	_	_
69-3	7183-7186	die	_	_	_	_	_	_	_	ART	Nom.Sg.Fem	der	false	_
69-4	7187-7196	Feuerwehr	_	_	_	_	_	_	_	NN	Nom.Sg.Fem	Feuerwehr	_	_
69-5	7197-7204	gerufen	_	_	_	_	_	_	_	VVPP	Psp	rufen	_	_
69-6	7205-7209	wird	_	_	_	_	_	_	_	VAFIN	3.Sg.Pres.Ind	werden	_	_
69-7	7210-7211	,	_	_	_	_	_	_	_	$,	_	,	_	_
69-8	7212-7217	desto	_	_	_	_	_	_	_	ADV	_	desto	_	_
69-9	7218-7224	besser	_	_	_	_	_	_	_	ADJD	Comp	gut	_	_
69-10	7225-7229	kann	_	_	_	_	_	_	_	VMFIN	3.Sg.Pres.Ind	können	_	_
69-11	7230-7233	sie	_	_	_	_	_	_	_	PPER	3.Nom.Sg.Fem	sie	_	_
69-12	7234-7237	das	_	_	_	_	_	_	_	ART	Acc.Sg.Neut	der	false	_
69-13	7238-7243	Feuer	_	_	_	_	_	_	_	NN	Acc.Sg.Neut	Feuer	_	_
69-14	7244-7253	bekämpfen	_	_	_	_	_	_	_	VVINF	Inf	bekämpfen	_	_
69-15	7254-7255	.	_	_	_	_	_	_	_	$.	_	.	_	_
70-1	7258-7261	Sei	_	_	_	_	_	_	_	VAFIN	3.Sg.Pres.Subj	sein	_	_
70-2	7262-7266	also	_	_	_	_	_	_	_	ADV	_	also	_	_
70-3	7267-7271	sehr	_	_	_	_	_	_	_	ADV	_	sehr	_	_
70-4	7272-7282	vorsichtig	_	_	_	_	_	_	_	ADJD	Pos	vorsichtig	_	_
70-5	7283-7284	,	_	_	_	_	_	_	_	$,	_	,	_	_
70-6	7285-7289	wenn	_	_	_	_	_	_	_	KOUS	_	wenn	false	_
70-7	7290-7292	du	_	_	_	_	_	_	_	PPER	2.Nom.Sg.*	du	_	_
70-8	7293-7296	mit	_	_	_	_	_	_	_	APPR	_	mit	false	_
70-9	7297-7303	Kerzen	_	_	_	_	_	_	_	NN	Dat.Pl.Fem	Kerze	_	_
70-10	7304-7305	,	_	_	_	_	_	_	_	$,	_	,	_	_
70-11	7306-7320	Streichhölzern	_	_	_	_	_	_	_	NN	Dat.Pl.Neut	Streichhölzer	_	_
70-12	7321-7324	und	_	_	_	_	_	_	_	KON	_	und	false	_
70-13	7325-7336	Feuerzeugen	_	_	_	_	_	_	_	NN	Dat.Pl.Neut	Feuerzeug	_	_
70-14	7337-7344	umgehst	_	_	_	_	_	_	_	VVFIN	2.Sg.Pres.Ind	umgehen	_	_
70-15	7345-7346	.	_	_	_	_	_	_	_	$.	_	.	_	_
71-1	7349-7354	Zünde	_	_	_	_	_	_	_	NN	Nom.Pl.Masc	Zund	_	_
71-2	7355-7360	keine	_	_	_	_	_	_	_	PIAT	Acc.Pl.Masc	kein	_	_
71-3	7361-7372	Gegenstände	_	_	_	_	_	_	_	NN	Acc.Pl.Masc	Gegenstand	_	_
71-4	7373-7375	an	_	_	_	_	_	_	_	PTKVZ	_	an	false	_
71-5	7376-7377	,	_	_	_	_	_	_	_	$,	_	,	_	_
71-6	7378-7381	die	_	_	_	_	_	_	_	PRELS	Nom.Pl.Masc	der	_	_
71-7	7382-7387	nicht	_	_	_	_	_	_	_	PTKNEG	_	nicht	_	_
71-8	7388-7393	dafür	_	_	_	_	_	_	_	PROAV	_	dafür	_	_
71-9	7394-7401	gedacht	_	_	_	_	_	_	_	VVPP	Psp	denken	_	_
71-10	7402-7406	sind	_	_	_	_	_	_	_	VAFIN	3.Pl.Pres.Ind	sein	_	_
71-11	7407-7408	,	_	_	_	_	_	_	_	$,	_	,	_	_
71-12	7409-7411	du	_	_	_	_	_	_	_	PPER	2.Nom.Sg.*	du	_	_
71-13	7412-7418	kannst	_	_	_	_	_	_	_	VVFIN	2.Sg.Pres.Ind	kannen	_	_
71-14	7419-7424	damit	_	_	_	_	_	_	_	PROAV	_	damit	_	_
71-15	7425-7429	sehr	_	_	_	_	_	_	_	ADV	_	sehr	_	_
71-16	7430-7437	schnell	_	_	_	_	_	_	_	ADJD	Pos	schnell	_	_
71-17	7438-7441	die	_	_	_	_	_	_	_	ART	Acc.Pl.Fem	der	false	_
71-18	7442-7446	oben	_	_	_	_	_	_	_	ADV	_	oben	_	_
71-19	7447-7460	beschriebenen	_	_	_	_	_	_	_	ADJA	Pos.Acc.Pl.Fem	beschrieben	_	_
71-20	7461-7479	unkontrollierbaren	_	_	_	_	_	_	_	ADJA	Pos.Acc.Pl.Fem	unkontrollierbar	_	_
71-21	7480-7491	Situationen	_	_	_	_	_	_	_	NN	Acc.Pl.Fem	Situation	_	_
71-22	7492-7500	erzeugen	_	_	_	_	_	_	_	VVFIN	3.Pl.Pres.Ind	erzeugen	_	_
71-23	7501-7502	.	_	_	_	_	_	_	_	$.	_	.	_	_
72-1	7505-7507	Du	_	_	_	_	_	_	_	PPER	2.Nom.Sg.*	du	_	_
72-2	7508-7516	möchtest	_	_	_	_	_	_	_	VVFIN	2.Sg.Pres.Ind	möchten	_	_
72-3	7517-7523	sicher	_	_	_	_	_	_	_	ADJD	Pos	sicher	_	_
72-4	7524-7529	nicht	_	_	_	_	_	_	_	PTKNEG	_	nicht	_	_
72-5	7530-7531	,	_	_	_	_	_	_	_	$,	_	,	_	_
72-6	7532-7536	dass	_	_	_	_	_	_	_	KOUS	_	dass	false	_
72-7	7537-7539	du	_	_	_	_	_	_	_	PPER	2.Nom.Sg.*	du	_	_
72-8	7540-7545	etwas	_	_	_	_	_	_	_	PIS	*.*.Neut	etwas	_	_
72-9	7546-7553	auslöst	_	_	_	_	_	_	_	VVFIN	3.Sg.Pres.Ind	auslösen	_	_
72-10	7554-7555	,	_	_	_	_	_	_	_	$,	_	,	_	_
72-11	7556-7559	was	_	_	_	_	_	_	_	PWS	Nom.Sg.Neut	was	_	_
72-12	7560-7564	dazu	_	_	_	_	_	_	_	PROAV	_	dazu	_	_
72-13	7565-7570	führt	_	_	_	_	_	_	_	VVFIN	3.Sg.Pres.Ind	führen	_	false
72-14	7571-7572	,	_	_	_	_	_	_	_	$,	_	,	_	_
72-15	7573-7577	dass	_	_	_	_	_	_	_	KOUS	_	dass	false	_
72-16	7578-7584	jemand	_	_	_	_	_	_	_	PIS	Nom.Sg.Masc	jemand	_	_
72-17	7585-7587	zu	_	_	_	_	_	_	_	PTKZU	_	zu	false	_
72-18	7588-7595	schaden	_	_	_	_	_	_	_	VVINF	Inf	schaden	_	_
72-19	7596-7601	kommt	_	_	_	_	_	_	_	VVFIN	3.Sg.Pres.Ind	kommen	_	false
72-20	7602-7603	,	_	_	_	_	_	_	_	$,	_	,	_	_
72-21	7604-7607	wie	_	_	_	_	_	_	_	PWAV	_	wie	_	_
72-22	7608-7610	es	_	_	_	_	_	_	_	PPER	3.Nom.Sg.Neut	es	_	_
72-23	7611-7614	bei	_	_	_	_	_	_	_	APPR	_	bei	false	_
72-24	7615-7622	Bränden	_	_	_	_	_	_	_	NN	Dat.Pl.Masc	Brand	_	_
72-25	7623-7632	passieren	_	_	_	_	_	_	_	VVINF	Inf	passieren	_	_
72-26	7633-7637	kann	_	_	_	_	_	_	_	VMFIN	3.Sg.Pres.Ind	können	_	_
72-27	7638-7639	.	_	_	_	_	_	_	_	$.	_	.	_	_
73-1	7642-7646	Wenn	_	_	_	_	_	_	_	KOUS	_	wenn	false	_
73-2	7647-7651	eine	_	_	_	_	_	_	_	ART	Nom.Sg.Fem	ein	false	_
73-3	7652-7663	elektrische	_	_	_	_	_	_	_	ADJA	Pos.Nom.Sg.Fem	elektrisch	_	_
73-4	7664-7669	Lampe	_	_	_	_	_	_	_	NN	Nom.Sg.Fem	Lampe	_	_
73-5	7670-7675	nicht	_	_	_	_	_	_	_	PTKNEG	_	nicht	_	_
73-6	7676-7683	richtig	_	_	_	_	_	_	_	ADJD	Pos	richtig	_	_
73-7	7684-7697	angeschlossen	_	_	_	_	_	_	_	VVPP	Psp	anschließen	_	_
73-8	7698-7701	ist	_	_	_	_	_	_	_	VAFIN	3.Sg.Pres.Ind	sein	_	_
73-9	7702-7703	,	_	_	_	_	_	_	_	$,	_	,	_	_
73-10	7704-7706	so	_	_	_	_	_	_	_	ADV	_	so	_	_
73-11	7707-7711	kann	_	_	_	_	_	_	_	VMFIN	3.Sg.Pres.Ind	können	_	_
73-12	7712-7716	auch	_	_	_	_	_	_	_	ADV	_	auch	_	_
73-13	7717-7720	der	_	_	_	_	_	_	_	ART	Nom.Sg.Masc	der	false	_
73-14	7721-7726	Strom	_	_	_	_	_	_	_	NN	Nom.Sg.Masc	Strom	_	_
73-15	7727-7737	gefährlich	_	_	_	_	_	_	_	ADJD	Pos	gefährlich	_	_
73-16	7738-7742	sein	_	_	_	_	_	_	_	VAINF	Inf	sein	_	_
73-17	7743-7744	.	_	_	_	_	_	_	_	$.	_	.	_	_
74-1	7747-7751	Lies	_	_	_	_	_	_	_	NE	Nom.Sg.*	Lies	_	_
74-2	7752-7754	in	_	_	_	_	_	_	_	APPR	_	in	false	_
74-3	7755-7758	dem	_	_	_	_	_	_	_	ART	Dat.Sg.Neut	der	false	_
74-4	7759-7766	Kapitel	_	_	_	_	_	_	_	NN	Dat.Sg.Neut	Kapitel	_	_
74-5	7767-7772	etwas	_	_	_	_	_	_	_	PIS	*.*.Neut	etwas	_	_
74-6	7773-7777	über	_	_	_	_	_	_	_	APPR	_	über	false	_
74-7	7778-7781	die	_	_	_	_	_	_	_	ART	Acc.Sg.Fem	der	false	_
74-8	7782-7796	Gefährlichkeit	_	_	_	_	_	_	_	NN	Acc.Sg.Fem	Gefährlichkeit	_	_
74-9	7797-7800	von	_	_	_	_	_	_	_	APPR	_	von	false	_
74-10	7801-7806	Strom	_	_	_	_	_	_	_	NN	Dat.Sg.Masc	Strom	_	_
74-11	7807-7808	.	_	_	_	_	_	_	_	$.	_	.	_	_
75-1	7811-7814	Die	_	_	_	_	_	_	_	ART	Acc.Pl.Neut	der	false	_
75-2	7815-7821	beiden	_	_	_	_	_	_	_	PIAT	Acc.Pl.Neut	beide	_	_
75-3	7822-7833	wichtigsten	_	_	_	_	_	_	_	ADJA	Sup.Acc.Pl.Neut	wichtig	_	_
75-4	7834-7843	Vorkommen	_	_	_	_	_	_	_	NN	Acc.Pl.Neut	Vorkommen	_	_
75-5	7844-7847	von	_	_	_	_	_	_	_	APPR	_	von	false	_
75-6	7848-7853	Licht	_	_	_	_	_	_	_	NN	Dat.Sg.Neut	Licht	_	_
75-7	7854-7859	haben	_	_	_	_	_	_	_	VAFIN	1.Pl.Pres.Ind	haben	_	false
75-8	7860-7863	wir	_	_	_	_	_	_	_	PPER	1.Nom.Pl.*	wir	_	_
75-9	7864-7871	bereits	_	_	_	_	_	_	_	ADV	_	bereits	_	_
75-10	7872-7885	kennengelernt	_	_	_	_	_	_	_	VVPP	Psp	kennenlernen	_	_
75-11	7886-7887	:	_	_	_	_	_	_	_	$.	_	:	_	_
75-12	7888-7893	Feuer	_	_	_	_	_	_	_	NN	Acc.Sg.Neut	Feuer	_	_
75-13	7894-7897	und	_	_	_	_	_	_	_	KON	_	und	false	_
75-14	7898-7910	elektrisches	_	_	_	_	_	_	_	ADJA	Pos.Acc.Sg.Neut	elektrisch	_	_
75-15	7911-7916	Licht	_	_	_	_	_	_	_	NN	Acc.Sg.Neut	Licht	_	_
75-16	7917-7918	,	_	_	_	_	_	_	_	$,	_	,	_	_
75-17	7919-7923	also	_	_	_	_	_	_	_	ADV	_	also	_	_
75-18	7924-7927	die	_	_	_	_	_	_	_	ART	Acc.Sg.Fem	der	false	_
75-19	7928-7937	Glühlampe	_	_	_	_	_	_	_	NN	Acc.Sg.Fem	Glühlampe	_	_
75-20	7938-7939	.	_	_	_	_	_	_	_	$.	_	.	_	_
76-1	7942-7944	Es	_	_	_	_	_	_	_	PPER	3.Nom.Sg.Neut	es	_	_
76-2	7945-7949	gibt	_	_	_	_	_	_	_	VVFIN	3.Sg.Pres.Ind	geben	_	false
76-3	7950-7957	darüber	_	_	_	_	_	_	_	PROAV	_	darüber	_	_
76-4	7958-7964	hinaus	_	_	_	_	_	_	_	APZR	_	hinaus	false	_
76-5	7965-7969	noch	_	_	_	_	_	_	_	ADV	_	noch	_	_
76-6	7970-7977	weitere	_	_	_	_	_	_	_	ADJA	Comp.Acc.Pl.Fem	weit	_	_
76-7	7978-7991	Möglichkeiten	_	_	_	_	_	_	_	NN	Acc.Pl.Fem	Möglichkeit	_	_
76-8	7992-7995	wie	_	_	_	_	_	_	_	KOKOM	_	wie	false	_
76-9	7996-7999	der	_	_	_	_	_	_	_	ART	Nom.Sg.Masc	der	false	_
76-10	8000-8004	oben	_	_	_	_	_	_	_	ADV	_	oben	_	_
76-11	8005-8017	beschriebene	_	_	_	_	_	_	_	ADJA	Pos.Nom.Sg.Masc	beschrieben	_	_
76-12	8018-8024	Effekt	_	_	_	_	_	_	_	NN	Nom.Sg.Masc	Effekt	_	_
76-13	8025-8028	der	_	_	_	_	_	_	_	ART	Gen.Sg.Fem	der	false	_
76-14	8029-8048	Strahlungserzeugung	_	_	_	_	_	_	_	NN	Gen.Sg.Fem	Strahlungserzeugung	_	_
76-15	8049-8060	stattfinden	_	_	_	_	_	_	_	VVINF	Inf	stattfinden	_	_
76-16	8061-8065	kann	_	_	_	_	_	_	_	VMFIN	3.Sg.Pres.Ind	können	_	_
76-17	8066-8067	.	_	_	_	_	_	_	_	$.	_	.	_	_
77-1	8070-8073	Ein	_	_	_	_	_	_	_	ART	Nom.Sg.Neut	ein	false	_
77-2	8074-8082	Beispiel	_	_	_	_	_	_	_	NN	Nom.Sg.Neut	Beispiel	_	_
77-3	8083-8086	ist	_	_	_	_	_	_	_	VAFIN	3.Sg.Pres.Ind	sein	_	_
77-4	8087-8090	die	_	_	_	_	_	_	_	ART	Nom.Sg.Fem	der	false	_
77-5	8091-8096	Sonne	_	_	_	_	_	_	_	NN	Nom.Sg.Fem	Sonne	_	_
77-6	8097-8098	,	_	_	_	_	_	_	_	$,	_	,	_	_
77-7	8099-8103	dort	_	_	_	_	_	_	_	ADV	_	dort	_	_
77-8	8104-8116	verschmelzen	_	_	_	_	_	_	_	VVFIN	3.Pl.Pres.Ind	verschmelzen	_	_
77-9	8117-8122	Atome	_	_	_	_	_	_	_	NE	Nom.Sg.*	Atome	_	_
77-10	8123-8134	miteinander	_	_	_	_	_	_	_	ADV	_	miteinander	_	_
77-11	8135-8136	,	_	_	_	_	_	_	_	$,	_	,	_	_
77-12	8137-8142	dabei	_	_	_	_	_	_	_	PROAV	_	dabei	_	_
77-13	8143-8151	entsteht	_	_	_	_	_	_	_	VVFIN	3.Sg.Pres.Ind	entstehen	_	_
77-14	8152-8161	ebenfalls	_	_	_	_	_	_	_	ADV	_	ebenfalls	_	_
77-15	8162-8167	Licht	_	_	_	_	_	_	_	NN	Nom.Sg.Neut	Licht	_	_
77-16	8168-8169	.	_	_	_	_	_	_	_	$.	_	.	_	_
78-1	8172-8175	Das	_	_	_	_	_	_	_	PDS	Nom.Sg.Neut	der	_	_
78-2	8176-8181	macht	_	_	_	_	_	_	_	VVFIN	3.Sg.Pres.Ind	machen	_	false
78-3	8182-8189	unseren	_	_	_	_	_	_	_	PPOSAT	Acc.Sg.Masc	unser	_	_
78-4	8190-8193	Tag	_	_	_	_	_	_	_	NN	Acc.Sg.Masc	Tag	_	_
78-5	8194-8198	hell	_	_	_	_	_	_	_	PTKVZ	_	hell	false	_
78-6	8199-8200	.	_	_	_	_	_	_	_	$.	_	.	_	_
79-1	8203-8206	Wir	_	_	_	_	_	_	_	PPER	1.Nom.Pl.*	wir	_	_
79-2	8207-8212	haben	_	_	_	_	_	_	_	VAFIN	1.Pl.Pres.Ind	haben	_	false
79-3	8213-8223	inzwischen	_	_	_	_	_	_	_	ADV	_	inzwischen	_	_
79-4	8224-8228	auch	_	_	_	_	_	_	_	ADV	_	auch	_	_
79-5	8229-8232	die	_	_	_	_	_	_	_	ART	Acc.Sg.Fem	der	false	_
79-6	8233-8244	Möglichkeit	_	_	_	_	_	_	_	NN	Acc.Sg.Fem	Möglichkeit	_	_
79-7	8245-8253	gefunden	_	_	_	_	_	_	_	VVPP	Psp	finden	_	false
79-8	8254-8260	dieses	_	_	_	_	_	_	_	PDAT	Acc.Sg.Neut	dieser	_	_
79-9	8261-8269	Springen	_	_	_	_	_	_	_	NN	Acc.Sg.Neut	springen	_	_
79-10	8270-8273	der	_	_	_	_	_	_	_	ART	Gen.Pl.Fem	der	false	_
79-11	8274-8284	Elektronen	_	_	_	_	_	_	_	NN	Gen.Pl.Fem	Elektron	_	_
79-12	8285-8289	viel	_	_	_	_	_	_	_	ADV	_	viel	_	_
79-13	8290-8299	gezielter	_	_	_	_	_	_	_	ADJD	Comp	gezielt	_	_
79-14	8300-8302	zu	_	_	_	_	_	_	_	PTKZU	_	zu	false	_
79-15	8303-8310	steuern	_	_	_	_	_	_	_	VVINF	Inf	steuern	_	_
79-16	8311-8312	,	_	_	_	_	_	_	_	$,	_	,	_	_
79-17	8313-8315	so	_	_	_	_	_	_	_	ADV	_	so	_	_
79-18	8316-8321	haben	_	_	_	_	_	_	_	VAFIN	3.Pl.Pres.Ind	haben	_	false
79-19	8322-8330	Menschen	_	_	_	_	_	_	_	NN	Nom.Pl.Masc	Mensch	_	_
79-20	8331-8343	Leuchtdioden	_	_	_	_	_	_	_	NN	Acc.Pl.Fem	Leuchtdiode	_	_
79-21	8344-8352	erfunden	_	_	_	_	_	_	_	VVPP	Psp	erfinden	_	_
79-22	8353-8354	.	_	_	_	_	_	_	_	$.	_	.	_	_
80-1	8357-8360	Und	_	_	_	_	_	_	_	KON	_	und	false	_
80-2	8361-8365	auch	_	_	_	_	_	_	_	ADV	_	auch	_	_
80-3	8366-8367	,	_	_	_	_	_	_	_	$,	_	,	_	_
80-4	8368-8372	wenn	_	_	_	_	_	_	_	KOUS	_	wenn	false	_
80-5	8373-8376	wir	_	_	_	_	_	_	_	PPER	1.Nom.Pl.*	wir	_	_
80-6	8377-8382	Atome	_	_	_	_	_	_	_	NE	Acc.Sg.Neut	Atome	_	_
80-7	8383-8385	in	_	_	_	_	_	_	_	APPR	_	in	false	_
80-8	8386-8391	einer	_	_	_	_	_	_	_	ART	Dat.Sg.Fem	ein	false	_
80-9	8392-8402	bestimmten	_	_	_	_	_	_	_	ADJA	Pos.Dat.Sg.Fem	bestimmt	_	_
80-10	8403-8406	Art	_	_	_	_	_	_	_	NN	Dat.Sg.Fem	Art	_	_
80-11	8407-8417	elektrisch	false	5clash	_	_	_	_	_	ADJD	Pos	elektrisch	_	_
80-12	8418-8419	„	_	_	_	_	_	_	_	$(	_	„	_	_
80-13	8420-8427	kitzeln	false	0Kern	true	true	bei jemandem durch wiederholtes Berühren an bestimmten, empfindlichen Körperstellen eine Empfindung auslösen, die meist zum Lachen reizt	stimulieren	80-11	VVFIN	1.Pl.Pres.Ind	kitzeln	_	_
80-14	8428-8429	“	_	_	_	_	_	_	_	$(	_	“	_	_
80-15	8430-8434	kann	_	_	_	_	_	_	_	VMFIN	3.Sg.Pres.Ind	können	_	_
80-16	8435-8443	Leuchten	_	_	_	_	_	_	_	NN	Acc.Sg.Neut	leuchten	_	_
80-17	8444-8453	entstehen	_	_	_	_	_	_	_	VVINF	Inf	entstehen	_	_
80-18	8454-8455	.	_	_	_	_	_	_	_	$.	_	.	_	_
81-1	8458-8461	Den	_	_	_	_	_	_	_	ART	Acc.Sg.Masc	der	false	_
81-2	8462-8468	Effekt	_	_	_	_	_	_	_	NN	Acc.Sg.Masc	Effekt	_	_
81-3	8469-8477	benutzen	_	_	_	_	_	_	_	VVFIN	1.Pl.Pres.Ind	benutzen	_	_
81-4	8478-8481	wir	_	_	_	_	_	_	_	PPER	1.Nom.Pl.*	wir	_	_
81-5	8482-8485	bei	_	_	_	_	_	_	_	APPR	_	bei	false	_
81-6	8486-8489	den	_	_	_	_	_	_	_	ART	Dat.Pl.Fem	der	false	_
81-7	8490-8501	sogenannten	_	_	_	_	_	_	_	ADJA	Pos.Dat.Pl.Fem	sogenannter	_	_
81-8	8502-8519	Leuchtstoffröhren	_	_	_	_	_	_	_	NN	Dat.Pl.Fem	Leuchtstoffröhre	_	_
81-9	8520-8521	.	_	_	_	_	_	_	_	$.	_	.	_	_
82-1	8524-8528	Wenn	_	_	_	_	_	_	_	KOUS	_	wenn	false	_
82-2	8529-8531	du	_	_	_	_	_	_	_	PPER	2.Nom.Sg.*	du	_	_
82-3	8532-8536	mehr	_	_	_	_	_	_	_	PIS	*.*.*	mehr	_	_
82-4	8537-8541	über	_	_	_	_	_	_	_	APPR	_	über	false	_
82-5	8542-8547	diese	_	_	_	_	_	_	_	PDAT	Acc.Pl.Fem	dieser	_	_
82-6	8548-8554	Lampen	_	_	_	_	_	_	_	NN	Acc.Pl.Fem	Lampe	_	_
82-7	8555-8563	erfahren	_	_	_	_	_	_	_	VVINF	Inf	erfahren	_	_
82-8	8564-8572	möchtest	_	_	_	_	_	_	_	VVFIN	2.Sg.Pres.Ind	möchten	_	_
82-9	8573-8574	,	_	_	_	_	_	_	_	$,	_	,	_	_
82-10	8575-8581	kannst	_	_	_	_	_	_	_	VVFIN	2.Sg.Pres.Ind	kannen	_	_
82-11	8582-8584	du	_	_	_	_	_	_	_	PPER	2.Nom.Sg.*	du	_	_
82-12	8585-8589	hier	_	_	_	_	_	_	_	ADV	_	hier	_	_
82-13	8590-8597	einfach	_	_	_	_	_	_	_	ADV	_	einfach	_	_
82-14	8598-8601	die	_	_	_	_	_	_	_	ART	Acc.Pl.Masc	der	false	_
82-15	8602-8608	blauen	_	_	_	_	_	_	_	ADJA	Pos.Acc.Pl.Masc	blau	_	_
82-16	8609-8614	Links	_	_	_	_	_	_	_	NN	Acc.Pl.Masc	Link	_	_
82-17	8615-8624	anklicken	_	_	_	_	_	_	_	VVFIN	3.Pl.Pres.Ind	anklicken	_	_
82-18	8625-8626	.	_	_	_	_	_	_	_	$.	_	.	_	_
83-1	8629-8632	Die	_	_	_	_	_	_	_	ART	Nom.Sg.Fem	der	false	_
83-2	8633-8647	Unabhängigkeit	_	_	_	_	_	_	_	NN	Nom.Sg.Fem	Unabhängigkeit	_	_
83-3	8648-8651	vom	_	_	_	_	_	_	_	APPRART	Dat.Sg.Neut	von	false	_
83-4	8652-8662	Tageslicht	_	_	_	_	_	_	_	NN	Dat.Sg.Neut	Tageslicht	_	_
83-5	8663-8666	war	_	_	_	_	_	_	_	VAFIN	3.Sg.Past.Ind	sein	_	_
83-6	8667-8670	ein	_	_	_	_	_	_	_	ART	Nom.Sg.Masc	ein	false	_
83-7	8671-8677	großer	_	_	_	_	_	_	_	ADJA	Pos.Nom.Sg.Masc	groß	_	_
83-8	8678-8685	Schritt	_	_	_	_	_	_	_	NN	Nom.Sg.Masc	Schritt	_	_
83-9	8686-8689	für	_	_	_	_	_	_	_	APPR	_	für	false	_
83-10	8690-8693	die	_	_	_	_	_	_	_	ART	Acc.Pl.Masc	der	false	_
83-11	8694-8702	Menschen	_	_	_	_	_	_	_	NN	Acc.Pl.Masc	Mensch	_	_
83-12	8703-8704	.	_	_	_	_	_	_	_	$.	_	.	_	_
84-1	8707-8710	Wir	_	_	_	_	_	_	_	PPER	1.Nom.Pl.*	wir	_	_
84-2	8711-8718	konnten	_	_	_	_	_	_	_	VMFIN	1.Pl.Past.Ind	können	_	_
84-3	8719-8726	endlich	_	_	_	_	_	_	_	ADV	_	endlich	_	_
84-4	8727-8735	arbeiten	_	_	_	_	_	_	_	VVINF	Inf	arbeiten	_	_
84-5	8736-8737	,	_	_	_	_	_	_	_	$,	_	,	_	_
84-6	8738-8742	auch	_	_	_	_	_	_	_	ADV	_	auch	_	_
84-7	8743-8747	wenn	_	_	_	_	_	_	_	KOUS	_	wenn	false	_
84-8	8748-8751	der	_	_	_	_	_	_	_	ART	Nom.Sg.Masc	der	false	_
84-9	8752-8755	Tag	_	_	_	_	_	_	_	NN	Nom.Sg.Masc	Tag	_	_
84-10	8756-8763	bereits	_	_	_	_	_	_	_	ADV	_	bereits	_	_
84-11	8764-8770	vorbei	_	_	_	_	_	_	_	ADV	_	vorbei	_	_
84-12	8771-8774	war	_	_	_	_	_	_	_	VAFIN	3.Sg.Past.Ind	sein	_	_
84-13	8775-8776	.	_	_	_	_	_	_	_	$.	_	.	_	_
85-1	8779-8782	Und	_	_	_	_	_	_	_	KON	_	und	false	_
85-2	8783-8786	wir	_	_	_	_	_	_	_	PPER	1.Nom.Pl.*	wir	_	_
85-3	8787-8794	konnten	_	_	_	_	_	_	_	VMFIN	1.Pl.Past.Ind	können	_	_
85-4	8795-8798	zum	_	_	_	_	_	_	_	APPRART	Dat.Sg.Neut	zu	false	_
85-5	8799-8807	Beispiel	_	_	_	_	_	_	_	NN	Dat.Sg.Neut	Beispiel	_	_
85-6	8808-8812	auch	_	_	_	_	_	_	_	ADV	_	auch	_	_
85-7	8813-8820	Bergbau	_	_	_	_	_	_	_	NN	Acc.Sg.Masc	Bergbau	_	_
85-8	8821-8830	betreiben	_	_	_	_	_	_	_	VVINF	Inf	betreiben	_	_
85-9	8831-8832	,	_	_	_	_	_	_	_	$,	_	,	_	_
85-10	8833-8837	weil	_	_	_	_	_	_	_	KOUS	_	weil	false	_
85-11	8838-8840	es	_	_	_	_	_	_	_	PPER	3.Nom.Sg.Neut	es	_	_
85-12	8841-8848	möglich	_	_	_	_	_	_	_	ADJD	Pos	möglich	_	_
85-13	8849-8854	wurde	_	_	_	_	_	_	_	VAFIN	3.Sg.Past.Ind	werden	_	_
85-14	8855-8857	in	_	_	_	_	_	_	_	APPR	_	in	false	_
85-15	8858-8871	geschlossenen	_	_	_	_	_	_	_	ADJA	Pos.Dat.Pl.Masc	geschlossen	_	_
85-16	8872-8878	Räumen	_	_	_	_	_	_	_	NN	Dat.Pl.Masc	Raum	_	_
85-17	8879-8881	zu	_	_	_	_	_	_	_	PTKZU	_	zu	false	_
85-18	8882-8887	sehen	_	_	_	_	_	_	_	VVINF	Inf	sehen	_	_
85-19	8888-8889	.	_	_	_	_	_	_	_	$.	_	.	_	_
86-1	8892-8895	Mit	_	_	_	_	_	_	_	APPR	_	mit	false	_
86-2	8896-8899	der	_	_	_	_	_	_	_	ART	Dat.Sg.Fem	der	false	_
86-3	8900-8909	Erfindung	_	_	_	_	_	_	_	NN	Dat.Sg.Fem	Erfindung	_	_
86-4	8910-8913	des	_	_	_	_	_	_	_	ART	Gen.Sg.Neut	der	false	_
86-5	8914-8926	elektrischen	_	_	_	_	_	_	_	ADJA	Pos.Gen.Sg.Neut	elektrisch	_	_
86-6	8927-8934	Lichtes	_	_	_	_	_	_	_	NN	Gen.Sg.Neut	Licht	_	_
86-7	8935-8940	wurde	_	_	_	_	_	_	_	VAFIN	3.Sg.Past.Ind	werden	_	_
86-8	8941-8944	das	_	_	_	_	_	_	_	PDS	Nom.Sg.Neut	der	_	_
86-9	8945-8949	noch	_	_	_	_	_	_	_	ADV	_	noch	_	_
86-10	8950-8954	viel	_	_	_	_	_	_	_	ADV	_	viel	_	_
86-11	8955-8962	stärker	_	_	_	_	_	_	_	ADJD	Comp	stark	_	_
86-12	8963-8964	,	_	_	_	_	_	_	_	$,	_	,	_	_
86-13	8965-8969	weil	_	_	_	_	_	_	_	KOUS	_	weil	false	_
86-14	8970-8975	Licht	_	_	_	_	_	_	_	NN	Nom.Sg.Neut	Licht	_	_
86-15	8976-8979	auf	_	_	_	_	_	_	_	APPR	_	auf	false	_
86-16	8980-8986	einmal	_	_	_	_	_	_	_	ADV	_	einmal	_	_
86-17	8987-8992	nicht	_	_	_	_	_	_	_	PTKNEG	_	nicht	_	_
86-18	8993-8997	mehr	_	_	_	_	_	_	_	ADV	_	mehr	_	_
86-19	8998-9000	so	_	_	_	_	_	_	_	ADV	_	so	_	_
86-20	9001-9006	stark	_	_	_	_	_	_	_	ADJD	Pos	stark	_	_
86-21	9007-9010	vom	_	_	_	_	_	_	_	APPRART	Dat.Sg.Masc	von	false	_
86-22	9011-9021	Brennstoff	_	_	_	_	_	_	_	NN	Dat.Sg.Masc	Brennstoff	_	_
86-23	9022-9030	abhängig	_	_	_	_	_	_	_	ADJD	Pos	abhängig	_	_
86-24	9031-9034	war	_	_	_	_	_	_	_	VAFIN	3.Sg.Past.Ind	sein	_	_
86-25	9035-9038	und	_	_	_	_	_	_	_	KON	_	und	false	_
86-26	9039-9042	das	_	_	_	_	_	_	_	ART	Nom.Sg.Neut	der	false	_
86-27	9043-9049	Risiko	_	_	_	_	_	_	_	NN	Nom.Sg.Neut	Risiko	_	_
86-28	9050-9055	eines	_	_	_	_	_	_	_	ART	Gen.Sg.Neut	ein	false	_
86-29	9056-9062	Feuers	_	_	_	_	_	_	_	NN	Gen.Sg.Neut	Feuer	_	_
86-30	9063-9067	sank	_	_	_	_	_	_	_	VVFIN	3.Sg.Past.Ind	sinken	_	_
86-31	9068-9069	.	_	_	_	_	_	_	_	$.	_	.	_	_
87-1	9072-9074	Du	_	_	_	_	_	_	_	PPER	2.Nom.Sg.*	du	_	_
87-2	9075-9082	findest	_	_	_	_	_	_	_	VVFIN	2.Sg.Pres.Ind	finden	_	false
87-3	9083-9088	Licht	_	_	_	_	_	_	_	NN	Acc.Sg.Neut	Licht	_	_
87-4	9089-9096	überall	_	_	_	_	_	_	_	ADV	_	überall	_	_
87-5	9097-9098	.	_	_	_	_	_	_	_	$.	_	.	_	_
88-1	9101-9103	In	_	_	_	_	_	_	_	APPR	_	in	false	_
88-2	9104-9107	den	_	_	_	_	_	_	_	ART	Dat.Pl.Fem	der	false	_
88-3	9108-9115	Straßen	_	_	_	_	_	_	_	NN	Dat.Pl.Fem	Straße	_	_
88-4	9116-9117	,	_	_	_	_	_	_	_	$,	_	,	_	_
88-5	9118-9120	in	_	_	_	_	_	_	_	APPR	_	in	false	_
88-6	9121-9128	Häusern	_	_	_	_	_	_	_	NN	Dat.Pl.Neut	Haus	_	_
88-7	9129-9130	,	_	_	_	_	_	_	_	$,	_	,	_	_
88-8	9131-9134	auf	_	_	_	_	_	_	_	APPR	_	auf	false	_
88-9	9135-9149	Fußballplätzen	_	_	_	_	_	_	_	NN	Dat.Pl.Masc	Fußballplatz	_	_
88-10	9150-9151	,	_	_	_	_	_	_	_	$,	_	,	_	_
88-11	9152-9159	überall	_	_	_	_	_	_	_	ADV	_	überall	_	_
88-12	9160-9161	,	_	_	_	_	_	_	_	$,	_	,	_	_
88-13	9162-9164	wo	_	_	_	_	_	_	_	PWAV	_	wo	_	_
88-14	9165-9168	wir	_	_	_	_	_	_	_	PPER	1.Nom.Pl.*	wir	_	_
88-15	9169-9171	im	_	_	_	_	_	_	_	APPRART	Dat.Sg.Neut	in	false	_
88-16	9172-9179	Dunkeln	_	_	_	_	_	_	_	NN	Dat.Sg.Neut	dunkele	_	_
88-17	9180-9185	sehen	_	_	_	_	_	_	_	VVINF	Inf	sehen	_	_
88-18	9186-9192	können	_	_	_	_	_	_	_	VMFIN	1.Pl.Pres.Ind	können	_	_
88-19	9193-9200	möchten	_	_	_	_	_	_	_	VMFIN	1.Pl.Pres.Ind	möchten	_	_
88-20	9201-9205	gibt	_	_	_	_	_	_	_	VVFIN	3.Sg.Pres.Ind	geben	_	false
88-21	9206-9208	es	_	_	_	_	_	_	_	PPER	3.Nom.Sg.Neut	es	_	_
88-22	9209-9219	inzwischen	_	_	_	_	_	_	_	ADV	_	inzwischen	_	_
88-23	9220-9226	Lampen	_	_	_	_	_	_	_	NN	Acc.Pl.Fem	Lampe	_	_
88-24	9227-9228	.	_	_	_	_	_	_	_	$.	_	.	_	_
89-1	9231-9234	Wir	_	_	_	_	_	_	_	PPER	1.Nom.Pl.*	wir	_	_
89-2	9235-9242	mussten	_	_	_	_	_	_	_	VMFIN	1.Pl.Past.Subj	müssen	_	_
89-3	9243-9246	das	_	_	_	_	_	_	_	ART	Acc.Sg.Neut	der	false	_
89-4	9247-9252	Feuer	_	_	_	_	_	_	_	NN	Acc.Sg.Neut	Feuer	_	_
89-5	9253-9262	entdecken	_	_	_	_	_	_	_	VVINF	Inf	entdecken	_	_
89-6	9263-9266	und	_	_	_	_	_	_	_	KON	_	und	false	_
89-7	9267-9273	später	_	_	_	_	_	_	_	ADJD	Comp	spät	_	_
89-8	9274-9278	dann	_	_	_	_	_	_	_	ADV	_	dann	_	_
89-9	9279-9282	den	_	_	_	_	_	_	_	ART	Acc.Sg.Masc	der	false	_
89-10	9283-9295	Elektrischen	_	_	_	_	_	_	_	ADJA	Pos.Acc.Sg.Masc	elektrisch	_	_
89-11	9296-9301	Strom	_	_	_	_	_	_	_	NN	Acc.Sg.Masc	Strom	_	_
